inchikey,molecule_chembl_id,canonical_smiles,pIC50,n_measurements,pIC50_range,n_heavy_atoms
AAAHTCZONLHYSA-UHFFFAOYSA-N,CHEMBL474208,Nc1ccccc1NC(=O)c1ccc(C(=O)Nc2cccc(Nc3ncc(-c4cccnc4)s3)c2)s1,6.327902142064282,1,0.0,36
AAAKGTUHALVVRF-UHFFFAOYSA-N,CHEMBL5406759,Cc1ccc(-c2cc(-c3ccn(Cc4ccc(C(=O)NO)cc4)n3)ccn2)cc1,8.510041520575164,1,0.0,29
AAAQFGUYHFJNHI-UHFFFAOYSA-N,CHEMBL1232461,CCNC(=O)CC1N=C(c2ccc(Cl)cc2)c2cc(OC)ccc2-n2c(C)nnc21,6.42021640338319,1,0.0,30
AABXKPIHZYSISK-UHFFFAOYSA-N,CHEMBL4634702,O=C(NO)c1ccc(NC(=O)C(c2ccccc2)c2ccccc2)cc1,6.6020599913279625,1,0.0,26
AAEICMCECKWAAC-UHFFFAOYSA-N,CHEMBL4228653,CCNC(=O)c1cc2c(-c3cccc(OCCCCCCOc4ccc(Nc5nc(-c6cnn(CCCCCCC(=O)NO)c6)c6cc[nH]c6n5)cc4)c3)nc(N)nc2s1,5.607303046740334,1,0.0,60
AAFCJMADBSTNKY-UHFFFAOYSA-N,CHEMBL5598338,CCCNNC(=O)CCCCCn1cc(Nc2ncc(Cl)c(-c3cnc4ccc(-c5ccccc5)cn34)n2)cn1,6.27523275435369,1,0.0,40
AAFJVGMNCZVUHO-UHFFFAOYSA-N,CHEMBL2442794,COc1cc(C2c3cc4c(cc3C(Nc3ccc(OCCCCC(=O)NO)cc3)C3COC(=O)C23)OCO4)cc(OC)c1O,6.903089986991944,1,0.0,44
AAHQDWBMLVLXAC-UHFFFAOYSA-N,CHEMBL98911,O=C(CCCCCCC(=O)c1cccnc1)NO,6.815308569182401,1,0.0,18
AAHWUWLAOSHJFH-UHFFFAOYSA-N,CHEMBL5646806,CC(C)CC(NC(=O)C(O)C(N)Cc1ccccc1)C(=O)NCc1ccc(C(=O)NO)cc1,5.991399828238082,1,0.0,33
AAIYXSVMDBVZTF-UHFFFAOYSA-N,CHEMBL2047680,NN=C(Cc1ccc(O)c(Br)c1)C(=O)NCCS,8.301029995663981,1,0.0,18
AAJDNQLQRKMYTJ-UHFFFAOYSA-N,CHEMBL5886301,O=C(C1COCCO1)N(Cc1ccc(-c2noc(C(F)(F)F)n2)cc1)c1cccc(C(F)(F)F)c1,6.022276394711152,1,0.0,35
AAJJDOFESDDARD-UHFFFAOYSA-N,CHEMBL5532146,CCCNNC(=O)c1ccc(CNC(=O)c2cc3cnccc3[nH]2)cc1,8.118615343229427,1,0.0,26
AAMHUKDMAMABLC-UHFFFAOYSA-N,CHEMBL2012813,CCC(=O)CCCCCC1NC(=O)C(C)N(C)C(=O)CC(CC(C)C)NC(=O)C(Cc2c[nH]c3ccccc23)NC1=O,7.411954370472159,2,0.22184874961635614,42
AAMVZGPPOVIPQL-UHFFFAOYSA-N,CHEMBL6166118,Cc1c(N)cccc1-c1cn(-c2ccc(NC(=O)CCCCC(=O)NO)cc2)c2ccc(C#N)cc12,6.649364391741045,1,0.0,36
AAQDSSIDTDOWPD-UHFFFAOYSA-N,CHEMBL5173832,Nc1ccccc1NC(=O)c1ccc(CN2CCCC(=Cc3cccc(Cl)c3)C2=O)cc1,6.196816111464658,1,0.0,32
AASYADIJWVSMTB-UHFFFAOYSA-N,CHEMBL3689783,CCCCCCc1nc2cc(C=CC(=O)NO)ccn2c1NCCC(=O)NCC(F)(F)F,6.795880017344075,1,0.0,32
AAXBXXDKDYKQMX-UHFFFAOYSA-N,CHEMBL211342,Nc1ccccc1NC(=O)C=Cc1ccc(NCc2ccc(OC(F)(F)F)cc2)cc1,5.301029995663981,1,0.0,31
AAZSJWCWXIAUHW-UHFFFAOYSA-N,CHEMBL474349,CN(C)CCCCn1c(CCc2ccccc2)nc2cc(C=CC(=O)NO)ccc21,6.815308569182401,2,0.0,30
ABDZDGAYOUCIOR-UHFFFAOYSA-N,CHEMBL5572950,Cc1c2ccc(N(C)c3ccnc(Nc4ccc(NC(=O)CCCCCCC(=O)NO)cc4)n3)cc2nn1C,6.920818753952375,1,0.0,39
ABEDQOQTISCLFO-UHFFFAOYSA-N,CHEMBL449493,O=C(NC(CCCCCB(O)O)C(=O)Nc1cccc(-c2ccccc2)c1)c1cccnc1,5.552841968657781,1,0.0,33
ABHUITZTCPYTGS-UHFFFAOYSA-N,CHEMBL4288519,Nc1ccccc1NC(=O)c1ccc(C(=O)NCCNc2nonc2C(=NO)Nc2ccc(F)c(Br)c2)s1,5.844815840305992,1,0.0,38
ABHUNZDMYMZRIS-UHFFFAOYSA-N,CHEMBL5968277,Cc1ccc(CNc2ccc(-c3noc(C(F)(F)F)n3)cn2)cn1,5.619788758288394,1,0.0,24
ABIBERUGHWOSLX-UHFFFAOYSA-N,CHEMBL5815713,CC(=O)N1CC(C(=O)Nc2cc(-c3cccs3)ccc2N)C1,6.255707016877324,1,0.0,22
ABIUFIYFFWDIDH-UHFFFAOYSA-N,CHEMBL1094158,CN1CCCC(n2c(-c3cccc(C=CC(=O)NO)c3)nc3ccccc32)C1,7.795880017344075,3,0.3979400086720375,28
ABJDGWXKAMVWGP-UHFFFAOYSA-N,CHEMBL4552057,Nc1ccc(-c2nc(N3CCOCC3)c3cnn(CCCCCCC(=O)NO)c3n2)cc1,9.67778070526608,1,0.0,32
ABJDXVPJCFBZBN-UHFFFAOYSA-N,CHEMBL5901369,Cc1noc(C2COCC(=O)N2c2ccc(-c3noc(C(F)(F)F)n3)cc2)n1,5.823908740944319,1,0.0,28
ABKAFUZUCJSIKV-UHFFFAOYSA-N,CHEMBL3394285,O=C(C=Cc1ccc(C(F)(F)F)cc1)NO,5.386158178123931,1,0.0,16
ABPFJJGEOBFFPG-UHFFFAOYSA-N,CHEMBL3828015,Nc1ccc(-c2ccc(F)cc2)cc1NC(=O)C1CCc2ccccc2O1,5.252588192113577,1,0.0,27
ABRVYAQDIDVFMJ-UHFFFAOYSA-N,CHEMBL4855023,O=C(NO)c1ccc(NCc2nc(-c3ccccc3)nn2-c2cccc(Cl)c2)cc1,5.356942316248547,1,0.0,30
ABUMCNXFLYUHIW-UHFFFAOYSA-N,CHEMBL5742474,FC(F)(F)c1nc(-c2ccnc(OCc3cnn4c3OCCC4)c2)no1,5.167491087293763,1,0.0,26
ACBLTUXDDXJNHZ-UHFFFAOYSA-N,CHEMBL5176646,Cc1cccc(C=C2CCCN(Cc3ccc(C(=O)Nc4ccc(F)cc4N)cc3)C2=O)c1,6.0323116495466875,1,0.0,33
ACGIEBAJIJGEFS-UHFFFAOYSA-N,CHEMBL5921155,Cn1c(OCc2ccc(-c3noc(C(F)(F)F)n3)cn2)nc2ccccc21,6.537602002101044,1,0.0,27
ACHNIHXZRYXTIN-UHFFFAOYSA-N,CHEMBL3645371,O=C(C=Cc1ccc2c(c1)nc(CCc1ccccc1)n2CC(O)CO)NO,6.543633966870956,3,0.0,28
ACHSACBEQNAECY-UHFFFAOYSA-N,CHEMBL5090447,O=C(CCCCCCNc1nn2c(=O)c3cc(Br)ccc3nc2c2ccccc12)NO,7.638272163982407,1,0.0,31
ACPIDSGGQRVDKS-UHFFFAOYSA-N,CHEMBL5746163,Cc1cncnc1OCc1ccc(-c2noc(C(F)(F)F)n2)c(F)c1,5.481486060122112,1,0.0,25
ACUWVRCSFNITIR-UHFFFAOYSA-N,CHEMBL2022826,O=C(NC(CCCCCCSSc1ccccn1)C(=O)Nc1ccccc1-c1ccccc1)OCc1ccccc1,7.147520006363144,1,0.0,41
ACVLGERGMXKABD-UHFFFAOYSA-N,CHEMBL5779972,CN(C)c1cccc(COc2cc(-c3noc(C(F)(F)F)n3)ccn2)n1,4.698970004336019,1,0.0,26
ACVQEBXNNLXAGR-UHFFFAOYSA-N,CHEMBL1095119,CCN1CCCC(n2c(-c3cccc(C=CC(=O)NO)c3)nc(C)c2-c2ccccc2)C1,8.102372908709558,1,0.0,32
ACYSJVQNEBVOLM-UHFFFAOYSA-N,CHEMBL3356939,O=C1CCCC(C(=O)NC(CCCCCS)C(=O)N2CCc3ccccc3C2)N1,5.537602002101044,1,0.0,29
ACZCHLZGYLVSCS-UHFFFAOYSA-N,CHEMBL5842107,Cc1noc(C)c1-c1cc2cc(C(=O)NO)ccc2s1,4.853871964321762,1,0.0,20
ACZCWVKQNYAZBA-UHFFFAOYSA-N,CHEMBL4641343,CCC(=O)CCCCCC(NC(=O)C1CC2(C1)CN(C)C2)c1ncc(-c2cc3ccccc3nc2OC)[nH]1,9.0,1,0.0,38
ADGMLMOMGZHAGZ-UHFFFAOYSA-N,CHEMBL5915722,O=C1N(CC2CCOCC2)CC(c2ccccc2)N1c1ccc(-c2noc(C(F)(F)F)n2)cc1,5.468521082957745,1,0.0,34
ADHBBMWJPPYKJI-UHFFFAOYSA-N,CHEMBL4076426,O=C(CS)NCCCCNc1c(Cl)cc(Cl)c2cccnc12,5.175223537524454,4,0.0128119757599654,22
ADHUUJWLMKPLLG-UHFFFAOYSA-N,CHEMBL5203278,CCNNC(=O)c1ccc(CN2c3ccccc3C=Cc3nc(C)nc(C)c32)cc1,5.645891560852599,1,0.0,30
ADLBOSLAWNVKDS-UHFFFAOYSA-N,CHEMBL6145085,CC(C)c1ccc(C(=O)N(CC(=O)NC2CCCCC2)CC2CCN(c3ncc(C(=O)NO)cn3)CC2)cc1,8.0,1,0.0,39
ADOBSWBYYFVDPO-UHFFFAOYSA-N,CHEMBL3656022,O=C(NO)c1cnc(NC2(c3cccc(Cl)c3)CCCC2)nc1,6.277366077466188,1,0.0,23
ADORMHQFWRYXJP-UHFFFAOYSA-N,CHEMBL3885011,COC(=O)Cc1c(C)n(Cc2ccc(-c3cn(CCCCCCCC(=O)NO)nn3)cc2)c2ccc(OC)cc12,6.600326278518962,1,0.0,40
ADQLECAYDOTLPN-UHFFFAOYSA-N,CHEMBL5271493,COc1ccc(C=C2SC(=O)N(CCNC(=O)Nc3c(C)n(C)n(-c4ccccc4)c3=O)C2=O)cc1,6.55129368009492,1,0.0,36
ADSFNXXUDGBABJ-UHFFFAOYSA-N,CHEMBL4593341,COCCOCC(=O)SCCCCCC(NC(=O)OCc1ccccc1)C(=O)Nc1cccc2cccnc12,7.721246399047171,1,0.0,39
ADVAWAGNRHNMPQ-UHFFFAOYSA-N,CHEMBL566637,CC(C)CC1CC(=O)NC(Cc2ccccc2)C(=O)NC(CCCCCC(=O)NO)C(=O)NC(Cc2c[nH]c3ccccc23)C(=O)N1,8.096910013008056,1,0.0,47
AECGLXAAHBEOEW-UHFFFAOYSA-N,CHEMBL4755946,CCC(=O)CCCCCC(NC(=O)C1CC12CCN(CC)CC2)c1ncc(-c2ccc(C(=O)Nc3cc(C(F)(F)F)ccn3)cc2OC)[nH]1,6.924453038607469,1,0.0,49
AEDUBEGTPWKDCX-BJUDXGSMSA-N,CHEMBL5288006,[11CH3]n1cc(CCNCc2ccc(C=CC(=O)NO)cc2)c2ccccc21,9.698970004336019,1,0.0,26
AEDUBEGTPWKDCX-UHFFFAOYSA-N,CHEMBL343557,Cn1cc(CCNCc2ccc(C=CC(=O)NO)cc2)c2ccccc21,9.698970004336019,1,0.0,26
AEIVDBATQVVQFS-UHFFFAOYSA-N,CHEMBL3759982,O=C(CCCCCC(=O)NN=Cc1ccc(-c2ccccc2)cc1)NO,8.853871964321762,1,0.0,26
AEKNKZTXQQSEHL-UHFFFAOYSA-N,CHEMBL6147524,O=C(CCCCCCCCn1c2cc3c(cc2c2[nH]c(=O)c4ccccc4c21)OCO3)NO,7.2441251443275085,1,0.0,33
AENKNAKODODQJV-UHFFFAOYSA-N,CHEMBL4282111,Nc1ccccc1NC(=O)CCCCCCC(=O)NO,7.172630726946174,1,0.0,20
AENRTCXZCSDUJZ-UHFFFAOYSA-N,CHEMBL3335002,CN(C)Cc1ccc(CN2CCN(c3ccc(C(=O)NO)cc3)C2=O)cc1,7.6020599913279625,1,0.0,27
AEOLBQARHQIBTL-UHFFFAOYSA-N,CHEMBL5562385,CC(COCCC(=O)N1CCC2(CCN(c3ncc(C(=O)NO)cn3)C2)C1)Nc1cn[nH]c(=O)c1C(F)(F)F,6.565431095965801,1,0.0,39
AEPRCVHXUKPBFD-UHFFFAOYSA-N,CHEMBL4099640,Nc1ccccc1NC(=O)c1ccc(CNC(=O)c2ccc3nccn3c2)cc1,7.060480747381382,1,0.0,29
AETFDFSAMBOSFM-UHFFFAOYSA-N,CHEMBL2381736,O=C(CCCCc1cn(Cc2ccc3ccccc3n2)nn1)NO,6.609064892896621,1,0.0,24
AEUJZBGXZQOYGB-UHFFFAOYSA-N,CHEMBL3655948,CC(C)(Nc1ncc(C(=O)NO)cn1)c1ccccc1F,6.301029995663981,1,0.0,21
AEUMSWRJWOMGAG-UHFFFAOYSA-N,CHEMBL5947357,Cc1cccc(N2CCC(NCc3ccc(-c4noc(C(F)(F)F)n4)cc3)CC2)c1,6.136677139879544,1,0.0,30
AEXYOZIVCLCUNA-UHFFFAOYSA-N,CHEMBL5406975,Nc1ccccc1NC(=O)c1ccc(Cn2nc(-c3cccc(F)c3)ccc2=O)cc1,7.298432014944073,1,0.0,31
AGFTYFBCSBHJMJ-UHFFFAOYSA-N,CHEMBL2057825,[N-]=[N+]=NCc1cc(N=[N+]=[N-])cc(C(=O)Nc2cc(-c3cccs3)ccc2N)c1,5.552841968657781,2,0.6020599913279625,28
AGHMPPAFDIFEMJ-UHFFFAOYSA-N,CHEMBL3652241,COc1cc(Nc2ncc(C(=O)NO)cn2)cc(C(F)(F)F)c1,6.617982957425132,1,0.0,23
AGMWPLZWOLMPIA-UHFFFAOYSA-N,CHEMBL3759106,O=C(CS)NCCNC(=O)c1cc(-c2ccc(F)cc2)[nH]n1,5.638272163982407,1,0.0,22
AGMXQXJRIFEMDX-UHFFFAOYSA-N,CHEMBL4074830,O=C(CCCNC(=O)CC1N=C(c2ccccc2)c2ccccc2NC1=O)NO,4.7599502278873524,1,0.0,29
AGOFUMCFDGTKKS-UHFFFAOYSA-N,CHEMBL5822602,Cc1noc(C2CCC(=O)N2c2ccc(-c3noc(C(F)(F)F)n3)cc2F)n1,6.0,1,0.0,28
AGQQCTCTRABOKI-UHFFFAOYSA-N,CHEMBL4851511,CCCCC(NC(=O)C1CN(C)C1)c1ncc(-c2cc3ccccc3nc2OC)[nH]1,6.552841968657781,1,0.0,30
AGSBBTZSUUYEHP-UHFFFAOYSA-N,CHEMBL6017638,O=C1CCC(c2c(F)cccc2F)N1c1ccc(-c2noc(C(F)(F)F)n2)cc1F,4.958607314841775,1,0.0,30
AGSBZZIFUWVYQV-UHFFFAOYSA-N,CHEMBL5069804,Nc1ccccc1NC(=O)CCCCCNc1nn2c(=O)c3cc(Br)ccc3nc2c2ccccc12,6.379863945026242,1,0.0,36
AGTLUWNRKCRUBR-UHFFFAOYSA-N,CHEMBL4644462,CC(C)C(C(=O)Nc1ccc(C(=O)NO)c(Cl)c1)c1ccccc1,5.0614802748235075,1,0.0,24
AGYUQCCMUDLPIU-UHFFFAOYSA-N,CHEMBL4248676,O=C(CCc1ccc(Nc2c3ccccc3nc3ccccc23)cc1)NO,6.8735438865681955,1,0.0,27
AGZGHJKLKCIIAU-UHFFFAOYSA-N,CHEMBL3601338,O=C(CCCCCCC(=O)Nc1ccc2ccnc(Nc3ccccc3F)c2c1)NO,7.74521031260279,1,0.0,31
AHACHNGVRZFGOI-UHFFFAOYSA-N,CHEMBL6012477,CC(=O)N1CC(CNC(=O)Nc2cc(-c3ccc(F)cc3)ccc2N)C1,5.515700160653214,1,0.0,26
AHBCGPIPEAXBHL-UHFFFAOYSA-N,CHEMBL5401232,C=C=CC(=O)N1CCC(OC(=O)NCc2ccc(C(=O)Nc3ccccc3N)cc2)CC1,6.164309428507575,1,0.0,32
AHBZRNHYXZOOBT-UHFFFAOYSA-N,CHEMBL4176291,O=C(NO)c1ccc(CN2C(=O)c3cccc4c(N5CCOCC5)ccc(c34)C2=O)cc1,7.441291429466834,1,0.0,32
AHEVWCHNZDAFNP-UHFFFAOYSA-N,CHEMBL5081674,O=C(NO)c1ccc(C=Cc2ccnc(-c3cccc(O)c3)c2)cc1,6.537602002101044,1,0.0,25
AHFRWYPXGQTKKY-UHFFFAOYSA-N,CHEMBL5560673,O=C(CCCCCCN1C(=O)CC(=Cc2ccccc2)C1=O)NO,7.889410289700751,1,0.0,24
AHLYXXAUCNGYQB-UHFFFAOYSA-N,CHEMBL5925170,Cn1cc(COc2nccc(-c3noc(C(F)(F)F)n3)c2Cl)nn1,5.346787486224656,1,0.0,24
AHMDLJINAVKCDM-UHFFFAOYSA-N,CHEMBL2047701,O=C(NCCS)C(Cc1cc(Br)c(O)c(Br)c1)=NO,9.698970004336019,1,0.0,19
AHNAIFAKGFYBHO-UHFFFAOYSA-N,CHEMBL4277863,Nc1ccccc1NC(=O)c1ccc(C(=O)NCCNc2nonc2C(=NO)Nc2ccc(F)c(Br)c2)cn1,6.218675544333012,1,0.0,39
AHNFXMBOWJVAPB-UHFFFAOYSA-N,CHEMBL3104851,Cc1c(O)c(O)c2c(c1C=O)C1OC(O2)c2c(C)c(O)c(O)c(O)c2C1=O,5.065501548756432,1,0.0,27
AHNNFTAEMSULEU-UHFFFAOYSA-N,CHEMBL5417760,Cc1ccc(-c2cnc(C(=O)NCCCCCCC(=O)NO)s2)cc1,7.090443970758825,1,0.0,25
AHOKJVSRTOKVNK-UHFFFAOYSA-N,CHEMBL2413293,O=C(C=Cc1ccc(CN(CCOc2ccccc2)Cc2ccccc2)o1)NO,4.694004117229196,1,0.0,29
AHOZXICNVQWTLJ-UHFFFAOYSA-N,CHEMBL5978252,Nc1cc(F)ccc1NC(=O)C=Cc1cnn(CCOc2ccccc2)c1,5.522878745280337,2,0.0,27
AHQTWNJVFLWRNB-UHFFFAOYSA-N,CHEMBL5911935,Fc1cc(COc2nc3ncccc3n2CC(F)(F)F)ccc1-c1noc(C(F)(F)F)n1,5.698970004336019,1,0.0,32
AHTIXKHRDCKAGD-UHFFFAOYSA-N,CHEMBL3689808,CCCN(C)Cc1c(C(C)(C)C)nc2cc(C=CC(=O)NO)ccn12,6.2839966563652006,1,0.0,25
AHTUTRXICDVMDB-UHFFFAOYSA-N,CHEMBL5584088,O=C1CNC(=O)C(=Cc2ccc(C(=O)NO)cc2)N1,6.2427026857163,1,0.0,19
AHVTWWQEZJQXBT-UHFFFAOYSA-N,CHEMBL5287109,O=C(NO)c1ccc(Cn2ncnc2-c2cccs2)cc1,6.369775589247568,1,0.0,21
AIAQDSCJIHWTKR-UHFFFAOYSA-N,CHEMBL2057827,[N-]=[N+]=NCCOc1ccc(C(=O)Nc2cc(-c3ccccc3)ccc2N)cc1N=[N+]=[N-],5.10345419991171,2,0.9303640718586053,31
AIBZWRKVSGALQN-UHFFFAOYSA-N,CHEMBL4578162,Nc1ccccc1NC(=O)CCCCCN(CC(=O)NCc1ccccc1)C(=O)c1cccc2ccccc12,5.777283528852417,1,0.0,39
AICULAZKVUQWMN-UHFFFAOYSA-N,CHEMBL5398994,Nc1ccccc1NC(=O)c1ccc(Cn2nc(-c3ccc(F)cc3)ccc2=O)cc1,7.279840696594043,1,0.0,31
AIHAHIPKPSMXGF-UHFFFAOYSA-N,CHEMBL5751790,O=C(Cc1[nH]nc2ccccc12)N(Cc1ccc(-c2noc(C(F)(F)F)n2)cn1)c1cccc(F)c1,6.376750709602099,1,0.0,36
AIHOFGQUOSFTQA-UHFFFAOYSA-N,CHEMBL3819621,Cc1noc(C)c1-c1cc(OCCCCCCCC(=O)NO)cc(C(=O)c2ccccc2)c1,5.7594507517174005,1,0.0,33
AIKJBINJGKQOJL-UHFFFAOYSA-N,CHEMBL5639135,COc1nc(-c2ccc(NC(=O)Nc3ccc(C(=O)NCCCCCC(=O)Nc4ccccc4N)cc3)cc2)nc(N2CCOCC2)n1,6.514846650096348,1,0.0,48
AIQHLZISLHNXGT-UHFFFAOYSA-N,CHEMBL4295224,CC(=O)Nc1ccc(-c2nc(Nc3cccc(OCCCCCCC(=O)NO)c3)ncc2C)cc1,6.809668301829708,1,0.0,35
AIRKVCAYPWVTEI-UHFFFAOYSA-N,CHEMBL3317810,CC12CSC(=N1)c1csc(n1)CNC(=O)CC(C=CCCS)OC(=O)C(Cc1ccccc1)NC2=O,9.537602002101044,1,0.0,36
AITXGSQUYXQUAV-UHFFFAOYSA-N,CHEMBL5863042,COc1ccccc1N1C(=O)C(C(C)C)N(Cc2ccc(C(=O)NO)cc2)C1=O,4.928117992693875,1,0.0,29
AIUPOKYBQOXKTF-UHFFFAOYSA-N,CHEMBL5614364,CCCNNC(=O)c1ccc(S(=O)(=O)n2ccc3cc(OC)ccc32)cc1,7.060480747381382,1,0.0,27
AIVHKZVAUIOORN-UHFFFAOYSA-N,CHEMBL489706,O=C(C=Cc1ccc2c(c1)nc(CCc1ccccc1)n2Cc1ccccn1)NO,6.7121982700697735,3,0.0,30
AIXJRQWFLUPULB-UHFFFAOYSA-N,CHEMBL4437190,COc1ncc(-c2cc(OCCCCCCCC(=O)NO)c3ncnc(C)c3c2)cc1F,8.481486060122112,1,0.0,32
AJDJSFFTJNNUFB-UHFFFAOYSA-N,CHEMBL5193181,COc1cc(C(=O)c2csc(-c3ccc(NC(=O)c4ccc(C(=O)Nc5ccccc5N)cc4)cc3)n2)cc(OC)c1OC,4.9775716288145135,1,0.0,44
AJEJWONOGKARDP-UHFFFAOYSA-N,CHEMBL3622731,CC=C1NC(=O)c2csc(n2)CNC(=O)CC(C=CCCSC(C)=O)OC(=O)C(C(C)C)NC1=O,7.665546248849069,1,0.0,35
AJHSJKHMZZNATQ-UHFFFAOYSA-N,CHEMBL4568675,COc1ncc(-c2cc(OCCCCN(C)c3ncc(C(=O)NO)cn3)c3ncnc(C)c3c2)cc1F,8.481486060122112,1,0.0,37
AJLGDOFQCAKQQI-UHFFFAOYSA-N,CHEMBL3415449,CNc1ccc(C(=O)NO)cc1,4.281498311132726,1,0.0,12
AJNNLZKHXZWPKZ-UHFFFAOYSA-N,CHEMBL5870520,OCc1cccc(NCc2ccc(-c3noc(C(F)(F)F)n3)cc2)c1,5.698970004336019,1,0.0,25
AJOPPUMRIOOTRK-UHFFFAOYSA-N,CHEMBL4760547,Nc1ncc(-c2nc(N3CCOCC3)nc3c2ncn3CCCCC(=O)NO)cn1,5.755970410969978,1,0.0,30
AJPMPQDOOHLTNN-UHFFFAOYSA-N,CHEMBL6171095,CCCNNC(=O)c1ccc(CNC(=O)c2cnc(-c3ccc4ccccc4c3)[nH]2)cc1,5.7594507517174005,1,0.0,32
AJQRHWLPZZZHOF-UHFFFAOYSA-N,CHEMBL5639904,Nc1ccccc1NC(=O)CCCCCNC(=O)c1ccc(NC(=O)Nc2ccc(-c3nc(OC4COC4)nc(N4CCOCC4)n3)cc2)cc1,7.088842391260023,1,0.0,51
AJRGHIGYPXNABY-UHFFFAOYSA-N,CHEMBL2170177,COc1ccc(Cn2ccc3ccc(C(=O)NO)cc32)cc1,5.3979400086720375,10,0.8720028389074805,22
AKDNRTSLDQTNPR-UHFFFAOYSA-N,CHEMBL6030585,Nc1ccc(-c2ccncc2)cc1NC(=O)c1ccc(NC2CCN(C(=O)N3CCCC3)CC2)cc1,7.769551078621726,1,0.0,36
AKKLHGKRQKYMAM-UHFFFAOYSA-N,CHEMBL4167599,NCCCCNCCCCNCCCN1C(=O)c2ccc3c4c(ccc(c24)C1=O)C(=O)N(CCCCCC(=O)NO)C3=O,5.3851027839668655,1,0.0,43
AKQWBZOXKLIDSR-UHFFFAOYSA-N,CHEMBL3421745,Nc1ccccc1NC(=O)c1ccc(CNCc2nc(-c3cccnc3)no2)cc1,5.279014255846261,1,0.0,30
AKRRCAKQJHDFOU-UHFFFAOYSA-N,CHEMBL2047675,O=C(Cc1ccc(O)c(Br)c1)C(=O)NCCS,6.3979400086720375,1,0.0,17
AKVIPQCFHGRAMC-UHFFFAOYSA-N,CHEMBL4062520,CN1CCc2c(c3ccccc3n2S(=O)(=O)c2cccc(C=CC(=O)NO)c2)C1,5.568636235841012,1,0.0,29
ALFREMIRVGCWKP-UHFFFAOYSA-N,CHEMBL246586,O=C(CCCCCC(NC(=O)OCc1ccccc1)C(=O)Nc1ccccc1)NO,7.7447274948966935,1,0.0,30
ALJZWGALMROPET-UHFFFAOYSA-N,CHEMBL5752338,CC1(Nc2ccc(C(=O)Nc3cc(-c4ccncc4)ccc3N)cc2)CCN(C(=O)N2CCOCC2)CC1,7.920818753952375,1,0.0,38
ALKCMJANKHXUHY-UHFFFAOYSA-N,CHEMBL5987744,CC(C(=O)N(Cc1ccc(-c2noc(C(F)(F)F)n2)cn1)c1cccc(F)c1)n1cccn1,6.522878745280337,1,0.0,33
ALNLKXXOMGFZNP-UHFFFAOYSA-N,CHEMBL3589701,O=C(CCCCCCC(=O)Nc1ccc(C2=C(c3ccc(O)cc3)C3CC(S(=O)(=O)Oc4ccc5ccccc5c4)C2O3)cc1)NO,6.45717457304082,1,0.0,47
ALOLAACYCYRUIP-UHFFFAOYSA-N,CHEMBL3417212,COc1cc2c(c(OC)c1OC)-c1ccc(OC)c(=O)cc1C(NC(=O)c1cccc(C(=O)Nc3cc(-c4cccs4)ccc3N)c1)CC2,5.823908740944319,1,0.0,49
ALPPZMMUXIBTRF-UHFFFAOYSA-N,CHEMBL3656012,O=C(NO)c1cnc(NC2(c3cccc(F)c3F)CC2)nc1,7.920818753952375,1,0.0,22
ALTHDBDXVKUOLS-UHFFFAOYSA-N,CHEMBL5563656,N#Cc1ccccc1C=C1CC(=O)N(CCCCCCC(=O)NO)C1=O,7.396855627379818,1,0.0,26
ALUBLBMIZNEPIT-UHFFFAOYSA-N,CHEMBL5190589,Cc1ccc(-c2nc(N)nc3c2cnn3Cc2cccc(C=CC(=O)NO)c2)o1,7.838631997765026,1,0.0,29
ALWAFPQKUFSFNP-UHFFFAOYSA-N,CHEMBL5280772,O=C(CCCCCCNC(=O)C(O)(O)C(F)(F)F)Nc1ccc(-c2ccccc2)cc1,4.214670164989233,1,0.0,31
ALXBWSHZBQTFJJ-UHFFFAOYSA-N,CHEMBL3415451,O=C(NO)c1ccc(NC2CCN(Cc3ccccc3)C2=O)cc1,4.931814138253839,1,0.0,24
ALYDIERJMKHYLO-UHFFFAOYSA-N,CHEMBL238587,CC1CN2Cc3ccccc3CC2C(=O)NC(CCCCCSSc2ccccn2)C(=O)NC(C)(C)C(=O)N1,8.327902142064282,1,0.0,39
ALYJSQBRADUQMA-UHFFFAOYSA-N,CHEMBL5995853,CC1(Nc2ncc(C(=O)Nc3cc(-c4ccccc4)ccc3N)cn2)CCNCC1,7.853871964321762,1,0.0,30
ALYLGVYHLHSTHO-UHFFFAOYSA-N,CHEMBL258813,Nc1ccccc1NC(=O)c1ccc(C=CCNc2nccc(-c3cccnc3)n2)cc1,6.886056647693163,1,0.0,32
ALZUIFJAXCAFHL-UHFFFAOYSA-N,CHEMBL2414810,FC(F)(F)c1nc(-c2cnc(NCc3cccnc3)nc2)no1,5.180456064458131,2,0.0,23
AMBNMDIPGZXRRW-UHFFFAOYSA-N,CHEMBL4751300,Nc1cc(F)ccc1NC(=O)c1ccc(NC(=O)CCCCNC(=O)CNc2cccc3c2C(=O)N(C2CCC(=O)NC2=O)C3=O)cc1,5.443697499232712,1,0.0,48
AMCNDLUFXPCOOE-UHFFFAOYSA-N,CHEMBL5424948,O=C(NO)c1ccc(CNC(=O)c2ccnc(-c3ccccc3O)c2)cc1,8.261219441515632,1,0.0,27
AMDUCWJBYRMCNV-UHFFFAOYSA-N,CHEMBL2407731,CC(C)(C)OC(=O)N1C(NCc2ccc(C(=O)Nc3ccccc3N)cc2)=NC(=O)C1Cc1c[nH]c2ccccc12,6.301029995663981,1,0.0,41
AMFFNKHZQUTRNE-UHFFFAOYSA-N,CHEMBL4860990,CCC(=O)CCCCCC1NC(=O)C2CC23CCN(CCCCCOc2ccc4cc(ccc4n2)-c2cnc1o2)CC3,7.619788758288394,1,0.0,42
AMJNPVBINDZLOU-UHFFFAOYSA-N,CHEMBL5220776,CCC(Nc1nc(N)nc(N)c1C#N)c1nc2cccc(Cl)c2c(=O)n1Cc1ccc(C(=O)NO)s1,6.703334809738469,1,0.0,36
AMJYZDXKDNGUPI-UHFFFAOYSA-N,CHEMBL3655954,O=C(NO)c1cnc(NCc2cnccn2)nc1,6.484126156288321,1,0.0,18
AMKFBXVTNZFKFF-UHFFFAOYSA-N,CHEMBL3911796,O=C(CCCCCCn1cc(-c2ccc3ncnc(Nc4ccc(OCc5cccc(F)c5)c(Cl)c4)c3c2)nn1)NO,8.080921907623926,1,0.0,42
AMNFQPNPGQJGOD-UHFFFAOYSA-N,CHEMBL4798549,CC(C)c1cc(C(=O)N2Cc3ccc(NC(=O)CCCCCC(=O)NO)cc3C2)c(O)cc1O,5.418619311290014,1,0.0,34
AMODCVWSCAMNGK-UHFFFAOYSA-N,CHEMBL5632233,Nc1nc(Cl)c2ccn(Cc3ccc(-c4noc(C(F)(F)F)n4)cc3F)c2n1,4.342944147142896,1,0.0,28
AMPZODPRXQXGKA-UHFFFAOYSA-N,CHEMBL4098975,O=C(CCCCCCC(=O)Nc1ccc(NCCCn2cc(-c3ncnc4[nH]ccc34)cn2)cc1)NO,6.958607314841775,1,0.0,37
AMSKTFZUOYSDNP-UHFFFAOYSA-N,CHEMBL3770345,Nc1ccccc1NC(=O)CCCCNC(=O)c1nc(-c2nccs2)sc1C1CC1,5.734257925100302,1,0.0,30
ANEIGZBWQSTBKO-UHFFFAOYSA-N,CHEMBL5620303,CC1=C(C)C2C(c3ccc(Cl)cc3)=NC(CC(=O)Nc3ccc(C(=O)NO)cc3)c3nnc(C)n3C2S1,7.6777807052660805,1,0.0,37
ANLYSJMMSHIHSC-UHFFFAOYSA-N,CHEMBL6028476,CCN1C(C)CN(S(=O)(=O)N(Cc2ccc(-c3nnc(C(F)F)o3)cc2)c2ccccc2)CC1C,6.978810700930062,1,0.0,35
ANMUPVFDIZCWEB-UHFFFAOYSA-N,CHEMBL569288,CCC(=O)CCCCCC1NC(=O)CC(CC(C)C)NC(=O)C(Cc2c[nH]c3ccccc23)NC(=O)C(CCCCCC(=O)CC)NC1=O,6.823908740944319,1,0.0,49
ANQYWXYZGCTWCC-UHFFFAOYSA-N,CHEMBL4292354,O=C(NO)c1ccc(CNc2cc3c([nH]c4ccccc43)c(-c3ccccc3)n2)cc1,6.6595558851598815,1,0.0,31
ANRGNNSUQLCKLH-UHFFFAOYSA-N,CHEMBL4862173,O=C(O)CCCCCSc1nnc(-c2ccncc2)n1-c1ccccc1,5.048176964684088,1,0.0,26
ANURDWPGRCCKGP-UHFFFAOYSA-N,CHEMBL6133731,Nc1ccccc1NC(=O)c1ccc(CNCC2CN(c3ccc(N4CCOCC4)c(F)c3)C(=O)O2)cc1,6.009217308196862,1,0.0,38
ANXFRXIOMXAQNA-UHFFFAOYSA-N,CHEMBL5973319,FC(F)(F)c1nc(-c2ccc(COc3ncccn3)cc2)no1,5.585026652029182,1,0.0,23
AODHHUCBDOFHHG-UHFFFAOYSA-N,CHEMBL557560,O=C(NO)c1ccc(CCCS(=O)(=O)c2ccccc2)cc1,5.698970004336019,1,0.0,22
AOFDLXVBRYIAGS-UHFFFAOYSA-N,CHEMBL5269165,CCC(=O)CCCCCC(NC(=O)C(C)(C)N(C)C)c1ncc(-c2cc3ccccc3nc2OC)o1,8.455931955649724,1,0.0,36
AOFVDNFTELWRHV-UHFFFAOYSA-N,CHEMBL3426803,O=C(CCCCSc1nc(-c2ccc(-c3ccccc3)cc2)cc(=O)[nH]1)NO,7.0,2,0.0,28
AOGCPAZUDKGVDA-UHFFFAOYSA-N,CHEMBL5595926,CN(c1ccccc1)c1ncc(NC(=O)CS)cn1,5.698970004336019,1,0.0,19
AOOHEBGDZSPKMW-UHFFFAOYSA-N,CHEMBL4293448,O=C(NO)c1ccc(CNc2cc3c([nH]c4ccccc43)c(-c3ccc([N+](=O)[O-])cc3)n2)cc1,7.187086643357144,1,0.0,34
AORDCWUZRAKPLT-UHFFFAOYSA-N,CHEMBL4748093,O=C(NO)c1ccc(CN(Cc2nnnn2C2CCCCC2)C(=O)c2ccccc2)cc1,5.625251653989896,1,0.0,32
AOUKIPGVAQPFCX-UHFFFAOYSA-N,CHEMBL5892654,FC(F)(F)c1nc(-c2ncc(NCc3ccncc3)cn2)no1,5.327902142064282,1,0.0,23
AOWNNPKBATYOEX-UHFFFAOYSA-N,CHEMBL5176393,CC(=O)N1CCC(C(=O)Nc2cc(-c3cccs3)ccc2N)CC1,7.629818655252878,2,0.6575773191777934,24
APAVEJNRRDVCGG-UHFFFAOYSA-N,CHEMBL3698501,O=C(C=Cc1ccc(NS(=O)(=O)Cc2ccccc2)cc1)NO,6.1249387366083,1,0.0,23
APBDEZWFJFXSON-UHFFFAOYSA-N,CHEMBL5593144,O=C(NO)c1ccc(CN2CCc3[nH]c4ccccc4c3C2)cc1,4.886056647693163,1,0.0,24
APBRAGFELHFECV-UHFFFAOYSA-N,CHEMBL5206738,CCNNC(=O)c1ccc(Cn2c3ccccc3c3cccnc32)cc1,5.543633966870956,1,0.0,26
APCCFMPHZXCYBJ-UHFFFAOYSA-N,CHEMBL6010544,CC(C)N1CCN(S(=O)(=O)N(Cc2ccc(-c3nnc(C(F)F)o3)cc2F)c2ccccc2)CC1,7.337242168318426,1,0.0,35
APDXLCYNKSUFPU-UHFFFAOYSA-N,CHEMBL5418695,O=C(CCCCCCNC(=O)c1ncc(-c2ccccc2Cl)o1)NO,7.485053994691995,1,0.0,25
APFBRKWRVAGAHZ-UHFFFAOYSA-N,CHEMBL5433570,Cc1nnc2n1-c1ccccc1C(c1ccccc1)=NC2CC(=O)Nc1ccc(C(=O)NO)cc1,7.207608310501746,1,0.0,35
APHWIQRVBXCQBA-UHFFFAOYSA-N,CHEMBL6165888,Cn1c(CCCCCCC(=O)NO)nc2ccc(N(CCCl)CCCl)cc21,7.769551078621726,1,0.0,27
APJUZAGRSMLTLK-UHFFFAOYSA-N,CHEMBL3758444,O=C(NCCCCCCS)c1cc(-c2ccc(F)cc2)n[nH]1,6.237322084008267,2,0.0015001551424074222,22
APKDLMFIKAQNIJ-UHFFFAOYSA-N,CHEMBL4636298,O=C(NO)c1ccc(NC(=O)C2(c3c[nH]c(-c4ccc(Br)cc4)n3)CCCC2)cc1,8.0,1,0.0,30
APKQXDMBJZPYQM-UHFFFAOYSA-N,CHEMBL4633758,CCC(=O)CCCCCC(NC(=O)C1=NOC2(CCN(C)CC2)C1)c1ncc(-c2cc3ccccc3nc2OC)[nH]1,9.036212172654444,1,0.0,41
APNNPXNFLOJVDO-UHFFFAOYSA-N,CHEMBL5558823,CCCNNC(=O)c1ccc(CNC(=O)C=Cc2ccncc2)cc1,7.896196279044043,1,0.0,25
APRXGPMDTXADJN-UHFFFAOYSA-N,CHEMBL5876608,Nc1ccc(-c2ccc(F)cc2F)nc1NC(=O)N1Cc2cn(C3COC3)nc2C1,6.522878745280337,1,0.0,30
APXRNEFRWXXNCC-UHFFFAOYSA-N,CHEMBL5865949,Fc1ccccc1OCc1ccc(-c2noc(C(F)(F)F)n2)cn1,5.920818753952375,1,0.0,24
APXRYINGSDDHKM-UHFFFAOYSA-N,CHEMBL260958,Nc1ccccc1NC(=O)CCCCCCNC(=O)c1cccc(-c2ccccc2)c1,6.0,1,0.0,31
APYUDVHFMXBUIH-UHFFFAOYSA-N,CHEMBL5286210,CC1(C)c2ccccc2N(Cc2ccc(OCCCC(=O)NO)cc2)C1c1cccnc1,5.787812395596042,1,0.0,32
AQCNVIXFRGDMLU-UHFFFAOYSA-N,CHEMBL6163349,CCCNNC(=O)c1ccc(CNC(=O)c2cnc(-c3ccc4c(c3)OCCO4)[nH]2)cc1,5.407823242604133,1,0.0,32
AQDDIRQJXQPFCW-UHFFFAOYSA-N,CHEMBL3675751,O=C(CCCCn1c2ccccc2c2ccccc21)NO,4.892790030352131,1,0.0,21
AQHOUWAAJBYRMN-UHFFFAOYSA-N,CHEMBL4285164,O=C(NO)c1ccc(CNc2cc3c(cn2)[nH]c2ccccc23)cc1,7.1487416512809245,1,0.0,25
AQHVWZXYVCQRRK-UHFFFAOYSA-N,CHEMBL5590850,O=C(NO)c1ccc(CN2CCc3c(c4ccccc4n3Cc3ccccc3)C2)cc1,5.058190526991162,1,0.0,31
AQIOMPMNFDEIJO-UHFFFAOYSA-N,CHEMBL1801238,O=C(NO)c1cnc(N2CC3C(C2)C3NCc2ccc(Cl)cc2)nc1,8.221848749616356,1,0.0,25
AQIVCGJHCIHEGA-UHFFFAOYSA-N,CHEMBL1767036,CNC(=O)C(CCCCCCC(=O)Nc1cccc(-c2ccccc2)c1)=NO,4.1732774798310075,1,0.0,28
AQJOBVFCYXDUFA-UHFFFAOYSA-N,CHEMBL4299472,CCC1OC(=O)C(C)C(OC2CC(C)(OC)C(O)C(C)O2)C(C)C(OC2OC(C)CC(N(C)Cc3ccccc3-c3cn(CCCCCCC(=O)NO)nn3)C2O)C(C)(O)CC(C)CN(C)C(C)C(O)C1(C)O,6.0347982989740885,1,0.0,73
AQKWLXUJISFZRN-UHFFFAOYSA-N,CHEMBL5815435,CCCCNNC(=O)c1cccc(C(F)(F)F)c1,4.452471423540218,1,0.0,18
AQKXVFBLKJTKOG-UHFFFAOYSA-N,CHEMBL4640593,O=C(NO)c1ccc(NC(=O)C2(c3ccc(-c4cccnc4)cc3)CCCC2)cc1,8.301029995663981,1,0.0,30
AQLMJRZLPWGPGD-UHFFFAOYSA-N,CHEMBL320909,O=C(CCCCCC(=O)c1ccc2ccccc2c1)NO,7.455931955649724,1,0.0,21
AQPHKWXZGQIZLN-UHFFFAOYSA-N,CHEMBL4471718,COc1ncc(-c2cc(OCCCN(C)c3ncc(C(=O)NO)cn3)c3ncnc(C)c3c2)cc1NS(=O)(=O)c1ccc(F)cc1F,7.958607314841775,1,0.0,47
AQRSQGOLKUSNJJ-UHFFFAOYSA-N,CHEMBL5567979,CC(C)(C)NC(=O)CN(C(=O)Cc1ccc(C(=O)NO)cc1)c1ccccc1,6.39040559077478,1,0.0,28
AQYLLAKYWMVLMY-UHFFFAOYSA-N,CHEMBL5193584,Cc1cc(C)c(CNC(=O)c2cc(-c3ccc(N4CCN(C(=O)CCCCCC(=O)NO)CC4)nc3)cc3c2cnn3C(C)C)c(=O)[nH]1,5.542118103266008,1,0.0,48
ARBOFPOZABCYOJ-UHFFFAOYSA-N,CHEMBL447964,O=C(NO)c1ccc(C=Cc2cccc(Cl)c2Cl)o1,4.596707854841746,1,0.0,19
ARBVUEKETAJPHZ-UHFFFAOYSA-N,CHEMBL4873296,O=C(NO)c1ccc(CN2CCCOc3ccccc32)cc1,6.435333935747911,1,0.0,22
ARCZPCUZZPPKPX-UHFFFAOYSA-N,CHEMBL5786009,O=C1COCC(c2ccccc2)N1c1cnc(-c2noc(C(F)(F)F)n2)cn1,5.537602002101044,2,0.0,28
ARDWVIIRTDNEHG-UHFFFAOYSA-N,CHEMBL4846776,Nc1ncnc2c1c(-c1cnc3[nH]ccc3c1)nn2CCCCCCCCC(=O)NO,7.698970004336019,1,0.0,31
AREJUGAYBXWFOK-UHFFFAOYSA-N,CHEMBL4742983,CC(=O)Nc1cccc(-c2nc(N3CCOCC3)c3ncn(CCCCCCC(=O)NO)c3n2)c1,9.10790539730952,1,0.0,35
AREXDEUJSQEWCI-UHFFFAOYSA-N,CHEMBL3664115,CNCCN(C)Cc1ccc(C(=O)Nc2cc(-c3ccccc3)ccc2O)cc1,7.455931955649724,1,0.0,29
ARFGMMYMOKJURJ-UHFFFAOYSA-N,CHEMBL3664042,O=C(NCc1ccc(C(=O)Nc2cc(-c3ccccc3)ccc2O)cc1)OCc1cccnc1,7.698970004336019,1,0.0,34
ARMOPCSGFMWIFA-UHFFFAOYSA-N,CHEMBL410636,O=C(CN(CCCCCCC(=O)Nc1ccccc1)CC(=O)Nc1ccccc1)NO,7.886056647693163,1,0.0,31
ARMZVBSGMUBKGW-UHFFFAOYSA-N,CHEMBL1095450,Cc1c(-c2ccccc2)nc(-c2cccc(C=CC(=O)NO)c2)n1CCN1CCOCC1,8.0,1,0.0,32
ARQAMTJPUBWYEU-UHFFFAOYSA-N,CHEMBL2179246,CCN(C(=O)NCc1ccc(C(=O)NO)cc1)c1ccccc1,5.866461091629782,4,0.0,23
ARRDDSDLXYHZRP-UHFFFAOYSA-N,CHEMBL6092066,O=C(NO)c1ccc(CN2c3cc(C(F)(F)F)ccc3S(=O)(=O)CC3CCCCC32)cc1,5.055517327849831,1,0.0,32
ARSRPMMXCDOZIA-UHFFFAOYSA-N,CHEMBL4447715,O=C(NO)c1ccc(CNC(=O)c2ccc(Cl)c(Cl)c2)cc1,7.083745543646882,2,0.7695510786217259,22
ARWCVPUGRMZQCN-UHFFFAOYSA-N,CHEMBL6015057,O=C(CCCCCCCN(c1ccc(F)cn1)c1nc(C(F)(F)F)ns1)NO,5.259637310505756,1,0.0,28
ARXRHXYOFUPAEA-UHFFFAOYSA-N,CHEMBL5193849,Nc1cc(F)ccc1NC(=O)c1ccc(CN2CCCC(=Cc3ccc(Br)cc3)C2=O)cc1,5.708631149548417,1,0.0,33
ARYKVUSGBXNKKK-UHFFFAOYSA-N,CHEMBL5906239,Cc1cnc(COc2nccc(-c3noc(C(F)(F)F)n3)c2Cl)cn1,5.09151498112135,1,0.0,25
ARZGHZJOHZVMOO-UHFFFAOYSA-N,CHEMBL5984108,CC(=O)N1CCN(S(=O)(=O)N(Cc2ccc(-c3nnc(C(F)F)o3)cc2F)c2cccc(F)c2)CC1,7.522878745280337,1,0.0,36
ASDSYHJRYUYNCP-UHFFFAOYSA-N,CHEMBL5401169,O=C(NO)c1ccc(Cn2c(=O)[nH]c(=O)c3ccc(C(F)(F)F)cc32)cc1,5.285670240254767,1,0.0,27
ASDVCJOUIHLERK-UHFFFAOYSA-N,CHEMBL3577698,CN1c2ccc(NC(=O)CCCC(=O)NO)cc2C(=O)N2CCc3c([nH]c4ccc(O)cc34)C21,6.278189384787453,1,0.0,34
ASHPRZYGCOMVHO-UHFFFAOYSA-N,CHEMBL4078458,COc1ccc(C=CC(=O)NO)c(-c2ccc(-c3ccccc3)cc2)c1,5.522878745280337,3,0.0,26
ASIJNKHQTPQFCQ-UHFFFAOYSA-N,CHEMBL235674,Nc1ccc(-c2cccs2)cc1NC(=O)c1ccc(CNC(=O)OCc2cccnc2)cc1,7.698970004336019,1,0.0,33
ASMPKFJHQFXYAE-UHFFFAOYSA-N,CHEMBL5193644,NC1=C(CCNC(=O)c2ccccc2)C(=O)N(Cc2ccc(C(=O)Nc3ccccc3N)cc2)C2=NCCN21,6.5638373529592435,1,0.0,39
ASPRSETUDJADCR-UHFFFAOYSA-N,CHEMBL475043,NS(=O)(=O)NCCCCC(NC(=O)OCc1ccccc1)C(=O)Nc1nc(-c2ccccc2)c(-c2ccccc2)s1,6.070581074285707,1,0.0,41
ASPSYLVGEUIABX-UHFFFAOYSA-N,CHEMBL5915308,O=C(C1CCS(=O)(=O)CC1)N(Cc1ccc(-c2noc(C(F)(F)F)n2)c(F)c1)c1cccc(C(F)(F)F)c1,6.022276394711152,1,0.0,38
ASVMMHZVAVJSDS-UHFFFAOYSA-N,CHEMBL213604,COc1cc(CNc2ccc(C(=O)Nc3ccccc3N)cc2)cc(OC)c1OC,5.522878745280337,1,0.0,30
ASZVTDQFKPAJLA-UHFFFAOYSA-N,CHEMBL4755112,CCC(=O)CCCCCC(NC(=O)C1CC12CCN(C)CC2)c1ncc(C2=CC(=O)N(C)CC2)[nH]1,6.49234946850004,2,0.0552871770856207,35
ATAYIUXFFSKHFW-UHFFFAOYSA-N,CHEMBL4451376,CN(C)c1ccc(C(=O)N(CCCCCC(=O)Nc2cc(F)ccc2N)CC(=O)NCc2ccccc2)cc1,5.703334809738469,1,0.0,39
ATCDTYSSXUBZKL-UHFFFAOYSA-N,CHEMBL6134608,CC(=O)N(CC1CCN(c2ncc(C(=O)NO)cn2)CC1)C1(C(=O)NCc2ccccc2)CCOC1,6.721246399047171,1,0.0,36
ATCPWIOOLQVLHN-UHFFFAOYSA-N,CHEMBL3656011,Cc1cc(C2(Nc3ncc(C(=O)NO)cn3)CC2)ccc1F,7.769551078621726,1,0.0,22
ATDFXALCNPKLOR-UHFFFAOYSA-N,CHEMBL4636062,Nc1ccccc1NC(=O)CCCCCNC(=O)c1cc(Cc2n[nH]c(=O)c3ccccc23)ccc1F,6.468521082957745,1,0.0,37
ATEKSUDRIVWTTK-UHFFFAOYSA-N,CHEMBL4783641,C=CC(=O)Nc1cc2c(Nc3cccc(Cl)c3F)ncnc2cc1OCc1cn(CCCCC(=O)NO)nn1,6.8794260687941495,1,0.0,39
ATFDVQQVJPQJEH-UHFFFAOYSA-N,CHEMBL4878252,O=C(NO)c1ccc(CN2CCCCc3ccc(-c4ccccc4)cc32)cc1,6.151195298948196,1,0.0,28
ATFSHRCFTWALEY-UHFFFAOYSA-N,CHEMBL5548853,O=C(CCCN1C(=O)CC(=Cc2ccccc2)C1=O)NO,6.740645072691965,1,0.0,21
ATRIOAVZXXVRHX-UHFFFAOYSA-N,CHEMBL471041,O=C(C=Cc1ccc(C=NOCc2c(F)c(F)c(F)c(F)c2F)cc1)NO,5.261219441515631,1,0.0,27
ATTQICGHSWYSLG-UHFFFAOYSA-N,CHEMBL4245802,CCc1c2c(nc3ccc(OC(=O)N4CCN(C(=O)CCCCCCCC(=O)NO)CC4)cc13)-c1cc3c(c(=O)n1C2)COC(=O)C3(O)CC,4.706195640080663,1,0.0,50
AUEDMSVXWKXTGU-UHFFFAOYSA-N,CHEMBL5555202,CC1(C)CC(=O)c2c(C(F)(F)F)nn(Cc3ccc(C(=O)NO)cc3)c2C1,5.407823242604133,1,0.0,27
AUEMIAAGFHBEHB-UHFFFAOYSA-N,CHEMBL5090973,Nc1ccccc1NC(=O)c1ccc(CCNc2nc(N)n3nc(-c4ccco4)nc3n2)cc1,6.863279432843593,1,0.0,34
AULBTEVAVDTQLP-UHFFFAOYSA-N,CHEMBL2425961,CCc1nc2cc(C=CC(=O)NO)ccc2c(=O)n1CCc1ccccc1,5.924453038607469,1,0.0,27
AULFNEAZEPCQGB-UHFFFAOYSA-N,CHEMBL5439517,CN(C)CC=CC(=O)N1CCC(OC(=O)NCc2ccc(C(=O)Nc3ccccc3N)cc2)CC1,6.698970004336019,1,0.0,35
AULFSEXBWSICPG-UHFFFAOYSA-N,CHEMBL3415969,Nc1nc2ncc(CNc3ccc(C(=O)NC(CCC(=O)NCCCCCCCC(=O)NO)C(=O)O)cc3)nc2c(=O)[nH]1,5.7447274948966935,1,0.0,43
AUMGARRNERWLFZ-UHFFFAOYSA-N,CHEMBL5420243,COc1ccc2c3c(oc2c1)CN(C(CCSC)C(=O)Nc1ccc(C(=O)NO)cc1)CC3,8.67778070526608,1,0.0,33
AUROFDHWDZAYAI-UHFFFAOYSA-N,CHEMBL5789546,O=C(NC(Cc1ccc(-c2noc(C(F)(F)F)n2)cn1)c1cccc(C(F)(F)F)c1)c1ccccn1,6.055517327849831,1,0.0,36
AURVZVCNNNFNKZ-UHFFFAOYSA-N,CHEMBL5204735,Cc1ccc(-c2nc(N)nc3c2cnn3Cc2ccc(N)c(OCCCCCCC(=O)NO)c2)o1,7.346787486224656,1,0.0,35
AUSQXAWPDYLVIT-UHFFFAOYSA-N,CHEMBL3698499,O=C(C=Cc1ccc(NS(=O)(=O)c2ccc3ccccc3c2)cc1)NO,7.522878745280337,1,0.0,26
AUWBCLDCSRIWGM-UHFFFAOYSA-N,CHEMBL5563126,COc1cc(OC)c(C=CS(=O)(=O)Cc2ccc(OC)c(NC(=O)CCC(=O)NO)c2)c(OC)c1,7.940436582098732,1,0.0,35
AUZWAYKCSYCHBB-UHFFFAOYSA-N,CHEMBL5077441,Nc1ccccc1NC(=O)c1ccc(OCCNc2nc(N)n3nc(-c4ccco4)nc3n2)cc1,7.164309428507575,1,0.0,35
AVCKKAMWFINFOA-UHFFFAOYSA-N,CHEMBL3347516,Nc1ccccc1NC(=O)CCCCCCC(=O)Nc1ccccc1N,4.835647144215563,1,0.0,26
AVCPDULDISFOHI-UHFFFAOYSA-N,CHEMBL5075704,Nc1nc(NCCc2ccc(C(=O)NO)cc2)nc2nc(-c3ccco3)nn12,6.981715691573469,1,0.0,28
AVFRFERRHSJPDJ-UHFFFAOYSA-N,CHEMBL5399635,Cc1ccc(-c2cc(-c3ccn(Cc4ccc(C(=O)NO)cc4)n3)ccn2)c(F)c1,8.489454989793387,1,0.0,30
AVJJKICOIUBECO-UHFFFAOYSA-N,CHEMBL6053459,Cc1cncnc1OCc1ccc(-c2noc(C(F)(F)F)n2)cn1,5.657577319177793,1,0.0,24
AVLNTTBZNFFQQT-UHFFFAOYSA-N,CHEMBL3648266,CC(C)Cc1nc2cc(C=CC(=O)NO)ccc2n1CCc1ccccc1,5.8794260687941495,3,0.0,27
AVLNYEALQBDEPD-UHFFFAOYSA-N,CHEMBL6170098,Cc1c(N)cccc1-c1cn(-c2ccc(OCCCCC(=O)NO)cc2)c2ccc(C#N)cc12,6.943857737940948,1,0.0,34
AVRQGUXVBGHZQJ-UHFFFAOYSA-N,CHEMBL3664068,Nc1ccc(-c2cccs2)cc1NC(=O)c1ccc(CNC(=O)CCc2ccccc2)cc1,7.619788758288394,1,0.0,33
AVSLNVDGMUGFQQ-UHFFFAOYSA-N,CHEMBL3664051,Nc1ccc(-c2cccs2)cc1NC(=O)c1ccc(CNC(=O)Oc2ccccc2)cc1,7.113509274827518,1,0.0,32
AVWLUSCXULPDKP-UHFFFAOYSA-N,CHEMBL5421202,O=C(CN1CCc2c(oc3cc4c(cc23)OCO4)C1)Nc1ccc(C(=O)NO)cc1,8.853871964321762,1,0.0,30
AVXOGOQOFUDWQN-UHFFFAOYSA-N,CHEMBL257835,Nc1nc(NCc2ccc(C(=O)Nc3ccccc3N)cc2)nc(N2Cc3ccccc3C2)n1,7.3979400086720375,1,0.0,34
AWFYSKUENHXUOS-UHFFFAOYSA-N,CHEMBL4100664,Cc1c(CN(C)C)c2ccccc2n1Cc1ccc(C(=O)NO)cc1,5.011887159731648,1,0.0,25
AWGYRLVKYNINOD-UHFFFAOYSA-N,CHEMBL4098353,COc1cc(C(=O)c2cn(Cc3ccc(C=CC(=O)NO)cc3)c3ccccc23)cc(OC)c1OC,6.850411432212256,1,0.0,36
AWIDTZGDUZPDLN-UHFFFAOYSA-N,CHEMBL5892379,O=C(C1CCCS(=O)(=O)C1)N(Cc1ccc(-c2noc(C(F)(F)F)n2)cn1)c1cccc(F)c1,6.657577319177793,1,0.0,34
AWKQLOWZYDFOQL-UHFFFAOYSA-N,CHEMBL6024372,O=C1CCC(c2ccccc2Cl)N1c1ccc(-c2noc(C(F)(F)F)n2)c(F)c1,4.795880017344075,1,0.0,29
AWLCTQDMWMZSKS-UHFFFAOYSA-N,CHEMBL5430740,O=C(NO)c1ccc(Cn2ccc3cc(C(=O)NCC45CC6CC(CC(C6)C4)C5)ccc32)c(F)c1,6.721246399047171,1,0.0,35
AWLFNVKRXDPUCZ-UHFFFAOYSA-N,CHEMBL221654,CN(C)c1ccc(C(=O)NC(CCCCCC(=O)NO)C(=O)Nc2cccc3cccnc23)cc1,7.6777807052660805,1,0.0,35
AWMBFBCZLVOQAV-UHFFFAOYSA-N,CHEMBL5089891,Nc1cc(F)ccc1NC(=O)c1ccc(CCn2ncc3c2nc(N)n2nc(-c4ccco4)nc32)cc1,6.643018599006869,1,0.0,37
AWORPJUKCFAWMJ-UHFFFAOYSA-N,CHEMBL3689775,COCCNc1c(CC(C)CC(C)(C)C)nc2ccc(C=CC(=O)NO)cn12,6.119186407719209,1,0.0,28
AWTXQEUYEIEIGL-UHFFFAOYSA-N,CHEMBL2448576,CCC(=O)CCCCCC(NC(=O)C1CN(C)C1)c1ncc(-c2cc3ccccc3nc2OC)[nH]1,7.886056647693163,3,0.8129133566428557,35
AWUBCNWTTSNGNM-UHFFFAOYSA-N,CHEMBL3339017,O=C(CCCCCCC(=O)Nc1cc2c(Nc3ccc(Br)cc3F)ncnc2s1)NO,7.8683813356508745,1,0.0,31
AWVPNUWHMBPXOU-UHFFFAOYSA-N,CHEMBL5083849,Cc1[nH]c(C(=O)Nc2cc(S(=O)(=O)N3CCOCC3)ccc2OCCCCCCCC(=O)NO)c2c1C(=O)CCCC2,6.787812395596042,1,0.0,42
AXJXDWNCHLEVAZ-UHFFFAOYSA-N,CHEMBL4789481,Cc1cc2cc(NS(=O)(=O)c3ccc(C(=O)NO)cc3)ccc2n(C)c1=O,6.098541678603888,1,0.0,27
AXKQCNYGLRJNGN-UHFFFAOYSA-N,CHEMBL3335303,COc1cccc(Cn2ccc(CCCCC(=O)NO)n2)c1,6.465973893943865,1,0.0,22
AXOOZPHQPAOTFP-UHFFFAOYSA-N,CHEMBL5205202,O=C(NO)c1cccc(CN2CCN(C(c3ccccc3)c3ccccc3)CC2)c1,4.33161408331,1,0.0,30
AXPPNBSZEZBBTI-UHFFFAOYSA-N,CHEMBL5618862,COc1ncc(-c2ccc3nccc(C(=O)NCCCCCC(=O)NO)c3c2)cc1NS(=O)(=O)c1cc(F)cc(F)c1,8.318758762624412,1,0.0,42
AXQCFBRIBMVUEH-UHFFFAOYSA-N,CHEMBL5271343,O=C(NO)c1ccc(Cn2ncnc2-c2ccccc2F)cc1,6.218101080648851,1,0.0,23
AXTVVRKBPMSLAV-UHFFFAOYSA-N,CHEMBL5569303,COc1ncc(-c2cc(OCCCCCC(=O)Nc3ccccc3N)c3ncnc(C)c3c2)cc1F,6.216096420727265,1,0.0,36
AXUMWSNMDBTSDZ-UHFFFAOYSA-N,CHEMBL5570626,COc1ccc(-c2cc(OCCOc3ccc(C(=O)Nc4ccccc4N)cc3)c3ncnc(C)c3c2)cn1,6.899629454882437,1,0.0,39
AXVLWKBVIHOIQB-UHFFFAOYSA-N,CHEMBL253868,Nc1ccc(-c2ccccc2)cc1NC(=O)c1ccc(CNC(=O)OCc2cccnc2)cc1,8.15051499783199,4,0.8750612633917001,34
AYDMCDGZQXWLJX-UHFFFAOYSA-N,CHEMBL5395571,COc1cccc(-n2nc(N)c(C(=O)NCc3ccc(C(=O)Nc4ccccc4N)cc3)n2)c1,7.167491087293763,1,0.0,34
AYHQBDMJHOUCFN-UHFFFAOYSA-N,CHEMBL5597381,O=C(CCCCCn1cc(Nc2cc(-c3cccc(NCC4CCOCC4)n3)c(Cl)cn2)cn1)NO,6.013228265733755,1,0.0,36
AYICHPSZNZPZJW-UHFFFAOYSA-N,CHEMBL271767,O=C(Nc1ccccc1)c1ccc2sc(C(=O)NO)cc2c1,6.235077015350111,1,0.0,22
AYKITWJAPVHRAX-UHFFFAOYSA-N,CHEMBL5093633,Cc1ccc(-c2cc(C=Cc3ccc(C(=O)NO)cc3)ccn2)c(F)c1,6.431798275933005,3,0.0,26
AYRFOXMGPUIRRF-UHFFFAOYSA-N,CHEMBL3689816,O=C(C=Cc1ccn2c(CN3CCN(Cc4ccccc4)CC3)c(-c3ccccc3)nc2c1)NO,5.823908740944319,1,0.0,35
AYRVIZARUCAIDJ-UHFFFAOYSA-N,CHEMBL4872845,CC12CC3CC(C)(C1)CC(NS(=O)(=O)c1cccc(C=CC(=O)NO)c1)(C3)C2,5.7594507517174005,1,0.0,28
AYXWYTGYSBYOAW-UHFFFAOYSA-N,CHEMBL2047615,O=C(C=Cc1cn(-c2ccccc2)nc1-c1ccc(Br)cc1)Nc1ccc(Br)cc1,5.548213564475709,1,0.0,30
AYZFKKHGXUUTCY-UHFFFAOYSA-N,CHEMBL3818246,Cc1noc(C)c1-c1cccc(NC(=O)CCCCCC(=O)NO)c1,6.443697499232712,1,0.0,25
AYZQJQMRTDVWJJ-UHFFFAOYSA-N,CHEMBL5998589,O=C1CCC(c2ccccc2)N1c1ccc(-c2noc(C(F)(F)F)n2)c(F)c1,5.721246399047171,1,0.0,28
AYZYYWKVKCHUAH-UHFFFAOYSA-N,CHEMBL3747076,COc1ccc(-c2nc(NC(=O)NCCCC(=O)NO)cc3c4ccccc4n(C)c23)cc1,6.619788758288394,1,0.0,33
AZBBZOJDIIHQHI-UHFFFAOYSA-N,CHEMBL6013035,CC(=O)N1CCN(C(=O)Nc2cc(-c3cccs3)ccc2N)CC1,7.301029995663981,1,0.0,24
AZDHPMIXKKYTJG-UHFFFAOYSA-N,CHEMBL5202439,O=C(CCCCc1cn(-c2ccc(C(=O)c3c(-c4ccc(O)cc4)sc4cc(O)ccc34)cc2)nn1)NO,5.739928612014925,1,0.0,38
AZLBBFOVLFWKTC-UHFFFAOYSA-N,CHEMBL3771366,CC(C)Cc1sc(-c2nccs2)nc1C(=O)NCCCCC(=O)C(F)(F)F,7.01197643807134,1,0.0,27
AZNFBEXFQBFYOQ-UHFFFAOYSA-N,CHEMBL4276962,Nc1ccccc1NC(=O)c1ccc(CSC(=S)N2CCN(c3ccncc3)CC2)cc1,6.318758762624412,1,0.0,32
AZODPBPRRQUNRN-UHFFFAOYSA-N,CHEMBL5793826,CCCCCCNNC(=O)c1ccc(C(C)(C)C)cc1,5.647817481888637,1,0.0,20
AZODTJZLKVAKDP-UHFFFAOYSA-N,CHEMBL5785366,O=C(C=Cc1ccc(CNCC23CC4CC(CC(C4)C2)C3)c(F)c1)NO,9.10790539730952,1,0.0,26
AZOSQQGVKOJXRE-UHFFFAOYSA-N,CHEMBL5594641,O=C(NO)c1ccc(CN2CCc3c(n(CC4CC4)c4ccc(F)cc34)C2)cc1,4.549750891680639,1,0.0,29
AZRVCERBAMDKDQ-UHFFFAOYSA-N,CHEMBL6074594,C=C1C(=O)OC2CC3(C)CCC(OC(=O)C(C)NC(=O)c4ccc(C(=O)Nc5ccccc5N)cc4)C(=C)C3CC12,6.912573542963715,1,0.0,41
AZTSYZUNKYTXOA-UHFFFAOYSA-N,CHEMBL496094,O=C(c1ccc(C(=O)C(F)(F)F)s1)N1CCn2c(-c3ccccc3)cnc2C1,5.327902142064282,1,0.0,28
AZTXSMGMFRWCCI-UHFFFAOYSA-N,CHEMBL6166029,Cc1cc2c(cc1C#N)c(-c1cccc(N)c1C)cn2-c1ccc(OCCCCCCC(=O)NO)cc1,7.8124792791635365,1,0.0,37
AZYMNAHHBIKAIP-UHFFFAOYSA-N,CHEMBL5914685,Cc1nsc(N(CCCCCCCC(=O)NO)c2cc(-c3ccc(F)cc3)ccn2)n1,5.259637310505756,1,0.0,31
BABGDAWTRPMGMJ-UHFFFAOYSA-N,CHEMBL2385954,COc1cc2c(c(OC)c1OC)-c1ccc(OC)c(=O)cc1C(NC(=O)CCCCC(=O)NO)CC2,6.142667503568731,1,0.0,36
BADKMOAGUQVARR-UHFFFAOYSA-N,CHEMBL4636049,CC1COc2c(N3CCN(C)CC3)c(F)cc3c(=O)c(C(=O)NCc4cn(CCCCCC(=O)NO)nn4)cn1c23,7.136677139879544,1,0.0,41
BADMYFPDYIWLBR-UHFFFAOYSA-N,CHEMBL5568033,CCCNNC(=O)CCCCCCNC(=O)c1cc2cnccc2[nH]1,7.600326278518962,1,0.0,25
BAKKPDUWEXRTIN-UHFFFAOYSA-N,CHEMBL2312164,Cc1cccc(C(=O)NOCCCCCC(=O)NO)c1,6.467245621007502,1,0.0,20
BAPFDOTUWQOYEF-UHFFFAOYSA-N,CHEMBL6015265,FC(F)(F)c1nc(-c2ccc(CNc3cccc(-c4cnco4)c3)nc2)no1,8.119186407719209,1,0.0,28
BASJWTWKACZXIZ-UHFFFAOYSA-N,CHEMBL6177719,CN(C)c1ccc(C(=O)N(CC(=O)NCc2ccccc2)Cc2ccc(C(=O)O)cc2)cc1,4.860120913598763,1,0.0,33
BAUCPKHWPHFBEP-UHFFFAOYSA-N,CHEMBL6160900,Cc1c(F)c(N)cc(C(=O)Nc2cc(-c3ccc(NC(=O)Cc4ccc(C(=O)NO)cc4)cc3)ccc2N2CCN(C)CC2)c1Cl,6.982966660701219,1,0.0,46
BAUYICSIOBYCIO-UHFFFAOYSA-N,CHEMBL4855642,COc1ccc(-n2nc(-c3ccc(O)cc3)nc2CNc2ccc(C(=O)NO)cc2)cc1,5.366228653917444,1,0.0,32
BAUYYQQEDTXRHD-UHFFFAOYSA-N,CHEMBL5434942,Cn1cc(-c2ccc(=O)n(Cc3ccc(C(=O)Nc4ccccc4N)cc3)n2)cn1,7.139661993429006,1,0.0,30
BBBOKCZDRCMPOZ-UHFFFAOYSA-N,CHEMBL3797843,O=C(NO)c1ccc(Cl)c(NC(=O)c2ccccc2)c1,4.935542010773082,1,0.0,20
BBBUATZNNXBMBM-UHFFFAOYSA-N,CHEMBL6143130,O=C(NO)c1cnc(N2CCC(CNCc3nnnn3C3CCCC3)CC2)nc1,7.180456064458131,1,0.0,29
BBDWOHDPFZUDCG-UHFFFAOYSA-N,CHEMBL475862,CC(C)(C)c1csc(NC(=O)C(CCCCNS(N)(=O)=O)NC(=O)OCc2ccccc2)n1,5.443697499232712,1,0.0,33
BBFBCBBPICEAMR-UHFFFAOYSA-N,CHEMBL5947239,COc1ccc2cc(OCc3ccc(-c4noc(C(F)(F)F)n4)c(F)c3)nnc2c1,6.065501548756432,1,0.0,30
BBFKONWWIAFKEJ-UHFFFAOYSA-N,CHEMBL4514808,Cc1cc(-c2nc3sc4c(c3c(=O)[nH]2)CCN(C)C4)cc(C)c1OCCCCCC(=O)NO,7.337242168318426,1,0.0,33
BBHHBNFCYBGQHQ-UHFFFAOYSA-N,CHEMBL4461622,O=C(CCCCCN1C(=O)c2cccc3c(Nc4cccc(F)c4)ccc(c23)C1=O)NO,5.514278573518419,1,0.0,32
BBHRSVZELVEQMJ-UHFFFAOYSA-N,CHEMBL2442797,COc1cc(C2c3cc4c(cc3C(Nc3ccc(OCCCCCC(=O)NO)cc3)C3COC(=O)C23)OCO4)cc(OC)c1O,6.684029654543082,1,0.0,45
BBHURYMVPMFILR-UHFFFAOYSA-N,CHEMBL5440469,CC(=O)Nc1ccc(C(=O)Nc2cc(-c3ccncc3)ccc2N)cc1,8.698970004336019,1,0.0,26
BBKIGCAWJALKSX-UHFFFAOYSA-N,CHEMBL4648635,O=C(NO)c1ccc(NC(=O)C2(c3ccc(-c4ccccc4)c(F)c3)CCCC2)cc1,7.376750709602099,1,0.0,31
BBLBDUGURDYOIM-UHFFFAOYSA-N,CHEMBL5845113,Cc1cccc(CCOc2cc(-c3noc(C(F)(F)F)n3)ccn2)n1,5.468521082957745,1,0.0,25
BBLDJCYQNLIDLW-UHFFFAOYSA-N,CHEMBL6170846,COc1ccc(-c2ccc3cc(OCCCCCCC(=O)NO)ccc3n2)cc1,7.55206713440782,1,0.0,29
BBLOAIWXSMVTHJ-UHFFFAOYSA-N,CHEMBL4753111,O=C(NC(CCCCNC(=O)c1c(O)cccc1F)c1ncc(-c2ccc3ccccc3c2)[nH]1)c1cncs1,8.013228265733755,1,0.0,39
BBLYSJBLOAJNNF-UHFFFAOYSA-N,CHEMBL6003179,Nc1ccc(C2=CCCCC2)cc1NC(=O)N1CCCC1,5.515700160653214,1,0.0,21
BBMARLJMFOCZJZ-UHFFFAOYSA-N,CHEMBL5174790,CCN(c1cc(-c2ccc(N3CCN(c4ncc(C(=O)NO)cn4)CC3)nc2)cc(C(=O)NCc2c(C)cc(C)[nH]c2=O)c1C)C1CCOCC1,6.267606240177031,1,0.0,51
BBOJVANNWADMKY-UHFFFAOYSA-N,CHEMBL5783185,FC(F)(F)c1nc(-c2ccc(N3CCNCC3c3ccccc3)nc2)no1,6.6777807052660805,1,0.0,27
BBOZKUDSOWBNPX-UHFFFAOYSA-N,CHEMBL4520435,Nc1ccccc1NC(=O)CCCCCN(CC(=O)NC1CCCCC1)C(=O)c1cccc2ccccc12,5.1830961606243395,1,0.0,38
BBSLRRWTGBLAON-UHFFFAOYSA-N,CHEMBL5188297,O=C(CCCCCCC(=O)NN=Cc1cnc(N(c2ccccc2)c2ccccc2)nc1)NO,8.078313524516398,1,0.0,34
BBTXLOZXLJRPEK-UHFFFAOYSA-N,CHEMBL4448978,CC(=O)Nc1ccc(C(=O)NO)cc1,5.718058066559175,1,0.0,14
BBWKZRYIKXMQTO-UHFFFAOYSA-N,CHEMBL4102954,COc1ccc(COc2ccc3cc(C(=O)NCc4ccc(C(=O)Nc5ccccc5N)cc4)c(=O)oc3c2)cc1,6.1487416512809245,1,0.0,41
BCATZVRDXSALPO-UHFFFAOYSA-N,CHEMBL5794798,O=S(=O)(N1CCNCC1)N(Cc1ccc(-c2nnc(C(F)(F)F)o2)cc1F)c1cccc(F)c1,7.236572006437063,1,0.0,34
BCEXHGZSELIQJR-UHFFFAOYSA-N,CHEMBL4856920,N#Cc1ccc2c(c1)CCCCN2Cc1ccc(C(=O)NO)cc1,6.605548319173783,1,0.0,24
BCFDVKOJXXCTFO-UHFFFAOYSA-N,CHEMBL4759472,CCC(=O)CCCCCC(NC(=O)C1CC12CCN(CC)CC2)c1[nH]c(-c2ccc(F)cc2)nc1C#N,8.55284196865778,1,0.0,37
BCHUJJCIGPEYFV-UHFFFAOYSA-N,CHEMBL4299470,CCC1OC(=O)C(C)C(OC2CC(C)(OC)C(O)C(C)O2)C(C)C(OC2OC(C)CC(N(C)Cc3ccc(-c4cn(CCCCCC(=O)NO)nn4)cc3)C2O)C(C)(O)CC(C)CN(C)C(C)C(O)C1(C)O,6.500312917381596,1,0.0,72
BCJDBTOVHNPPNE-UHFFFAOYSA-N,CHEMBL425960,Nc1ccccc1NC(=O)C=Cc1ccc(NCCNc2ccccc2)nc1,5.698970004336019,1,0.0,28
BCOBNZCAEUMFHP-UHFFFAOYSA-N,CHEMBL6177687,CNC(=O)CCCCOc1nc(-c2ccc(OC)cc2)cc(-c2cc(OC)c(OC)c(OC)c2)c1C#N,7.13578566953867,1,0.0,37
BCVAPGYUPRHFAH-UHFFFAOYSA-N,CHEMBL6169231,Nc1ccccc1NC(=O)c1ccc(CNC(=O)c2cnc(-c3ccc4ccccc4c3)[nH]2)cc1,5.335358024443874,1,0.0,35
BCXCWJVLSDITQU-UHFFFAOYSA-N,CHEMBL255244,CCN1CCN(Cc2cnc(-c3ccc(C(=O)Nc4ccccc4N)cc3)c(C)c2)CC1,7.730020323354676,1,0.0,32
BDCBAWVFGNPIMF-UHFFFAOYSA-N,CHEMBL5571145,COc1ccc(Nc2ncnc3c2ncn3Cc2ccc(C(=O)NO)cc2)cc1,6.926648297613099,1,0.0,29
BDCJQOYXIMNRCR-UHFFFAOYSA-N,CHEMBL6033702,O=C1COCC(c2nc(-c3cccnc3)no2)N1c1ccc(-c2noc(C(F)(F)F)n2)cc1,7.0,1,0.0,33
BDDFTHXWMIKMQG-UHFFFAOYSA-N,CHEMBL4639790,O=C(NO)c1ccc(NC(=O)C2(c3ccccc3)CCOCC2)cc1,7.552841968657781,1,0.0,25
BDFXKTKHYNSCGK-UHFFFAOYSA-N,CHEMBL3689855,CCN(Cc1c(C(C)(C)C)nc2cc(C=CC(=O)NO)ccn12)CC1CCCCC1,6.721246399047171,1,0.0,30
BDJOGKDUEGBNPC-UHFFFAOYSA-N,CHEMBL5205385,CCCNNC(=O)c1cnc(N2CCN(C)CC2)nc1,6.229147988357855,1,0.0,20
BDOVPRLMRCYJLC-UHFFFAOYSA-N,CHEMBL5542296,O=C(NO)c1ccc(Cn2c3c(c4ccccc42)C(=O)C(CN2CCCCC2)CC3)cc1,5.546681659952963,1,0.0,32
BDPRFWIJGHARFM-UHFFFAOYSA-N,CHEMBL4550269,COc1ccccc1N1C(=O)CSC1c1cccc(C(=O)NCCCCCC(=O)NO)c1,7.431798275933005,1,0.0,32
BDQGQDBCTUABFD-UHFFFAOYSA-N,CHEMBL5773252,O=C(CCn1cncn1)N(Cc1ccc(-c2noc(C(F)(F)F)n2)cc1)c1cccc(C(F)(F)F)c1,5.958607314841775,1,0.0,36
BDRCYQNCRYTWTB-UHFFFAOYSA-N,CHEMBL3421742,Nc1ccccc1NC(=O)c1ccc(CNCc2nc(-c3ccc([N+](=O)[O-])cc3)no2)cc1,7.221848749616356,1,0.0,33
BDTAPZUZFJRPNM-UHFFFAOYSA-N,CHEMBL511212,O=C(CCCCCCC(=O)Nc1nc(-c2ccccc2)cs1)NO,8.522878745280337,1,0.0,24
BDTMXTRMULBLTI-UHFFFAOYSA-N,CHEMBL3736314,CCC1OC(=O)C(C)C(=O)C(C)C(OC2OC(C)CC(N(C)Cc3cccc(-c4cn(CCCCCCC(=O)NO)nn4)c3)C2O)C(C)(OC)CC(C)C2=NCCN3C(=O)OC1(C)C3C2C,7.2636034977233574,1,0.0,66
BDVWNDNVGKVFGG-UHFFFAOYSA-N,CHEMBL5414384,Nc1nn(-c2cccc3cccnc23)nc1C(=O)NCc1ccc(C(=O)NO)cc1,8.0,1,0.0,30
BDYVCYUXCNZYRW-UHFFFAOYSA-N,CHEMBL236061,COc1ccc(C(=O)Nc2ccccc2N)cc1,5.698970004336019,1,0.0,18
BDZZGLURFJQOQE-UHFFFAOYSA-N,CHEMBL5201672,CCNNC(=O)c1ccc(CN2c3ccccc3C=Cc3ccccc32)cc1,5.638272163982407,1,0.0,28
BEDWKBWRNPJVER-UHFFFAOYSA-N,CHEMBL5401815,O=C(CCCCCN1C(=O)CC(c2ccc(Cl)c(Cl)c2)S(=O)(=O)c2ccccc21)NO,7.054531414868181,1,0.0,31
BEFOBMGNAJJGSD-UHFFFAOYSA-N,CHEMBL3958365,Cc1ccc(C(=O)NCCCCCC(=O)Nc2ccc(F)cc2N)cc1,5.086186147616283,1,0.0,26
BEGHAKMSOKSZMH-UHFFFAOYSA-N,CHEMBL5564380,CC(COCCC(=O)N1CCN(c2ncc(C(=O)NCCCCCC(=O)NO)cn2)CC1)Nc1cn[nH]c(=O)c1C(F)(F)F,7.05700040663396,1,0.0,44
BEGWNCVXBUTKTB-UHFFFAOYSA-N,CHEMBL4098561,COc1cccc(Nc2ncnc3cc(NC(=O)CCCCCCC(=O)NO)sc23)c1,7.205860644232226,1,0.0,31
BEHNRHQCNRVORU-UHFFFAOYSA-N,CHEMBL4780827,O=C(CCCCCCn1cnc2c(N3CCOCC3)nc(-c3ccc(CO)cc3)nc21)NO,8.356547323513812,1,0.0,33
BEJDYGBRKYEZHC-UHFFFAOYSA-N,CHEMBL3698500,O=C(C=Cc1ccc(NS(=O)(=O)c2cc3ccccc3s2)cc1)NO,6.698970004336019,1,0.0,25
BENMZDAJCRYRCC-UHFFFAOYSA-N,CHEMBL5199428,Nc1nc(-c2ccco2)c2cnn(CCc3ccc(C(=O)Nc4ccccc4N)cc3)c2n1,6.837734385701978,1,0.0,33
BESZEUWJRGYGSJ-UHFFFAOYSA-N,CHEMBL4065026,Cn1ccc2c(CCNS(=O)(=O)c3ccc(C=CC(=O)NO)cc3)cccc21,8.872895201635192,1,0.0,28
BEXLHXBJDKXXPK-UHFFFAOYSA-N,CHEMBL3593305,Nc1ccccc1NC(=O)c1ccc(CNC(=O)C=Cc2cnc3ccccn23)cc1,6.889410289700751,1,0.0,31
BFBBJWQZNNFGSZ-UHFFFAOYSA-N,CHEMBL4643485,O=C(NO)c1ccc(NC(=O)C2(c3ccccc3)CCCC2)nc1,6.8794260687941495,1,0.0,24
BFCCVBYNGWNEDR-UHFFFAOYSA-N,CHEMBL5568183,O=C(NO)c1ccc(CN(Cc2ccco2)C(=O)c2ccccc2)cc1,6.304518323509802,1,0.0,26
BFFLLQYEXGNTDM-UHFFFAOYSA-N,CHEMBL5924373,CC(C)c1ccc(-c2cc3cc(C(=O)NO)cnc3o2)cc1,6.301029995663981,1,0.0,22
BFGXDYFOPYGUQA-UHFFFAOYSA-N,CHEMBL4849063,CCC(=O)CCCCCC1NC(=O)CN(C)CCCCOCCCCn2ccc3cc(ccc3c2=O)-c2cnc1[nH]2,7.552841968657781,1,0.0,41
BFMAQRHQZHOUNR-UHFFFAOYSA-N,CHEMBL3287250,CC(C)Cc1sc(-c2nccs2)nc1C(=O)NCCCCC(=O)NO,7.0694569273008065,2,0.4631461367263494,25
BFPZEWKLYKONOE-UHFFFAOYSA-N,CHEMBL5402136,Nc1ccccc1NC(=O)c1ccc(COc2ccc(CNC(=O)C3CCCN3C(=O)OCc3ccccc3)cc2)cc1,6.694648630553376,1,0.0,43
BFQLNFXKRXENAT-UHFFFAOYSA-N,CHEMBL4799530,COc1ncc(-c2nc(N3CCOCC3)c3ncn(CCCCCCC(=O)NO)c3n2)cn1,8.568636235841012,1,0.0,33
BFQLSZNHAUKBFB-UHFFFAOYSA-N,CHEMBL3655971,O=C(NO)c1cnc(NC2(c3cccc(Cl)c3)CC2)nc1,7.657577319177793,1,0.0,21
BFUXWMZIYXYZST-UHFFFAOYSA-N,CHEMBL5399656,COc1cc2c(cc1-c1c(C)noc1C)[nH]c1ncnc(NCCCCCCCC(=O)NO)c12,7.431798275933005,1,0.0,34
BGCVJLTVNZYKAR-UHFFFAOYSA-N,CHEMBL5619581,Cn1cc(C(=O)N(CC(=O)NC2CCCCC2)Cc2ccc(C(=O)NO)cc2)c2ccccc21,7.080921907623926,1,0.0,34
BGFOUVCGPHQKTJ-UHFFFAOYSA-N,CHEMBL6174974,CCCNNC(=O)CCCNCc1ccc(-c2cccc(-c3ccccc3)c2C)nc1OC,5.651500429716162,1,0.0,33
BGJUYFUGIDPBBW-UHFFFAOYSA-N,CHEMBL2179244,CCCCN(C(=O)NCc1ccc(C(=O)NO)cc1)c1ccccc1,5.090443970758825,4,0.0,25
BGNHMEHXGGQEJV-UHFFFAOYSA-N,CHEMBL3810053,CNC(=O)CCCCCC(NC(=O)c1cncs1)c1ncc(-c2ccc(-n3cccn3)cc2)[nH]1,5.603800652904264,2,0.0,34
BGNXNEWULAUBJY-UHFFFAOYSA-N,CHEMBL4864538,O=C(CCCCCN1C(=O)c2cccc3c(OCc4ccc(C(F)(F)F)cc4)ccc(c23)C1=O)NO,6.552841968657781,1,0.0,36
BGPRJAKFLCWTBL-UHFFFAOYSA-N,CHEMBL4096345,Nc1ccccc1NC(=O)c1ccc(NC(=S)NCc2cncc(Br)c2)cc1,6.455931955649724,1,0.0,28
BGRYBJIQYBKCOQ-UHFFFAOYSA-N,CHEMBL5416731,CN(C)c1ccc(C(=O)N(CC(=O)NC(C)(C)C)Cc2ccc(C(=O)Nc3cc(-c4ccncc4)ccc3N)cc2)cc1,7.459670525209126,5,0.4083055241438709,43
BGSVUIASAZBAQM-UHFFFAOYSA-N,CHEMBL3689821,CCCCNCc1c(-c2ccc(F)cc2)nc2cc(C=CC(=O)NO)ccn12,7.200659450546418,1,0.0,28
BGUCDTKEXDLWAZ-UHFFFAOYSA-N,CHEMBL4069655,Nc1ccccc1NC(=O)c1ccc(CNC(=O)c2cc3ccc(OCc4ccc(Br)cc4)cc3oc2=O)cc1,6.301029995663981,1,0.0,40
BGUDCWHWRPWMRI-UHFFFAOYSA-N,CHEMBL2047685,O=C(CCCNC(=O)C(Cc1ccc(O)c(Br)c1)=NO)NO,6.252158466191542,2,0.51295967994837,22
BGWSGNZRIOHAJA-UHFFFAOYSA-N,CHEMBL5078043,Cc1ccc2nc3c4ccccc4c(NCCCCCCC(=O)Nc4ccccc4N)nn3c(=O)c2c1,7.140261433802853,1,0.0,37
BGXOHPVLYIEUCQ-UHFFFAOYSA-N,CHEMBL2312457,Cc1nc2ccccn2c1-c1ccnc(NCc2ccc(C(=O)Nc3ccccc3N)cc2)n1,6.96657624451305,1,0.0,34
BHAJHQHMYTYXSH-UHFFFAOYSA-N,CHEMBL3335285,O=C(CCCCc1ncc2n1Cc1ccccc1-2)NO,5.935542010773082,1,0.0,20
BHFFTMWSRYAROQ-UHFFFAOYSA-N,CHEMBL5590022,CC(NC(=O)C(CC(=O)NCC(C)(C)C)NC(=O)c1ccc(C=CC(=O)NO)cc1)C(=O)NCc1ccc(F)cc1F,8.021819483062586,1,0.0,42
BHGNECNZUHZLIY-UHFFFAOYSA-N,CHEMBL1084343,CCN(CC)CCNc1ccc(C(=O)NC(=O)NCCCCCC(=O)NO)cc1[N+](=O)[O-],5.769551078621726,1,0.0,32
BHGPKRWQJNEAQH-UHFFFAOYSA-N,CHEMBL5646494,Nc1ccccc1NC(=O)CCCCCCNC(=O)c1ccc(NC(=O)Nc2ccc(-c3nc(N4CCOCC4)nc(N4CCOCC4)n3)cc2)cc1,6.393188853081036,1,0.0,53
BHJOJVLBZYUYGS-UHFFFAOYSA-N,CHEMBL5422534,COc1cc2c(cc1-c1c(C)noc1C)[nH]c1nc(C)nc(NCCCCCCC(=O)NO)c12,7.721246399047171,1,0.0,34
BHKGZSMGHYSGNO-UHFFFAOYSA-N,CHEMBL2018295,Cc1ccc2c3c(n(Cc4ccc(C(=O)NO)cc4)c2c1)CCN(C)C3,5.392544976785331,1,0.0,26
BHLXJZVAJDYCDZ-UHFFFAOYSA-N,CHEMBL5836051,Fc1cc(COc2cncc(Cl)c2)ccc1-c1noc(C(F)(F)F)n1,5.7447274948966935,1,0.0,25
BHSAIBREQYZMLP-UHFFFAOYSA-N,CHEMBL3648302,O=C(C=Cc1ccc2c(c1)NCN2CCCO)NO,5.962573502059376,1,0.0,19
BHTOFIODDZWJNH-UHFFFAOYSA-N,CHEMBL3689788,CCCCCCc1nc2cc(C=CC(=O)NO)ccn2c1NCCC(=O)NCCN(CC)CC,6.958607314841775,1,0.0,34
BHUJWKLXOJFZOZ-UHFFFAOYSA-N,CHEMBL470791,Nc1ccc(-c2cccs2)cc1NC(=O)c1ccc(N2CCC3(CC2)CNC3=O)nc1,7.958607314841775,1,0.0,31
BHUZLJOUHMBZQY-UHFFFAOYSA-N,CHEMBL356769,O=C(CCCCCCC(=O)Nc1ccc(C2OC(CSc3nc(-c4ccccc4)c(-c4ccccc4)o3)CC(c3ccc(CO)cc3)O2)cc1)NO,5.853871964321762,10,0.1418066618955951,52
BHVIVHIEOLYOAD-UHFFFAOYSA-N,CHEMBL3759544,O=C(NCCCCCCS)c1cc(-c2ccc(F)cc2)n(CCO)n1,5.481486060122112,1,0.0,25
BHZBZYCRXWOUJU-UHFFFAOYSA-N,CHEMBL3334996,COc1ccc(CN2CCN(c3ccc(C(=O)NO)cc3)C2=O)cc1,7.920818753952375,1,0.0,25
BIFARDGGEYHWIF-UHFFFAOYSA-N,CHEMBL5764684,CC(C)c1ccc(-c2nc3cc(C(=O)NO)ccc3o2)cc1,5.3979400086720375,1,0.0,22
BIFBKBPQECJWAG-UHFFFAOYSA-N,CHEMBL384993,COc1ccc2[nH]c(C)c(CC(=O)NC(CCCCCC(C)=O)C(=O)Nc3ccccc3)c2c1,6.7447274948966935,1,0.0,34
BIFMDHUVYGGFCU-UHFFFAOYSA-N,CHEMBL5561399,CC(COCCC(=O)N1CCN(c2ncc(OCc3ccc(C=CC(=O)NO)cc3)cn2)CC1)Nc1cn[nH]c(=O)c1C(F)(F)F,7.455931955649724,1,0.0,46
BIFRNKHUZHRQGI-UHFFFAOYSA-N,CHEMBL5412547,O=C(NO)c1ccc(CNC(=O)c2ccnc(-c3ccc(OCc4ccccc4)cc3)c2)cc1,8.249491605148654,1,0.0,34
BINUZUQTMXFWNB-UHFFFAOYSA-N,CHEMBL3655961,O=C(NO)c1cnc(NC2(c3ccccc3)CCCCC2)nc1,5.652474840001311,1,0.0,23
BINXIESTHIUKMK-UHFFFAOYSA-N,CHEMBL4580143,Cc1ccc(CNC(=O)CCN(Cc2ccc(C(=O)NO)cc2)C(=O)c2ccc(N(C)C)cc2)cc1,7.555955204081924,1,0.0,36
BIPOYUGNRCKYMQ-UHFFFAOYSA-N,CHEMBL5613525,CCCNNC(=O)C=Cc1ccc(CN(CCC)C(=O)c2cc3ccccc3o2)cc1,7.517126416391246,1,0.0,31
BIQKOJVEEJPNMX-UHFFFAOYSA-N,CHEMBL6142995,COCCCn1c2c(c3ccccc31)CCN(C(=O)CCCCCCC(=O)NO)C2,8.619788758288394,1,0.0,30
BISSDEIHZGMKAP-UHFFFAOYSA-N,CHEMBL5779734,Fc1cc(COc2cccc3[nH]ncc23)ccc1-c1noc(C(F)(F)F)n1,5.431798275933005,1,0.0,27
BIZZMSZYHRJMCB-UHFFFAOYSA-N,CHEMBL3689812,CCCN(Cc1c(-c2ccccc2)nc2cc(C=CC(=O)NO)ccn12)C(C)CC,6.0,1,0.0,30
BJDQMVTUEONZOP-UHFFFAOYSA-N,CHEMBL3652239,Cc1cc(C)cc(Nc2ncc(C(=O)NO)cn2)c1,6.600326278518962,1,0.0,19
BJJLNKFIXGFREV-UHFFFAOYSA-N,CHEMBL4560253,Nc1ccccc1NC(=O)CCCCCC(=O)c1ccccc1,5.721246399047171,1,0.0,23
BJNVHNJQZWOLAZ-UHFFFAOYSA-N,CHEMBL4847122,O=C(NO)c1ccc(CN2C(=O)CCc3cc(C4CC4)ccc32)cc1,6.931814138253838,1,0.0,25
BJOUMBJPCHNAMH-UHFFFAOYSA-N,CHEMBL5911669,Nc1ccc(-c2ccccn2)cc1NC(=O)c1ccc(N2CCNCC2)cn1,6.5934598195660445,2,0.0,28
BJYDJXHEOGYQLF-UHFFFAOYSA-N,CHEMBL3286735,Nc1ccc(-c2ccccc2)cc1NC(=O)c1ccc(N2CCC3(CC2)CNC(=O)O3)nc1,7.769551078621726,1,0.0,33
BJZVACLIPPXFDY-UHFFFAOYSA-N,CHEMBL5915353,Nc1ccc(-c2cccs2)cc1NC(=O)N1CCCCC1,7.301029995663981,1,0.0,21
BKAQLWBLTMZOOO-UHFFFAOYSA-N,CHEMBL5175648,COc1cc(C=Cc2ccc(OCCCCCCC(=O)NO)cc2)cc(OC)c1,6.165579296318468,1,0.0,29
BKCCBYBKUNAYJX-UHFFFAOYSA-N,CHEMBL6152712,CC(C)(C)NC(=O)Nc1ccc(Oc2ccnc(-c3cnn(CCCCCCC(=O)NO)c3)c2)cc1,8.337242168318426,1,0.0,36
BKIDOUNPIDPTIX-UHFFFAOYSA-N,CHEMBL4543309,CCCC(=O)CCCCCC1NC(=O)C2CCCCN2C(=O)C(C(C)CC)NC(=O)C(Cc2cn(OC)c3ccccc23)NC1=O,8.522878745280337,1,0.0,46
BKJHRYXESIEOKE-UHFFFAOYSA-N,CHEMBL4463058,COc1cccc(CCCCCCCC(=O)NO)c1,6.50003813440381,1,0.0,19
BKJMEQWUAAYFRO-UHFFFAOYSA-N,CHEMBL5845362,CN1CCC(COC(=O)Nc2cc(-c3ccc(Cl)s3)ccc2N)CC1,4.755722879198157,1,0.0,25
BKJNSUGFKQBLHA-UHFFFAOYSA-N,CHEMBL5397692,Nc1ccccc1NC(=O)c1ccc(Cn2nc(-c3cccc(OC(F)(F)F)c3)ccc2=O)cc1,6.140381421227819,1,0.0,35
BKOIYFCPPUHYIS-UHFFFAOYSA-N,CHEMBL6040748,O=c1ccc2ccc(Br)cc2n1Cc1ccc(-c2noc(C(F)(F)F)n2)cc1,6.6777807052660805,1,0.0,28
BKQWDJKCWYRGBZ-UHFFFAOYSA-N,CHEMBL5592162,COc1ccc(CN2C(C(=O)NCc3ccc(C(=O)NO)cc3)Cc3c([nH]c4ccccc34)C2C2CC2)cc1,5.774690718274137,5,0.9923131713337092,39
BKSLGRNFTBBMCH-UHFFFAOYSA-N,CHEMBL5597268,O=C(NCC[Se][Se]CCNC(=O)C(Cc1ccc(Br)s1)=NO)C(Cc1ccc(Br)s1)=NO,6.2441251443275085,1,0.0,32
BKWFCLNYQNGVDA-UHFFFAOYSA-N,CHEMBL6045193,CCCCNNC(=O)c1ccc([N+](=O)[O-])cc1,4.671620396561262,1,0.0,17
BKZIGSQILBNKNJ-UHFFFAOYSA-N,CHEMBL4759260,COc1ccccc1C(=O)NCCCCC(NC(=O)c1cncs1)c1ncc(-c2ccc3ccccc3c2)[nH]1,5.180456064458131,1,0.0,39
BLCXDWQIYQRKMJ-UHFFFAOYSA-N,CHEMBL3770484,O=C(NO)c1csc(C(c2ccccc2)c2ccccc2)n1,4.321845961989562,1,0.0,22
BLCXDZMASQQXBW-UHFFFAOYSA-N,CHEMBL5188138,CN(Cc1ccc(C(=O)NO)cc1)C(=O)c1ccccc1,6.587525642103808,2,0.2448794930673488,21
BLFYTNNCLMBCJO-UHFFFAOYSA-N,CHEMBL3758246,COc1cc(O)cc(OC)c1C=NNC(=O)CCCCCC(=O)NO,7.503070351926786,1,0.0,25
BLGDOJXSHOVDCJ-UHFFFAOYSA-N,CHEMBL4872595,CC12CC3CC(C)(C1)CC(NC(=O)CCCCCCCCC(=O)NO)(C3)C2,5.280668713016274,1,0.0,27
BLGPUEACEVLTFL-UHFFFAOYSA-N,CHEMBL5765587,Cc1ccc(-c2ccc(N)c(NC(=O)N3CCCC3)c2)s1,7.301029995663981,1,0.0,21
BLJSCYQVOWYZMS-UHFFFAOYSA-N,CHEMBL5183668,COc1cc(OC)cc(N(CC2CC2)c2ccc3ncc(-c4cnn(CCCCCCCC(=O)NO)c4)nc3c2)c1,6.764471553092451,1,0.0,41
BLKZSQHLMCTVKZ-UHFFFAOYSA-N,CHEMBL6142774,CCNNC(=O)CCCCn1c2cc3c(cc2c2[nH]c(=O)c4ccccc4c21)OCO3,5.782516055786093,1,0.0,31
BLLDUBJDTNVBCR-UHFFFAOYSA-N,CHEMBL4632432,CCC(=O)CCCCCC(NC(=O)C1CC12CCN(CC(F)(F)F)CC2)c1ncc(-c2cc3ccccc3nc2OC)[nH]1,8.468521082957745,1,0.0,43
BLMPKINHBQAHPE-UHFFFAOYSA-N,CHEMBL5269169,COc1cc2c(Oc3ccc(NC(=O)C4CCN(c5ccc(F)cc5)C4=O)cc3)ccnc2cc1OCCCCCCC(=O)NO,7.569119053547109,2,0.0,46
BLSYXNAYVNGVFA-UHFFFAOYSA-N,CHEMBL5076794,COc1ccc2c(c1)c(CCNC(C)=O)cn2Cc1ccc(C(=O)NO)cc1,6.580846711860602,2,0.0017039936393068444,28
BLVLSEPOIOLKDB-UHFFFAOYSA-N,CHEMBL570490,CC(C)CC1CC(=O)NC(C)C(=O)NC(CCCCCC(=O)O)C(=O)NC(Cc2c[nH]c3ccccc23)C(=O)N1,6.928180382362728,2,0.014723256820706965,40
BLXKYRWQAZXZPM-UHFFFAOYSA-N,CHEMBL5641748,Nc1ccccc1NC(=O)CCCCCNC(=O)c1ccc(NC(=O)Nc2ccc(-c3nc(N4CCOCC4)nc(N4CCOCC4)n3)cc2)cc1,6.643591672961019,1,0.0,52
BMBFIGDBLWWCBK-UHFFFAOYSA-N,CHEMBL4792257,CCC(=O)CCCCCC(NC(=O)C1CC12CCN(CC)CC2)c1ncc(-c2cc(C)ccc2OC)[nH]1,9.0,1,0.0,37
BMBGRZWUPNWXJV-UHFFFAOYSA-N,CHEMBL5879868,Cc1nccn1C(C)C(=O)N(Cc1ccc(-c2noc(C(F)(F)F)n2)cn1)c1cccc(F)c1,6.366531544420413,1,0.0,34
BMEPAMHXMUVZJW-UHFFFAOYSA-N,CHEMBL5412379,CCC(C(=O)Nc1ccc(C=CC(=O)Nc2ccccc2N)nc1)c1ccccc1,6.844663962534938,1,0.0,30
BMEYTXZHJHHKPN-UHFFFAOYSA-N,CHEMBL4646763,COc1nc2ccccc2cc1-c1cnc(C(N)CCCCCC(=O)c2ncc(CO)o2)[nH]1,6.7121982700697735,1,0.0,33
BMFUIUDLVMJYGT-UHFFFAOYSA-N,CHEMBL5196257,CCN1CCN(c2cc(Nc3ncc(C(=O)Nc4ccccc4N)s3)ncn2)CC1,6.823908740944319,1,0.0,30
BMHBITHYHHPXIC-UHFFFAOYSA-N,CHEMBL5596769,O=C(NCC[Se][Se]CCNC(=O)C(Cc1ccsc1)=NO)C(Cc1ccsc1)=NO,6.113509274827518,1,0.0,30
BMILQMGOJSDIHG-UHFFFAOYSA-N,CHEMBL5892520,O=C1COCC(c2ccccc2)N1c1ccc(-c2noc(C(F)(F)F)n2)cc1,6.356547323513812,1,0.0,28
BMKROHONUVMFAY-UHFFFAOYSA-N,CHEMBL429429,O=C(NCc1ccccc1)c1ccc2cc(C(=O)NO)sc2c1,7.275724130399211,1,0.0,23
BMMXYTGQGZIMDY-UHFFFAOYSA-N,CHEMBL409494,Nc1ccccc1NC(=O)c1ccc(C2CCN(CCC(=O)Nc3ccccc3F)CC2)cc1,7.169989064063882,1,0.0,34
BMOKGXMVVKHUSE-UHFFFAOYSA-N,CHEMBL4281734,O=C(C=Cc1cccc(C(=O)NCCNc2nonc2C(=NO)Nc2ccc(F)c(Br)c2)c1)NO,7.151810883008602,1,0.0,35
BMPPBAASXPGLJV-UHFFFAOYSA-N,CHEMBL255925,CCN1CCN(Cc2cnc(-c3ccc(C(=O)Nc4ccccc4N)cc3)c(F)c2)CC1,7.419987887470576,1,0.0,32
BMRODRCEOXFPNZ-UHFFFAOYSA-N,CHEMBL6025816,Nc1ccccc1NC(=O)c1ccc(CNC(=O)C=Cc2cccnc2)cc1,8.397940008672037,1,0.0,28
BMVUXKYOODZALF-UHFFFAOYSA-N,CHEMBL1096033,CCN1CCCC(n2c(-c3cccc(C=CC(=O)NO)c3)nc(C)c2C)C1,7.920818753952375,1,0.0,27
BMXDSXPQVASKNI-UHFFFAOYSA-N,CHEMBL487346,Nc1ccccc1NC(=O)c1ccc(N2CCC3(CC2)C(=O)NCN3c2ccccc2)nc1,7.4089353929735005,1,0.0,33
BMXJAODDXNZAPY-UHFFFAOYSA-N,CHEMBL4876610,CCC(=O)CCCCCC1NC(=O)C2CC23CCN(CCCOCCn2ccc4cc(ccc4c2=O)-c2cnc1[nH]2)CC3,9.958607314841775,1,0.0,43
BMXPGPNJFJWVDW-UHFFFAOYSA-N,CHEMBL3656024,O=C(NO)c1cnc(NC2(c3cc(F)cc(F)c3)CCOCC2)nc1,6.581698708680255,1,0.0,25
BMXQRENAZWUHPR-UHFFFAOYSA-N,CHEMBL4873055,Cc1ccc(C(=O)NO)cc1F,5.165897344287206,1,0.0,12
BMZBCRXOQLRHKH-UHFFFAOYSA-N,CHEMBL6039079,Cc1cccc(CNc2ncc(-c3noc(C(F)(F)F)n3)cn2)n1,6.292429823902063,1,0.0,24
BNEXTTBMNDFSSZ-UHFFFAOYSA-N,CHEMBL235911,NC(CCCCCS)C(=O)NC1CCCC1,4.281498311132726,1,0.0,16
BNFLWSDPHSRREU-UHFFFAOYSA-N,CHEMBL459677,O=C(C=Cc1ccc(C=CC(=O)c2ccc(Cl)cc2)o1)NO,4.804100347590766,1,0.0,22
BNIFJWDIXPWDLC-UHFFFAOYSA-N,CHEMBL3601776,O=C(COc1ccc(C(=O)NO)cc1)Nc1ccc2ccnc(Nc3ccc4ccccc4c3)c2c1,6.565303381075335,1,0.0,36
BNJUPIUAVKHJEN-UHFFFAOYSA-N,CHEMBL520560,CC(=O)CCCCCC(NC(=O)C1CCN(C)CC1)c1ncc(-c2ccsc2)[nH]1,6.619788758288394,1,0.0,29
BNKSQBVDOVWOLC-UHFFFAOYSA-N,CHEMBL4458544,Cc1ccc(NC(=O)CCN(Cc2ccc(C(=O)NO)cc2)C(=O)c2cc(C)cc(C)c2)cc1,7.366531544420414,1,0.0,34
BNMHWYHZNPGNGP-UHFFFAOYSA-N,CHEMBL485723,CC(=O)CCCCCC(NC(=O)C1CCN(C)CC1)c1ncc(-c2ccc(Br)cc2)[nH]1,7.0,1,0.0,31
BNMVLBFIXXFEJN-UHFFFAOYSA-N,CHEMBL5201523,Nc1nc(-c2ccco2)c2cnn(Cc3cccc(OCCCCCCC(=O)NO)c3)c2n1,7.732828271596986,1,0.0,33
BNOSPXWJXXMXQF-UHFFFAOYSA-N,CHEMBL5283127,O=C(CCCCCCNCc1ccc([N+](=O)[O-])cc1)NO,6.657577319177793,1,0.0,21
BNRWGBIUSBNQKJ-UHFFFAOYSA-N,CHEMBL5184323,Nc1cc(F)ccc1NC(=O)c1ccc(CN2CCCC(=Cc3ccc(Cl)cc3)C2=O)cc1,6.209714835966759,1,0.0,33
BNUOXTBTZQVBSV-UHFFFAOYSA-N,CHEMBL5991583,CCS(=O)(=O)N(Cc1ccc(-c2noc(C(F)(F)F)n2)cc1)c1cccc(C(F)(F)F)c1,6.086186147616283,1,0.0,32
BNWIAUUKBJSRSZ-UHFFFAOYSA-N,CHEMBL3759186,COc1cc2ncnc(Nc3ccc(Br)cc3)c2cc1OCCCCCCC(=O)NO,8.744727494896694,1,0.0,31
BNXCWWNDNKACGS-UHFFFAOYSA-N,CHEMBL5400421,Nc1ccc(-c2cccs2)cc1NC(=O)c1ccc(-c2cn(C[S+]([O-])c3ccccc3)nn2)cc1,8.086186147616283,1,0.0,35
BNXKHSOCCRLCBI-UHFFFAOYSA-N,CHEMBL5276841,O=C(CCCCCCN(Cc1ccc(-c2ccccc2)s1)Cc1ccc(-c2ccccc2)s1)NO,6.075720713938118,1,0.0,35
BNYCWOPXGQKREA-UHFFFAOYSA-N,CHEMBL3617543,O=C(O)c1cccc(=S)n1O,4.366531544420414,1,0.0,11
BOADFFSBJKXUSI-UHFFFAOYSA-N,CHEMBL3689891,CCN(CCC(C)C)Cc1c(CC(C)C)nc2cc(C=CC(=O)NO)ccn12,7.698970004336019,1,0.0,28
BOEDISARXAMAME-UHFFFAOYSA-N,CHEMBL2413289,Cc1ccc(OCCN(CCc2ccc3c(c2)OCO3)Cc2ccc(C=CC(=O)NO)o2)cc1,4.749579997691106,1,0.0,34
BOGAVACQQTXEQJ-UHFFFAOYSA-N,CHEMBL5440176,Cc1cccc(-c2cnc(C(=O)NCCCCCCC(=O)NO)o2)c1,7.270673190353139,1,0.0,25
BOGJGFKUSDEDEE-UHFFFAOYSA-N,CHEMBL3287014,Cc1nc(C2=NC(C)(C(=O)NC(C(=O)OCC=CCCS)C(C)C)CS2)cs1,4.858236769724212,1,0.0,28
BOHHDKREAFDOOX-UHFFFAOYSA-N,CHEMBL1099094,O=C(C=Cc1cccc(-c2nc3ccccc3n2-c2ccc(Cl)cc2)c1)NO,7.301029995663981,1,0.0,28
BOKSHKSNYIKJED-UHFFFAOYSA-N,CHEMBL3585987,O=C(CCCCCCc1nc(-c2cccc([N+](=O)[O-])c2)no1)C(F)(F)F,5.400116927926312,1,0.0,26
BOPVWFFDSBZXNO-UHFFFAOYSA-N,CHEMBL4845926,O=C(NO)c1ccc(CSc2nnc(-c3ccncc3)n2-c2ccccc2)cc1,4.8230410194130915,1,0.0,29
BOPYJZYHIIFOOS-UHFFFAOYSA-N,CHEMBL5435925,COc1ccc(-c2cc(C(=O)NCc3ccc(C(=O)NO)cc3)ccn2)cc1,8.684029654543082,1,0.0,28
BOQDNXZMJWXXNB-UHFFFAOYSA-N,CHEMBL3339021,O=C(CCCCCC(=O)Nc1cc2c(Nc3ccccc3)ncnc2s1)NO,7.929223537156565,1,0.0,28
BOQPMRAQDIEBMD-UHFFFAOYSA-N,CHEMBL3335295,O=C(CCCCc1ccn(Cc2ccc(F)cc2)n1)NO,6.53313237964589,1,0.0,21
BOSHROJUQKKPJB-UHFFFAOYSA-N,CHEMBL5072502,COc1ccc2[nH]cc(CCN(Cc3ccc(C(=O)NO)cc3)C(=O)C=Cc3ccc(O)c(OC)c3)c2c1,6.111472004382203,2,0.002947235133680337,38
BPDQUKCPNSRTTR-UHFFFAOYSA-N,CHEMBL4104117,O=C(NO)c1ccc(CNc2cccc3cccnc23)cc1,5.019996628416253,1,0.0,22
BPEYOXRKPSHIFR-UHFFFAOYSA-N,CHEMBL4643947,CCC(=O)CCCCCC(NC(=O)C1CC12CCN(CCC(F)(F)F)CC2)c1ncc(-c2cc3ccccc3nc2OC)[nH]1,8.568636235841012,1,0.0,44
BPGNCVTVTQPXKS-UHFFFAOYSA-N,CHEMBL5220616,CCC(=O)CCCCCC(NC(=O)C1CC12CCN(C)CC2)c1ncc(-c2ccc3nc(N4CCCC4)ccc3c2)[nH]1,9.522878745280337,1,0.0,42
BPQLDBJBCNRUFX-UHFFFAOYSA-N,CHEMBL3287251,Cc1sc(-c2nccs2)nc1C(=O)NCCCCC(=O)NO,6.214670164989233,1,0.0,22
BPQUKDOJAFTDQI-UHFFFAOYSA-N,CHEMBL552465,O=C(C=Cc1ccc(NC(=O)Nc2ccc(Cl)cc2)cc1)NO,6.075720713938118,1,0.0,23
BPQZRZMRZIBNIC-UHFFFAOYSA-N,CHEMBL5076948,O=C(NO)c1ccc(C=Cc2ccncc2)cc1,6.200659450546418,1,0.0,18
BPVZRJLWWCCMKG-UHFFFAOYSA-N,CHEMBL5431071,Nc1ccccc1NC(=O)c1ccc(CNC(=O)c2nn(-c3ccccc3Cl)nc2N)cc1,7.305949399214741,2,0.04390548569908148,33
BPXGEDGFPFAGRC-UHFFFAOYSA-N,CHEMBL5270399,COc1ccc(-c2ocnc2-c2cc(Br)c(OC)c(OC)c2)cc1OCCCC(=O)NO,5.3979400086720375,2,0.0,32
BPXVOPWADLXFAL-UHFFFAOYSA-N,CHEMBL5415779,COc1ccc2c3c(oc2c1)CN(C(=O)C=Cc1ccc(C(=O)NO)cc1)CC3,6.671620396561263,1,0.0,29
BPYUUPVZXFNESA-UHFFFAOYSA-N,CHEMBL3218564,CCCCC1NC(=O)CC2C=CCCSSCC(NC1=O)C(=O)NC(CC(C)C)C(O)CC(=O)O2,8.585026652029182,1,0.0,35
BPYXZYFZLYBSIO-UHFFFAOYSA-N,CHEMBL4448385,CC(C)c1cc(C(=O)N(C)c2ccc(NC(=O)CCCCCCCC(=O)NO)cc2)c(O)cc1O,5.217527375833714,1,0.0,35
BPZJZBRIEKEGTO-UHFFFAOYSA-N,CHEMBL4782147,O=C(NO)c1ccc(CC(=O)N2CCC3(CC2)CN(Cc2ccccc2)c2ccccc23)cc1,4.991399828238082,1,0.0,34
BQCNBMZYCKJLND-UHFFFAOYSA-N,CHEMBL4073372,CC(C)(C)OC(=O)NCCCCC1N=C(c2ccccc2)c2ccccc2N(CCCCC(=O)NO)C1=O,5.334419008982047,1,0.0,38
BQDITDVPNSYMJY-UHFFFAOYSA-N,CHEMBL5874378,Nc1ccc(-c2cccs2)cc1NC(=O)N1CCCC1,7.301029995663981,1,0.0,20
BQGAVSCJXIZWNC-UHFFFAOYSA-N,CHEMBL4435691,CCCNNC(=O)c1ccc(OCc2ccccc2)cc1,7.249337353865944,1,0.0,21
BQKQDMVFQZHPJZ-UHFFFAOYSA-N,CHEMBL4536105,COc1ncc(-c2cc(OCCCCCCC(=O)NO)c3ncnc(C)c3c2)cc1F,8.853871964321762,4,0.0,31
BQOWROLRGWBKOQ-UHFFFAOYSA-N,CHEMBL3314868,Nc1ccccc1NC(=O)c1ccc(-c2nnc(Cc3cccc4ccccc34)o2)cc1,6.522878745280337,1,0.0,32
BQPZKWQDCVCBBC-UHFFFAOYSA-N,CHEMBL5429056,Cc1nn(-c2ccccc2)nc1C(=O)NCc1ccc(C(=O)Nc2ccccc2N)cc1,7.017728766960431,1,0.0,32
BQTACPFYCJMRBO-UHFFFAOYSA-N,CHEMBL5439406,Nc1ccccc1NC(=O)c1ccc(CNC(=O)c2nn(-c3cccc(F)c3)nc2N)cc1,7.045757490560675,1,0.0,33
BQTCOFJJIMMRQO-UHFFFAOYSA-N,CHEMBL4789519,CCCCCNNC(=O)c1ccc(CNC(=O)C=Cc2ccccc2)cc1,7.324404982305525,2,0.00036664795922103366,27
BQVBICUYRPZVOR-UHFFFAOYSA-N,CHEMBL5170257,Nc1cc(F)ccc1NC(=O)c1ccc(CN2CCCC(=Cc3ccccc3Cl)C2=O)cc1,5.961777361631281,1,0.0,33
BQWFIIWFCIDPNV-UHFFFAOYSA-N,CHEMBL4752037,CCC(=O)CCCCCC(NC(=O)C1CC12CCN(CC)CC2)c1ncc(-c2cc(C(C)C)c(F)cc2OC)[nH]1,7.200659450546418,1,0.0,40
BQXYNQBAMODFJS-UHFFFAOYSA-N,CHEMBL4565933,O=C(NO)c1ccc(Cn2c(=O)n(CCc3ccccc3)c(=O)c3ccc(Cl)cc32)cc1,5.020451625295905,2,0.0,32
BRAPYILUNPCGHP-UHFFFAOYSA-N,CHEMBL5076560,CN1c2ccc(F)cc2C(=O)N2CCc3c([nH]c4ccc(OCCCC(=O)NO)cc34)C21,5.657577319177793,1,0.0,32
BRBCOYNWJJJKKZ-UHFFFAOYSA-N,CHEMBL3735212,CCC1OC(=O)C(C)C(=O)C(C)C(OC2OC(C)CC(N(C)Cc3cccc(-c4cn(CCCCCC(=O)NO)nn4)c3)C2O)C(C)(OC)CC(C)C2=NCCN3C(=O)OC1(C)C3C2C,6.962573502059376,1,0.0,65
BRBFYYLFSZLTDZ-UHFFFAOYSA-N,CHEMBL3664101,CC1CCN(Cc2ccc(C(=O)Nc3cc(-c4ccccc4)ccc3O)cc2)CC1,6.657577319177793,1,0.0,30
BRCMILLACOPNTG-UHFFFAOYSA-N,CHEMBL5808799,CCn1cc(C=CC(=O)Nc2ccccc2N)cn1,5.522878745280337,2,0.0,19
BRFWPHMUSZOYIX-UHFFFAOYSA-N,CHEMBL4243458,CCCn1cc(-c2nc(Nc3ccc(NC(=O)CCCCCCC(=O)NO)cc3)nc3[nH]ccc23)cn1,7.356547323513812,1,0.0,37
BRGWEAFTUHCIBF-UHFFFAOYSA-N,CHEMBL4863192,CCn1c(SCCCCCC(=O)NO)nnc1-c1ccncc1,4.11724784438692,1,0.0,23
BRJLAQFSTDIIRQ-UHFFFAOYSA-N,CHEMBL5639744,CN(Cc1nc2cc(C(=O)NO)ccc2n1C)c1ccccc1,6.246416941107094,1,0.0,23
BRLWIHBTAHJPEB-UHFFFAOYSA-N,CHEMBL5420058,O=C(CCCCCCCNC(=O)c1ncc(-c2ccccc2)o1)NO,6.705313375720557,1,0.0,25
BRNKRTPTUZOCPU-UHFFFAOYSA-N,CHEMBL3828486,CN(Cc1nc2c(N3CCOCC3)nc(-c3ccc(C(F)(F)F)cc3)nc2n1C)c1ncc(C(=O)NO)cn1,8.292429823902063,1,0.0,39
BROIJWGKVDSFGU-UHFFFAOYSA-N,CHEMBL4228987,Cc1cc(-c2ccc3c(c2)OCO3)nn1Cc1ccc(C(=O)NO)cc1,7.619788758288394,1,0.0,26
BRPCQVRPLNOXLB-UHFFFAOYSA-N,CHEMBL3286736,Nc1ccc(-c2ccc(F)cc2)cc1NC(=O)c1ccc(N2CCC3(CC2)CNC(=O)O3)nc1,7.698970004336019,1,0.0,34
BRPFEMHATQFLIK-UHFFFAOYSA-N,CHEMBL4437282,COc1ccc(CCn2c(=O)c3ccccc3n(Cc3ccc(C(=O)NO)cc3)c2=O)cc1,5.132296866729902,1,0.0,33
BRRHPJMUCLJJGX-UHFFFAOYSA-N,CHEMBL6053519,CCCCNNC(=O)c1cccc(I)c1,4.503208684299958,1,0.0,15
BRRUGOHQKBWIIK-UHFFFAOYSA-N,CHEMBL3798503,COc1ccc(C(=O)NO)cc1NC(=O)c1ccc(Cl)cc1,5.537602002101044,1,0.0,22
BRSOLPMHTWMRJJ-UHFFFAOYSA-N,CHEMBL4854447,COc1cc2c(NC3CCN(Cc4ccc(C(=O)NO)cc4)CC3)cc(-c3ccc(C)o3)nc2cc1OCCCN1CCCC1,6.8326826652518236,1,0.0,45
BRWPGVRHKIWLEW-UHFFFAOYSA-N,CHEMBL4065117,COc1ccc(C(=O)NC(Cc2c[nH]c3ccccc23)C(=O)NCCCCCC(=O)Nc2cc(-c3cccs3)ccc2N)cc1,7.318758762624412,1,0.0,45
BRWRMTIGOLBNCP-UHFFFAOYSA-N,CHEMBL3759921,O=C(CCCCCCC(=O)NN=Cc1ccc(-c2ccccc2)cc1)NO,9.154901959985743,1,0.0,27
BSAUJKOGNGJSIC-UHFFFAOYSA-N,CHEMBL271798,COc1ccc2[nH]c(C)c(CNC(CCCCCC(C)=O)C(=O)Nc3nc(-c4ccccc4)cs3)c2c1,7.6020599913279625,1,0.0,37
BSJATJZGNAZGEL-UHFFFAOYSA-N,CHEMBL6176346,CCC1(O)C(=O)OCc2c1cc1n(c2=O)Cc2c-1nc1ccc(O)cc1c2C=NOCCCCCC(=O)NO,5.279014255846261,1,0.0,39
BSKOFRYMWZXGSF-UHFFFAOYSA-N,CHEMBL5433987,Nc1ccccc1NC(=O)c1ccc(COc2ccc(CNC(=O)c3cc4ccccc4[nH]3)cc2)cc1,6.739928612014925,1,0.0,37
BSLSDPZJCBZIAM-UHFFFAOYSA-N,CHEMBL6000904,O=C1COCC(c2ccccc2)N1c1ccc(-c2noc(C(F)(F)F)n2)cn1,5.853871964321762,1,0.0,28
BSTKCWVZAWQRRV-UHFFFAOYSA-N,CHEMBL5766757,O=C(CC1CCS(=O)(=O)C1)N(Cc1ccc(-c2noc(C(F)(F)F)n2)cn1)c1cccc(F)c1,6.3872161432802645,1,0.0,34
BSTOTXPVADCIBT-UHFFFAOYSA-N,CHEMBL3664067,Nc1ccc(-c2cccs2)cc1NC(=O)c1ccc(CNC(=O)C2CCC2)cc1,7.958607314841775,1,0.0,29
BSVXBDQGJJPPLZ-UHFFFAOYSA-N,CHEMBL5414308,Nc1nn(-c2ccc(F)cc2)nc1C(=O)NCc1ccc(C(=O)NO)cc1,8.275724130399212,1,0.0,27
BSYYWKPZYHEVAS-UHFFFAOYSA-N,CHEMBL6001869,CCC(Nc1ncc(-c2noc(C(F)(F)F)n2)cn1)c1ccncc1,5.585026652029182,1,0.0,25
BTBVZSQDJXHFPU-UHFFFAOYSA-N,CHEMBL5947562,CC(C)(C)OC(=O)C1CCC(=O)N1c1cc(F)c(-c2noc(C(F)(F)F)n2)cc1F,6.167491087293763,1,0.0,30
BTCGBXANODJFOB-UHFFFAOYSA-N,CHEMBL3317812,CC12CSC(=N1)c1csc(n1)CNC(=O)CC(C=CCCS)OC(=O)C(Cc1c[nH]cn1)NC2=O,9.698970004336019,1,0.0,35
BTEXLTFGTVAWMQ-UHFFFAOYSA-N,CHEMBL6189220,CCC(CC)(c1ccc(C(=O)NCCCCC(=O)NO)cc1)c1ccc(OCC(O)C(C)(C)C)c(C)n1,5.596879478824182,1,0.0,37
BTGFCLXVZJZAFU-UHFFFAOYSA-N,CHEMBL3648305,Cn1c(Cc2ccccc2)[n+]([O-])c2cc(C=CC(=O)NO)ccc21,7.207608310501746,2,0.0,24
BTGNARMLUGXOSQ-UHFFFAOYSA-N,CHEMBL5646407,CCCCN(Cc1nc2cc(C(=O)NO)ccc2n1C)c1ccccc1,6.1979107421182675,1,0.0,26
BTPNRALWSPISIP-UHFFFAOYSA-N,CHEMBL4869027,CCC(=O)CCCCCC(NC(=O)C1CN(C)C1)c1ncc(-c2ccccc2)[nH]1,7.431798275933005,1,0.0,29
BTSARICCGQKBIO-UHFFFAOYSA-N,CHEMBL4102456,CCN(CC)CCNC(=O)c1ccc(-c2cn(CCCCCCCC(=O)NO)nn2)cc1,7.920818753952375,1,0.0,32
BTWYENOIXSPNND-UHFFFAOYSA-N,CHEMBL256322,CCNCc1cnc(-c2ccc(C(=O)Nc3ccccc3N)cc2)s1,7.419987887470576,1,0.0,25
BUBGRWCYPBJWRL-UHFFFAOYSA-N,CHEMBL1076794,Cc1ccccc1NC(=O)CCCCC(=O)NO,6.239577516576788,1,0.0,18
BUCKBBWDNNWXMP-UHFFFAOYSA-N,CHEMBL2018442,C=CCN1CCc2c(c3ccccc3n2Cc2ccc(C(=O)NO)cc2)C1,5.235077015350111,1,0.0,27
BUIODEXPILALCP-UHFFFAOYSA-N,CHEMBL3689845,CCC(C)CN(CC)Cc1c(C(C)(C)C)nc2cc(C=CC(=O)NO)ccn12,6.585026652029182,1,0.0,28
BUNMYGLCMCPCBF-UHFFFAOYSA-N,CHEMBL3689782,CCCCCCc1nc2cc(C=CC(=O)NO)ccn2c1NCCC(=O)NC(C)(C)C,6.853871964321762,1,0.0,31
BUPCYONKWLSWKW-UHFFFAOYSA-N,CHEMBL4871029,Cc1cccc(-n2nc(-c3ccccc3)nc2CNc2ccc(C(=O)NO)cc2)c1,5.414539270491499,1,0.0,30
BUQSZLRUXUMWNF-UHFFFAOYSA-N,CHEMBL3655952,CC(C)(Nc1ncc(C(=O)NO)cn1)c1cccc(F)c1,5.942333896090171,1,0.0,21
BUXYPRRXXJARLJ-UHFFFAOYSA-N,CHEMBL6171061,O=C(NO)c1cccc2[nH]c(C#Cc3ccccc3)cc12,4.375717904164332,1,0.0,21
BUZSLVYCGVAKCK-UHFFFAOYSA-N,CHEMBL5187019,Cc1cc(C)c(CNC(=O)c2cc(-c3ccc(N4CCN(Cc5ccc(NC(=O)CCCCCCC(=O)NO)cc5)CC4)nc3)cc3c2cnn3C(C)C)c(=O)[nH]1,5.8124792791635365,1,0.0,57
BUZSQHRFHYUXBA-UHFFFAOYSA-N,CHEMBL5430899,CCOc1ccc(-n2nc(N)c(C(=O)NCc3ccc(C(=O)NO)cc3)n2)cc1,8.657577319177793,1,0.0,29
BVAIHWIQNZXZHM-UHFFFAOYSA-N,CHEMBL3335008,Cn1cc(CCN2CCN(c3ccc(C(=O)NO)cc3)C2=O)c2ccccc21,8.397940008672037,1,0.0,28
BVDIIJNIFXOYPB-UHFFFAOYSA-N,CHEMBL3770180,O=C(NO)c1noc(-c2ccccc2)n1,4.6020599913279625,1,0.0,15
BVEOTPSLZBZHMW-UHFFFAOYSA-N,CHEMBL3884279,Cc1ccc(-c2cc(C(=O)NCCCCCCC(=O)NO)nn2-c2ccc(S(N)(=O)=O)cc2)cc1,6.681936665037238,1,0.0,35
BVIWGDIUFBWXNR-UHFFFAOYSA-N,CHEMBL2047673,O=C(Cc1ccc(O)c(Br)c1)C(=O)NCCSSCCNC(=O)C(=O)Cc1ccc(O)c(Br)c1,5.301029995663981,1,0.0,34
BVKDGNNFORFJPI-UHFFFAOYSA-N,CHEMBL5888492,O=C(NC1CC1)c1ccccc1NCc1ccc(-c2noc(C(F)(F)F)n2)cn1,6.619788758288394,1,0.0,29
BVQCFCYPFJOOAV-UHFFFAOYSA-N,CHEMBL4303643,CCCCNNC(=O)c1ccc(Br)cc1,6.301029995663981,5,0.4895305127014815,15
BVRUEDKNFFSVFU-UHFFFAOYSA-N,CHEMBL5412933,O=C(CCCCCN1C(=O)CC(c2ccccc2Cl)S(=O)(=O)c2ccccc21)NO,6.568797115443483,1,0.0,30
BVTLZLSEAFFVQW-UHFFFAOYSA-N,CHEMBL4792980,O=C(CCCCCCC(=O)Nc1n[nH]c2cc(-c3cccc(Cl)c3)ccc12)NO,8.431798275933005,1,0.0,29
BVUHWLRXRIFDGJ-UHFFFAOYSA-N,CHEMBL3335003,O=C(NO)c1ccc(N2CCN(Cc3cccc4ccccc34)C2=O)cc1,8.022276394711152,1,0.0,27
BVUOAXSMACMJMQ-UHFFFAOYSA-N,CHEMBL5988050,O=C(C=Cc1ccc(CNCC2CCCCC2)cc1)NO,8.744727494896694,1,0.0,21
BVURCUFCTGOBSB-UHFFFAOYSA-N,CHEMBL4459617,Cc1cc(C)cc(C(=O)N(CC(=O)NCc2ccccc2)Cc2ccc(C(=O)Nc3ccccc3N)cc2)c1,7.207608310501746,1,0.0,39
BVVSBLLOVAAAOJ-UHFFFAOYSA-N,CHEMBL3664076,Nc1ccc(-c2cccs2)cc1NC(=O)c1ccc(CNC(=O)Cc2ccccn2)cc1,7.920818753952375,1,0.0,32
BVYKJJVMJBRGCE-UHFFFAOYSA-N,CHEMBL3415619,O=C(NO)c1ccc(NC2CCN(c3ccc(Cl)c(Cl)c3)C2=O)cc1,4.798602875679548,1,0.0,25
BVYNKHHGAJSMBT-UHFFFAOYSA-N,CHEMBL3309856,O=C(CCCCCC1NC(=O)C2CCCN2C(=O)C2CCCCCCCCCCC(NC1=O)C(=O)N2)NO,7.821509299503434,2,0.4388986163509436,38
BVZHTKWRPZSTLC-UHFFFAOYSA-N,CHEMBL247653,O=C(C=Cc1ccc2c(c1)C(=O)N(Cc1ccc(-c3ccccc3)cc1)C2)NO,6.657577319177793,1,0.0,29
BWAOKFFQWLQKFA-UHFFFAOYSA-N,CHEMBL5619732,CC1CN(Cc2ccc(C(=O)NO)cc2)CC1c1nc2c(cnn2C2CCOCC2)c(=O)[nH]1,6.226945306635738,1,0.0,33
BWCIUZLJTVXSMW-UHFFFAOYSA-N,CHEMBL3692666,CCN(CC)CC(C)NC(=O)c1ccc(-c2noc(C(F)(F)F)n2)cc1,5.036212172654444,1,0.0,26
BWDQBBCUWLSASG-UHFFFAOYSA-N,CHEMBL356066,O=C(C=Cc1ccc(CN(CCO)CCc2c[nH]c3ccccc23)cc1)NO,8.301029995663981,3,0.3938874646608408,28
BWEOWHCCPIQZON-UHFFFAOYSA-N,CHEMBL5876772,Nc1ccc(-c2cccs2)cc1NC(=O)OCc1ccccc1,6.255707016877324,1,0.0,23
BWFYYTOGYBJCQR-UHFFFAOYSA-N,CHEMBL4790678,Nc1nc(Nc2ccc(F)c(Cl)c2)c2ncn(Cc3ccc(C(=O)Nc4ccccc4N)cc3)c2n1,6.96657624451305,1,0.0,36
BWIHVHAXBCNDLB-UHFFFAOYSA-N,CHEMBL235411,COc1ccc(NCc2ccc(C(=O)Nc3ccccc3O)cc2)cc1OC,6.522878745280337,1,0.0,28
BWJYHTLDDPXNLS-UHFFFAOYSA-N,CHEMBL4866673,COc1cc2c(NCc3ccc(-c4ccc(C(=O)NO)cc4)cc3)cc(-c3ccc(C)o3)nc2cc1OCCCN1CCCC1,7.346787486224656,1,0.0,45
BWJZCCYISKKVKL-UHFFFAOYSA-N,CHEMBL5207324,Nc1nc(-c2ccco2)c2cnn(CCCCCC(=O)NO)c2n1,8.031517051446064,1,0.0,24
BWTPSSSOMLHHKD-UHFFFAOYSA-N,CHEMBL4746782,CCC(=O)CCCCCC(NC(=O)C1CC12CCN(C)CC2)c1[nH]c(-c2ccc(-c3cccnc3)cc2)nc1C#N,9.698970004336019,1,0.0,41
BWWHWAGGQJPERW-UHFFFAOYSA-N,CHEMBL1083128,O=C(CCCCCN(Cc1ccccc1)C(=O)NC(=O)c1ccccc1)NO,5.496209316942819,1,0.0,28
BWWIBTOOBVBYLO-UHFFFAOYSA-N,CHEMBL4299419,CCC1OC(=O)C(C)C(OC2CC(C)(OC)C(O)C(C)O2)C(C)C(OC2OC(C)CC(N(C)Cc3cccc(-c4cn(CCCCCCC(=O)NO)nn4)c3)C2O)C(C)(O)CC(C)CN(C)C(C)C(O)C1(C)O,6.995678626217357,1,0.0,73
BWYRUFWWKHTZBX-UHFFFAOYSA-N,CHEMBL5613686,CCCNNC(=O)C=Cc1ccc(CN(CC)CCc2c(C)[nH]c3ccccc23)cc1,8.387216143280265,1,0.0,31
BWZFJWNYKNMGPW-UHFFFAOYSA-N,CHEMBL4070085,Nc1ccccc1NC(=O)c1ccc(NC(=S)NCc2cncc(F)c2)cc1,6.356547323513812,1,0.0,28
BXJOHMJVBBFODY-UHFFFAOYSA-N,CHEMBL5765615,Cc1noc(CC(=O)N(Cc2ccc(-c3noc(C(F)(F)F)n3)cn2)c2cccc(F)c2)n1,6.42021640338319,1,0.0,33
BXLOOKPAMNLACC-UHFFFAOYSA-N,CHEMBL5741150,Nc1cc(F)ccc1NC(=O)c1ccc(CNC(=O)OCc2cccnc2)cc1,6.920818753952375,1,0.0,29
BXLUNIKKCWQZBO-UHFFFAOYSA-N,CHEMBL5272302,O=C(NNCC1CCCC1)c1ccc(Br)cc1,5.055024091587953,2,0.0,17
BXNOLMGJPGBWLA-UHFFFAOYSA-N,CHEMBL4742103,Cn1cc(-c2ccccc2Oc2ccccc2)c2cc(C(=O)NCc3ccc(C(=O)Nc4ccccc4N)cc3)[nH]c2c1=O,6.897909474488163,1,0.0,44
BXQJJRXQGFUPHO-UHFFFAOYSA-N,CHEMBL3944388,Nc1cc(F)ccc1NC(=O)CCCCCNC(=O)c1ccc(F)cc1,4.7447274948966935,1,0.0,26
BXRJVJRIKLUTJY-UHFFFAOYSA-N,CHEMBL4593985,COc1ccc(-c2cc(OCCCCCC(=O)NO)c3ncnc(C)c3c2)cn1,7.522878745280337,1,0.0,29
BXTHCXOSOMJIQC-UHFFFAOYSA-N,CHEMBL5633768,O=C(CCCCCC(=O)Nc1cc(-c2ccc3ncn(Cc4ccc(Cl)cc4)c3c2)[nH]n1)NO,7.835647144215563,1,0.0,34
BXUIZRKTJJACRN-UHFFFAOYSA-N,CHEMBL3339014,O=C(CCCCCCC(=O)Nc1cc2c(Nc3ccc(Cl)c(C(F)(F)F)c3)ncnc2s1)NO,7.664141088680182,1,0.0,34
BXYFLDOODPLZPS-UHFFFAOYSA-N,CHEMBL5866801,Nc1ccc(-c2cccs2)cc1NC(=O)OCC1CCCCO1,6.255707016877324,1,0.0,23
BXYYOHHPUJWRFS-UHFFFAOYSA-N,CHEMBL5080669,COc1cccc(-c2ncc(C(=O)NCCCCCCC(=O)NO)s2)c1,5.405607449624574,1,0.0,26
BYADYVATCLWADC-UHFFFAOYSA-N,CHEMBL5178014,C#CCN(C)CCCOc1cc(NCc2ccc(C(=O)NO)cc2)ccc1Cl,5.600326278518962,1,0.0,28
BYHCEWJXJQSUEV-UHFFFAOYSA-N,CHEMBL6025821,O=C(NCc1ccc(C(=O)NO)cc1)Nc1ccc(CO)cc1,5.97469413473523,3,0.0,23
BYJHHFXRFDLYSZ-UHFFFAOYSA-N,CHEMBL2018305,CCN1CCc2c(c3ccccc3n2Cc2ccc(C(=O)NO)cc2)C1,4.991399828238082,1,0.0,26
BYMAMOGTZOVXFV-UHFFFAOYSA-N,CHEMBL2312456,Nc1ccccc1NC(=O)c1ccc(CNc2nccc(-c3cnc4cnccn34)n2)cc1,6.958607314841775,1,0.0,33
BYOBHPAJSXZBSI-UHFFFAOYSA-N,CHEMBL5557763,Cc1ccc(N(CC(=O)NC2CCCCC2)C(=O)Cc2ccc(C(=O)NO)cc2)cc1,7.080921907623926,1,0.0,31
BYQLOPDFWVASHS-UHFFFAOYSA-N,CHEMBL5426703,CCCNNC(=O)c1ccc(Nc2nc(Nc3ccc(OCCN4CCCC4)cc3)ncc2C)cc1,6.431798275933005,1,0.0,36
BYUKSRQSTXCBAP-UHFFFAOYSA-N,CHEMBL6028720,FC(F)(F)c1nc(-c2ccc(CNC3Cc4ccccc4C3)nc2)no1,6.200659450546418,1,0.0,26
BZCVIVKQGSJCSW-UHFFFAOYSA-N,CHEMBL4638228,Nc1cc(F)ccc1NC(=O)C1CCC(CNC(=O)c2cc(Cc3n[nH]c(=O)c4ccccc34)ccc2F)CC1,6.050609993355087,1,0.0,40
BZGXWZHACIVINX-UHFFFAOYSA-N,CHEMBL4789410,COc1cc(Nc2nc(N)nc3c2ncn3Cc2ccc(C(=O)Nc3ccccc3N)cc2)cc(OC)c1,7.621602099051862,1,0.0,38
BZIHWBBROOOQPS-UHFFFAOYSA-N,CHEMBL3655928,COc1ccccc1CNc1ncc(C(=O)NO)cn1,6.423658649794207,1,0.0,20
BZRNRCHGRYJQEE-UHFFFAOYSA-N,CHEMBL210122,Nc1ccccc1NC(=O)C=Cc1ccc(NCc2ccc([N+](=O)[O-])cc2)cc1,5.3979400086720375,1,0.0,29
BZSGIZBNTRIRIE-UHFFFAOYSA-N,CHEMBL4465218,O=C(CCCCCN1C(=O)c2cccc3c([N+](=O)[O-])ccc(c23)C1=O)NO,6.200659450546418,1,0.0,27
BZYQCFUKLXJLGU-UHFFFAOYSA-N,CHEMBL4852593,COc1cc2c(NCC3CCN(c4ncc(C(=O)NO)cn4)CC3)cc(-c3ccc(C)o3)nc2cc1OCCCN1CCCC1,8.522878745280337,2,0.0,45
CADXOGZMLIVVAM-UHFFFAOYSA-N,CHEMBL4456886,CC(C)CC(NC(=O)C(Cc1ccccc1)NC(=O)c1ccc(C(=O)Nc2ccccc2N)cc1)B1OC2C3CC(CC2(C)O1)C3(C)C,6.5934598195660445,1,0.0,48
CAFJUNUZEJTCMN-UHFFFAOYSA-N,CHEMBL6142644,CCCc1cc(C(=O)Nc2cccc(F)c2)nn1Cc1ccc(C(=O)NO)cc1,5.722161666997953,1,0.0,29
CAGUCXMQZYVYGN-UHFFFAOYSA-N,CHEMBL6162650,Cc1c(N)cccc1-c1cn(CC(=O)NCc2ccc(C(=O)NO)cc2)c2ccc(C#N)cc12,6.97061622231479,1,0.0,34
CALBKXVDMKLECC-UHFFFAOYSA-N,CHEMBL5559319,CC(COCCC(=O)N1CCN(c2ncc(-c3cnn(CCCCCC(=O)NO)c3)cn2)CC1)Nc1cn[nH]c(=O)c1C(F)(F)F,8.05551732784983,1,0.0,46
CALHFQHOBJNLIX-UHFFFAOYSA-N,CHEMBL3329622,CC(C)C1NC(=O)C2(C)CSC(=N2)c2csc(n2)CNC(=O)CC(C=CCCSSCC(NC(=O)OC(C)(C)C)C(=O)OC(C)(C)C)OC1=O,9.397940008672037,1,0.0,50
CANWDEIXRLUGKE-UHFFFAOYSA-N,CHEMBL5206179,CCCC1=C(Nc2ccc(C(=O)NO)cc2)C2N=CC=CC2=N1,5.657577319177793,1,0.0,23
CASUOFRPUDPLQN-UHFFFAOYSA-N,CHEMBL2170166,O=C(NO)c1ccc(Cn2c3ccccc3c3ccccc32)cc1,4.962573502059376,1,0.0,24
CAZGCMRQPGONBD-UHFFFAOYSA-N,CHEMBL4472365,COc1ccc(-c2nc(NCc3cccc(C=CC(=O)NO)c3)cc3c2[nH]c2ccccc23)cc1OC,8.031517051446064,1,0.0,37
CBAJXTVUCJMMRE-UHFFFAOYSA-N,CHEMBL5394047,Nc1nn(-c2ccc3ncccc3c2)nc1C(=O)NCc1ccc(C(=O)NO)cc1,9.0,1,0.0,30
CBEQLIANJWSQSL-UHFFFAOYSA-N,CHEMBL4289006,Cc1cnc(Nc2ccc(N3CCN(C)CC3)cc2)nc1-c1ccc(NC(=O)CCCCCCC(=O)NO)cc1,6.856985199745905,1,0.0,40
CBEWPDGJGLHJCA-UHFFFAOYSA-N,CHEMBL2386910,CCC1(O)C(=O)OCc2c1cc1n(c2=O)Cc2cc3cc(OCc4cn(CCCCC(=O)NO)nn4)ccc3nc2-1,6.935542010773082,1,0.0,41
CBFMQPPUYIDAAF-UHFFFAOYSA-N,CHEMBL3689794,O=C(C=Cc1ccn2cc(-c3ccccc3)nc2c1)NO,6.060480747381382,1,0.0,21
CBIPLHJRIODVHF-UHFFFAOYSA-N,CHEMBL4757963,Cn1cc(-c2ccc(F)cc2)c2cc(C(=O)NCc3ccc(C(=O)Nc4ccccc4N)cc3)[nH]c2c1=O,7.325138859262188,1,0.0,38
CBJDNGHBMVGIDR-UHFFFAOYSA-N,CHEMBL5873567,CC(=O)NC1C2CN(C(=O)Nc3cc(C4=CCCCC4)ccc3N)CC21,6.255707016877324,1,0.0,26
CBJQUDMIVACPSG-UHFFFAOYSA-N,CHEMBL5419475,Cc1nnc2n1-c1ccc(Cl)cc1C(c1ccccc1Cl)=NC2CC(=O)NCc1ccc(C(=O)NO)cc1,5.721246399047171,1,0.0,38
CBKPEONLDRDXEZ-UHFFFAOYSA-N,CHEMBL3692673,CCCN(C)CC(C)NC(=O)c1ccc(-c2noc(C(F)(F)F)n2)cc1,5.3979400086720375,1,0.0,26
CBRFYHIFCHDUDU-UHFFFAOYSA-N,CHEMBL391395,CC(C)(C)NC(=O)NC(CCCCCS)C(=O)NC1CCCC1,6.337242168318426,1,0.0,23
CBSXKTFIGPNYND-UHFFFAOYSA-N,CHEMBL2047671,CSCCNC(=O)C(=O)Cc1ccc(O)c(Br)c1,5.136677139879544,1,0.0,18
CBURELMOKMIBNL-UHFFFAOYSA-N,CHEMBL2046612,O=C(C=Cc1ccccc1)NCCCN1CCc2nc(C(=O)NO)sc2C1,4.404173222926777,1,0.0,27
CBWXEJVKFOMOMO-UHFFFAOYSA-N,CHEMBL5409329,CN(C)c1ccc(-n2nc(N)c(C(=O)NCc3ccc(C(=O)NO)cc3)n2)cc1,8.494850021680094,1,0.0,29
CBYLOEZIGZOPGE-UHFFFAOYSA-N,CHEMBL4290689,CC(=O)Nc1ccc(-c2nc(Nc3cccc(OCCCCCCCC(=O)NO)c3)ncc2C)cc1,5.3390397082239165,1,0.0,36
CCBCHURBDSNSTJ-UHFFFAOYSA-N,CHEMBL1672332,CCCC(=O)NO,5.154901959985743,1,0.0,7
CCBYCIZUNPJYKX-UHFFFAOYSA-N,CHEMBL5593598,Cc1ccc2[nH]c3c(c2c1)CN(Cc1ccc(C(=O)NO)cc1)CC3,4.930701987884471,1,0.0,25
CCCMMGJIXOMUTG-UHFFFAOYSA-N,CHEMBL3799728,O=C(NO)c1ccc(C(F)(F)F)c(NC(=O)c2ccccc2)c1,5.619788758288394,1,0.0,23
CCHZXNSNTYSTMZ-UHFFFAOYSA-N,CHEMBL319248,O=C(Cc1ccc(NS(=O)(=O)c2ccccc2)cc1)NO,6.0,1,0.0,21
CCIJLJKNTRABLI-UHFFFAOYSA-N,CHEMBL6059599,O=C(C1CCS(=O)(=O)CC1)N(Cc1ccc(-c2noc(C(F)(F)F)n2)cc1F)c1cccc(C(F)(F)F)c1,6.301029995663981,1,0.0,38
CCOWQXCHSULBCV-UHFFFAOYSA-N,CHEMBL5752483,COCc1cc(=O)n(Cc2ccc(-c3noc(C(F)(F)F)n3)cn2)c2ccccc12,6.958607314841775,1,0.0,30
CCPFKWUNWBGWFI-UHFFFAOYSA-N,CHEMBL4442355,COc1ccc(-c2nc(NCCCOc3ccc(C=CC(=O)NO)cc3OC)cc3c2[nH]c2ccccc23)cc1,7.568636235841012,1,0.0,40
CCSUGPHYAHGTDO-UHFFFAOYSA-N,CHEMBL4870410,O=C(NO)c1ccc(NCc2nc(-c3ccc(F)cc3)nn2-c2ccccc2)cc1,5.468521082957745,1,0.0,30
CCSXAKMPEDGUEQ-UHFFFAOYSA-N,CHEMBL4541820,Cc1cc(C)cc(C(=O)N(CC(=O)NCc2ccccc2)Cc2ccc(C(=O)Nc3cc(F)ccc3N)cc2)c1,6.557520230935552,1,0.0,40
CCTJSYDYNOIIBA-UHFFFAOYSA-N,CHEMBL3692641,O=S(=O)(Nc1cccc(Cl)c1)c1ccc(-c2noc(C(F)(F)F)n2)cc1,5.207608310501746,1,0.0,26
CCTLMZDYKDPDPG-UHFFFAOYSA-N,CHEMBL3689881,CCN(CCC(C)(C)C)Cc1c(C)nc2cc(C=CC(=O)NO)ccn12,7.301029995663981,1,0.0,26
CDARIYXAKAEWOZ-UHFFFAOYSA-N,CHEMBL5631820,COc1ccc(CN(C(=O)Cc2ccc(C(=O)Nc3ccccc3N)cc2)c2cc(OC)c(OC)c(OC)c2)cc1O,6.279840696594043,2,0.0,42
CDCGMRYYMQFOPS-UHFFFAOYSA-N,CHEMBL3798848,O=C(NO)c1cccc(N(Cc2ccccc2)Cc2ccccc2)c1,4.373659632624958,1,0.0,25
CDDOIYGOWWHPGF-UHFFFAOYSA-N,CHEMBL2385955,COc1cc2c(c(OC)c1OC)-c1ccc(OC)c(=O)cc1C(NC(=O)CCCCCC(=O)NO)CC2,5.795880017344075,1,0.0,37
CDEAQXMRSITEHB-UHFFFAOYSA-N,CHEMBL5437072,Nc1ccccc1NC(=O)c1ccc(CNC(=O)c2nn(-c3ccc(Cl)c(Cl)c3)nc2N)cc1,6.559090917934782,1,0.0,34
CDGTYHUGHGCVGH-UHFFFAOYSA-N,CHEMBL3656007,COc1ccc(C2(Nc3ncc(C(=O)NO)cn3)CC2)cc1OC,7.301029995663981,1,0.0,24
CDIDAYQRYQAEHG-UHFFFAOYSA-N,CHEMBL6162889,COc1ccc2c(c1)SC(=Cc1ccc(C(=O)NO)cc1)C2=O,6.457711861032834,2,0.22184874961635614,23
CDJXWGZAUIYGHQ-UHFFFAOYSA-N,CHEMBL6162766,O=C(CCCCn1c2ccc(Cl)cc2c2[nH]c(=O)c3ccccc3c21)NO,6.455931955649724,1,0.0,27
CDPNFGOHRPBODK-UHFFFAOYSA-N,CHEMBL479278,Nc1ccccc1NC(=O)c1ccc(CNc2nccc(-c3ccc(N4CCOCC4)nc3)n2)cc1,7.301029995663981,1,0.0,36
CDSLSVYFSXECFQ-UHFFFAOYSA-N,CHEMBL5563571,Cc1ccc(N2CCN(CC3CCc4c(c5ccccc5n4Cc4ccc(C(=O)NO)cc4)C3=O)CC2)cc1C,5.089909454405932,1,0.0,40
CDTSTJLGPRPJJT-UHFFFAOYSA-N,CHEMBL4751762,CCC(=O)CCCCCC(NC(=O)C1CC12CCN(CC)CC2)c1ncc(-c2cccc(F)c2OC)[nH]1,8.229147988357855,1,0.0,37
CDUBDUFSPGIASK-UHFFFAOYSA-N,CHEMBL3689787,CCCCCCc1nc2cc(C=CC(=O)NO)ccn2c1NCCC(=O)NC(CO)C(C)C,6.7447274948966935,1,0.0,33
CDURLFYCCIFYGY-UHFFFAOYSA-N,CHEMBL4444176,O=C(CCC1C(=O)N(c2ccc(Cl)cc2)C(=O)N1Cc1ccc(Br)cc1)Nc1ccc(C(=O)NO)cc1,6.7121982700697735,1,0.0,37
CDVJLYDZKYPQJI-UHFFFAOYSA-N,CHEMBL4763420,Nc1ccccc1NC(=O)c1ccc(NC(=O)CCCCNc2cccc3c2C(=O)N(C2CCC(=O)NC2=O)C3=O)cc1,6.376750709602099,1,0.0,43
CDVUSWWKCZZOPO-UHFFFAOYSA-N,CHEMBL4790137,COc1cccc(-c2ccc3c(NC(=O)CCCCCCC(=O)NO)n[nH]c3c2)c1,8.721246399047171,1,0.0,30
CDWXREOLGKHQQP-UHFFFAOYSA-N,CHEMBL5086141,CCCNNC(=O)c1ccc(CNC(=O)c2cc3cc(O)ccc3o2)cc1,8.407823242604133,1,0.0,27
CDXSMURPKCCXKD-UHFFFAOYSA-N,CHEMBL5797889,Cc1ncc2c(n1)CN(C(=O)Nc1nc(-c3ccc(F)cc3)ccc1N)C2,6.212984366136141,2,0.6197887582883936,27
CDZMZPXWDKACEV-UHFFFAOYSA-N,CHEMBL2047617,O=C(C=Cc1cn(-c2ccccc2)nc1-c1ccc([N+](=O)[O-])cc1)Nc1ccccc1,6.036212172654444,1,0.0,31
CEABYCITKOLZEE-UHFFFAOYSA-N,CHEMBL4078014,O=C(C=Cc1ccc(CN2CCN(C(=O)c3cc(Cc4n[nH]c(=O)c5ccccc45)ccc3F)CC2)cc1)NO,7.417368560510363,1,0.0,40
CEBFXUYKCDHZEP-UHFFFAOYSA-N,CHEMBL462209,CN(Cc1ccccc1)C(=O)c1ccc(C(=O)C(F)(F)F)s1,6.050609993355087,1,0.0,22
CECVMCWVJXADBQ-UHFFFAOYSA-N,CHEMBL514511,CN(C(=O)c1ccc(C(=O)Nc2ccccc2N)cc1)c1cccc(Nc2nccc(-c3cccnc3)n2)c1,5.935542010773082,1,0.0,39
CEDJWZWKTKFZRY-UHFFFAOYSA-N,CHEMBL5202005,Nc1nc(-c2ccco2)c2cnn(CCCc3ccc(C(=O)Nc4ccccc4N)cc3)c2n1,6.731656086048935,1,0.0,34
CEFRJLUYBQEKQU-UHFFFAOYSA-N,CHEMBL3334995,O=C(NO)c1ccc(N2CCN(Cc3ccc(F)cc3)C2=O)cc1,7.6777807052660805,1,0.0,24
CEIJUVYDKUWFPZ-UHFFFAOYSA-N,CHEMBL5188463,O=C(C=CC1CCN(Cc2ccc(Cl)cc2)CC1)NO,5.045757490560675,1,0.0,20
CEJGRXNVIYUAOO-UHFFFAOYSA-N,CHEMBL4437865,Cc1cc(C)cc(SCc2ccc(C(=O)Nc3ccccc3N)cc2)c1,7.698970004336019,1,0.0,26
CELIALHZILFHSH-UHFFFAOYSA-N,CHEMBL5632960,Cc1ccc2c(c1CCC(=O)NCCCCCC(=O)Nc1ccccc1N)C(=O)C(=O)C(C(C)C)=C2,6.337242168318426,1,0.0,36
CELMGZWRPJDPNX-UHFFFAOYSA-N,CHEMBL5855974,O=C(C1CCC(=O)N1c1cc(F)c(-c2noc(C(F)(F)F)n2)cc1F)N1CCCC1,5.0,1,0.0,30
CEMMJMOETZGKRZ-UHFFFAOYSA-N,CHEMBL3621537,O=C(NO)NC=Cc1ccc(-c2ccccc2)cc1,5.882728704344236,1,0.0,19
CEOMYEVUERJPPF-UHFFFAOYSA-N,CHEMBL5941931,O=C(C=Cc1ccc2c(c1)ncn2CCc1ccccn1)NO,6.319664486585436,2,0.0,23
CEQUWSFHGAKMNJ-UHFFFAOYSA-N,CHEMBL4849003,O=C(NO)c1ccc(NCc2nc(-c3ccccc3)nn2-c2ccccc2Cl)cc1,5.506123889147178,1,0.0,30
CETKOMOGHDMIDR-UHFFFAOYSA-N,CHEMBL6166761,COc1nc(-c2cccc(-c3ccccc3)c2C)ccc1CNCCCCCC(=O)NO,5.198596289982644,1,0.0,32
CEUGAUMYHMNFNU-UHFFFAOYSA-N,CHEMBL4215954,O=C(NO)c1ccc(Cn2ccc3cc(C(=O)c4ccc(F)cc4)ccc32)cc1,5.481486060122112,1,0.0,29
CEUILOOLSJTSTF-UHFFFAOYSA-N,CHEMBL6162062,CCNNC(=O)c1ccc(CN(CC(=O)NCc2ccccc2)C(=O)c2ccc(N(C)C)cc2)cc1,7.537602002101044,1,0.0,36
CEULGBOLQRVNEE-UHFFFAOYSA-N,CHEMBL4285001,Nc1ccccc1NC(=O)c1ccc(CNC(=O)OCc2ccc(OCCOc3no[n+]([O-])c3S(=O)(=O)c3ccccc3)nc2)cc1,5.991399828238082,2,0.0,47
CEZRXCCXPZWXNX-UHFFFAOYSA-N,CHEMBL236678,Nc1ccccc1NC(=O)c1cccnc1,5.580044251510242,1,0.0,16
CEZZBTZHHJMOSG-UHFFFAOYSA-N,CHEMBL4539004,Cc1ccc(C(=O)N(CCC(=O)NCc2ccccc2)Cc2ccc(C(=O)NO)cc2)cc1,7.79317412396815,1,0.0,33
CFDSAWMXTQIVHX-UHFFFAOYSA-N,CHEMBL3639629,Nc1ccc(-c2cccs2)cc1NC(=O)c1ccc(CNC(=O)C2CC2)cc1,7.823908740944319,1,0.0,28
CFDZRAGTUOXMKY-UHFFFAOYSA-N,CHEMBL5880474,FC(F)(F)c1nc(-c2ccc(CNc3ccccn3)cc2)no1,5.795880017344075,1,0.0,23
CFKBMXXDXYFDET-UHFFFAOYSA-N,CHEMBL325676,O=C(CCCCCCS)Nc1ccccc1,6.661543506395395,3,0.6959644941962946,16
CFLJKTPPLMUVSS-UHFFFAOYSA-N,CHEMBL5920129,Cc1ccc(C=CCC(=O)Nc2ccc(C(=O)Nc3ccc(F)cc3N)nc2)cn1,6.2839966563652006,2,0.0,30
CFNXHQHHZZDTSQ-UHFFFAOYSA-N,CHEMBL513061,Nc1ccc(-c2ccccc2)cc1NC(=O)c1ccc(CN2CCC3(CCNC3)CC2)cc1,7.481486060122112,1,0.0,33
CFQSWABMYGITKP-UHFFFAOYSA-N,CHEMBL3334992,O=C(NO)c1ccc(N2CCN(c3cccnc3)C2=O)cc1,6.739928612014925,1,0.0,22
CFQUBQIUHFUYLY-UHFFFAOYSA-N,CHEMBL471824,Nc1ccc(-c2ccccc2)cc1NC(=O)c1ccc(N2CCC3(CCNC3)CC2)nc1,7.958607314841775,1,0.0,32
CFSSZHASQXOQKD-UHFFFAOYSA-N,CHEMBL6053849,O=C(C1CCC(=O)N1c1cc(F)c(-c2noc(C(F)(F)F)n2)cc1F)N1CCc2ccccc2C1,5.920818753952375,1,0.0,35
CFYWRQMGLYSFGL-UHFFFAOYSA-N,CHEMBL3664089,O=C(Nc1cc(-c2ccccc2)ccc1O)c1ccc(CNCCc2ccc(Br)cc2)cc1,5.7447274948966935,1,0.0,33
CGGSSGAQPIHPOK-UHFFFAOYSA-N,CHEMBL5419239,Cc1c(N)cccc1-c1cc(C(=O)NCc2ccc(C(=O)NO)cc2)ccn1,7.494850021680094,1,0.0,28
CGGSYGIUDPYWMV-UHFFFAOYSA-N,CHEMBL568151,N=C(N)NCCCC1NC(=O)CC(Cc2ccc(O)cc2)NC(=O)C(CC(=O)O)NC(=O)C(CCCCCC(=O)NO)NC1=O,6.920818753952375,1,0.0,45
CGIIHSALQHQHQN-UHFFFAOYSA-N,CHEMBL4854288,O=C(NO)c1ccc(NCc2nc(-c3cccs3)nn2-c2ccc(O)cc2)cc1,5.823330067331851,1,0.0,29
CGJSRVMMOVKPAO-UHFFFAOYSA-N,CHEMBL4765128,CCC(=O)CCCCCC(NC(=O)C1CC12CCN(C)CC2)c1[nH]c(-c2cc3ccccc3nc2OC)nc1C#N,7.009217308196862,1,0.0,41
CGKPRUSULHYKOU-UHFFFAOYSA-N,CHEMBL6030111,CN1CCC(Nc2ncc(C(=O)Nc3cc(-c4ccccc4)ccc3N)cn2)c2ccccc21,6.6777807052660805,1,0.0,34
CGKUMULSZZUXMU-UHFFFAOYSA-N,CHEMBL4636452,CCc1nc(N)nc(N)c1-c1ccc(-c2cn(CCCCCCCC(=O)NO)nn2)cc1,6.6777807052660805,1,0.0,32
CGLPZYKBXZPGKO-UHFFFAOYSA-N,CHEMBL4646451,O=C(NO)c1ccc(NC(=O)C2(c3ccc(Cl)c(Cl)c3)CCOCC2)cc1,8.221848749616356,1,0.0,27
CGOZNYVUQNCAIG-UHFFFAOYSA-N,CHEMBL3339033,O=C(CCCCCCC(=O)Nc1cc2c(Nc3ccc(N4CCCC4)cc3)ncnc2s1)NO,7.858550226599533,1,0.0,34
CGUBVAYZBHRVKC-UHFFFAOYSA-N,CHEMBL6049731,Cc1nsc(N(CCCCCCCC(=O)NO)c2ccc(F)cn2)n1,5.259637310505756,1,0.0,25
CGUQPMQRNKIUTR-UHFFFAOYSA-N,CHEMBL5440138,COc1cccc(-c2ccc(=O)n(Cc3ccc(C(=O)Nc4ccccc4N)cc3)n2)c1,7.356547323513812,1,0.0,32
CGWPUJBNBZHNQO-UHFFFAOYSA-N,CHEMBL4779376,CS(=O)(=O)Nc1ccc(-c2nc(N3CCOCC3)c3ncn(CCCCCCC(=O)NO)c3n2)cc1,8.920818753952375,1,0.0,36
CHAABZXWCNJZLF-UHFFFAOYSA-N,CHEMBL5395739,CC(c1ccc(C(=O)Nc2ccc(Cl)cc2N)cc1)n1nc(-c2ccc(CN(C)C)cc2)ccc1=O,6.102153068420428,1,0.0,36
CHHLJMWBOLFQCZ-UHFFFAOYSA-N,CHEMBL5760657,CCN(CC)Cc1cc2ccc(C(=O)NO)cc2o1,4.721246399047171,1,0.0,19
CHIAYMWNEKVCTH-UHFFFAOYSA-N,CHEMBL3828135,COc1ccc(-c2nc(N3CCOCC3)c3nc(CN(C)c4ncc(C(=O)NO)cn4)n(C4CCCC4)c3n2)cc1,6.903089986991944,1,0.0,41
CHKGICCHQYDKNR-UHFFFAOYSA-N,CHEMBL513568,Nc1ccc(-c2cccs2)cc1NC(=O)c1ccc(N2CCC3(CCNC3)CC2)nc1,8.096910013008056,1,0.0,31
CHNRGAHSQSFAMS-UHFFFAOYSA-N,CHEMBL5631675,CN1CCN(c2cnc(C(=O)Nc3cc(-c4cccs4)ccc3[N+](=O)[O-])cn2)CC1,7.154901959985743,1,0.0,30
CHORFZKELKILNA-UHFFFAOYSA-N,CHEMBL99456,O=C(CCCCCCC(=O)c1ccc(-c2ccc(Br)cc2)cc1)NO,8.698970004336019,1,0.0,25
CHPIFUUQOAZPMR-UHFFFAOYSA-N,CHEMBL5402344,O=C(CCCCCCNC(=O)c1ncc(-c2ccc(Cl)cc2)o1)NO,7.503347060749082,1,0.0,25
CHULCWZHWRQEQG-UHFFFAOYSA-N,CHEMBL4858994,O=C(NO)c1ccc(CN2CCCSc3ccccc32)cc1,6.5951662833800615,2,0.0,22
CHVSPTQYXKYRRH-UHFFFAOYSA-N,CHEMBL4782327,O=C(CCCCCCC(=O)Nc1n[nH]c2cc(-c3ccccc3)ccc12)NO,8.017728766960431,1,0.0,28
CHWLAQXSGWERMB-UHFFFAOYSA-N,CHEMBL5595464,C#CCN1C(=O)CNC(=O)C1=Cc1ccc(C(=O)Nc2cccc(C(=O)NO)c2)cc1,6.149408897376015,1,0.0,31
CHXJAHBVIRGHIC-UHFFFAOYSA-N,CHEMBL5219941,N#Cc1c(N)nc(N)nc1N1CCCC1c1nc2cccc(Cl)c2c(=O)n1Cc1ccc(C(=O)NO)s1,6.954677021213342,1,0.0,37
CHYQUZWMTYYUHQ-UHFFFAOYSA-N,CHEMBL5957274,CN1CCN(c2ccc(-c3noc(C(F)(F)F)n3)cc2)C(c2ccccc2)C1,5.275724130399211,1,0.0,28
CHZMNTOWTCRUDZ-UHFFFAOYSA-N,CHEMBL4634096,CCc1nc(N)nc(N)c1-c1ccc(-c2ccc(C=CC(=O)NO)cc2)cc1,5.431798275933005,1,0.0,28
CHZSBVHZHZBOAS-UHFFFAOYSA-N,CHEMBL3664138,Nc1ccc(-c2ccsc2)cc1NC(=O)c1ccc(CNCC(=O)O)cc1,7.376750709602099,1,0.0,27
CIAHQPDMGUFYBJ-UHFFFAOYSA-N,CHEMBL5916620,Cn1cccc(OCc2ccc(-c3noc(C(F)(F)F)n3)cn2)c1=O,5.886056647693163,1,0.0,25
CICVTKKHYPQKHG-UHFFFAOYSA-N,CHEMBL6161622,Cc1c(N)cccc1-c1cn(-c2ccc(OCCCCCCC(=O)NO)cc2)c2ccc(C#N)cc12,7.767003889607846,1,0.0,36
CIGKCRJRDSKGQJ-UHFFFAOYSA-N,CHEMBL251336,Nc1ccccc1NC(=O)c1ccc(C(C(=O)Nc2cccc(F)c2)C(=O)Nc2cccc(F)c2)cc1,7.251811972993799,1,0.0,37
CIGOMCAFKVJNOA-UHFFFAOYSA-N,CHEMBL4854765,COc1cc2nc(-c3ccc(C)o3)nc(NCC3CCN(c4ncc(C(=O)NO)cn4)CC3)c2cc1OC,8.154901959985743,1,0.0,38
CIHLGRCRUORIAF-UHFFFAOYSA-N,CHEMBL2312464,Cc1nc2ccc(Br)cn2c1-c1ccnc(NCc2ccc(C(=O)Nc3ccccc3N)cc2)n1,6.903089986991944,1,0.0,35
CIMZZSMMMYOQJV-UHFFFAOYSA-N,CHEMBL3601343,CCCCn1ccc2ccc(NC(=O)CCCCCCC(=O)NO)cc2c1=O,7.181972158140744,1,0.0,28
CIOORWDADMZRRB-UHFFFAOYSA-N,CHEMBL4281580,CN(CCCCC(CO[N+](=O)[O-])O[N+](=O)[O-])Cc1ccc(COC(=O)NCc2ccc(C(=O)Nc3ccccc3N)cc2)cn1,5.982966660701219,2,0.0,45
CIQFBQFXUFRSMV-UHFFFAOYSA-N,CHEMBL4218915,COc1cc(C(=O)c2ccc3c(ccn3S(=O)(=O)c3cccc(C=CC(=O)NO)c3)c2)cc(OC)c1OC,5.8794260687941495,1,0.0,38
CIQNHCUJXLAVPK-UHFFFAOYSA-N,CHEMBL5435505,CN1c2ccc(NCC3CCN(c4ncc(C(=O)NO)cn4)CC3)cc2C(=O)N2CCc3c([nH]c4ccc(O)cc34)C21,8.397940008672037,2,0.0,42
CITNMKKLNPYCDV-UHFFFAOYSA-N,CHEMBL145891,O=C(C=Cc1ccc(NS(=O)(=O)c2ccc(-c3ccccc3)cc2)cc1)NO,8.0,1,0.0,28
CIUMTXQEHQJOHY-UHFFFAOYSA-N,CHEMBL272402,CC(=O)CCCCCC(NC1CCCCN1C)C(=O)Nc1cccc(-c2ccccc2)c1,6.70170145218677,2,0.8013429130455769,32
CIWPRFJDZRJYLV-UHFFFAOYSA-N,CHEMBL5633941,Nc1nc(Cl)c2ccn(Cc3ccc(C(=O)NO)cc3F)c2n1,6.0,1,0.0,23
CIXQTRDAEWYSSH-UHFFFAOYSA-N,CHEMBL5281042,O=C(CCCCCCN(Cc1ccc2ccccc2c1)Cc1ccc2ccccc2c1)NO,5.958607314841775,1,0.0,33
CIYSDEMOSWTVMK-UHFFFAOYSA-N,CHEMBL2047619,O=C(C=Cc1cn(-c2ccccc2)nc1-c1ccc([N+](=O)[O-])cc1)Nc1ccc(Br)cc1,6.376750709602099,1,0.0,32
CIZIYDVXUWAXOP-UHFFFAOYSA-N,CHEMBL5438820,O=C(CCCCCNc1cc(N2CCCCCC2)nc(-c2ccccn2)n1)NO,7.795880017344075,1,0.0,29
CJAZHUOEOHACOU-UHFFFAOYSA-N,CHEMBL392747,COc1ccc(NCc2ccc(C(=O)Nc3cc(-c4ccccc4)ccc3N)cc2)cc1OC,7.221848749616356,1,0.0,34
CJDVFKPJFAFFDM-UHFFFAOYSA-N,CHEMBL5933391,Cc1ccc(C=CCC(=O)Nc2ccc(C(=O)Nc3ccccc3N)nc2)cn1,7.0,1,0.0,29
CJHDFVNUELNOAO-UHFFFAOYSA-N,CHEMBL3655996,Cc1ccccc1C1(Nc2ncc(C(=O)NO)cn2)CC1,7.301029995663981,1,0.0,21
CJJLAWVMRURPRM-UHFFFAOYSA-N,CHEMBL5189911,CC1(NCc2ccc(C(=O)NCc3ccc(C=CC(=O)NO)cc3)cc2)CCN(c2cnc(-c3cccc(Cl)c3Cl)c(N)n2)CC1,7.6020599913279625,1,0.0,46
CJJNMEDCKZPHRO-UHFFFAOYSA-N,CHEMBL5755256,CCC1(Nc2ccc(C(=O)Nc3cc(-c4cccs4)ccc3N)cc2)CCN(C(=O)N2CCOCC2)CC1,7.7447274948966935,1,0.0,38
CJOMGDNSIUOZRC-UHFFFAOYSA-N,CHEMBL3689770,COCCNc1c(CCC(=O)O)nc2ccc(C=CC(=O)NO)cn12,6.494850021680094,1,0.0,25
CJPAZSSWODHMEJ-UHFFFAOYSA-N,CHEMBL5438992,COc1cc2c(cc1-c1c(C)noc1C)[nH]c1nc(C)nc(NCCCCCC(=O)Nc3ccc(C(=O)NO)cc3)c12,7.0655015487564325,1,0.0,42
CJPQHCIMSKHOBF-UHFFFAOYSA-N,CHEMBL3670669,COc1ccc(-c2cc(-c3ccccc3)[nH]c2C(=O)NCc2ccc(C(=O)Nc3ccccn3)cc2)cc1,7.30189945437661,1,0.0,38
CJSCFEBBGAGVJI-UHFFFAOYSA-N,CHEMBL5172611,O=C(NO)c1ccc(CCN2CCN(C(c3ccccc3)c3ccccc3)CC2)cc1,5.318758762624412,1,0.0,31
CJVCMQCNTYWLDS-UHFFFAOYSA-N,CHEMBL4574302,O=C(CCCCOc1ccccc1N1C(=O)CSC1c1cccc(Br)c1)NO,6.275724130399211,1,0.0,28
CJXZQDNBKDLDLD-UHFFFAOYSA-N,CHEMBL475051,O=C(NO)c1ccc(C(=O)Nc2cccc(Nc3ncc(-c4cccnc4)s3)c2)cc1,6.6777807052660805,1,0.0,31
CJYWAZPLLBPPJQ-UHFFFAOYSA-N,CHEMBL5418488,COc1ccc(N=Nc2ccc(CCC(=O)Nc3ccccc3N)cc2)cc1,5.468521082957745,1,0.0,28
CKAUZVWYKGPLFK-UHFFFAOYSA-N,CHEMBL4855461,COc1cc2nc(-c3ccc(C)o3)cc(NC3CCC(C(=O)NO)CC3)c2cc1OC,6.402304814074488,1,0.0,31
CKDHUOHAJQYURX-UHFFFAOYSA-N,CHEMBL5860511,FC(F)(F)c1nc(-c2ccc(N3CCOCC3c3ccccc3)nc2)no1,6.455931955649724,1,0.0,27
CKHUIFFTCIFDOH-UHFFFAOYSA-N,CHEMBL5410802,O=C(NO)c1ccc(COc2no[n+]([O-])c2S(=O)(=O)c2ccccc2)cc1,5.318758762624412,1,0.0,27
CKJVOQAEXQOUNA-UHFFFAOYSA-N,CHEMBL5179173,CC1(C)C(=O)N(c2ccc(C#N)c(C(F)(F)F)c2)C(=S)N1c1ccc(C(=O)Nc2cc(-c3cccs3)ccc2N)nc1,5.435333935747911,1,0.0,42
CKKMTTRRFWJCCL-UHFFFAOYSA-N,CHEMBL5187070,Cc1sc2c(c1C)C(c1ccc(Cl)cc1)=NC(CC(=O)Nc1ccc(NC(=O)CCCCCCC(=O)NO)cc1)c1nnc(C)n1-2,5.954677021213342,2,0.0,46
CKKPZQFMWKYLDN-UHFFFAOYSA-N,CHEMBL469742,CC(=O)CCCCCC(NC(=O)C1CCN(C)C1)c1ncc(-c2ccccc2)[nH]1,6.552841968657781,1,0.0,29
CKOVERJLBUUUAN-UHFFFAOYSA-N,CHEMBL5746748,Cc1noc(C2CCC(=O)N2c2ccc(-c3noc(C(F)(F)F)n3)cc2)n1,6.136677139879544,1,0.0,27
CKPHTEVIQGSUMQ-UHFFFAOYSA-N,CHEMBL5393987,Nc1ccc(-c2cccs2)cc1NC(=O)c1ccc(-c2cn(CS(=O)(=O)c3ccccc3)nn2)cc1,7.920818753952375,1,0.0,36
CKQYXRXVDRHVDK-UHFFFAOYSA-N,CHEMBL4295105,O=C(CCC(CCCC(=O)Nc1ccccc1)c1ccccc1)NO,4.958607314841775,1,0.0,25
CKRFDUMLDBACPG-UHFFFAOYSA-N,CHEMBL5423646,O=C(NO)c1ccc(CNC2CCCc3cccnc32)c(F)c1,5.296966695266314,1,0.0,23
CKWZWIJIPBBRGH-UHFFFAOYSA-N,CHEMBL5268869,COc1ccccc1CNC(=O)c1ccc(C(=O)NO)cc1,5.175028538876306,1,0.0,22
CKXSDEMMIISHPY-UHFFFAOYSA-N,CHEMBL3827650,Cc1ccc(-c2nc(N3CCOCC3)c3nc(CN(C)c4ncc(C(=O)NO)cn4)n(C)c3n2)cc1,9.0,1,0.0,36
CLBOACJWFOVVDX-UHFFFAOYSA-N,CHEMBL5429693,Cc1nnc2n1-c1ccccc1C(c1ccc(Cl)cc1)=NC2CC(=O)Nc1ccc(C(=O)NO)cc1,6.958607314841775,1,0.0,36
CLBVTZPSHAVOGL-UHFFFAOYSA-N,CHEMBL492311,NS(=O)(=O)NCCCCC(NC(=O)OCc1ccccc1)c1nc(-c2ccccc2)cs1,5.309803919971486,1,0.0,32
CLGDSTJRIXLINL-UHFFFAOYSA-N,CHEMBL4070745,COc1cc(NC(=O)NOCCCCCC(=O)NO)c2ncccc2c1,7.284832642151542,1,0.0,26
CLSJKVQAGSKSMV-UHFFFAOYSA-N,CHEMBL3577692,CN1c2ccc(NCc3ccc(-c4noc(CCCC(=O)NO)n4)cc3)cc2C(=O)N2CCc3c([nH]c4ccc(O)cc34)C21,6.493494967595128,1,0.0,44
CLSQCMFFPCSKFA-UHFFFAOYSA-N,CHEMBL3645373,O=C(C=Cc1ccc2c(c1)nc(-c1ccncc1)n2CCO)NO,5.575118363368933,3,0.0,24
CLTYLYLITNNWET-UHFFFAOYSA-N,CHEMBL5958023,Nc1ccc(-c2ccccc2)cc1NC(=O)c1cnc(NC2CCNCC2)nc1,7.769551078621726,1,0.0,29
CLUHPCLJHVVENS-UHFFFAOYSA-N,CHEMBL5633325,O=C(CCCCCC(=O)Nc1cc(-c2ccc3ncn(Cc4cccc(F)c4)c3c2)[nH]n1)NO,8.1890957193313,1,0.0,34
CLUVLSXNTNWGTA-UHFFFAOYSA-N,CHEMBL3930237,CC(N)C(=O)NCc1nnc(-c2ccccc2)o1,6.585026652029182,1,0.0,18
CLXYQSBJIUDDFW-UHFFFAOYSA-N,CHEMBL5597574,N#CC1(CNc2cccc(-c3cc(Nc4cnn(CCCCCCC(=O)Nc5ccccc5N)c4)ncc3Cl)n2)CCOCC1,5.30111686324741,1,0.0,45
CMDHJYUFAKFOCL-UHFFFAOYSA-N,CHEMBL4225331,Cc1ccc(-c2cc(C(F)(F)F)n(Cc3ccc(C(=O)NO)cc3)n2)cc1,6.958607314841775,1,0.0,27
CMFRPDNQUOMKGN-UHFFFAOYSA-N,CHEMBL6160869,Cc1ccc(NC(=O)Nc2ccc(Oc3ccnc(-c4cnn(CCCCCCC(=O)NO)c4)c3)cc2)cc1,7.903089986991944,1,0.0,39
CMFSOZAEQZHYJF-UHFFFAOYSA-N,CHEMBL4281014,Nc1cccc(-c2csc(NC(=O)CCCCCCC(=O)Nc3ccccc3N)n2)c1,5.603800652904264,1,0.0,31
CMGJPVLKHNPFFV-UHFFFAOYSA-N,CHEMBL5188108,Nc1nc(-c2ccco2)c2cnn(Cc3cccc(OCCCCCC(=O)NO)n3)c2n1,6.71669877129645,1,0.0,32
CMLAZVHNEACXAA-UHFFFAOYSA-N,CHEMBL4240694,O=C(CCCCCCn1cc(-c2cccc(Nc3c4ccccc4nc4ccccc34)c2)nn1)NO,8.292429823902063,1,0.0,36
CMOICKYRNDPNQC-UHFFFAOYSA-N,CHEMBL5172507,O=C(CCCCCCNC(=O)c1csc(Br)n1)NO,7.221848749616356,1,0.0,19
CMOLJLHINJYGPY-UHFFFAOYSA-N,CHEMBL5997931,Nc1ccc(-c2cccs2)cc1NC(=O)C1CCOC1,6.255707016877324,1,0.0,20
CMQDNICLNADMHV-UHFFFAOYSA-N,CHEMBL5888465,Nc1ccc(-c2cnccn2)cc1NC(=O)C1CCCCC1,5.515700160653214,1,0.0,22
CMQQNMGBNSSBLM-UHFFFAOYSA-N,CHEMBL4084219,CN(C)C(=O)c1cc2cnc(Nc3ccc(NC(=O)CCCCCCC(=O)NO)cn3)nc2n1C1CCCC1,6.373659632624958,1,0.0,39
CMRYZGNLUGDJIV-UHFFFAOYSA-N,CHEMBL3317815,CC12CSC(=N1)c1csc(n1)CNC(=O)CC(C=CCCS)OC(=O)C(CCCN)NC2=O,8.481486060122112,1,0.0,33
CMVSWHGZEYGVPQ-UHFFFAOYSA-N,CHEMBL4454463,O=C(C=Cc1ccc(C2CCCN2CCc2c(-c3cccnc3)nn3ccccc23)cc1)NO,9.0,1,0.0,34
CMWICCMDGCWIRR-UHFFFAOYSA-N,CHEMBL5206234,CC1(C)C(=O)N(c2ccc(C#N)c(C(F)(F)F)c2)C(=S)N1c1ccc(C(=O)Nc2ccccc2N)cn1,5.186419011431807,1,0.0,37
CMXJXYCBGMRJAV-UHFFFAOYSA-N,CHEMBL5420954,O=C(CCCCCCNC(=O)c1ncc(-c2cccc(Cl)c2)o1)NO,7.226652458019177,1,0.0,25
CMYOLJZJCKUTKL-UHFFFAOYSA-N,CHEMBL2413318,CC(C)N(Cc1ccccc1)Cc1ccc(C=CC(=O)NO)o1,5.625251653989896,1,0.0,23
CNAQOPITLAIDTC-UHFFFAOYSA-N,CHEMBL4168154,Nc1cc(F)ccc1NC(=O)c1ccc(NC(=O)Cc2ccccc2)cn1,5.958607314841775,1,0.0,27
CNCARDFKOBXULC-UHFFFAOYSA-N,CHEMBL4868119,C=CCn1c(SCCCCCC(=O)Nc2ccccc2N)nnc1-c1ccncc1,4.507938395487401,1,0.0,30
CNEXZSPQDZODIW-UHFFFAOYSA-N,CHEMBL5172376,CCCCCCNNC(=O)c1cnc(N2CCN(Cc3cn(C)c4ccccc34)CC2)nc1,6.769551078621726,1,0.0,33
CNGUERNKNNKCCR-UHFFFAOYSA-N,CHEMBL3799183,O=C(NO)c1ccc(Cl)c(NC(=O)c2ccc(Oc3ccccc3)cc2)c1,5.070581074285707,1,0.0,27
CNGWNOQUKFLVKK-UHFFFAOYSA-N,CHEMBL4437432,O=C(NO)c1ccc2c(c1)C(=O)c1ccccc1C2=O,6.040958607678906,1,0.0,20
CNJSDBOFFPQBAC-UHFFFAOYSA-N,CHEMBL5191345,O=C(CCCCCCn1c(C(=O)NC2C3CC4CC(C3)CC2C4)nc2ccccc21)NO,8.774690718274137,1,0.0,32
CNKUATJYYMIQKL-UHFFFAOYSA-N,CHEMBL4461884,COc1cc2nc(Nc3ccc(NC(=O)CCCCCCC(=O)NO)cc3)nc(NC3CCN(Cc4ccccc4Cl)CC3)c2cc1OC,5.4723700991286615,1,0.0,49
CNMVHCWJEAWTEX-UHFFFAOYSA-N,CHEMBL5981441,Nc1ccc(-c2cccs2)cc1NC(=O)C1=CCCCC1,7.301029995663981,1,0.0,21
CNOMJOIZUONELB-UHFFFAOYSA-N,CHEMBL5877861,O=C(NO)c1ccc2oc(-c3ccc(C4CC4)cc3)nc2c1,5.6777807052660805,1,0.0,22
CNPHZIMJRVISOG-UHFFFAOYSA-N,CHEMBL6162471,CC(C)c1ccc(C(=O)N(CC(=O)NCc2ccccc2)CC2CCN(c3ncc(C(=O)NO)cn3)CC2)cc1,7.769551078621726,1,0.0,40
CNQMONFWJQCMJW-UHFFFAOYSA-N,CHEMBL3799297,COc1ccc(C(=O)Nc2cc(C(=O)NO)ccc2OC)cc1,5.585026652029182,1,0.0,23
CNYMWZQRODJNQU-UHFFFAOYSA-N,CHEMBL3692690,CNCCNC(=O)c1ccc(-c2noc(C(F)(F)F)n2)cc1,5.214670164989233,1,0.0,22
COAWJUWYLXBVQV-UHFFFAOYSA-N,CHEMBL5431498,Nc1ccccc1NC(=O)C=Cc1ccc(CNC(=O)c2nn(-c3ccccc3)nc2N)cc1,7.107905397309519,1,0.0,34
COEQQODMQRKZDZ-UHFFFAOYSA-N,CHEMBL6163314,COc1ccc2c(c1)C(=O)C(=Cc1ccc(C(=O)NO)cc1)S2,6.5713337517843655,2,0.09691001300805624,23
COJSUOYKFQWDMR-UHFFFAOYSA-N,CHEMBL238569,Nc1ccccc1NC(=O)c1ccc(CC2COc3ccccc3C2)cc1,6.0,1,0.0,27
COJZKPBXSMNSKG-UHFFFAOYSA-N,CHEMBL4091348,Nc1ccccc1NC(=O)c1ccc(COc2ccc(F)cc2)cc1,5.896196279044043,1,0.0,25
COKNVTJWQGSXKA-UHFFFAOYSA-N,CHEMBL5613071,CCCNNC(=O)c1ccc(CN(CCC)C(=O)c2cc3ccccc3s2)cc1,7.79317412396815,1,0.0,29
COKPSJDRWXOYAG-UHFFFAOYSA-N,CHEMBL474863,Nc1ccccc1NC(=O)c1ccc(C(=O)Nc2cccc(Nc3ncc(-c4cccnc4)s3)c2)cn1,6.346787486224656,1,0.0,37
COLQOIDCTMUDMA-UHFFFAOYSA-N,CHEMBL4852075,CCC(=O)CCCCCC(NC(=O)C1CC12CCN(CC)CC2)c1[nH]c2nc1C(=O)NCCCC=Cc1cccc-2c1,7.276964532149497,2,0.8016323462331663,42
CORUEZYSWZEUFF-UHFFFAOYSA-N,CHEMBL5921568,FC(F)(F)c1nc(-c2ccc(CNc3cncnc3)cc2)no1,5.585026652029182,1,0.0,23
COXSTFKVPNTVJY-UHFFFAOYSA-N,CHEMBL5830330,O=C(C1CCC(=O)N1c1cc(F)c(-c2noc(C(F)(F)F)n2)cc1F)N1CCCc2ccccc21,5.356547323513812,1,0.0,35
CPAPJOGDXUPDID-UHFFFAOYSA-N,CHEMBL5968609,O=C(NO)c1ccc(Cn2c(=O)n(Cc3ccccc3)c(=O)c3ccccc32)cc1,4.800793520838342,1,0.0,30
CPERKRDUKGURNJ-UHFFFAOYSA-N,CHEMBL3593407,CC(C)C1NC(=O)C2(C)CSC(=N2)c2csc(n2)CNC(=O)CC(C=CCCS)NC1=O,8.709965388637482,1,0.0,32
CPHLBSLEWITPLT-UHFFFAOYSA-N,CHEMBL5276825,CN1CCC2(CC1)c1ccccc1N(Cc1ccc(C(=O)NO)cc1)C2c1cccc(Cl)c1,5.09151498112135,1,0.0,33
CPJBNLAYIANDAO-UHFFFAOYSA-N,CHEMBL5590993,C#CCN1C(=O)CNC(=O)C1=Cc1ccc(C(=O)NCc2ccc(C(=O)NO)cc2)cc1,7.068745593583587,1,0.0,32
CPJURHDGOWYMTO-UHFFFAOYSA-N,CHEMBL5408565,O=C(CCCCCCNC(=O)c1ncc(-c2ccc(C(F)(F)F)cc2)s1)NO,6.988429556402721,1,0.0,28
CPRPPTZFPBIAMU-UHFFFAOYSA-N,CHEMBL5838830,O=C1CCC(c2ccccc2)N1c1cc(F)c(-c2noc(C(F)(F)F)n2)cc1F,6.214670164989233,1,0.0,29
CPRRWVQMLIFMQP-UHFFFAOYSA-N,CHEMBL4551593,COc1cc2nc(Nc3ccc(NC(=O)CCCCCCC(=O)NO)cc3)nc(NC3CCN(Cc4ccc(F)cc4)CC3)c2cc1OC,5.667561540084394,1,0.0,49
CPSLMXLQONGQGR-UHFFFAOYSA-N,CHEMBL4209174,Cn1cc(-c2ccc(=O)n(CCOc3ccnc4cc(OCCCCCCC(=O)NO)ccc34)n2)cn1,7.7447274948966935,1,0.0,37
CQDGHPGHRDLMBC-UHFFFAOYSA-N,CHEMBL5181949,O=C(NO)c1ccc(CC(=O)N2CCC(N3C(=O)C(c4ccccc4)C3c3ccccc3)CC2)cc1,5.289036881004725,1,0.0,36
CQDOLCKZWDEIDI-UHFFFAOYSA-N,CHEMBL5561081,COc1ccc(C=C2CC(=O)N(CCCCCCC(=O)NO)C2=O)cc1OC,7.607303046740334,1,0.0,28
CQDPQUJZWARWAJ-UHFFFAOYSA-N,CHEMBL5794569,O=C(CCCCCCN(c1ccccn1)c1nc(C(F)(F)F)ns1)NO,5.259637310505756,1,0.0,26
CQHJTKRCBXZWMY-UHFFFAOYSA-N,CHEMBL6143833,COc1ccc2c(c1)SC(=Cc1ccccc1C=CC(=O)NO)C2=O,6.951544993495972,2,0.6989700043360187,25
CQHNLYLVORHWDN-UHFFFAOYSA-N,CHEMBL3758395,O=C(NCCCCCS)c1cc(-c2ccc(F)cc2)on1,5.6777807052660805,1,0.0,21
CQHWRSUFZNEJSA-UHFFFAOYSA-N,CHEMBL3421741,Nc1ccccc1NC(=O)c1ccc(CNCc2nc(-c3ccc(Cl)cc3)no2)cc1,7.045757490560675,1,0.0,31
CQLQYXZQACCGMO-UHFFFAOYSA-N,CHEMBL6141853,O=C(CCCCCCn1c2cc3c(cc2c2ncc4ccccc4c21)OCO3)NO,8.522878745280337,1,0.0,30
CQPIEFONMMNTCA-UHFFFAOYSA-N,CHEMBL4870114,CC12CC3CC(C)(C1)CC(NS(=O)(=O)c1ccc(C=CC(=O)NO)cc1)(C3)C2,6.022276394711152,1,0.0,28
CQTKEIYMOQMIDY-UHFFFAOYSA-N,CHEMBL6175143,CN1c2ccc(NCc3ccc(-c4noc(CC(=O)NO)n4)cc3)cc2C(O)N2CCc3c([nH]c4ccc(O)cc34)C12,7.619788758288394,1,0.0,42
CQTOIJJFCCVEGZ-UHFFFAOYSA-N,CHEMBL6030682,CN1CCCC(COC(=O)Nc2cc(-c3cccs3)ccc2N)C1,4.755722879198157,1,0.0,24
CQUADSRFFMYFCL-UHFFFAOYSA-N,CHEMBL5397225,Nc1ccccc1NC(=O)c1ccc(Cn2nc(-c3ccccc3Cl)ccc2=O)cc1,7.29413628771608,1,0.0,31
CQVUONOKNGPYFX-UHFFFAOYSA-N,CHEMBL5838626,Fc1cc(COc2ccc3cnccc3n2)ccc1-c1noc(C(F)(F)F)n1,6.431798275933005,1,0.0,28
CQXVINUWAUUTRK-UHFFFAOYSA-N,CHEMBL5790141,Nc1ccc(-c2cnccn2)cc1NC(=O)N1CCCC1,6.255707016877324,1,0.0,21
CQZOPNIAIFNSAF-UHFFFAOYSA-N,CHEMBL5597560,O=C(CCCCCN1C(=O)C2CCCN2Cc2ccccc21)NO,6.359518563029578,1,0.0,24
CRBAZYVHOGXXRG-UHFFFAOYSA-N,CHEMBL504669,O=C(C=Cc1ccc(C=CC(=O)c2cccc(Cl)c2)o1)NO,4.8996294548824375,1,0.0,22
CRHXGOZVNBEOPF-UHFFFAOYSA-N,CHEMBL3585967,O=C(CCCCCCc1nc(-c2cccs2)no1)NO,6.920818753952375,1,0.0,20
CRJOTIVIHHXBSQ-UHFFFAOYSA-N,CHEMBL4227770,Cc1ccc(-c2cc(C(F)(F)F)nn2Cc2ccc(C(=O)NO)cc2)cc1,6.0338582672609675,1,0.0,27
CRPIWCWIMAOUCX-UHFFFAOYSA-N,CHEMBL1914702,[N-]=[N+]=NCc1cc(N=[N+]=[N-])cc(C(=O)Nc2ccc(-c3cc(C(=O)NCCCCCCC(=O)NO)no3)cc2)c1,7.0851281824599495,1,0.0,40
CRPSLFMUGWFWGH-UHFFFAOYSA-N,CHEMBL412083,CCNC(=O)c1ccc(CN2CCC(c3ccc(C(=O)Nc4ccccc4N)cc3)CC2)cc1,7.460046158343603,1,0.0,34
CRRGGSUAGUNPRJ-UHFFFAOYSA-N,CHEMBL5396543,Nc1ccccc1NC(=O)C=Cc1ccc(NC(=O)Cc2ccccc2)cn1,6.96657624451305,1,0.0,28
CRSBSMPJTDXFRZ-UHFFFAOYSA-N,CHEMBL5277907,O=C(NO)c1cnc(N2CCC(CN3CC(=O)N4C(Cc5c([nH]c6ccccc56)C4c4ccc5c(c4)OCO5)C3=O)CC2)nc1,7.096910013008056,1,0.0,45
CRXFLJXLRUDZJC-UHFFFAOYSA-N,CHEMBL6162879,O=CN(CC1CCN(c2ncc(C(=O)NO)cn2)CC1)C1(C(=O)NCCc2c[nH]c3ccccc23)CCNC1,7.214670164989233,1,0.0,39
CRYKCIKWGVLKDT-UHFFFAOYSA-N,CHEMBL3314869,Nc1ccccc1NC(=O)c1ccc(Cc2nnc(Cc3cccc4ccccc34)o2)cc1,6.698970004336019,1,0.0,33
CRZWRKQPQRSBOI-UHFFFAOYSA-N,CHEMBL515411,CCOC(=O)NC(CCCCNS(N)(=O)=O)C(=O)Nc1nc(-c2ccccc2)cs1,5.6020599913279625,1,0.0,30
CSAXKBIVUGNWAI-UHFFFAOYSA-N,CHEMBL4761973,CCC(=O)CCCCCC(NC(=O)C1CC12CCN(C)CC2)c1[nH]c(-c2ccc3nn(C)cc3c2)nc1C#N,9.397940008672037,1,0.0,39
CSQHTINQZNDANL-UHFFFAOYSA-N,CHEMBL235917,CC(C)(C)C(=O)NC(CCCCCS)C(=O)NC1CCCC1,5.844663962534938,1,0.0,22
CSSVMHPMCABDCZ-UHFFFAOYSA-N,CHEMBL359303,Nc1ccccc1NC(=O)C=Cc1ccc(S(=O)(=O)Nc2ccc(-c3ccccc3)cc2)cc1,5.920818753952375,1,0.0,34
CSTSAJZAKVPVRV-UHFFFAOYSA-N,CHEMBL4448002,COc1ccc(-c2cc(OCCCCCCCCC(=O)NO)c3ncnc(C)c3c2)cn1,8.522878745280337,1,0.0,32
CSUNRCDQZFLWOZ-UHFFFAOYSA-N,CHEMBL4204967,O=C(CCN1CCc2ccccc2C1)NO,4.2441251443275085,1,0.0,16
CSYBTCHWZOWTNC-UHFFFAOYSA-N,CHEMBL5431839,Cc1nnc2n1-c1ccccc1C(c1ccc(Cl)cc1)=NC2CC(=O)Nc1ccc(C=CC(=O)NO)cc1,6.200659450546418,1,0.0,38
CSYHPSWGEPPONB-UHFFFAOYSA-N,CHEMBL6168198,COc1ccc2c(c1)SC(=Cc1cccc(C(=O)NO)c1)C2=O,5.83027427934678,2,0.38400423072874545,23
CSZCUROGBVVUSP-UHFFFAOYSA-N,CHEMBL2401846,CC12CCC3c4ccc(O)cc4CCC3C1CCC2(O)c1cn(CCCCCCC(=O)NO)nn1,7.33889035263304,2,0.42790323204948066,35
CTDRKXRPTTXEJF-UHFFFAOYSA-N,CHEMBL5409055,Nc1ccccc1NC(=O)c1ccc(Cn2nc(-c3ccc(Cl)cc3)ccc2=O)cc1,7.258848401148215,1,0.0,31
CTFVEEYBQQPPJC-UHFFFAOYSA-N,CHEMBL3655934,O=C(NO)c1cnc(NCc2c(CO)cccc2CO)nc1,6.329754146925875,1,0.0,22
CTKAREQKSAVKGM-UHFFFAOYSA-N,CHEMBL4068828,CC(C)c1cccc(Nc2ncnc3cc(NC(=O)CCCCCCC(=O)NO)sc23)c1,7.000391041028583,1,0.0,32
CTMNRDXWOFPHCH-UHFFFAOYSA-N,CHEMBL5396074,Nc1nn(-c2ccc(C(F)(F)F)cc2)nc1C(=O)NCc1ccc(C(=O)NO)cc1,8.508638306165727,1,0.0,30
CTNSZXMMRDLSRR-UHFFFAOYSA-N,CHEMBL2442791,COc1cc(C2c3cc4c(cc3C(Nc3ccc(OCCCC(=O)NO)cc3)C3COC(=O)C23)OCO4)cc(OC)c1O,6.614393726401688,1,0.0,43
CTPPCSXPANIXLH-UHFFFAOYSA-N,CHEMBL5435026,COc1ccc(-c2cc(C(=O)NCc3ccc(C(=O)NO)cc3)ccn2)cc1Cl,8.46344155742847,1,0.0,29
CTRDRSAJXJQHFW-UHFFFAOYSA-N,CHEMBL4102988,COc1ccc(C(=O)NC(Cc2c[nH]c3ccccc23)C(=O)NCCCCCC(=O)Nc2ccc(F)cc2N)cc1,6.291579099865287,1,0.0,41
CTWAHLUSZXHMHD-UHFFFAOYSA-N,CHEMBL4753460,CCC(=O)CCCCCC(NC(=O)C1CC12CCN(CC)CC2)c1ncc(-c2cc(C(C)C)ccc2OC)[nH]1,7.795880017344075,1,0.0,39
CTZUZSDLFUWGPJ-UHFFFAOYSA-N,CHEMBL4649628,CCC(=O)CCCCCC(NC(=O)C1CC12CCN(C(C)C)CC2)c1ncc(-c2cc3ccccc3nc2OC)o1,8.455931955649724,1,0.0,41
CUBJXLRCQRHKCA-UHFFFAOYSA-N,CHEMBL5954789,O=C(NO)c1ccc(NC(=O)c2[nH]c(-c3ccccc3)cc2-c2ccc(O)cc2)cc1,6.325047051951435,1,0.0,31
CUEBGJSCUWKRJU-UHFFFAOYSA-N,CHEMBL6176468,Nc1ccccc1NC(=O)c1ccc(CNC(=O)c2cnc(-c3ccc4c(c3)OCCO4)[nH]2)cc1,5.436518914605589,1,0.0,35
CUGJRTYXIVZLGW-UHFFFAOYSA-N,CHEMBL3656016,Cc1cc(C(F)(F)F)cc(C2(Nc3ncc(C(=O)NO)cn3)CC2)c1,7.1938200260161125,1,0.0,25
CUKKJLDAKAAXPV-UHFFFAOYSA-N,CHEMBL5854647,O=C(CCCCCCCN(c1ccccn1)c1nncs1)NO,5.259637310505756,1,0.0,23
CUUGHYIXSOABES-UHFFFAOYSA-N,CHEMBL4287028,O=C(CCCCCn1cc(-c2ccc(C(=O)NCCNc3nonc3C(=NO)Nc3ccc(F)c(Br)c3)cc2)nn1)NO,7.1771783546968955,1,0.0,43
CUXLIIGSXPPSOO-UHFFFAOYSA-N,CHEMBL5200340,Cc1ccc(-c2nc(N)nc3c2cnn3CCc2ccc(C(=O)NO)cc2)o1,7.133712660915805,1,0.0,28
CUYARGQDZDCBCV-UHFFFAOYSA-N,CHEMBL379635,COc1cc(CNc2ccc(C=CC(=O)Nc3ccccc3N)cn2)cc(OC)c1OC,5.3979400086720375,1,0.0,32
CVBCVVCMLWNQKF-UHFFFAOYSA-N,CHEMBL5418060,CCC(C(=O)Nc1ccc(C(=O)NO)nc1)c1ccccc1,5.826813731587726,1,0.0,22
CVCLDDOYOJDIAU-UHFFFAOYSA-N,CHEMBL3648300,CN1c2ccc(C=CC(=O)NO)cc2NC1CCNC(=O)Cc1ccccc1,6.0347982989740885,1,0.0,28
CVCWEUZKQOCJNU-UHFFFAOYSA-N,CHEMBL5430562,CC(C)c1ccc(-n2nc(N)c(C(=O)NCc3ccc(C(=O)NO)cc3)n2)cc1,8.537602002101044,1,0.0,29
CVDCDYPZZIBFOG-UHFFFAOYSA-N,CHEMBL4760209,CCC(=O)CCCCCC(NC(=O)c1cncs1)c1[nH]c(-c2ccc(F)cc2)nc1C#N,7.97469413473523,1,0.0,32
CVDREBBFPXFEOX-UHFFFAOYSA-N,CHEMBL3759543,O=C(O)CCn1nc(-c2ccc(F)cc2)cc1C(=O)NCCCCCCS,6.187086643357144,1,0.0,27
CVDRGHAYCSOQSD-UHFFFAOYSA-N,CHEMBL4791367,COc1cccc(F)c1C(=O)NCCCCC(NC(=O)c1cncs1)c1ncc(-c2ccc3ccccc3c2)[nH]1,4.5376020021010435,1,0.0,40
CVELRVLZZRZRHX-UHFFFAOYSA-N,CHEMBL6151711,CCOc1cc(C(=O)Nc2ccccc2)nn1Cc1ccc(C(=O)NO)cc1,6.006123085058789,1,0.0,28
CVJLMRJTALEROF-UHFFFAOYSA-N,CHEMBL5410437,Nc1ccccc1NC(=O)c1ccc(COc2ccc(CNC(=O)c3ccccn3)cc2)cc1,6.698970004336019,1,0.0,34
CVLLNANRQSBRJP-UHFFFAOYSA-N,CHEMBL5892148,CN1CCN(Cc2ccc(-c3nc4ccc(C(=O)NO)cc4[nH]3)cc2)CC1,6.154901959985743,1,0.0,27
CVRHGFJMPDOJGA-UHFFFAOYSA-N,CHEMBL4466520,COc1cccc(OC)c1CNCc1ccc(C=CC(=O)NO)cc1,6.196542884351587,1,0.0,25
CVROGHVTJUYDQM-UHFFFAOYSA-N,CHEMBL5963705,FC(F)(F)c1nc(-c2ccc(CNc3cnsc3)nc2)no1,6.050609993355087,1,0.0,22
CVXPSEOAGUXFLC-UHFFFAOYSA-N,CHEMBL2413298,Cc1ccc(OCCCCN(Cc2ccccc2)Cc2ccc(C=CC(=O)NO)o2)cc1,5.325138859262188,1,0.0,32
CWAINENDBQWWRD-UHFFFAOYSA-N,CHEMBL4063279,O=C(CCCCN1C(=O)C(Cc2cc3ccccc3[nH]2)N=C(c2ccccc2)c2ccccc21)NO,4.773657912836369,1,0.0,36
CWFYNKHVKIJDDS-UHFFFAOYSA-N,CHEMBL5426948,Cc1cc(C)nc(SCC(=O)Nc2ncc(Cc3cccc(OCc4cn(CCOCCOCCOCCOCCOCCOCCOCCOCCOCCOCCC(=O)Nc5ccc(C(=O)NCc6ccc(C(=O)NO)cc6)cc5)nn4)c3)s2)n1,6.337242168318426,1,0.0,87
CWIKVVHAHBDBDR-UHFFFAOYSA-N,CHEMBL4851084,CC12CC3CC(C)(C1)CC(NC(=O)CCCCCCC(=O)NO)(C3)C2,5.3535962737769305,1,0.0,25
CWISRDFYKNBKMA-UHFFFAOYSA-N,CHEMBL3799246,CCOc1ccc(C(=O)NO)cc1NC(=O)c1ccc(-c2ccccc2)cc1,5.681936665037238,1,0.0,28
CWLTZVKCBLVQKJ-UHFFFAOYSA-N,CHEMBL2413296,Cc1ccc(OCCCN(Cc2ccccc2)Cc2ccc(C=CC(=O)NO)o2)cc1,5.015022873584506,1,0.0,31
CWMHAEARRTUTJU-UHFFFAOYSA-N,CHEMBL4639966,O=C(NO)c1ccc(NC(=O)C2(c3ccc(-c4cn[nH]c4)cc3)CCCCC2)cc1,8.698970004336019,2,0.0,30
CWPIKVMJGSLKKO-UHFFFAOYSA-N,CHEMBL3650144,CC1NC(=O)CC(C=CCCS)OC(=O)CNC(=O)C(C(C)C)NC(=O)C(Cc2ccccc2)NC1=O,7.327902142064282,1,0.0,37
CWPUAFQLQXQIQS-UHFFFAOYSA-N,CHEMBL6192203,O=C(CCCCCOc1cc2ncnc(Nc3ccccc3Cl)c2c2c1OCCO2)NO,6.832387327272469,1,0.0,32
CWUMYDYQSNEPDL-UHFFFAOYSA-N,CHEMBL5423139,O=C(CCCCCCNc1cc(N2CCc3ccccc3CC2)nc(-c2ccccn2)n1)NO,7.187086643357144,1,0.0,34
CWVHTMDIWNFNQO-UHFFFAOYSA-N,CHEMBL4779831,COc1cccc(-c2ccc3c(NC(=O)CCCC(=O)NO)n[nH]c3c2)c1,7.119186407719209,1,0.0,27
CXCVZUPWLPTVOP-UHFFFAOYSA-N,CHEMBL3335284,O=C(CCCCc1ccnn1Cc1cccc(-c2ccccc2)c1)NO,7.455931955649724,1,0.0,26
CXDJAWSOFCGCGY-UHFFFAOYSA-N,CHEMBL4465444,COc1ccc(N(Cc2noc(-c3ccccc3)n2)C(=O)CCCCCC(=O)NO)cc1,8.086186147616283,1,0.0,32
CXDRCLYFWVVMMH-UHFFFAOYSA-N,CHEMBL486975,CC(=O)CCCCCC(NC(=O)C1CCCN(C)C1)c1ncc(-c2ccccc2)[nH]1,6.657577319177793,1,0.0,30
CXECCEZNBYFEIP-UHFFFAOYSA-N,CHEMBL2018301,CN1CCc2c(c3cc(Br)ccc3n2Cc2ccc(C(=O)NO)cc2)C1,6.369572124974976,1,0.0,26
CXFSODJRDWSLKC-UHFFFAOYSA-N,CHEMBL5083475,CCCNNC(=O)c1ccc(CNC(=O)c2cc3cc(Br)ccc3o2)cc1,8.105130343254748,1,0.0,27
CXGCPFUYZATRCE-UHFFFAOYSA-N,CHEMBL5276254,CNC(=O)CCCCCC(NC(=O)CCc1c[nH]c2ccccc12)c1ncc(-c2ccc(-n3cccn3)cc2)[nH]1,6.065501548756432,1,0.0,40
CXHHPDOSCPSDLJ-UHFFFAOYSA-N,CHEMBL5633219,Nc1nc(Cl)c2ncn(Cc3ccc(-c4noc(C(F)(F)F)n4)cc3)c2n1,4.134896025358872,1,0.0,27
CXJRCCTWFSBLFQ-UHFFFAOYSA-N,CHEMBL4159465,CCCCN(Cc1ccc(C(=O)NO)cc1)C(=O)NCCN1CCCC1,4.841637507904751,1,0.0,26
CXLHFLUJPHMEHO-UHFFFAOYSA-N,CHEMBL487347,O=C(c1ncc(C(=O)C(F)(F)F)s1)N1CCc2ccccc21,5.795880017344075,1,0.0,22
CXMDCMWIXPCVSW-UHFFFAOYSA-N,CHEMBL5087290,Cc1cc(Nc2nc(SCc3ccc(C(=O)Nc4ccccc4N)cc3)nn3cccc23)n[nH]1,6.818156412055227,1,0.0,34
CXNQGMCWFTWNKG-UHFFFAOYSA-N,CHEMBL5412013,O=C(NO)c1ccc(Cn2c(=O)n(CCc3ccccc3)c(=O)c3ccccc32)c(F)c1,4.838631997765025,1,0.0,32
CXRLQBYGPWEWJP-UHFFFAOYSA-N,CHEMBL3353927,O=C1CCC(C(=O)NC(CCCCCS)C(=O)Nc2cccc(C(F)(F)F)c2)N1,8.301029995663981,2,0.0,29
CXYJWPKRZDYHBA-UHFFFAOYSA-N,CHEMBL4862719,CCCC(NC(=O)C1CN(C)C1)c1ncc(-c2cc3ccccc3nc2OC)[nH]1,6.4089353929735005,1,0.0,29
CYCCXRDGUHAHQJ-UHFFFAOYSA-N,CHEMBL5207411,Nc1cc(F)ccc1NC(=O)c1ccc(CN2CCC(=Cc3ccccn3)C2=O)cc1,6.062482107982653,1,0.0,31
CYDOMFOKDNLFNL-UHFFFAOYSA-N,CHEMBL483477,O=C(CCCCCCC(=O)NCCc1ccccc1)NO,5.943095148663527,1,0.0,21
CYEICHRLZMRJEV-UHFFFAOYSA-N,CHEMBL5291256,O=C(NO)c1ccc(Cn2cnc(-c3cccs3)n2)cc1,6.604498875694373,1,0.0,21
CYQGDLYBYHOZHO-UHFFFAOYSA-N,CHEMBL3288475,Cc1ccc(-c2csc(NC(=O)CCCCCCS)n2)cc1,7.2441251443275085,1,0.0,22
CYTNKKXCGVFEJU-UHFFFAOYSA-N,CHEMBL3770763,O=C(NO)c1coc(-c2ccc(F)cc2)n1,4.624336386039115,1,0.0,16
CYUMDDCBIITCST-UHFFFAOYSA-N,CHEMBL3664129,CN1CCC(CN(C)Cc2ccc(C(=O)Nc3cc(-c4ccccc4)ccc3O)cc2)CC1,7.107905397309519,1,0.0,33
CZBWGHKLVDVZHV-UHFFFAOYSA-N,CHEMBL3286733,Nc1ccc(-c2ccsc2)cc1NC(=O)c1ccc(N2CCC3(CC2)CNC(=O)O3)nc1,7.958607314841775,1,0.0,32
CZEDAPGUDUPBHW-UHFFFAOYSA-N,CHEMBL258176,Cc1cc(CN2CCN(C(C)C)CC2)cnc1-c1ccc(C(=O)Nc2ccccc2N)cc1,7.720105019988361,1,0.0,33
CZGNIGQJBJYDLA-UHFFFAOYSA-N,CHEMBL5745120,CC1(C(=O)NC(Cc2ccc(-c3noc(C(F)(F)F)n3)cn2)c2cccc(C(F)(F)F)c2)COC1,6.102372908709558,1,0.0,35
CZGZHFZXMXHUKR-UHFFFAOYSA-N,CHEMBL4167374,CCCCN(Cc1ccc(C(=O)NO)cc1)C(=O)Nc1cc(C)ccn1,5.122628654130226,1,0.0,26
CZHHBUBQONINFE-UHFFFAOYSA-N,CHEMBL5968046,CC(=O)NC1CN(C(=O)Nc2cc(C3CCCC3)ccc2N)C1,6.255707016877324,1,0.0,23
CZTCDZYJHPWJAW-UHFFFAOYSA-N,CHEMBL6050473,CN(C(=O)Nc1cc(-c2cccs2)ccc1N)C1COC1,6.255707016877324,1,0.0,21
CZYALTGXIQQGCT-UHFFFAOYSA-N,CHEMBL4861270,CCCCC(NC(=O)C(C)c1c(C)[nH]c2ccc(O)cc12)c1ncc(-c2cc3ccccc3nc2OC)[nH]1,7.431798275933005,1,0.0,38
DABAPACAAQYZGU-UHFFFAOYSA-N,CHEMBL4294936,O=C(CCCCn1cc(-c2ccc(C(=O)NCCNc3nonc3C(=NO)Nc3ccc(F)c(Br)c3)cc2)nn1)NO,6.048274024575408,1,0.0,42
DADBALWTMMVAKC-UHFFFAOYSA-N,CHEMBL5198194,CC1(NCC(=O)NCc2ccc(C=CC(=O)NO)cc2)CCN(c2cnc(-c3cccc(Cl)c3Cl)c(N)n2)CC1,7.167491087293763,1,0.0,40
DAFOEYAJCQLJKF-UHFFFAOYSA-N,CHEMBL6151018,Cc1cc(C(=O)Nc2ccccc2F)nn1Cc1ccc(C(=O)NO)cc1,6.014573525916998,1,0.0,27
DAGWCJGDWGPDPA-UHFFFAOYSA-N,CHEMBL3098604,Cc1cccc(NC(=O)C(CCCCCC(=O)NO)NC(=O)C2CCC(=O)N2)c1,8.154901959985743,2,0.0,29
DAMCTUGVHREIJA-UHFFFAOYSA-N,CHEMBL4644157,CC(C)C(NC(=O)c1ccc(C(=O)NO)cc1)c1ccccc1,5.674484336636851,1,0.0,23
DANMZYPKFBATPO-UHFFFAOYSA-N,CHEMBL471466,CN(Cc1ccc(C(=O)Nc2cc(-c3ccccc3)ccc2N)cc1)c1ccncc1,8.0,2,0.0,31
DAOGDASBGHDEMN-UHFFFAOYSA-N,CHEMBL5979351,Nc1ccc(-c2cccs2)cc1NC(=O)N1CCC1,7.301029995663981,1,0.0,19
DARFUQJSJROALF-UHFFFAOYSA-N,CHEMBL4450285,O=C(CCC1C(=O)N(c2ccc(Cl)cc2)C(=O)N1Cc1ccccc1)Nc1ccc(C(=O)NO)cc1,6.954677021213342,1,0.0,36
DASBFJPCNYHYIF-UHFFFAOYSA-N,CHEMBL4241177,CC(C)c1cc(C(=O)N2CCc3cc(NC(=O)CCCC(=O)NO)ccc32)c(O)cc1O,5.52432881167557,1,0.0,32
DASFUHPVLAUFCK-UHFFFAOYSA-N,CHEMBL5202479,COc1ccc(CNC(=O)c2cc(C(=O)Nc3ccccc3N)ccc2N2CCOCC2)cc1O,4.7823055397946215,1,0.0,35
DASJQZQCLNUTHC-UHFFFAOYSA-N,CHEMBL6046479,CN(Cc1ccnc(Cl)c1)c1ncc(-c2noc(C(F)(F)F)n2)cn1,5.769551078621726,1,0.0,25
DASPYOBFUPXGJJ-UHFFFAOYSA-N,CHEMBL6170665,O=C(NO)c1ccc(CN2CN(c3ccccc3)C3(CCN(C(=O)NCc4ccccc4)CC3)C2=O)cc1,5.908297878282852,1,0.0,38
DAUDXPVXEQTMAS-UHFFFAOYSA-N,CHEMBL5568472,CCCN(Cc1ccc(C(=O)NO)cc1)C(=O)c1ccccc1,6.1487416512809245,1,0.0,23
DAUZZOOVIRGMJX-UHFFFAOYSA-N,CHEMBL3746015,COc1ccc(-c2nc(NC(=O)NCCC(=O)NO)cc3c2[nH]c2ccccc23)cc1,6.958607314841775,1,0.0,31
DAWMVKMNSDXVNL-UHFFFAOYSA-N,CHEMBL5560674,CCCNNC(=O)CCCCNC(=O)C=Cc1cccnc1,6.161780778092375,1,0.0,22
DAXZERYOFDXUJS-UHFFFAOYSA-N,CHEMBL5283395,O=C(C=Cc1ccc(S(=O)(=O)Nc2cc(F)cc(F)c2)cc1)NO,8.2839966563652,1,0.0,24
DAYIQZXDBBYZNJ-UHFFFAOYSA-N,CHEMBL5220815,CCC(=O)CCCCCC(NC(=O)C1CC12CCN(C)CC2)c1ncc(C2=CC3SC=NC3C=C2)[nH]1,8.481486060122112,1,0.0,36
DAYLWSSRTURXPD-UHFFFAOYSA-N,CHEMBL3828289,COc1ccc(C(F)(F)F)cc1-c1nc(N2CCOCC2)c2nc(CN(C)c3ncc(C(=O)NO)cn3)n(C)c2n1,8.79860287567955,1,0.0,41
DBACUCRQRGQVQV-UHFFFAOYSA-N,CHEMBL3287016,CC(C)C(NC(=O)c1csc(-c2cscn2)n1)C(=O)NCCC(=O)NO,5.013676222949234,1,0.0,26
DBADGOOZZBNCRM-UHFFFAOYSA-N,CHEMBL5613964,C#CCN1CCN(CCCOc2ccc3c(ccn3S(=O)(=O)c3ccc(C(=O)NNCCC)cc3)c2)CC1,6.863279432843593,1,0.0,38
DBFAFHTXKYGPFF-UHFFFAOYSA-N,CHEMBL5285293,CCC(=O)CCCCCC(NC(=O)C1CN(C)C1)c1ncc(-c2ccc3ccccc3c2)[nH]1,8.823908740944319,1,0.0,33
DBHAIPXBAXXJAF-UHFFFAOYSA-N,CHEMBL5270878,CCC(=O)CCCCCC(NC(=O)C(=O)N1CCOCC1)c1ncc(-c2cc3ccccc3nc2OC)o1,7.515700160653214,1,0.0,38
DBOGSXSBFWKDRX-UHFFFAOYSA-N,CHEMBL407959,COc1ccc2[nH]c(C)c(CC(=O)NC(CCCCCC(C)=O)c3ncc(-c4ccccc4)[nH]3)c2c1,7.229147988357855,1,0.0,36
DBOSQKGNJZTGTC-UHFFFAOYSA-N,CHEMBL6150030,CS(=O)(=O)Nc1ccc(-c2ccnc(Nc3ccc(N4CCN(CC(=O)Nc5ccc(C(=O)NO)cc5)CC4)cc3)n2)cc1,7.42021640338319,1,0.0,44
DBOYEJSMKQTOQV-UHFFFAOYSA-N,CHEMBL6165663,CC(C)(C)c1cc(NC(=O)Nc2ccc(Oc3ccnc(-c4cnn(CCCCCCCCCCC(=O)NO)c4)c3)cc2)no1,5.462306805632609,1,0.0,45
DBPLRKYFWUVELN-UHFFFAOYSA-N,CHEMBL3415974,Nc1nc2ncc(CNc3ccc(C(=O)NC(CCC(=O)NCCCCCCCCC(=O)Nc4cc(-c5cccs5)ccc4N)C(=O)O)cc3)nc2c(=O)[nH]1,6.510041520575165,1,0.0,55
DBQMHJVDSSQFGI-UHFFFAOYSA-N,CHEMBL6190553,CCCNNC(=O)c1ccc(NC(=O)c2cnc(-c3ccc(OC(F)(F)F)cc3)s2)cc1,5.804100347590767,1,0.0,32
DBSOZGMFMXFGTO-UHFFFAOYSA-N,CHEMBL4090436,CN(C)C(=O)c1cc2cnc(Nc3ccc(NC(=O)CCCCC(=O)NO)cc3)nc2n1C1CCCC1,7.568636235841012,1,0.0,37
DBTNFAVBINYBGQ-UHFFFAOYSA-N,CHEMBL3585958,O=C(CCCCCCc1nc(-c2ccccc2)no1)NO,6.42021640338319,1,0.0,21
DBUYPCWACXHDQH-UHFFFAOYSA-N,CHEMBL4299449,CCC1OC(=O)C(C)C(OC2CC(C)(OC)C(O)C(C)O2)C(C)C(OC2OC(C)CC(N(C)C)C2O)C(C)(O)CC(C)CN(Cc2ccc(-c3cn(CCCCCC(=O)NO)nn3)cc2)C(C)C(O)C1(C)O,6.838631997765026,1,0.0,72
DBVAKOJIFVFVBW-UHFFFAOYSA-N,CHEMBL3648271,CCCn1cnc2cc(C=CC(=O)NO)ccc21,6.047207556955907,3,0.0,18
DBVNJIZWSYAIOO-UHFFFAOYSA-N,CHEMBL5080049,COc1ccc(S(=O)(=O)n2ccc(C=CC(=O)NO)c2)cc1NC(=O)c1[nH]c(C)c2c1CCCCC2=O,7.031517051446065,1,0.0,37
DBWCBZLVYOZZCT-UHFFFAOYSA-N,CHEMBL3689801,Cc1cn2ccc(C=CC(=O)NO)cc2n1,5.886056647693163,1,0.0,16
DBWLJMSQVBCNCC-UHFFFAOYSA-N,CHEMBL5612956,CCCNNC(=O)c1ccc(S(=O)(=O)n2ccc3cc(OCCCN4CCCCC4)ccc32)cc1,6.950781977329818,1,0.0,35
DCHJMXBGNPORHN-UHFFFAOYSA-N,CHEMBL2170186,CCC(=O)CCCCCC1NC(=O)C(C)N(C)C(=O)CCN(CC(C)C)C(=O)CN(CCc2c[nH]c3ccccc23)C1=O,6.267606240177031,1,0.0,43
DCHZINXKOCCSTB-UHFFFAOYSA-N,CHEMBL3656020,O=C(NO)c1cnc(NC2(c3cccc(F)c3)CCCC2)nc1,6.2335871528876,1,0.0,23
DCILHVKLPHCSLK-UHFFFAOYSA-N,CHEMBL3769415,COc1ccc(-c2nc(C(=O)NO)co2)cc1,4.4829361265173455,1,0.0,17
DCKYGRNENJYQPL-UHFFFAOYSA-N,CHEMBL5089538,Cc1ccc(-c2cncc(C=Cc3ccc(C(=O)NO)cc3)c2)c(F)c1,5.97061622231479,1,0.0,26
DCNMWOJTQOUNTR-UHFFFAOYSA-N,CHEMBL4855823,COc1cc2nc(-c3ccc(C)o3)cc(NCc3ccc(C(=O)NO)cn3)c2cc1OC,7.060480747381382,1,0.0,32
DCORLUUYPCXZBD-UHFFFAOYSA-N,CHEMBL2387320,O=C(CCCCCCC(=O)NCC1OC2OC3C(CO)OC(OC4C(CO)OC(OC5C(CO)OC(OC6C(CO)OC(OC7C(CO)OC(OC8C(CO)OC(OC1C(O)C2O)C(O)C8O)C(O)C7O)C(O)C6O)C(O)C5O)C(O)C4O)C(O)C3O)NO,6.200659450546418,1,0.0,89
DCPIIEWGXPWHAR-UHFFFAOYSA-N,CHEMBL3421749,COc1ccc(-c2noc(CNCc3ccc(C(=O)NO)cc3)n2)cc1,5.0798766737092755,1,0.0,26
DCPPOIUUDCBLGV-UHFFFAOYSA-N,CHEMBL6145984,COc1ccc2c(c1)C(=O)C(=Cc1ccc(C(=O)Nc3ccccc3N)cc1)S2,6.9604093769761874,2,0.2730012720637376,29
DCPZNMXHZDMYNE-UHFFFAOYSA-N,CHEMBL4070232,COc1ccc2c(C(=O)c3cc(OC)c(OC)c(OC)c3)cn(Cc3ccc(C=CC(=O)NO)cc3)c2c1,6.887495541232839,1,0.0,38
DCQBXXILKOIKSK-UHFFFAOYSA-N,CHEMBL5620205,COC(=O)CNC(=O)CN(Cc1ccc(C(=O)NO)cc1)C(=O)c1cc2ccccc2[nH]1,7.2839966563652006,1,0.0,32
DCQXZVLPAAYOPC-UHFFFAOYSA-N,CHEMBL5784905,Nc1ccc(-c2cccnc2)cc1NC(=O)C1CCCCC1,6.255707016877324,1,0.0,22
DDAMDJOJXKOHBK-UHFFFAOYSA-N,CHEMBL5202801,CCCCCCNNC(=O)c1cnc(NCCc2ccccc2)nc1,5.657577319177793,1,0.0,25
DDBRHLGFUOFBFM-UHFFFAOYSA-N,CHEMBL4757504,CCN(CC)Cc1ccc(Cn2c(=O)c(OCc3ccc(C(=O)NO)cc3)c(-c3ccccc3)c3ccccc32)cc1,6.492144128304169,1,0.0,42
DDCDBKDXBVPBNH-UHFFFAOYSA-N,CHEMBL5219422,CCC(=O)CCCCCC(NC(=O)C1CC12CCN(C)CC2)c1ncc(-c2ccc(-c3cnccn3)cc2)[nH]1,9.259637310505756,1,0.0,39
DDEWIBSZGWCKDX-UHFFFAOYSA-N,CHEMBL4218825,CCOc1ccc(C2c3ccccc3CCN2CCC(=O)NO)cc1,4.619788758288394,1,0.0,25
DDFXLJZLWDEHBH-UHFFFAOYSA-N,CHEMBL259127,Nc1ccccc1NC(=O)c1ccc(CSc2nc(-c3ccccc3)cc(=O)[nH]2)cc1,6.698970004336019,1,0.0,31
DDGIZMVSUKBZPG-UHFFFAOYSA-N,CHEMBL3314863,O=C(NO)c1ccc(Cc2nnc(Cc3cccc4ccccc34)o2)cc1,6.698970004336019,1,0.0,27
DDHBRLPXBSIOEC-UHFFFAOYSA-N,CHEMBL6168092,COc1ccc(-c2ccc3ccc(OCCCCCC(=O)NO)cc3n2)cc1I,7.474825572164729,1,0.0,29
DDJFEVNAMKGVES-UHFFFAOYSA-N,CHEMBL4856110,COc1cc2nc(-c3ccc(C)o3)cc(NCC3CCN(c4ncc(C(=O)NO)cn4)CC3)c2cc1OC,8.154901959985743,2,0.0,38
DDJUQWDITWQBEP-UHFFFAOYSA-N,CHEMBL6171915,O=C(NO)c1ccc(CN2CN(c3ccccc3)C3(CCN(C(=O)C4CCCO4)CC3)C2=O)cc1,6.238824186844269,1,0.0,35
DDLLLFZKKYPROE-UHFFFAOYSA-N,CHEMBL6166115,CCCCNNC(=O)c1ccc(CN(CC(=O)NCc2ccccc2)C(=O)c2ccc(N(C)C)cc2)cc1,7.431798275933005,5,0.5211380837040362,38
DDMYPHLKSHAEEU-UHFFFAOYSA-N,CHEMBL3689875,CCCCc1nc2cc(C=CC(=O)NO)ccn2c1CN(CC)CCC(C)CC(C)(C)C,6.698970004336019,1,0.0,32
DDNWDPJEUUPJGI-UHFFFAOYSA-N,CHEMBL5219739,CCC(=O)CCCCCC(NC(=O)C1CC12CCN(C)CC2)c1ncc(-c2ccc(-c3cccnc3)cc2)[nH]1,9.508638306165727,1,0.0,39
DDPJBZMZSQSYQE-UHFFFAOYSA-N,CHEMBL4098136,COc1ccc(C(=O)NC(COc2ccc(C=CC(=O)Nc3ccccc3N)cc2)Cc2c[nH]c3ccccc23)cc1,6.546681659952963,1,0.0,42
DDUMZIDIZMKBIB-UHFFFAOYSA-N,CHEMBL4159674,Nc1cc(F)ccc1NC(=O)c1ccc(NC(=O)Cc2ccc(F)cc2)cc1,5.259637310505756,1,0.0,28
DDZKEAMMLODNPS-UHFFFAOYSA-N,CHEMBL3648299,O=C(C=Cc1ccc2c(c1)NCN2)NO,6.047691990337874,1,0.0,15
DEBHAWQTTLPWJV-UHFFFAOYSA-N,CHEMBL5832777,NC(=O)c1ccc(NCc2ccc(-c3noc(C(F)(F)F)n3)cc2)cc1,6.221848749616356,1,0.0,26
DEBSYXDRVTXVMW-UHFFFAOYSA-N,CHEMBL1083411,O=C(CCCCCNC(=O)NC(=O)c1ccc(N2CCCC2)c([N+](=O)[O-])c1)NO,5.462180904926726,1,0.0,29
DEDORAKXXAZOPO-UHFFFAOYSA-N,CHEMBL5411407,CN(C)Cc1ccc(-c2ccc(=O)n(Cc3ccc(C(=O)Nc4ccccc4N)cc3)n2)cc1,7.117475462045119,1,0.0,34
DEECLJKYPGDMNV-UHFFFAOYSA-N,CHEMBL5811673,O=C(NO)c1ccc2oc(-c3ccc(C(F)(F)F)cc3)nc2c1,5.698970004336019,1,0.0,23
DEFGAYDJCLDHQH-UHFFFAOYSA-N,CHEMBL5169631,CC1(C)C(=O)N(c2ccc(C#N)c(C(F)(F)F)c2)C(=S)N1c1ccc(C(=O)Nc2ccccc2N)nc1,5.253365801062421,1,0.0,37
DEKCUYWHVMRDNV-UHFFFAOYSA-N,CHEMBL5200632,Nc1nc(-c2ccco2)c2cnn(Cc3cccc(OCCCCC(=O)NO)n3)c2n1,6.37726803483528,1,0.0,31
DEKDRKOBNHSPFL-UHFFFAOYSA-N,CHEMBL1083129,O=C(CCCCCN(Cc1ccccn1)C(=O)NC(=O)c1ccccc1)NO,4.8326826652518236,1,0.0,28
DENSNLXOZNTKSB-UHFFFAOYSA-N,CHEMBL5172211,O=C(NO)c1ccc(CN2C(=O)CSC2=O)cc1,6.411168274405792,1,0.0,18
DEOIRAXHAMFKGQ-UHFFFAOYSA-N,CHEMBL98724,COc1ccc(-c2ccc(C(=O)CCCCCCC(=O)Nc3ccccc3N)cc2)cc1OC,5.3979400086720375,1,0.0,34
DEPGTCNZKXMKRK-UHFFFAOYSA-N,CHEMBL5219359,CCC(=O)CCCCCC(NC(=O)C1CC12CCN(C)CC2)c1ncc(-c2ccc3nc(-c4ncco4)ccc3c2)[nH]1,9.301029995663981,1,0.0,42
DERFKFVMRCMNBB-UHFFFAOYSA-N,CHEMBL1094042,CC(C)(C)c1[nH]c2ccccc2c1C1CCCN(Cc2ccc(C=CC(=O)NO)cc2)C1,8.522878745280337,1,0.0,32
DERQJZMBCLJNQL-UHFFFAOYSA-N,CHEMBL5978462,Cn1c(C2CCC(=O)N2c2ccc(-c3noc(C(F)(F)F)n3)cc2)nc2ccccc21,5.698970004336019,1,0.0,31
DEXLGAYXVXKSOB-UHFFFAOYSA-N,CHEMBL5619279,Cn1c(C(=O)N(CC(=O)NC(C)(C)C)Cc2ccc(C(=O)NO)cc2)cc2ccccc21,6.522878745280337,1,0.0,32
DFCKIDWUCNZKQX-UHFFFAOYSA-N,CHEMBL4082812,Cc1ccccc1Nc1ncnc2cc(NC(=O)CCCCCCC(=O)NO)sc12,6.860593229558208,1,0.0,30
DFKQAHYOXDWTAQ-UHFFFAOYSA-N,CHEMBL3601331,O=C(CCCCCCC(=O)Nc1ccc2ccnc(Nc3ccc(Br)cc3F)c2c1)NO,7.810790510417694,1,0.0,32
DFNFYRYJDDACHK-UHFFFAOYSA-N,CHEMBL5758276,O=C1NC(=O)C2(CCC(NCc3ccc(-c4noc(C(F)(F)F)n4)cn3)CC2)N1,5.468521082957745,1,0.0,29
DFTHVIQRRSAPMS-UHFFFAOYSA-N,CHEMBL5575122,COc1ccc(-c2cc(OCCCCCCC(=O)Nc3ccccc3N)c3ncnc(C)c3c2)cn1,6.6020599913279625,1,0.0,36
DFTIKTIWFVAIDS-UHFFFAOYSA-N,CHEMBL142209,CCCC(CCC)C(=O)Nc1ccc(C(=O)NO)cc1,6.131943638176958,1,0.0,20
DFVAUEUMTWHQIL-UHFFFAOYSA-N,CHEMBL4069853,O=C(C=Cc1ccc(S(=O)(=O)NCCc2cccc3[nH]ccc23)cc1)NO,8.892790030352131,1,0.0,27
DFWQHKMMOPESFD-UHFFFAOYSA-N,CHEMBL5092047,COc1ccc(CNc2nc(SCc3ccc(C(=O)Nc4ccccc4N)cc3)nn3cccc23)c(OC)c1,6.4736607226101555,1,0.0,39
DFYIKTIEYCPXBX-UHFFFAOYSA-N,CHEMBL5822729,O=C(C1CCOCC1)N(Cc1ccc(-c2noc(C(F)(F)F)n2)cn1)c1cccc(F)c1,6.638272163982407,1,0.0,32
DFZIVCDTMKHRDI-UHFFFAOYSA-N,CHEMBL3799265,COc1ccc(C(=O)NO)cc1NC(=O)Cc1ccccc1,4.539102157243452,1,0.0,22
DGACHWPRSSQBRX-UHFFFAOYSA-N,CHEMBL4792705,O=C(CCCCCCC(=O)Nc1n[nH]c2cc(-c3ccsc3)ccc12)NO,7.441291429466834,1,0.0,27
DGAYBKWHMIEHAO-UHFFFAOYSA-N,CHEMBL5957675,O=S(=O)(N1CCN(C2COC2)CC1)N(Cc1ccc(-c2nnc(C(F)F)o2)cn1)c1cccc(Cl)c1,7.6777807052660805,1,0.0,36
DGHLFKIEZHPVMZ-UHFFFAOYSA-N,CHEMBL3758842,O=C(NCCCCCCS)c1cc(-c2ccc(F)cc2)nn1CCCO,5.886056647693163,1,0.0,26
DGIQRYIMIRRGMB-UHFFFAOYSA-N,CHEMBL5770394,O=C1CSc2ccccc2N1Cc1ccc(-c2noc(C(F)(F)F)n2)cn1,6.886056647693163,1,0.0,27
DGKUZYZFJOZWGX-UHFFFAOYSA-N,CHEMBL4174058,O=C(CCCCCCN(Cc1ccc(F)cc1)c1ncc(C(=O)NCc2cccnc2)s1)NO,7.022276394711152,1,0.0,34
DGPBPDQEGZUDAD-UHFFFAOYSA-N,CHEMBL3689809,CCN(CC)Cc1c(-c2ccccc2)nc2cc(C=CC(=O)NO)ccn12,6.698970004336019,1,0.0,27
DGRNLWVQNPZYQI-UHFFFAOYSA-N,CHEMBL5563329,O=C(CCCCCCN1C(=O)CC(=Cc2ccc(Cl)c(Cl)c2)C1=O)NO,7.554395796726403,1,0.0,26
DGUXFCHSPASYAU-UHFFFAOYSA-N,CHEMBL3286737,Cn1cc(-c2ccc(N)c(NC(=O)c3ccc(N4CCC5(CC4)CNC(=O)O5)nc3)c2)cn1,7.7447274948966935,1,0.0,33
DGVBTGGYDRMFCM-UHFFFAOYSA-N,CHEMBL166496,CN(C)c1cccc2c(S(=O)(=O)Nc3ccc(C=CC(=O)NO)cc3)cccc12,6.552841968657781,1,0.0,29
DGXTWWOXDVLLDE-UHFFFAOYSA-N,CHEMBL5556260,O=C(CCCCCCN1C(=O)CC(=Cc2ccccc2O)C1=O)NO,7.7121982700697735,1,0.0,25
DHDVNZCBVBNUML-UHFFFAOYSA-N,CHEMBL4632775,CN1CC(C(=O)NC(CCCCCC(=O)c2ncco2)c2ncc(-c3ccc(F)cc3)[nH]2)C1,7.958607314841775,1,0.0,33
DHHLNBBLQAWSMH-UHFFFAOYSA-N,CHEMBL6168739,CCc1nc(C(N)=O)c(Nc2ccc(N3CCN(CCCCCCCC(=O)NO)CC3)c(OC)c2)nc1NC1CCOCC1,7.7447274948966935,1,0.0,44
DHHLRKMUVLWMGG-UHFFFAOYSA-N,CHEMBL6031399,Nc1ccc(-c2cccs2)cc1NC(=O)N1CCC(N)C1,6.255707016877324,1,0.0,21
DHLZPGOWBOVKFJ-UHFFFAOYSA-N,CHEMBL5414564,Nc1ccccc1NC(=O)c1ccc(CNC(=O)c2nn(-c3cc(Cl)cc(Cl)c3)nc2N)cc1,6.651695136951839,1,0.0,34
DHMRFGYKNXQOFG-UHFFFAOYSA-N,CHEMBL3601333,Cc1ccc(Nc2nccc3ccc(NC(=O)CCCCCCC(=O)NO)cc23)cc1,8.379863945026242,1,0.0,31
DHPTXCYGINYMBY-UHFFFAOYSA-N,CHEMBL3335289,CC(C)(C)c1ccc(Cn2ccc(CCCCC(=O)NO)n2)cc1,5.882728704344236,1,0.0,24
DHQKIUZSYPCKQB-UHFFFAOYSA-N,CHEMBL6162388,COc1ccc2c(c1)c1[nH]c(=O)c3ccccc3c1n2CCCCC(=O)NO,6.769551078621726,1,0.0,28
DHQXWGLSHGBIEK-UHFFFAOYSA-N,CHEMBL520526,CC(=O)CCCCCC(NC(=O)C1CCN(C)CC1)c1ncc(-c2ccc(Cl)cc2)[nH]1,7.1249387366083,1,0.0,31
DHVTZWIWZWPIFU-UHFFFAOYSA-N,CHEMBL3339030,O=C(CCCCCCC(=O)Nc1cc2c(Nc3ccc(OC4CCOC4)c(Cl)c3)ncnc2s1)NO,8.527243550682787,1,0.0,36
DHWJPMDGGNEXEP-UHFFFAOYSA-N,CHEMBL5436391,N#Cc1ccc2c(=O)n(CCc3ccccc3)c(=O)n(Cc3ccc(C(=O)NO)cc3)c2c1,4.920999785426764,2,0.0003620629487768312,33
DHWPAUZGRCCDDS-UHFFFAOYSA-N,CHEMBL4759915,CCC(=O)CCCCCC(NC(=O)C1CC12CCN(C)CC2)c1ncc(-c2cnc3cccnc3c2)[nH]1,7.703356966489771,2,0.30102999566398125,37
DHXDJNUJFVAVNI-UHFFFAOYSA-N,CHEMBL3664062,Nc1ccc(-c2ccccc2)cc1NC(=O)c1ccc(CNC(=O)c2ccccc2)cc1,7.758563208195623,2,0.07463361829690385,32
DHXIUUKDDYVBSZ-UHFFFAOYSA-N,CHEMBL442661,O=C(C=Cc1ccc(C=CC(=O)c2ccccc2)o1)NO,4.937418015771837,1,0.0,21
DHYRDICZCDYLIV-UHFFFAOYSA-N,CHEMBL4849225,COc1ccc(-c2ccccc2)c2c1CCN(Cc1ccc(C(=O)NO)cc1)CC2,6.083019952679617,1,0.0,30
DIDSSCGDAYYIMV-UHFFFAOYSA-N,CHEMBL4299407,CCC1OC(=O)C(C)C(OC2CC(C)(OC)C(O)(CN(C)C)C(C)O2)C(C)C(OC2OC(C)CC(N(C)Cc3ccc(-c4cn(CCCCCCC(=O)NO)nn4)cc3)C2O)C(C)(OC)CC(C)C(=O)C(C)C(O)C1(C)O,7.47755576649368,1,0.0,77
DIEDYJAVDLECHD-UHFFFAOYSA-N,CHEMBL6166556,COc1ccc2c(c1)C(=O)C(=Cc1cccc(C(=O)NO)c1)S2,5.822178474889565,2,0.7569619513137056,23
DIFQOQWBAQGDGD-UHFFFAOYSA-N,CHEMBL4545091,CC(C)(C)OC(=O)Nc1cccc(-c2csc(NC(=O)CCCCCC(=O)Nc3ccccc3N)n2)c1,5.376750709602099,1,0.0,37
DIIWIWBDXZTFQP-UHFFFAOYSA-N,CHEMBL391384,CC1(C)NC(=O)C(CCCCCSSc2ccccn2)NC(=O)C2CCCN2C(=O)C(CCCc2ccccc2)NC1=O,8.275724130399212,1,0.0,43
DIKSIIHTWNLXJQ-UHFFFAOYSA-N,CHEMBL4443998,CC(NC(=O)c1nc(-c2ncc(-c3ccc(F)cc3)s2)sc1C1CC1)c1ccc(C(=O)NO)cc1,8.578396073130168,1,0.0,35
DINRLSVFUAZDMZ-UHFFFAOYSA-N,CHEMBL236060,Nc1ccccc1NC(=O)c1ccc2nccnc2c1,5.698970004336019,1,0.0,20
DIQOBESGHNMNPM-UHFFFAOYSA-N,CHEMBL5188540,O=C(NO)c1ccc(CNC(=O)N2CCC(N3CC(c4ccccc4)(c4ccccc4)C3=O)CC2)cc1,5.366531544420413,1,0.0,37
DISXKJJDDVRQSD-UHFFFAOYSA-N,CHEMBL1835659,CCC(C)C1NC(=O)C2CSSCCC=CC(CC(=O)NC(CC[S+](C)[O-])C(=O)N2)OC(=O)CC1O,9.031517051446064,1,0.0,36
DITDSCIRTVPFSL-UHFFFAOYSA-N,CHEMBL2381756,O=C(CCCCc1cn(Cc2ccc(F)cc2)nn1)NO,6.1904402853647325,1,0.0,21
DITFNMBCRZRUJF-UHFFFAOYSA-N,CHEMBL4848779,CN1C(=O)Cc2cc(C(=O)Nc3cc(-c4cccs4)ccc3N)ccc21,8.301029995663981,1,0.0,26
DJBVOGNWDOHTSC-UHFFFAOYSA-N,CHEMBL5618388,CC(=O)c1c(-c2ccc([N+](=O)[O-])cc2)cn(CCCCCC(=O)NO)c1C,7.2839966563652006,1,0.0,27
DJEUHZFBWSIGCR-UHFFFAOYSA-N,CHEMBL5176749,O=C(CCCCn1cc(C(=O)NC2C3CC4CC(C3)CC2C4)c2ccccc21)NO,7.27099729072781,1,0.0,30
DJJICDKYOCVBNI-UHFFFAOYSA-N,CHEMBL4637836,NC(CCCCCC(=O)c1ccon1)c1cc(-c2ccccc2F)on1,8.508638306165727,1,0.0,26
DJNFAOJJLHYPLD-UHFFFAOYSA-N,CHEMBL5991688,Cc1noc(N(CCCCCCCC(=O)NO)c2ccc(F)cn2)n1,5.259637310505756,1,0.0,25
DJNOJHKLQULBBK-UHFFFAOYSA-N,CHEMBL2442699,COc1cc(C2c3cc4c(cc3C(Nc3cccc(NC(=O)CCCCC(=O)NO)c3)C3COC(=O)C23)OCO4)cc(OC)c1O,5.844663962534938,1,0.0,46
DJOMXKUTPIXRRB-UHFFFAOYSA-N,CHEMBL5070176,O=C(NO)c1cccc(C=Cc2ccnc(-c3ccccc3O)c2)c1,5.8326826652518236,1,0.0,25
DJQWSLSQBBVDOS-UHFFFAOYSA-N,CHEMBL3664073,Nc1ccc(-c2ccccc2)cc1NC(=O)c1ccc(CNC(=O)Cc2ccccn2)cc1,7.721246399047171,1,0.0,33
DJUWADUNXSFHSV-UHFFFAOYSA-N,CHEMBL5425559,CC(C)C(C(=O)Nc1ccc(C(=O)NO)nc1)c1ccccc1,5.995678626217357,1,0.0,23
DJYLMALAKNUUHH-UHFFFAOYSA-N,CHEMBL5803931,FC(F)(F)c1nc(-c2ccnc(OCC3CC3c3ncccn3)c2)no1,5.585026652029182,1,0.0,26
DKBYJIJPHYGZSK-UHFFFAOYSA-N,CHEMBL4761389,CCC(=O)CCCCCC(NC(=O)C1CC12CCN(C)CC2)c1ncc(-c2ccc(C(=O)NC3CCOC3)cc2)[nH]1,7.99978296126034,2,0.0823512928371315,41
DKGYBSPSUUVQRL-UHFFFAOYSA-N,CHEMBL155579,Nc1ccc(C(=O)NO)cc1,5.146423456380358,1,0.0,11
DKHIRZJEPOTMJN-UHFFFAOYSA-N,CHEMBL5971852,Nc1ccc(-c2cccs2)cc1NC(=O)C1CC1,6.255707016877324,1,0.0,18
DKKBXRVSZIROLK-UHFFFAOYSA-N,CHEMBL270739,O=C(CCCCCC(=O)N(CC(=O)Nc1nc2ccccc2s1)CC(=O)Nc1nc2ccccc2s1)NO,8.022276394711152,1,0.0,38
DKKWVGYRUAULAX-UHFFFAOYSA-N,CHEMBL4647479,CN(C)S(=O)(=O)c1ccc(NCCCCCCC(=O)NO)c2nonc12,7.522878745280337,1,0.0,26
DKLYEIOTPNXWDP-UHFFFAOYSA-N,CHEMBL5924550,OCc1cc(NCc2ccc(-c3noc(C(F)(F)F)n3)cn2)ccc1F,6.2839966563652006,1,0.0,26
DKRVHESJHWXTOR-UHFFFAOYSA-N,CHEMBL5936967,O=C(NC(Cc1ccc(-c2noc(C(F)(F)F)n2)cn1)c1cccc(C(F)(F)F)c1)c1cccnc1,6.173925197299173,1,0.0,36
DKTRHHBNSNEPKV-UHFFFAOYSA-N,CHEMBL3798028,CCOc1ccc(C(=O)NO)cc1NC(=O)c1ccccc1,5.337242168318426,1,0.0,22
DKTYAHSJBXZRQM-UHFFFAOYSA-N,CHEMBL4299411,CCC1OC(=O)C(C)C(OC2CC(C)(OC)C(O)C(C)O2)C(C)C(OC2OC(C)CC(N(C)Cc3cccc(-c4cn(CCCCCC(=O)NO)nn4)c3)C2O)C(C)(O)CC(C)CN(C)C(C)C(O)C1(C)O,6.962573502059376,1,0.0,72
DKWCXRQAJXHSBM-UHFFFAOYSA-N,CHEMBL5271865,CNC(=O)CCCCCC(NC(=O)c1cncs1)c1ncc(-c2ccc(CN(C)C)cc2)[nH]1,5.2168113089247425,1,0.0,33
DLCLIYSJPSHWCC-UHFFFAOYSA-N,CHEMBL5612950,CCCNNC(=O)c1ccc(CN(Cc2ccccc2)C(=O)c2cc3ccccc3s2)cc1,6.940058111938045,1,0.0,33
DLDQAAKTOFWXGE-UHFFFAOYSA-N,CHEMBL6152466,O=C(CCCCCCNC(=O)c1cc2cc(-c3cn[nH]c3)ccc2s1)NO,8.041436116778033,1,0.0,27
DLFLJXKWQCQQIW-UHFFFAOYSA-N,CHEMBL5911339,FC(F)(F)c1nc(-c2ccc(CNc3[nH]nc4ccccc34)nc2)no1,6.275724130399211,1,0.0,26
DLFSPMHGSMXBGE-UHFFFAOYSA-N,CHEMBL5631871,O=C(CCCCCC(=O)Nc1cc(-c2ccc3ncn(Cc4cccc(F)c4Cl)c3c2)[nH]n1)NO,7.492144128304169,1,0.0,35
DLHBDBXFHISPRC-UHFFFAOYSA-N,CHEMBL4877419,Cc1ccc(C(=O)NO)cn1,4.943934070568247,1,0.0,11
DLMNFMQRIXCIAK-UHFFFAOYSA-N,CHEMBL3218562,CCCCC1NC(=O)CC2C=CCCSSCC(NC1=O)C(=O)NC(C(C)C)C(O)CC(=O)O2,9.318758762624412,1,0.0,34
DLNQQIKPLWYLIB-UHFFFAOYSA-N,CHEMBL5590439,C#CCN1C(=O)CNC(=O)C1=Cc1ccc(C(=O)NCCCNC(=O)c2ccc(C(=O)NO)cc2)cc1,7.805485658117533,1,0.0,37
DLWCNKJQJTVKPP-UHFFFAOYSA-N,CHEMBL5092068,CN1c2ccc(F)cc2C(=O)N2CCc3c([nH]c4ccc(OCc5ccccc5C(=O)Nc5ccccc5N)cc34)C21,5.721246399047171,1,0.0,42
DLXQOPMDDGRKNQ-UHFFFAOYSA-N,CHEMBL4538450,CC(C)C(NC(=O)c1nc(-c2nccs2)sc1C1CC1)c1ccc(C(=O)NO)cc1,7.417368560510363,1,0.0,30
DLYBEZHEZJYYAY-UHFFFAOYSA-N,CHEMBL5906784,Nc1ccc(-c2cccs2)cc1NC(=O)OCC1CCC1,6.255707016877324,1,0.0,21
DLYOQRJYUGBDPJ-UHFFFAOYSA-N,CHEMBL4588397,CCN(CCOc1cc(-c2ccc(OC)nc2)cc2c(C)ncnc12)c1ncc(C(=O)NO)cn1,8.67778070526608,1,0.0,35
DMASTJYWACUSHW-UHFFFAOYSA-N,CHEMBL4453971,O=C(NO)c1ccc(Cn2c(=O)n(CCc3ccc(F)cc3)c(=O)c3ccccc32)cc1,4.96617430604669,2,0.0,32
DMGSFVJRMYAQPJ-UHFFFAOYSA-N,CHEMBL4099703,Nc1ccccc1NC(=O)c1ccc(NC(=O)NCc2ccc(F)nc2)cc1,6.552841968657781,1,0.0,28
DMHUURDTAWQEKB-UHFFFAOYSA-N,CHEMBL5417235,Nc1ccccc1NC(=O)c1ccc(NC(=O)c2n[nH]cc2NC(=O)c2c(Cl)cccc2Cl)cc1,7.228235407484576,2,0.4389229663541414,35
DMIDPYMXHVUIIM-UHFFFAOYSA-N,CHEMBL4104247,O=C(NO)c1ccc(CN2c3ccccc3S(=O)(=O)CC3CCCCC32)cc1,5.09151498112135,2,0.0,28
DMJBFFZCBXQEGB-UHFFFAOYSA-N,CHEMBL5280583,COc1ccc2c(c1)C(C)(C)C(c1cccnc1)N2Cc1ccc(C(=O)NO)cc1,5.274088367704952,1,0.0,30
DMKHBMNHLWJUQI-UHFFFAOYSA-N,CHEMBL2407730,O=C(NO)c1ccc(CNc2nccc(-c3cccnc3)n2)cc1,7.187086643357144,1,0.0,24
DMLMKQIHOFYZPV-UHFFFAOYSA-N,CHEMBL4742144,CNc1ccccc1C(=O)NCCCCC(NC(=O)c1cncs1)c1ncc(-c2ccc3ccccc3c2)[nH]1,4.823908740944319,1,0.0,39
DMOIWKDIGHSYIE-UHFFFAOYSA-N,CHEMBL165693,Nc1ccccc1NC(=O)C#Cc1ccc(NS(=O)(=O)c2ccc(-c3ccccc3)cc2)cc1,5.522878745280337,1,0.0,34
DMQAMFFCMRUMDE-UHFFFAOYSA-N,CHEMBL5410511,Cc1cnc(Nc2ccc(C(=O)NO)cc2)nc1Nc1ccc(Cl)c(NS(=O)(=O)C(C)(C)C)c1,6.657577319177793,1,0.0,34
DMRHBIHYPCMINM-UHFFFAOYSA-N,CHEMBL4858999,C=Cc1c(C)c2cc3nc(c(C(=O)OC)c4[nH]c(cc5nc(cc1[nH]2)C(C)=C5CC)c(C)c4C(=O)OC)C(CCC(=O)NCCCCC(=O)Nc1ccccc1N)C3C,4.0915149811213505,1,0.0,59
DMVJLNPNMRXUCQ-UHFFFAOYSA-N,CHEMBL4870227,CCN(CC)Cc1ccc2cc(COC(=O)Nc3c(F)cc(C(=O)NO)cc3F)ccc2c1,6.1438755557577,1,0.0,33
DMXROUYLQHFRCS-UHFFFAOYSA-N,CHEMBL402363,CC1NC(=O)C(C(C)C)NC(=O)C(C)C(CC=CCCC(=O)O)NC(=O)C(Cc2ccccc2)NC1=O,5.913640169325252,1,0.0,37
DMZKVNPCIQQAQC-UHFFFAOYSA-N,CHEMBL3758595,O=C(NCCCCCCS)c1cc(-c2cccc3ccccc23)n[nH]1,6.367542707815275,1,0.0,25
DNGDWRMDZHYPCT-UHFFFAOYSA-N,CHEMBL5271970,O=C(NO)c1ccc(Cn2cnc(-c3cc(F)cc(F)c3)n2)cc1,6.592439150513638,1,0.0,24
DNINPOWJJPWIQI-UHFFFAOYSA-N,CHEMBL149444,COc1ccc(S(=O)(=O)Nc2ccc(C=CC(=O)Nc3ccccc3N)cc2)cc1OC,5.3979400086720375,1,0.0,32
DNLLIPSBFDDENT-UHFFFAOYSA-N,CHEMBL4473206,Nc1ccccc1NC(=O)CCCCCCNC(=O)C=C1NC(=O)c2ccccc21,6.494850021680094,1,0.0,30
DNMNTICKJDQRTK-UHFFFAOYSA-N,CHEMBL5400985,CCC(NC(=O)c1nn(-c2ccccc2)nc1N)c1ccc(C(=O)NO)cc1,7.731720778714235,2,0.6675615400843942,28
DNNIIAKXPYANDN-UHFFFAOYSA-N,CHEMBL4761969,CC(NC(=O)C(CC(=O)NC(C)(C)C)NC(=O)c1ccc(C(=O)NO)cc1)C(=O)NCc1ccccc1,5.161150909262744,1,0.0,37
DNSWHYXKKZEYBQ-UHFFFAOYSA-N,CHEMBL3655924,O=C(NO)c1cnc(NCCc2ccccc2)nc1,6.669586226650809,1,0.0,19
DNTDXBDVROIWEE-UHFFFAOYSA-N,CHEMBL5912534,CN1CCOC(CNCc2ccc(-c3noc(C(F)(F)F)n3)cn2)C1,5.552841968657781,1,0.0,25
DNVBUXUBLIFUEJ-UHFFFAOYSA-N,CHEMBL6148641,O=C(CCCCCCn1cc(-c2cc(Oc3ccc(NC(=O)Nc4ccon4)cc3)ccn2)cn1)NO,8.366531544420413,1,0.0,37
DNYZBTWQVHVQBS-UHFFFAOYSA-N,CHEMBL3339023,Cc1ccc(Nc2ncnc3sc(NC(=O)CCCCCC(=O)NO)cc23)cc1,7.853561864714226,1,0.0,29
DNZYOZKYEXTOPJ-UHFFFAOYSA-N,CHEMBL1630118,O=C(NO)c1ccc(-c2ccc3ncnc(Nc4ccc(OCc5cccc(F)c5)c(Cl)c4)c3c2)s1,6.026872146400301,1,0.0,36
DOASHSIQTDJOIL-UHFFFAOYSA-N,CHEMBL2386907,CCc1c2c(nc3ccc(OCc4cn(CCCCCC(=O)NO)nn4)cc13)-c1cc3c(c(=O)n1C2)COC(=O)C3(O)CC,6.889410289700751,1,0.0,44
DOCUUNQBCZHNKR-UHFFFAOYSA-N,CHEMBL5087431,CCCNNC(=O)c1ccc(CNC(=O)c2cc3ccccc3s2)cc1,8.421360790031928,2,0.0,26
DOCVYLOMPGSXQN-UHFFFAOYSA-N,CHEMBL2312459,Cc1nc2cnccn2c1-c1ccnc(NCc2ccc(C(=O)Nc3ccccc3N)cc2)n1,7.013228265733755,1,0.0,34
DOFQAFOHRJQFBK-UHFFFAOYSA-N,CHEMBL3648273,O=NOc1ccc(N=NCc2ccc(O)c(O)c2)c(S(=O)(=O)Nc2ccc(Cl)cc2)c1,7.0,1,0.0,31
DOGMPVMOPMMAPD-UHFFFAOYSA-N,CHEMBL5206232,COc1cc(C(=O)c2csc(-c3ccc(NC(=O)CCC(=O)NO)cc3)n2)cc(OC)c1OC,5.133122185662501,1,0.0,34
DOHQVZVZWUCKEF-UHFFFAOYSA-N,CHEMBL3689885,CCCCCc1nc2cc(C=CC(=O)NO)ccn2c1CN(CC)CCCC,7.3979400086720375,1,0.0,28
DOJJJXMQCCVQAB-UHFFFAOYSA-N,CHEMBL4849217,C=CCn1c(SCCCCCC(=O)O)nnc1-c1ccncc1,4.0079327399723335,1,0.0,23
DONAKWIEUWRYOZ-UHFFFAOYSA-N,CHEMBL3689884,CCCCCc1nc2cc(C=CC(=O)NO)ccn2c1CNC(C)(C)C,7.698970004336019,1,0.0,26
DORPIZJGSLWDIY-UHFFFAOYSA-N,CHEMBL2178342,O=C(NO)c1cccc(-c2cn(CSc3ccccc3)nn2)c1,4.42021640338319,1,0.0,23
DOTPRVGBFHKZSA-UHFFFAOYSA-N,CHEMBL474015,Nc1ccccc1NC(=O)c1ccc(C(=O)Nc2cccc(Nc3ncc(-c4cccnc4)s3)c2)cc1,6.638272163982407,1,0.0,37
DOTSHPRUISTWSC-UHFFFAOYSA-N,CHEMBL3656017,O=C(NO)c1cnc(NC2(c3ccc(F)cc3)CCCC2)nc1,6.234331445240986,1,0.0,23
DOVKZSHJPXDFRJ-UHFFFAOYSA-N,CHEMBL4207182,Cc1ccc(C(=O)c2ccc3c(ccn3S(=O)(=O)c3cccc(C=CC(=O)NO)c3)c2)cc1,5.847711655616944,1,0.0,33
DOYJVKCBHIEKHA-UHFFFAOYSA-N,CHEMBL3689897,CCCCN(CC)Cc1c(CCC(C)C)nc2cc(C=CC(=O)NO)ccn12,7.3979400086720375,1,0.0,28
DOZPFYZWQNDRRK-UHFFFAOYSA-N,CHEMBL6052509,Nc1ccccc1NC(=O)C=Cc1cnn(CC2CC2)c1,5.522878745280337,2,0.0,21
DPHGSTLAQCKOFV-UHFFFAOYSA-N,CHEMBL95959,O=C(CCCCCCC(=O)c1ccccc1)NO,7.187086643357144,1,0.0,18
DPINOTMBVJNBFU-UHFFFAOYSA-N,CHEMBL4761318,CCC(=O)CCCCCC(NC(=O)c1cncs1)c1[nH]c(-c2ccccc2)nc1C(=O)NCCN(C)C,7.8696662315049934,1,0.0,37
DPKHRWMGXRDLLO-UHFFFAOYSA-N,CHEMBL462208,CC(NC(=O)c1ccc(C(=O)C(F)(F)F)s1)c1ccccc1,5.301029995663981,1,0.0,22
DPKPNPAZPYFQLM-UHFFFAOYSA-N,CHEMBL3670667,COc1ccc(-c2cc(-c3ccccc3)[nH]c2C(=O)NCc2ccc(C(=O)Nc3ccccc3S)cc2)cc1,6.062983892535186,1,0.0,39
DPLVPGMXLSGALC-UHFFFAOYSA-N,CHEMBL6145741,NC(=O)Nc1ccc(Oc2ccnc(-c3cnn(CCCCCCC(=O)NO)c3)c2)cc1,8.468521082957745,1,0.0,32
DPMNEHMTPSXQNP-UHFFFAOYSA-N,CHEMBL6145954,CCn1c2c(c3ccccc31)CCN(C(=O)CCCCCCC(=O)NO)C2,7.920818753952375,1,0.0,27
DPPBHDORTPIJEE-UHFFFAOYSA-N,CHEMBL5596740,CCCCNNC(=O)CCCCCCC(=O)Nc1ccc(Nc2ncc(Cl)c(OC3CCCCC3)n2)cc1,5.823330067331851,1,0.0,38
DPPQTBNAWODKHL-UHFFFAOYSA-N,CHEMBL435160,O=C(CCCCCC(Cc1ccccc1)C(=O)NO)Nc1ccccc1,4.075720713938118,1,0.0,26
DPTRGZNSYOSURO-UHFFFAOYSA-N,CHEMBL4752535,O=C(NC(CCCCNC(=O)c1ccccc1C1CC1)c1ncc(-c2ccc3ccccc3c2)[nH]1)c1cncs1,4.6020599913279625,1,0.0,40
DPYUNJLQFPTQBZ-UHFFFAOYSA-N,CHEMBL5598071,O=C(CCCCCn1cc(Nc2ncc(Cl)c(OC3CCCCC3)n2)cn1)NO,6.024522236834125,1,0.0,29
DQBCBVSLJCVWJK-UHFFFAOYSA-N,CHEMBL149534,Cc1ccc(NS(=O)(=O)c2ccc(C=CC(=O)NO)cc2)cc1,7.301029995663981,1,0.0,23
DQDJACHWFFEAQM-UHFFFAOYSA-N,CHEMBL3601339,COCCN(CCOC)c1nccc2ccc(NC(=O)CCCCCCC(=O)NO)cc12,6.580044251510242,1,0.0,32
DQFYEMJJLBNUIP-UHFFFAOYSA-N,CHEMBL5917567,O=C(NCc1ccc(-c2noc(C(F)(F)F)n2)cc1)C1CCCC1,5.657577319177793,1,0.0,24
DQHBWINPWGGELF-UHFFFAOYSA-N,CHEMBL3314861,O=C(C=Cc1ccc(Cc2nnc(Cc3cccc4ccccc34)o2)cc1)NO,6.698970004336019,1,0.0,29
DQIMPFMQPBIJFZ-UHFFFAOYSA-N,CHEMBL569174,CC(=O)NCCCCCC1NC(=O)CC(CC(C)C)NC(=O)C(Cc2cccc3ccccc23)NC(=O)C(CCCCCC(=O)O)NC1=O,8.096910013008056,1,0.0,49
DQNFNAVAXBXPLV-UHFFFAOYSA-N,CHEMBL5199527,COc1cc(C(=O)c2csc(-c3ccc(OCCCC(=O)NO)cc3)n2)cc(OC)c1OC,5.202732459169283,1,0.0,33
DQQBOQPTLZTKGT-UHFFFAOYSA-N,CHEMBL6160127,COc1ccc(C=C2Sc3cc(C(=O)NO)ccc3C2=O)cc1,6.293937796913341,2,0.18655669273384667,23
DQRCRASLIYMBDI-UHFFFAOYSA-N,CHEMBL5598531,N#CC1(CNc2cccc(-c3cc(Nc4cnn(CCCCCC(=O)NO)c4)ncc3Cl)n2)CCOCC1,5.778846678045294,1,0.0,38
DQXRTBMMUDAJNA-UHFFFAOYSA-N,CHEMBL4064385,Nc1ccccc1NC(=O)c1ccc(Cn2cc(-c3ccc(NC(=O)NCc4cccnc4)cc3)nn2)cc1,7.3872161432802645,1,0.0,39
DQZBPKBRDDGWIK-UHFFFAOYSA-N,CHEMBL5761665,Fc1cc(COc2nc3cccnc3n2CC(F)(F)F)ccc1-c1noc(C(F)(F)F)n1,6.107905397309519,1,0.0,32
DRDKZFDFLAFTRX-UHFFFAOYSA-N,CHEMBL5409400,COc1ccccc1-c1cc(C(=O)NCc2ccc(C(=O)NO)cc2)c(O)cn1,7.521289244487241,1,0.0,29
DRGMFZDBUGVXOG-UHFFFAOYSA-N,CHEMBL5269889,O=C(Cc1cnc(N2CCC(CN3CC(=O)N4C(Cc5c([nH]c6ccccc56)C4c4ccc5c(c4)OCO5)C3=O)CC2)nc1)NO,6.7055337738384075,1,0.0,46
DRKZKGNONHNGTB-UHFFFAOYSA-N,CHEMBL5425203,COc1cc2c(cc1OC)C(=O)C(CC1CCN(Cc3ccc(NC(=O)CCCCCCC(=O)NO)cc3)CC1)C2,6.504455662453552,1,0.0,41
DRLFGGSHPHJCRP-UHFFFAOYSA-N,CHEMBL4299491,CCC1OC(=O)C(C)C(OC2CC(C)(OC)C(O)C(C)O2)C(C)C(OC2OC(C)CC(N(C)Cc3ccc(-c4cn(CCCCCCC(=O)NO)nn4)cc3)C2O)C(C)(OC)CC(C)C(=O)C(C)C(O)C1(C)O,6.684029654543082,1,0.0,73
DRNIPRWPICTNKW-UHFFFAOYSA-N,CHEMBL4237816,CCc1c2c(nc3ccc(O)cc13)-c1cc3c(c(=O)n1C2)COC(=O)C3(CC)OC(=O)CCCCCCCCC(=O)NO,6.1487416512809245,1,0.0,43
DROCPQHWNIUOQA-UHFFFAOYSA-N,CHEMBL2425957,Cc1nc2cc(C=CC(=O)NO)ccc2c(=O)n1Cc1ccccc1,5.838631997765026,1,0.0,25
DRPLPHQOSBKGMC-UHFFFAOYSA-N,CHEMBL4569086,COc1ccc(-c2nc(NCCCCOc3ccc(C=CC(=O)NO)cc3OC)cc3c2[nH]c2ccccc23)cc1,7.214670164989233,1,0.0,41
DRPWGIFMCQXPNS-UHFFFAOYSA-N,CHEMBL3335293,O=C(CCCCc1ccn(Cc2ccc(C(F)(F)F)cc2)n1)NO,6.7055337738384075,1,0.0,24
DRRLJOKIKTUNLL-UHFFFAOYSA-N,CHEMBL4857891,O=C(NO)c1ccc(CN2CCCCc3ccc(Br)cc32)cc1,6.3979400086720375,1,0.0,23
DRRQFLRBTKPRMM-UHFFFAOYSA-N,CHEMBL468935,Nc1cccc(-c2csc(NC(=O)CCCCCCC(=O)NO)n2)c1,8.397940008672037,1,0.0,25
DRTPSQJDXDUDEU-UHFFFAOYSA-N,CHEMBL271641,COc1cccc(NCc2ccc(C(=O)Nc3ccccc3N)cc2)n1,7.0,1,0.0,26
DRULCKOENDKQCY-UHFFFAOYSA-N,CHEMBL4756752,CCC(=O)CCCCCC(NC(=O)CN(C)C)c1[nH]c(-c2ccc(F)cc2)nc1C#N,7.319664486585436,1,0.0,31
DRZGMVJAYULHIP-UHFFFAOYSA-N,CHEMBL5206158,COc1cc2nc(N3CCN(Cc4ccc(C=CC(=O)NO)cc4)CC3)nc(NC3CCN(Cc4ccccc4)CC3)c2cc1OC,7.026872146400302,1,0.0,47
DSDPQMCYEOZWTA-UHFFFAOYSA-N,CHEMBL4517151,Cc1ccc(CN2CCC(c3noc(CN(C)c4ncc(C(=O)NO)cn4)n3)CC2)cc1,8.744727494896694,1,0.0,32
DSKKGFQMLMVZBD-UHFFFAOYSA-N,CHEMBL4776599,COc1ccc(-c2ccc3c(NC(=O)CCCCCCC(=O)NO)n[nH]c3n2)cc1,8.221848749616356,1,0.0,30
DSQYPKWZMVLLOH-UHFFFAOYSA-N,CHEMBL3655972,O=C(NO)c1cnc(NC2(c3ccccc3)CCOCC2)nc1,6.232102383981909,1,0.0,23
DSSCLJMOOUNHMW-UHFFFAOYSA-N,CHEMBL5079755,Nc1ccccc1NC(=O)c1ccc(CCCNc2nc(N)n3nc(-c4ccco4)nc3n2)cc1,7.22548303427145,1,0.0,35
DSTYYXCIANXBMC-UHFFFAOYSA-N,CHEMBL4082598,CN(C)C(=O)c1cc2cnc(Nc3ccccc3NC(=O)CCCCCCC(=O)NO)nc2n1C1CCCC1,7.431798275933005,1,0.0,39
DSUWXSUDZATUMM-UHFFFAOYSA-N,CHEMBL3692691,O=C(NCCNc1ccccc1)c1ccc(-c2noc(C(F)(F)F)n2)cc1,5.055517327849831,1,0.0,27
DSWXYOCCSDFQSQ-UHFFFAOYSA-N,CHEMBL3797442,COc1ccc(C(=O)NO)cc1NC(=O)c1ccc(Cl)cc1Cl,4.886056647693163,1,0.0,23
DSWYPLARVKNCBB-UHFFFAOYSA-N,CHEMBL3286738,Cn1cnc(-c2ccc(N)c(NC(=O)c3ccc(N4CCC5(CC4)CNC(=O)O5)nc3)c2)c1,7.292429823902063,1,0.0,33
DTEYJCOWFSRUQN-UHFFFAOYSA-N,CHEMBL4647881,O=C(NO)c1ccc(NC(=O)C2(c3ccc(Br)cc3)CCCCC2)cc1,7.200659450546418,1,0.0,26
DTIKJDJSQSWQJX-UHFFFAOYSA-N,CHEMBL3655987,CC1(Nc2ncc(C(=O)NO)cn2)CCCCC1,5.851089006890644,1,0.0,18
DTJYXVIPQULTRZ-UHFFFAOYSA-N,CHEMBL2442693,COc1cc(C2c3cc4c(cc3C(Nc3ccccc3OCCCCCCCC(=O)NO)C3COC(=O)C23)OCO4)cc(OC)c1O,6.756961951313706,1,0.0,47
DTLAOALSJUULQM-UHFFFAOYSA-N,CHEMBL5198176,CCCCCCNNC(=O)c1cnc(NCc2ccccc2)nc1,6.251811972993799,1,0.0,24
DTLWMGPSWXSCIY-UHFFFAOYSA-N,CHEMBL3601340,O=C(CCCCCCC(=O)Nc1ccc2ccnc(N3CCOCC3)c2c1)NO,7.33866065999396,1,0.0,29
DTNVLAIWDVXDJR-UHFFFAOYSA-N,CHEMBL4550522,O=C(C=Cc1ccc(NC(=O)Cc2cccc3ccccc23)cn1)NO,7.0043869621537524,2,0.008773924307504899,26
DTPGOFZNWKIIHK-UHFFFAOYSA-N,CHEMBL6152869,COc1ccc(-c2ccc3ccc(OCCCCCCC(=O)NO)cc3n2)cc1I,7.441411416891801,1,0.0,30
DTPLXGVOTRFBKX-UHFFFAOYSA-N,CHEMBL5082644,COc1ccccc1-c1ncc(C(=O)NCCCCCCC(=O)NO)s1,5.289882634888183,1,0.0,26
DTSWVZIEMROXHQ-UHFFFAOYSA-N,CHEMBL5865457,Cn1ccc(N(CCCCCCC(=O)NO)c2ccc(F)cn2)n1,5.259637310505756,1,0.0,24
DTTIQSUWHKFPML-UHFFFAOYSA-N,CHEMBL3356924,Cc1cccc(NC(=O)C(CCCCCS)NC(=O)C2CCC(=O)N2C)c1,8.522878745280337,1,0.0,27
DTUYIDRKQUOHOD-UHFFFAOYSA-N,CHEMBL4572172,Nc1ccccc1NC(=O)c1ccc(CNc2ccccc2)cc1,6.0,1,0.0,24
DTVNAEHYBVIKTD-UHFFFAOYSA-N,CHEMBL5183909,O=C1NC(=O)C(=Cc2ccc(OCC(=O)N3N=C(c4ccc(F)cc4)CC3c3ccc(Cl)c(Cl)c3)cc2)S1,4.958607314841775,1,0.0,38
DTXGOEIYJUXQHG-UHFFFAOYSA-N,CHEMBL4168763,CS(=O)(=O)Nc1ccc(-c2ccnc(Nc3ccc(N4CCC(C(=O)NCCCCC(=O)NO)CC4)cc3)n2)cc1,5.657577319177793,1,0.0,41
DTYUAFQIQYXAKJ-UHFFFAOYSA-N,CHEMBL5189365,Cc1cc(C)c(CNC(=O)c2cc(-c3ccc(N4CCN(c5ncc(C(=O)NO)cn5)CC4)nc3)cc3c2cnn3C(C)C)c(=O)[nH]1,6.920818753952375,2,0.0,47
DTZKYEDMBUPKFM-UHFFFAOYSA-N,CHEMBL3648296,CN1c2cc(C=CC(=O)NO)ccc2NC1CCc1ccccc1,6.417936637088291,1,0.0,24
DTZPKSVXYRJCGJ-UHFFFAOYSA-N,CHEMBL4212751,O=C(CCCCCCN(Cc1ccccc1)Cc1ccccc1)NO,5.958607314841775,1,0.0,25
DUADVYLZXJEIGZ-UHFFFAOYSA-N,CHEMBL425432,Nc1ccccc1NC(=O)C=Cc1ccc(NCc2ccc(OC(F)(F)F)cc2)nc1,5.698970004336019,1,0.0,31
DUAKPHBKVJHHKA-UHFFFAOYSA-N,CHEMBL2018298,CN1CCc2c(c3cc(C(C)(C)C)ccc3n2Cc2ccc(C(=O)NO)cc2)C1,4.85078088734462,1,0.0,29
DUDRNIOSRBCEFQ-UHFFFAOYSA-N,CHEMBL5195946,COc1ccc2c3c(cccc13)C(=O)N(Cc1ccc(C(=O)NO)cc1)C2=O,6.96657624451305,1,0.0,28
DUJQFXYONMWKKK-UHFFFAOYSA-N,CHEMBL5287254,O=C(NO)c1ccc(Cn2cnc(Br)n2)cc1,6.0336235769110775,1,0.0,17
DUPJQTWIYRCOHX-UHFFFAOYSA-N,CHEMBL4793338,C=CC(=O)Nc1cc2c(Nc3ccc(F)c(Cl)c3)ncnc2cc1OCc1cn(CCC(=O)NO)nn1,7.031517051446065,1,0.0,37
DUVLXIGHBVSHMD-UHFFFAOYSA-N,CHEMBL5433364,O=C(NO)c1ccc(CNC(=O)c2ccnc(-c3ccc(N4CCOCC4)cc3)c2)cc1,8.8153085691824,1,0.0,32
DUVWUHQCVCYIRW-UHFFFAOYSA-N,CHEMBL5836517,FC(F)(F)c1nc(-c2ccc(CNc3ccc4c[nH]nc4c3)cc2)no1,6.0,1,0.0,26
DUXRBKWTYAMJCH-UHFFFAOYSA-N,CHEMBL3415959,Nc1nc2ncc(CNc3ccc(C(=O)NO)cc3)nc2c(=O)[nH]1,5.621602099051863,1,0.0,24
DUYXYALKEYJELQ-UHFFFAOYSA-N,CHEMBL5740605,Fc1ccccc1OCc1cc(-c2noc(C(F)(F)F)n2)ccn1,5.508638306165727,1,0.0,24
DVDYMXGIUQSOLD-UHFFFAOYSA-N,CHEMBL6033645,CC(C)C1(Nc2ncc(C(=O)Nc3cc(-c4cccs4)ccc3N)cn2)CCN(C(=O)N2CCN(C)CC2)CC1,8.154901959985743,1,0.0,40
DVGFVGFAANTCRO-UHFFFAOYSA-N,CHEMBL470148,Nc1ccc(-c2cccs2)cc1NC(=O)c1ccc(N2CCC3(CCCC3O)CC2)nc1,7.537602002101044,1,0.0,32
DVHSVOTUIFPGKP-UHFFFAOYSA-N,CHEMBL4779167,Nc1ccccc1NC(=O)c1ccc(NC(=O)CCCNC(=O)CNc2cccc3c2C(=O)N(C2CCC(=O)NC2=O)C3=O)cc1,6.494850021680094,1,0.0,46
DVIKLBLQCQCAMW-UHFFFAOYSA-N,CHEMBL3655970,Cc1ccc(C2(Nc3ncc(C(=O)NO)cn3)CC2)cc1,7.096910013008056,1,0.0,21
DVJTXAPAVBIUMZ-UHFFFAOYSA-N,CHEMBL6160214,O=C(CCCCCCn1c2c(c3ccccc31)CCN(C(=O)c1ccccc1)C2)NO,8.1249387366083,1,0.0,31
DVMASXCDUWBASC-UHFFFAOYSA-N,CHEMBL5899089,O=C1CCC(c2ccc(-c3noc(C(F)(F)F)n3)cc2)N1c1cccc(F)c1,5.6020599913279625,1,0.0,28
DVPOFWNODQBJNT-UHFFFAOYSA-N,CHEMBL492956,O=C(C=Cc1ccc(C(=O)Nc2cccc(Nc3ncc(-c4cccnc4)s3)c2)cc1)NO,7.0,1,0.0,33
DVRMJBBYHFIUML-UHFFFAOYSA-N,CHEMBL486976,CC(=O)CCCCCC(NC(=O)CN1CCN(C)CC1)c1ncc(-c2ccccc2)[nH]1,6.301029995663981,1,0.0,31
DVVQBESAECVRJN-UHFFFAOYSA-N,CHEMBL5571672,COc1ccc(-c2cc(OCCCCCCCCC(=O)Nc3ccccc3N)c3ncnc(C)c3c2)cn1,6.750801642608887,1,0.0,38
DVXUOFNBDSWKOH-UHFFFAOYSA-N,CHEMBL6169332,CCNNC(=O)c1ccc(CNC(=O)c2ccc(OCc3cn(CCCCCCNc4cc5c(cc4F)C(=O)N(C4CCC(=O)NC4=O)C5=O)nn3)cc2)cc1,5.657577319177793,1,0.0,56
DWMMWTLZMHNUSN-UHFFFAOYSA-N,CHEMBL5566136,CCN1CCN(CC2CCc3c(c4cc(F)ccc4n3Cc3ccc(C(=O)NO)cc3)C2=O)CC1,5.653647025549361,1,0.0,35
DWNRYQMKYULULJ-UHFFFAOYSA-N,CHEMBL1099057,O=C(C=Cc1cccc(-c2nc3ccccc3n2CCN2CCCCC2)c1)NO,8.0,1,0.0,29
DWOKCNQEXSKNLD-UHFFFAOYSA-N,CHEMBL5438818,CC(=O)NCc1ccc(C(=O)NO)cc1,4.769551078621726,1,0.0,15
DWUDHPNWSNKHLF-UHFFFAOYSA-N,CHEMBL5177240,C#CCN(C)CCCOc1cc(NC(=O)CCCCCCC(=O)NO)c(Cl)cc1Cl,5.482804102050025,1,0.0,30
DWWXXRKGLLUOGK-UHFFFAOYSA-N,CHEMBL2425965,CCc1nc2cc(C=CC(=O)NO)ccc2c(=O)n1CCc1ccc(OC)cc1,5.7423214251308154,1,0.0,29
DXDGOANNQHWKCJ-UHFFFAOYSA-N,CHEMBL5406583,Cc1ccc(-c2cnc(C(=O)NCCCCCCC(=O)NO)o2)cc1,7.352519226826324,1,0.0,25
DXLAFUMFMFMSLO-UHFFFAOYSA-N,CHEMBL4250057,CCc1c2c(nc3ccc(OC(=O)N4CCN(C(=O)CCCCCCCCC(=O)NO)CC4)cc13)-c1cc3c(c(=O)n1C2)COC(=O)C3(O)CC,4.5215778122599195,1,0.0,51
DXQHZDLZGXUOHY-UHFFFAOYSA-N,CHEMBL5881089,O=S(=O)(N1CCNCC1)N(Cc1ccc(-c2nnc(C(F)(F)F)o2)cc1F)c1ccccc1,7.180456064458131,1,0.0,33
DXVRKGXRZQNFPI-UHFFFAOYSA-N,CHEMBL5584163,O=C(NO)c1ccc(CNC(=O)N2CCc3c(c4ccccc4n3Cc3ccccc3)C2)cc1,5.869023308394382,1,0.0,34
DYAWZNJZRKNKAO-UHFFFAOYSA-N,CHEMBL5220934,O=C(NO)c1ccc(Cn2c(C3CC4(CC4)CN3c3ncnc4[nH]cnc34)nc3cccc(F)c3c2=O)cc1,6.443697499232712,1,0.0,39
DYDICNDYGKZHEU-UHFFFAOYSA-N,CHEMBL5791006,Nc1ccc(-c2cccs2)cc1NC(=O)c1ccc(NC2CCN(C(=O)C3CCCCC3)CC2)cc1,7.823908740944319,1,0.0,36
DYENWGYBOAGJSG-UHFFFAOYSA-N,CHEMBL3656013,O=C(NO)c1cnc(NC2(c3ccc(F)cc3Cl)CC2)nc1,7.6020599913279625,1,0.0,22
DYGMHGFOLKYZEF-UHFFFAOYSA-N,CHEMBL5078089,CN1c2ccc(F)cc2C(=O)N2CCc3c([nH]c4ccc(OCc5ccc(CC(=O)NO)cc5)cc34)C21,6.443697499232712,1,0.0,37
DYGOVISPYZBJRD-UHFFFAOYSA-N,CHEMBL3664080,Nc1ccc(-c2ccccc2)cc1NC(=O)c1ccc(CNC(=O)C2CCCN2)cc1,7.619788758288394,1,0.0,31
DYIZONIZSVWFND-UHFFFAOYSA-N,CHEMBL3593307,Cc1nc2ccccn2c1C=CC(=O)NCCc1ccc(C(=O)Nc2ccccc2N)cc1,6.7495799976911055,1,0.0,33
DYQPWOWIIBMPMP-UHFFFAOYSA-N,CHEMBL3664040,Nc1ccc(-c2cccnc2)cc1NC(=O)c1ccc(CNC(=O)OCc2cccnc2)cc1,7.769551078621726,1,0.0,34
DYUMPFUIXGFMAH-UHFFFAOYSA-N,CHEMBL4468518,CC(C)CCc1c(OCCOc2ccc(C=CC(=O)NO)cc2)ccc2c1OC(=O)CC2,7.079772288543071,2,0.0,32
DYWCVSFKVGGQAG-UHFFFAOYSA-N,CHEMBL5190098,Nc1nc(-c2ccco2)c2cnn(CCOc3ccc(C(=O)NO)cc3)c2n1,7.954677021213342,1,0.0,28
DYYHWPSUKPPWOS-UHFFFAOYSA-N,CHEMBL3664059,Nc1ccc(-c2ccccc2)cc1NC(=O)c1ccc(CNC(=O)CCc2ccccc2)cc1,7.853871964321762,1,0.0,34
DYZSQWJEPPEPAQ-UHFFFAOYSA-N,CHEMBL4873811,CN1CCN(c2nc(-c3ccc(C(=O)NO)cc3)nc3cc(Cl)ccc23)CC1,6.4444219272270455,1,0.0,28
DZABBIZIISBROV-UHFFFAOYSA-N,CHEMBL5900942,O=c1ccc2ccccc2n1Cc1ccc(-c2noc(C(F)(F)F)n2)cc1,6.119186407719209,1,0.0,27
DZHNFBYCLJKJID-UHFFFAOYSA-N,CHEMBL2179247,COc1ccccc1NC(=O)NCc1ccc(C(=O)NO)cc1,6.576754126063192,2,0.0,23
DZJZQNLBLZSWDQ-UHFFFAOYSA-N,CHEMBL3758281,O=C(CCCCCC(=O)NN=Cc1ccc(-c2ccncc2)cc1)NO,8.508638306165727,1,0.0,26
DZLHFLIRHZTRFT-UHFFFAOYSA-N,CHEMBL4633075,CC(=NO)c1sccc1-c1ccc(C2(C(=O)Nc3ccc(C(=O)NO)cc3)CCCC2)cc1,7.366531544420414,1,0.0,33
DZRIVOQHNGLBGP-UHFFFAOYSA-N,CHEMBL5076343,Nc1ccccc1NC(=O)c1ccc(CCn2ncc3c2nc(N)n2nc(-c4ccco4)nc32)cc1,7.095825631715837,1,0.0,36
DZSSEYYBKOEZBO-UHFFFAOYSA-N,CHEMBL494331,NS(=O)(=O)NCCCCC(NC(=O)OCc1ccccc1)c1nc2ccccc2[nH]1,5.537602002101044,1,0.0,30
DZTBKHYBGCZCBN-UHFFFAOYSA-N,CHEMBL3903253,O=C(NO)c1cnc(NC2(c3cccc(F)c3)CCC3(CC2)OCCO3)nc1,6.153044674980176,1,0.0,28
DZTFTHODGCVSEB-UHFFFAOYSA-N,CHEMBL6027603,Nc1ccc(-c2cccs2)cc1NC(=O)C1CCCCC1,7.301029995663981,1,0.0,21
DZTRXWBNYFRNIH-UHFFFAOYSA-N,CHEMBL3828218,CN(Cc1nc2c(N3CCOCC3)nc(-c3ccc(N)cc3)nc2n1C1CCCC1)c1ncc(C(=O)NO)cn1,6.721246399047171,1,0.0,40
DZVLJOBRBUAXRO-UHFFFAOYSA-N,CHEMBL519738,O=C(NCc1ccccc1Cl)c1ccc(C(=O)C(F)(F)F)s1,6.259637310505756,1,0.0,22
DZZGLYFZSNCVTP-UHFFFAOYSA-N,CHEMBL5401051,COc1ccc2c3c(oc2c1)CN(Cc1ccc(C=CC(=O)NO)cc1)CC3,8.050609993355087,1,0.0,28
FABRLCCWRCGASD-UHFFFAOYSA-N,CHEMBL5274088,O=C(NO)c1ccc(Cn2cnc(-c3cccc(C(F)(F)F)c3)n2)cc1,6.913640169325252,1,0.0,26
FADDRZHKVFIVRE-UHFFFAOYSA-N,CHEMBL5082514,Nc1ccccc1NC(=O)c1ccc(CSc2nc(NCc3ccc(C(F)(F)F)cc3)c3cccn3n2)cc1,5.761953896871205,1,0.0,39
FAERAGXWSGZVTO-UHFFFAOYSA-N,CHEMBL4761974,CC(C)c1ccc(C(=O)N(Cc2ccc(C(=O)NO)cc2)Cc2nnnn2Cc2ccccc2)cc1,5.7495799976911055,1,0.0,36
FAGOMVKUBSQNCD-UHFFFAOYSA-N,CHEMBL235210,COc1ccc(C(=O)Nc2cc(-c3cccs3)ccc2N)cc1,7.301029995663981,1,0.0,23
FAHHXCWHXGBIOW-UHFFFAOYSA-N,CHEMBL5573240,COc1ncc(-c2cc(OCCCOc3ccc(C(=O)Nc4ccccc4N)cc3)c3ncnc(C)c3c2)cc1NS(=O)(=O)c1ccc(F)cc1F,7.022276394711152,1,0.0,52
FAMQRYJFYVNUIF-UHFFFAOYSA-N,CHEMBL4520424,O=C(CCc1cc(C(=O)NO)no1)Nc1nc(-c2ccccc2)cs1,6.512861624522813,1,0.0,25
FAMYGZOROSXZLB-UHFFFAOYSA-N,CHEMBL3689835,CCCCc1nc2cc(C=CC(=O)NO)ccn2c1CN(CCC)CCCC,7.045757490560675,1,0.0,28
FAOLANZJIDREED-UHFFFAOYSA-N,CHEMBL5080511,CCCNNC(=O)c1ccc(CNC(=O)c2cc3cc(OC)ccc3[nH]2)cc1,8.33161408331,1,0.0,28
FAPLEVQVYVMRCW-UHFFFAOYSA-N,CHEMBL5647130,CC(C)CC(NC(=O)C(O)C(N)Cc1ccccc1)C(=O)NCc1ccc(C(=O)Nc2ccccc2N)cc1,7.045757490560675,1,0.0,39
FAUUHDAGCVNTFW-UHFFFAOYSA-N,CHEMBL3698507,O=C(C#Cc1ccc(NS(=O)(=O)c2ccc(-c3ccccc3)cc2)cc1)NO,6.522878745280337,1,0.0,28
FAVFIULZDIDPMU-UHFFFAOYSA-N,CHEMBL4859648,O=C(NO)c1ccc(CN2C(=O)CCc3cc(Cl)ccc32)cc1,6.559090917934782,1,0.0,23
FAXVPGVAXAHKSU-UHFFFAOYSA-N,CHEMBL479279,CN1CCN(c2ccc(-c3ccnc(NCc4ccc(C(=O)Nc5ccccc5N)cc4)n3)cn2)CC1,7.096910013008056,1,0.0,37
FAZBEZDKEBAKNB-UHFFFAOYSA-N,CHEMBL5090390,Nc1nc2c(cnn2CCCCC(=O)NO)c2nc(-c3ccco3)nn12,6.313810765755976,1,0.0,26
FBJSIVYYFMWHLD-UHFFFAOYSA-N,CHEMBL5437381,O=C(NO)c1ccc(CNC2CCCc3cccnc32)cc1,5.326979092871104,1,0.0,22
FBMZZKJWNJGIID-UHFFFAOYSA-N,CHEMBL336935,O=CN(O)CCCCCC(C(=O)Nc1ccc2ncccc2c1)C(=O)Nc1ccc2ncccc2c1,6.7447274948966935,1,0.0,36
FBNAXKWJSPCGRZ-UHFFFAOYSA-N,CHEMBL5075038,Nc1ccccc1NC(=O)c1ccc(CNc2nc(N)n3nc(-c4ccco4)nc3n2)cc1,7.182434630440219,1,0.0,33
FBOSGXMDCDWJBK-UHFFFAOYSA-N,CHEMBL4285223,O=C(CCCCCCC(=O)Nc1ccc(-c2ccnc(Nc3ccc(N4CCCCC4)cc3)n2)cc1)NO,6.029653123769906,1,0.0,38
FBYHANQSKOFIDP-UHFFFAOYSA-N,CHEMBL5982095,CC(=O)N1CCN(C(=O)Nc2cc(C3=CCCC3)ccc2N)CC1,5.515700160653214,1,0.0,24
FCAUHGBKWVFDBE-UHFFFAOYSA-N,CHEMBL2401843,CC12CCC3c4ccc(O)cc4CCC3C1CCC2(O)c1cn(CCCC(=O)NO)nn1,7.823908740944319,1,0.0,32
FCBXDOAZFCPVJO-UHFFFAOYSA-N,CHEMBL247218,CC(C)(C)c1ccc(CN2Cc3ccc(C=CC(=O)NO)cc3C2=O)cc1,6.638272163982407,1,0.0,27
FCGWIBHVSXLROC-UHFFFAOYSA-N,CHEMBL272615,O=C(NO)c1cc2ccc(NS(=O)(=O)c3cccc4ccccc34)cc2s1,7.585026652029182,1,0.0,27
FCIAWMPGAVAUAC-UHFFFAOYSA-N,CHEMBL5189321,Cc1ccc(-c2nc(N)nc3c2cnn3Cc2cccc(OCCCCCC(=O)NO)n2)o1,6.6777807052660805,1,0.0,33
FCPVEAKBNLBQGH-UHFFFAOYSA-N,CHEMBL6053258,NC(=O)c1cccc(NCc2ccc(-c3noc(C(F)(F)F)n3)cc2)c1,6.045757490560675,1,0.0,26
FCQFCCBAAJDIRR-UHFFFAOYSA-N,CHEMBL3689802,CCCCNCc1c(C)nc2cc(C=CC(=O)NO)ccn12,6.795880017344075,1,0.0,22
FCQMZQPBVGDJRA-UHFFFAOYSA-N,CHEMBL5742830,O=C(CCCCCCN(c1ccc(F)cn1)c1nc(C(F)(F)F)ns1)NO,6.1249387366083,1,0.0,27
FCWOOKFVJLJSCB-UHFFFAOYSA-N,CHEMBL5219118,CCC(=O)CCCCCC(NC(=O)C1CC12CCN(C)CC2)c1ncc(-c2ccc(-c3cccnc3)cc2)o1,8.481486060122112,1,0.0,39
FCXNEJOVTQTYLD-UHFFFAOYSA-N,CHEMBL391396,O=C(NC(CCCCCS)C(=O)NC1CCCC1)OC1CCCCC1,5.987162775294828,1,0.0,25
FCYYFNJSDXLLIR-UHFFFAOYSA-N,CHEMBL5967437,CS(=O)(=O)N1CCN(S(=O)(=O)N(Cc2ccc(-c3nnc(C(F)F)o3)cc2F)c2ccccc2)CC1,7.42021640338319,1,0.0,36
FCZBRVUMWYMVSP-UHFFFAOYSA-N,CHEMBL4083264,Nc1ccccc1NC(=O)c1ccc(NC(=S)NCc2ccc(F)nc2)cc1,6.431798275933005,1,0.0,28
FDAHNKZUSZJURJ-UHFFFAOYSA-N,CHEMBL3655938,O=C(NO)c1cnc(NCc2ccccc2-c2ccccc2)nc1,6.337242168318426,1,0.0,24
FDBGKYDLLNFNLR-UHFFFAOYSA-N,CHEMBL405714,Cc1cc(C)nc(NCc2ccc(C(=O)Nc3ccccc3N)cc2)n1,6.522878745280337,1,0.0,26
FDBZFCLYXBIXNR-UHFFFAOYSA-N,CHEMBL5407992,Cc1onc(-c2ccccc2)c1C(=O)NCCCCCCC(=O)NO,5.522878745280337,1,0.0,25
FDFSXIJXRYVIES-UHFFFAOYSA-N,CHEMBL5886118,COCCn1cc2c(n1)CN(C(=O)Nc1nc(-c3ccc(Cl)s3)ccc1N)C2,5.560667306169737,1,0.0,28
FDGKABLVNAIWQV-UHFFFAOYSA-N,CHEMBL5864391,O=C1COCC(c2nc(-c3ccccn3)no2)N1c1ccc(-c2noc(C(F)(F)F)n2)cc1,7.1938200260161125,1,0.0,33
FDGKGEQEBPUJBY-UHFFFAOYSA-N,CHEMBL6143723,CC(=O)N1CCc2c(n(CCCCCCCC(=O)NO)c3ccccc23)C1,8.0,1,0.0,27
FDHMBAWJZOHTFF-UHFFFAOYSA-N,CHEMBL5542593,O=C(CCCCCCN1C(=O)CC(=Cc2cccc(F)c2)C1=O)NO,7.123782159408358,1,0.0,25
FDKBZGYHEWRDAU-UHFFFAOYSA-N,CHEMBL3415963,Nc1nc2ncc(CNc3ccc(C(=O)NCCCCCCC(=O)NO)cc3)nc2c(=O)[nH]1,7.6307841425898575,1,0.0,33
FDNJKUCJVFAHFE-UHFFFAOYSA-N,CHEMBL5960457,O=C1CCC(c2ccccc2)N1c1ccc(-c2noc(C(F)(F)F)n2)cc1,6.0,1,0.0,27
FDOMGLWLNARRRF-UHFFFAOYSA-N,CHEMBL3648315,Cn1cnc2cc(C=CC(=O)NO)ccc21,5.853871964321762,3,0.05976820500348978,16
FDRJGSJVMZXGMY-UHFFFAOYSA-N,CHEMBL4577419,O=C(CCN(Cc1ccc(C(=O)NO)cc1)C(=O)c1ccccc1)NCc1ccccc1,6.872571222148402,1,0.0,32
FDSDNMJXILQXBF-UHFFFAOYSA-N,CHEMBL5281824,COc1cc(C=C2SC(=O)N(CCNC(=O)Nc3c(C)n(C)n(-c4ccccc4)c3=O)C2=O)cc(OC)c1OC,6.45717457304082,1,0.0,40
FDSPSLJTTWLHQY-UHFFFAOYSA-N,CHEMBL5201140,COc1cc2nc(NCCCCCC(=O)NO)nc(NC3CCN(Cc4ccccc4)CC3)c2cc1OC,8.494850021680094,1,0.0,38
FDTJPEFUCCISMT-UHFFFAOYSA-N,CHEMBL1830399,CCCCc1nc2cc(C=CC(=O)NO)ccc2n1CCN(C)C,8.327902142064282,1,0.0,24
FDUPRJQTLOIWRJ-UHFFFAOYSA-N,CHEMBL5281081,O=C(NO)c1ccc(CN2CCN(C(=O)c3c[nH]c4cc(F)ccc34)CC2)cc1,5.924453038607469,1,0.0,29
FDUWAKJKLASRSS-UHFFFAOYSA-N,CHEMBL5945074,COc1cccc(-c2cc3ccc(C(=O)NO)cc3o2)c1,6.327902142064282,1,0.0,21
FDZHKPIVKVFYRH-UHFFFAOYSA-N,CHEMBL3664131,COc1cccc(CNCc2ccc(C(=O)Nc3cc(-c4ccccc4)ccc3O)cc2)c1,5.366531544420413,1,0.0,33
FEANGDQVGBXDMV-UHFFFAOYSA-N,CHEMBL3098688,O=C(CCCCCC(NC(=O)C1CCC(=O)N1)C(=O)NCCc1ccccc1)NO,7.113509274827518,1,0.0,30
FEBQKGUEVNTRER-UHFFFAOYSA-N,CHEMBL5639119,CCCNNC(=O)CCCCCNC(=O)C(CC(C)C)NC(=O)C(O)C(N)Cc1ccccc1,6.721246399047171,1,0.0,34
FEHFKUIBPASWRG-UHFFFAOYSA-N,CHEMBL3335007,O=C(NO)c1ccc(N2CCN(CCc3ccccc3)C2=O)cc1,7.886056647693163,1,0.0,24
FEHMSOXLBSZWRN-UHFFFAOYSA-N,CHEMBL4861461,Nc1nc2cc(-c3nn(CC4CCN(C(=O)c5ccc(C(=O)NO)cc5)CC4)c4ncnc(N)c34)ccc2o1,7.920818753952375,1,0.0,39
FEISOLNHAWFPKQ-UHFFFAOYSA-N,CHEMBL241338,Cn1c(=O)n(Cc2ccc(C(=O)Nc3ccccc3N)cc2)c(=O)c2ccccc21,7.0,1,0.0,30
FEPPBWWTGCVFTP-UHFFFAOYSA-N,CHEMBL6170358,Cc1cc2c(cc1C#N)c(-c1cccc(N)c1C)cn2-c1ccc(OCCCCCC(=O)NO)cc1,6.5752816626684325,1,0.0,36
FEQIKLJBYKPUSY-UHFFFAOYSA-N,CHEMBL4551531,CCSc1ccc2c(c1)N(Cc1ccc(C(=O)NO)cc1)c1ccccc1S2,5.142667503568731,1,0.0,28
FERIUCNNQQJTOY-UHFFFAOYSA-N,CHEMBL14227,CCCC(=O)O,4.795880017344075,2,0.0,6
FERIXKUWSGZYOJ-UHFFFAOYSA-N,CHEMBL4444811,O=C(NO)c1ccc(CN2c3ccccc3S(=O)(=O)c3ccccc32)cc1,5.399027104313252,1,0.0,27
FESQCEOPKBAIAM-UHFFFAOYSA-N,CHEMBL3309857,O=C(CCCCCC1NC(=O)C2CCCCCCCCCCC(NC(=O)C3CCCN3C1=O)C(=O)N2)NO,7.6020599913279625,1,0.0,38
FEWZFWICBIRTLY-UHFFFAOYSA-N,CHEMBL4160840,O=C(NO)c1ccc(-c2ccnc(Nc3ccc(N4CCOCC4)cc3)n2)cc1,6.795880017344075,1,0.0,29
FEZFVSIXKPZEDK-UHFFFAOYSA-N,CHEMBL4457698,CN(C)c1cccc2c(S(=O)(=O)N(CC(=O)NCc3ccccc3)Cc3ccc(C(=O)NO)cc3)cccc12,6.0385789059335515,1,0.0,39
FFGSLXUZHVBGFN-UHFFFAOYSA-N,CHEMBL4278948,CCN(Cc1ccncc1)C(=S)SCc1ccc(C(=O)Nc2ccccc2N)cc1,5.860120913598763,1,0.0,30
FFHKPZZJXFWRFF-UHFFFAOYSA-N,CHEMBL1099048,Cc1c(Cc2ccccc2)nc(-c2cccc(C=CC(=O)NO)c2)n1CCc1ccccc1,8.102372908709558,1,0.0,33
FFIWPBCXFGWKBO-UHFFFAOYSA-N,CHEMBL3664108,CCN(C)Cc1ccc(C(=O)Nc2cc(-c3ccccc3)ccc2O)cc1,7.508638306165727,1,0.0,27
FFJAAKXJKVGNSI-UHFFFAOYSA-N,CHEMBL5846398,Cc1cn(C(C)C(=O)N(Cc2ccc(-c3noc(C(F)(F)F)n3)cn2)c2cccc(F)c2)nn1,6.698970004336019,1,0.0,34
FFJOTRGZBMVGIX-UHFFFAOYSA-N,CHEMBL279797,COc1ccc(CNC(=O)c2ccc3sc(C(=O)NO)cc3c2)cc1,7.443697499232712,1,0.0,25
FFJUVYLRUBETEY-UHFFFAOYSA-N,CHEMBL4094410,CN(C)Cc1cn(S(=O)(=O)c2cccc(C=CC(=O)NO)c2)c2ccccc12,5.821023052706831,1,0.0,28
FFKCJGZNWZGUOO-UHFFFAOYSA-N,CHEMBL5179973,CCCNc1nc(Cl)nc2c1ncn2Cc1ccc(C(=O)Nc2ccccc2N)cc1,6.510041520575165,1,0.0,31
FFOBSVYYGFGUBV-UHFFFAOYSA-N,CHEMBL1084282,O=C(CCCCCNC(=O)NC(=O)c1ccc(F)cc1)NO,5.5934598195660445,1,0.0,22
FFOIKUZKPAJVBY-UHFFFAOYSA-N,CHEMBL4445342,CCC(Nc1ncnc2[nH]cnc12)c1nc2cccc(CCCCC(=O)NO)c2c(=O)n1-c1ccccc1,6.367542707815275,1,0.0,38
FFQIAPNNAZFJSB-UHFFFAOYSA-N,CHEMBL4871275,CC12CC3CC(C)(C1)CC(NC(=O)CCCCCCCC(=O)NO)(C3)C2,5.552841968657781,1,0.0,26
FFRHGVVKHFNCCX-UHFFFAOYSA-N,CHEMBL3692642,Cc1ccc(NS(=O)(=O)c2ccc(-c3noc(C(F)(F)F)n3)cc2)cc1,5.301029995663981,1,0.0,26
FFSKTCXMDQFURH-UHFFFAOYSA-N,CHEMBL4786350,O=C(CCCCCCC(=O)Nc1n[nH]c2cc(-c3ccc(Cl)cc3)ccc12)NO,8.508638306165727,2,0.0,29
FFSTVYVJBPAQFL-UHFFFAOYSA-N,CHEMBL4875969,O=C(NO)c1ccc(CN2CCCCc3ccc(Cl)cc32)cc1,6.391473966422806,1,0.0,23
FFUSUHXKNXZBJR-UHFFFAOYSA-N,CHEMBL5572364,COc1ccc(-c2cc(OCCCOc3ccc(C(=O)Nc4ccccc4N)cc3)c3ncnc(C)c3c2)cn1,6.761953896871205,1,0.0,40
FFXMBQPRXUZASB-UHFFFAOYSA-N,CHEMBL3689866,CN(CCC(C)(C)C)Cc1c(C(C)(C)C)nc2cc(C=CC(=O)NO)ccn12,6.568636235841012,1,0.0,28
FFXUDLUXUIJFSS-UHFFFAOYSA-N,CHEMBL491491,CCN(CC)CCn1c(CCc2ccccc2)nc2cc(C=CC(=O)NO)ccc21,7.142667503568731,3,0.0,30
FFYPWXUBGIMTJU-UHFFFAOYSA-N,CHEMBL5833030,Cc1ccc(C=CCC(=O)Nc2ccc(C(=O)Nc3ccc(F)cc3N)cc2)cn1,6.251811972993799,1,0.0,30
FGCPJJYYYNBUBD-UHFFFAOYSA-N,CHEMBL6132960,CCNNC(=O)c1ccc(CNC(=O)c2ccc(NC(=O)CCCCCCCNc3cc4c(cc3F)C(=O)N(C3CCC(=O)NC3=O)C4=O)cc2)cc1,6.125518182300533,1,0.0,53
FGCXXGHHKHZDPG-UHFFFAOYSA-N,CHEMBL5398443,Nc1ccccc1NC(=O)c1ccc(CNC(=O)c2nn(-c3cccc(Cl)c3)nc2N)cc1,6.939302159646388,1,0.0,33
FGGKPKQDDAAFDG-UHFFFAOYSA-N,CHEMBL2046610,O=C(Nc1ccc(C(=O)N2CCc3nc(C(=O)NO)sc3C2)cc1)c1ccc(-c2ccccc2)s1,5.586700235918748,1,0.0,35
FGOREKAQPPMVFS-UHFFFAOYSA-N,CHEMBL513881,CC(=O)CCCCCC(NC(=O)c1ccc2c(c1)OCCO2)c1ncc(-c2ccccc2)[nH]1,6.522878745280337,1,0.0,33
FGRHBOCVOGOKKY-UHFFFAOYSA-N,CHEMBL5804701,COc1cccc(NCc2ccc(-c3noc(C(F)(F)F)n3)cc2)c1,5.769551078621726,1,0.0,25
FGSUPLOLVHHRHH-UHFFFAOYSA-N,CHEMBL2386909,CCc1c2c(nc3ccc(OCc4cn(CCCCCCCC(=O)NO)nn4)cc13)-c1cc3c(c(=O)n1C2)COC(=O)C3(O)CC,6.432973633840939,1,0.0,46
FGTCDOQAINTJHP-UHFFFAOYSA-N,CHEMBL4582566,CNC(=O)c1cc(Oc2ccc(NC(=O)c3cccc(O)c3)cc2)ccc1N,5.709965388637482,1,0.0,28
FGZORIKWFVMNIJ-UHFFFAOYSA-N,CHEMBL3645366,O=C(C=Cc1ccc2c(c1)NC(CCc1ccccc1)N2CCN1CCOCC1)NO,6.571865205971211,1,0.0,31
FHBZKZXRDXKXBH-UHFFFAOYSA-N,CHEMBL4068347,COc1ccc(C(=O)NC(Cc2c[nH]c3ccccc23)C(=O)Nc2ccc(C(=O)Nc3ccccc3N)cc2)cc1,7.304518323509803,1,0.0,41
FHCSDOYZPKUSSD-UHFFFAOYSA-N,CHEMBL4577858,Cc1csc(-c2nc(C(=O)NC(C)c3ccc(C(=O)NO)cc3)c(C3CC3)s2)n1,7.781989957015637,1,0.0,29
FHFUBRLTXZVOQX-UHFFFAOYSA-N,CHEMBL5597296,CCCCCCNNC(=O)c1ccc(CNC(=O)CN2CCC(c3ccc(NC4CCC(=O)NC4=O)cc3)CC2)cc1,5.769551078621726,1,0.0,42
FHHRSQAWPUUWAA-UHFFFAOYSA-N,CHEMBL4871247,Cc1ccc(-c2nc(CNc3ccc(C(=O)NO)cc3)n(-c3ccccc3)n2)s1,5.404393565134397,1,0.0,29
FHLXJPRIWLJGKM-UHFFFAOYSA-N,CHEMBL3758912,O=C(O)CCn1nc(C(=O)NCCCCCCS)cc1-c1ccc(F)cc1,5.568636235841012,1,0.0,27
FHRUVVOXWGOVFG-UHFFFAOYSA-N,CHEMBL471220,NC(=O)CN1CCC2(CCN(c3ccc(C(=O)Nc4cc(-c5cccs5)ccc4N)cn3)CC2)C1,7.886056647693163,1,0.0,35
FHSCMTRAIIBOGP-UHFFFAOYSA-N,CHEMBL5894524,CC(CN(C)C)NC(=O)c1ccc(-c2noc(C(F)(F)F)n2)nc1,5.769551078621726,1,0.0,24
FHSWKNWDBKVHSC-UHFFFAOYSA-N,CHEMBL4078822,CN(C)C(=O)c1cn(S(=O)(=O)c2cccc(C=CC(=O)NO)c2)c2ccccc12,5.1605219526258015,1,0.0,29
FHTKFPAEMFZRRR-UHFFFAOYSA-N,CHEMBL5278415,CN(C)c1ccc(-c2nc(C(=O)NCc3ccc(C=CC(=O)NO)cc3)cc3c2[nH]c2ccccc23)cc1,7.537602002101044,1,0.0,38
FHXHKANEXJWASJ-UHFFFAOYSA-N,CHEMBL6148703,O=C(NO)c1ccc(Cn2nc(C(=O)Nc3ccccc3)cc2C(F)(F)F)cc1,6.021819483062586,1,0.0,29
FHXKGVZDSDZEEF-UHFFFAOYSA-N,CHEMBL4862349,Cc1ccc(-n2nc(-c3ccccc3)nc2CNc2ccc(C(=O)NO)cc2)cc1,5.765229704839084,1,0.0,30
FIAZVYIQRLPOGX-UHFFFAOYSA-N,CHEMBL5789081,O=S(=O)(N1CCN(C2CCC2)CC1)N(Cc1ccc(-c2nnc(C(F)F)o2)cn1)c1cccc(Cl)c1,7.443697499232712,1,0.0,36
FIBXGIRQFZKTBU-UHFFFAOYSA-N,CHEMBL4879154,CCCCC(NC(=O)C(CN)c1c(C)[nH]c2ccc(OC)cc12)c1ncc(-c2cc3ccccc3nc2OC)[nH]1,7.795880017344075,1,0.0,40
FIHKWEQJEDRIFS-UHFFFAOYSA-N,CHEMBL2381517,O=C(NO)c1cccc(C(=O)NCCc2ccccc2)c1,4.920818753952375,1,0.0,21
FIMWAKPEWMTONO-UHFFFAOYSA-N,CHEMBL521355,COc1ccc(Cl)cc1N1CCN(C(=O)c2ccc(C(=O)C(F)(F)F)s2)CC1,5.356547323513812,1,0.0,28
FIMYEORZUZGRFU-UHFFFAOYSA-N,CHEMBL490018,CC(C=Cc1ccccc1)=CC(=O)NCCCCCC(=O)NO,8.455931955649724,1,0.0,23
FINJKWBVDVDIEV-UHFFFAOYSA-N,CHEMBL5408111,O=C(CCCNc1cc(N2CCN(c3ccc(F)cc3)CC2)nc(-c2ccccn2)n1)NO,6.0347982989740885,1,0.0,33
FIRDMYGUQVUYTP-UHFFFAOYSA-N,CHEMBL5429412,O=C(NO)c1ccc(CNC(=O)c2ccnc(-c3ccc(OCCN4CCOCC4)cc3)c2)cc1,8.721246399047171,1,0.0,35
FIRLRBFVYREIOM-UHFFFAOYSA-N,CHEMBL6159562,O=C(CCCCCCn1c2cc3c(cc2c2[nH]c(=O)c4ccccc4c21)OCO3)NO,8.397940008672037,1,0.0,31
FISVQQMGJRQPQB-UHFFFAOYSA-N,CHEMBL4797791,CCC(=O)CCCCCC(NC(=O)C1CC12CCN(CC)CC2)c1ncc(-c2cc(C#N)ccc2OC)[nH]1,7.920818753952375,1,0.0,38
FIVLBNRZTBFFFL-UHFFFAOYSA-N,CHEMBL4463149,Nc1cc(Cl)ccc1NC(=O)c1ccc(CNC(=O)C=C2NC(=O)c3ccccc32)cc1,6.33161408331,1,0.0,32
FIXDCQCNIHMSCW-UHFFFAOYSA-N,CHEMBL4558496,COc1ccc(-c2nc(NCCCCOc3ccc(C=CC(=O)NO)cc3)cc3c2[nH]c2ccccc23)cc1,6.903089986991944,1,0.0,39
FIZZRHWTXQEMKY-UHFFFAOYSA-N,CHEMBL5417416,Nc1ccccc1NC(=O)c1ccc(COc2ccc(CN3C(=O)CCC3CC(=O)NCc3ccccc3)cc2)cc1,7.075720713938118,1,0.0,42
FJCKUPDEWJIVCF-UHFFFAOYSA-N,CHEMBL5394186,Nc1ccccc1NC(=O)c1ccc(CNC(=O)c2nn(-c3cccc4ccccc34)nc2N)cc1,7.251811972993799,1,0.0,36
FJDYQEMGLNJPOQ-UHFFFAOYSA-N,CHEMBL4171675,CCSC(Nc1ccccc1)=C(C#N)C(=O)NN=Cc1ccc(Cl)cc1Cl,7.154901959985743,1,0.0,27
FJEREIYRYVFVOT-UHFFFAOYSA-N,CHEMBL5416888,COc1cccc(-n2nc(N)c(C(=O)NCc3ccc(C(=O)NO)cc3)n2)c1,8.481486060122112,1,0.0,28
FJGMSTGHAUPHKC-UHFFFAOYSA-N,CHEMBL4854089,C=CCn1c(SCc2ccc(C(=O)Nc3ccccc3N)cc2)nnc1-c1ccncc1,4.926648297613099,1,0.0,32
FJHAZKRAKVQPHB-UHFFFAOYSA-N,CHEMBL5915390,Nc1ccc(-c2cccs2)cc1NC(=O)N1CCC(F)C1,7.301029995663981,1,0.0,21
FJJKXQGXSMTATK-UHFFFAOYSA-N,CHEMBL5555728,CC1CN(CC2CCc3c(c4ccccc4n3Cc3ccc(C(=O)NO)cc3)C2=O)CC(C)O1,6.060480747381382,1,0.0,34
FJKNOBWYTIDZFS-UHFFFAOYSA-N,CHEMBL5180263,O=C(CCCCCCn1nc(C(=O)NC2C3CC4CC(C3)CC2C4)c2ccccc21)NO,8.528708288941061,1,0.0,32
FJPDRDDLAWLIEY-UHFFFAOYSA-N,CHEMBL5957605,Cc1noc(N(CCCCCCCC(=O)NO)c2ccccn2)n1,5.259637310505756,1,0.0,24
FJPHSZVLTPHNJB-UHFFFAOYSA-N,CHEMBL3827738,CCn1c(CN(C)c2ncc(C(=O)NO)cn2)nc2c(N3CCOCC3)nc(-c3ccc(OC)cc3)nc21,9.0,1,0.0,38
FJVNKWJIYMJLFJ-UHFFFAOYSA-N,CHEMBL6173928,O=C(NO)c1ccc(CN2CCC(S(=O)(=O)NC3CC3c3ccccc3)CC2)cc1,8.385102783966865,1,0.0,30
FJXOZMGDPBTRIC-UHFFFAOYSA-N,CHEMBL3217999,C#Cc1cccc(Nc2ncnc3ccc(NC(=O)c4ccc(C(=O)Nc5ccccc5N)cc4)cc23)c1,4.978810700930062,1,0.0,38
FJZVQTFTHCKMPQ-UHFFFAOYSA-N,CHEMBL4237454,CC(C)c1cc(C(=O)N2CCc3cc(NC(=O)CCCCCC(=O)NO)ccc32)c(O)cc1O,6.356547323513812,1,0.0,34
FKAXDNQJXJCQEI-UHFFFAOYSA-N,CHEMBL5394932,CC(C)(C)OC(=O)NCc1ccc(OCc2ccc(C(=O)Nc3ccccc3N)cc2)cc1,5.767257937279263,1,0.0,33
FKBINUQUENYAFV-UHFFFAOYSA-N,CHEMBL1083087,O=C(CCCCCNC(=O)NC(=O)c1cccc(Br)c1)NO,5.501689446210399,1,0.0,22
FKCNGHIFFXLRHA-UHFFFAOYSA-N,CHEMBL5850094,CCc1nnc(C2CCC(=O)N2c2cc(F)c(-c3noc(C(F)(F)F)n3)cc2F)o1,6.1487416512809245,1,0.0,30
FKCQAJYTZWXNQB-UHFFFAOYSA-N,CHEMBL5559821,COc1ccccc1C=C1CC(=O)N(CCCCCCC(=O)NO)C1=O,7.899629454882437,1,0.0,26
FKFBPBIKLNMVHO-UHFFFAOYSA-N,CHEMBL4551227,CC(Nc1ccccc1)c1ccc(C(=O)Nc2ccccc2N)cc1,5.638272163982407,3,0.2662678894047694,25
FKHNMNWBPAXPPJ-UHFFFAOYSA-N,CHEMBL3734952,CCC1OC(=O)C(C)C(=O)C(C)C(OC2OC(C)CC(N(C)Cc3ccc(-c4cn(CCCCC(=O)NO)nn4)cc3)C2O)C(C)(OC)CC(C)C2=NCCN3C(=O)OC1(C)C3C2C,6.570247719997592,1,0.0,64
FKIUJBYZKBKRCY-UHFFFAOYSA-N,CHEMBL5428663,Nc1ccccc1NC(=O)c1ccc(CNC(=O)c2nn(-c3ccc4ccccc4c3)nc2N)cc1,6.747146969020107,1,0.0,36
FKKOKPKLSREYPZ-UHFFFAOYSA-N,CHEMBL1808674,O=C(C=CC=CCCCCc1ccc2c(c1)OCO2)NO,5.79317412396815,1,0.0,21
FKNSECLMZZCDNP-UHFFFAOYSA-N,CHEMBL2381730,N#Cc1ccc(Cn2cc(CCCCC(=O)NO)nn2)cc1,6.154281982033341,1,0.0,22
FKOFCAHTEAXSJK-UHFFFAOYSA-N,CHEMBL4288953,Cc1ccc(-c2nc(NCc3ccc(C(=O)NO)cc3)cc3c2[nH]c2ccccc23)cc1,8.55284196865778,2,0.0,32
FKSNJACQQDIITN-UHFFFAOYSA-N,CHEMBL2047679,COc1ccc(CC(=NN)C(=O)NCCSSCCNC(=O)C(Cc2ccc(OC)c(Br)c2)=NN)cc1Br,5.522878745280337,1,0.0,38
FKVKATMLAUBQFC-UHFFFAOYSA-N,CHEMBL4846560,Nc1nc2cc(-c3nn(CCCCCCC(=O)NO)c4ncnc(N)c34)ccc2o1,8.808271851737622,2,0.5992670911437923,30
FKYMMARQDYHEJG-UHFFFAOYSA-N,CHEMBL3698522,O=C(Cc1ccc(CCCCc2cccc(C(F)(F)F)c2)cc1)NO,6.031517051446064,1,0.0,25
FLACARWBNZHXPZ-UHFFFAOYSA-N,CHEMBL5180181,O=C(CCCCCCn1c(C(=O)NC2C3CC4CC(C3)CC2C4)cc2cc(Cl)ccc21)NO,8.665546248849068,1,0.0,33
FLARIPIRNKBQOL-UHFFFAOYSA-N,CHEMBL5618320,COCCOc1ccc2c(OCCCCCCCC(=O)NO)cc(=O)oc2c1,9.522878745280337,1,0.0,28
FLBKQTSHSCEGFM-UHFFFAOYSA-N,CHEMBL3415961,Nc1nc2ncc(CNc3ccc(C(=O)NCCCCC(=O)NO)cc3)nc2c(=O)[nH]1,5.211124884224583,1,0.0,31
FLEMUVTXATYOIZ-UHFFFAOYSA-N,CHEMBL1084357,O=C(CCCCCNC(=O)NC(=O)c1ccc2c(c1)nc(CCc1ccccc1)n2CCN1CCCC1)NO,5.269217724333611,1,0.0,39
FLLMOAHCFCJLEW-UHFFFAOYSA-N,CHEMBL5419690,COc1cc2c(cc1-c1c(C)noc1C)[nH]c1ncnc(NCCCCCC(=O)Nc3ccc(C=CC(=O)NO)cc3)c12,6.598599459218455,1,0.0,43
FLMAGDPBVLRRSK-UHFFFAOYSA-N,CHEMBL3309291,CC1(C)CC(=O)Nc2ccc(C(=O)NCc3ccc(C=CC(=O)NO)cc3)cc21,7.180456064458131,1,0.0,29
FLPKYVFSPMWCBW-UHFFFAOYSA-N,CHEMBL3664047,CC(C)COC(=O)NCc1ccc(C(=O)Nc2cc(-c3ccccc3)ccc2N)cc1,7.346787486224656,1,0.0,31
FLPNJGZGZRYFNK-UHFFFAOYSA-N,CHEMBL3828747,CN(Cc1nc2c(N3CCOCC3)nc(Cl)nc2n1C)c1ncc(C(=O)NO)cn1,8.958607314841775,1,0.0,30
FLQZBDLXWLNEHF-UHFFFAOYSA-N,CHEMBL3808639,CNC(=O)CCCCCC(NC(=O)c1cncs1)c1ncc(-c2cc3ccccc3nc2OC)[nH]1,6.7011524070372435,2,0.0043648054024503224,35
FLVRTLIFEXOAQK-UHFFFAOYSA-N,CHEMBL5632335,O=C(CCCCCC(=O)Nc1cc(-c2ccc3ncn(C4CCCC4)c3c2)[nH]n1)NO,7.498940737782249,1,0.0,31
FLYRIVVRPZBMKU-UHFFFAOYSA-N,CHEMBL5815973,Fc1cc(COc2cnc(C3CC3)nc2)ccc1-c1noc(C(F)(F)F)n1,5.823908740944319,1,0.0,27
FLZWFZZIIMRHAG-UHFFFAOYSA-N,CHEMBL3664022,Nc1ccc(F)cc1NC(=O)c1cnc2c(C3CC3)c(N3CCNCC3)ccc2c1,6.329754146925875,1,0.0,30
FMAYUVHWYXXHME-UHFFFAOYSA-N,CHEMBL4095934,Cc1cc(C)cc(C(=O)N(CCCCCC(=O)NO)CC(=O)NC2CCCCC2)c1,7.562249437179612,1,0.0,30
FMCAMBYZONPQAZ-UHFFFAOYSA-N,CHEMBL5590465,C#CCN1C(=O)CNC(=O)C1=Cc1ccc(C(=O)NO)cc1,5.920818753952375,1,0.0,22
FMDUQUPDPRRDDD-UHFFFAOYSA-N,CHEMBL95535,C=C(CCCCCCC(=O)NO)c1ccc2ccccc2c1,8.096910013008056,1,0.0,22
FMDXHYBMMUKXCF-UHFFFAOYSA-N,CHEMBL5794307,O=C1CCC(c2nc3ccccc3[nH]2)N1c1ccc(-c2noc(C(F)(F)F)n2)cc1,6.958607314841775,1,0.0,30
FMEUTJXSLMQEMU-UHFFFAOYSA-N,CHEMBL5424524,Cc1cnc(Nc2ccc(C(=O)Nc3ccccc3N)cc2)nc1Nc1cccc(S(=O)(=O)NC(C)(C)C)c1,6.568636235841012,1,0.0,39
FMFGBNSYDXGCMP-UHFFFAOYSA-N,CHEMBL5411151,Cc1cnc(Nc2ccc(C(=O)Nc3ccccc3N)cc2)nc1Nc1ccc(Cl)c(NS(=O)(=O)C(C)(C)C)c1,6.301029995663981,1,0.0,40
FMGVGYKABLFKTR-UHFFFAOYSA-N,CHEMBL3655929,O=C(NO)c1cnc(NCc2ccc3c(c2)OCO3)nc1,7.3979400086720375,1,0.0,21
FMIAQJHYYPRCCL-UHFFFAOYSA-N,CHEMBL4449208,Nc1cc(F)ccc1NC(=O)c1ccc(CNC(=O)C=C2NC(=O)c3ccc(C(F)(F)F)cc32)cc1,6.308918507877031,1,0.0,36
FMMUPAPSVDSQOM-UHFFFAOYSA-N,CHEMBL5075423,Cn1cccc1C(=O)Nc1cccc(CCC(=O)NO)c1,5.892111974817201,1,0.0,21
FMOCRRKOGCETOK-UHFFFAOYSA-N,CHEMBL481728,Nc1ccccc1NC(=O)C=Cc1ccc(CNc2nccc(-c3cccnc3)n2)cc1,5.920818753952375,1,0.0,32
FMOLUGCFDXSGQT-UHFFFAOYSA-N,CHEMBL5090092,CN1c2ccc(F)cc2C(=O)N2CCc3c([nH]c4ccc(OCCCCCCCC(=O)NO)cc34)C21,6.823908740944319,1,0.0,36
FMOQHLZNJFXULZ-UHFFFAOYSA-N,CHEMBL4452620,CC(C)(C)c1ccc(C(=O)Nc2ccc(C(=O)NO)cc2)cc1,6.2182446253475305,1,0.0,23
FMRDHCIILDHHKR-UHFFFAOYSA-N,CHEMBL3648289,CCn1c(CCCc2c[nH]c3ccccc23)nc2cc(C=CC(=O)NO)ccc21,7.187086643357144,3,0.0,29
FMRRKIJLNAMNDY-UHFFFAOYSA-N,CHEMBL4094315,O=C(CCCCCCNc1ncnc2ccc(F)cc12)NO,7.886056647693163,1,0.0,22
FMSIPPLGBUEFFU-UHFFFAOYSA-N,CHEMBL5565947,O=C(NO)c1ccc(Cn2c3c(c4cc(F)ccc42)C(=O)C(CN2CCOCC2)CC3)cc1,5.3829996588791005,1,0.0,33
FNEMPWZNAOCUEQ-UHFFFAOYSA-N,CHEMBL4583564,CCCNNC(=O)c1ccc(CNCc2ccccc2)cc1,7.055616042359156,1,0.0,22
FNFQNQNCCZPBLG-UHFFFAOYSA-N,CHEMBL420998,Nc1ccccc1NC(=O)CCCCCCC(=O)c1ccc(-c2cccnc2)cc1,5.0,1,0.0,30
FNHYTJKOMHTNFV-UHFFFAOYSA-N,CHEMBL3650145,CC(=O)SCCC=CC1CC(=O)NC(C)C(=O)NC(Cc2ccccc2)C(=O)NC(C(C)C)C(=O)NCC(=O)O1,6.899629454882437,1,0.0,40
FNIIPERYFWUVCR-UHFFFAOYSA-N,CHEMBL4291778,CC(C)(C)OC(=O)N1CCC2(CC1)CN(Cc1ccc(C(=O)NO)cc1)c1ccccc12,5.3979400086720375,1,0.0,32
FNNZNPVSVHKMRS-UHFFFAOYSA-N,CHEMBL4776660,O=C(CCCCCCn1cnc2c(N3CCOCC3)nc(-c3cn[nH]c3)nc21)NO,8.769551078621726,1,0.0,30
FNOKUWISQMMAIS-UHFFFAOYSA-N,CHEMBL3645374,O=C(C=Cc1ccc2c(c1)nc(-c1ccncc1)n2CCCO)NO,6.0726296369609765,3,0.0,25
FNSKUCPZQSLLMT-UHFFFAOYSA-N,CHEMBL4455083,Cc1ccc(NC(=O)CCN(Cc2ccc(C(=O)NO)cc2)C(=O)c2ccccc2)cc1,7.560667306169737,1,0.0,32
FNYAYVCCDVPVGG-UHFFFAOYSA-N,CHEMBL5188569,Nc1ccccc1NC(=O)c1ccc(CN2C(=O)C3=C(CCN(Cc4ccccc4)C3)N3CCN=C23)cc1,6.703334809738469,1,0.0,38
FOBBYTXDJVRRLB-UHFFFAOYSA-N,CHEMBL2431862,Cn1cccc1C(=O)NCc1ccc(C(=O)NO)cc1,5.236572006437063,2,0.0,20
FOCVUFCPRMCIPI-UHFFFAOYSA-N,CHEMBL1097017,CC(C)n1c(-c2cccc(C=CC(=O)NO)c2)nc2ccccc21,7.102372908709558,1,0.0,24
FODMIKQPUQMCIY-UHFFFAOYSA-N,CHEMBL5836277,CC(Nc1ncc(-c2noc(C(F)(F)F)n2)cc1Cl)c1ccccc1,5.200659450546418,1,0.0,25
FOEOGDDWIWAHOU-UHFFFAOYSA-N,CHEMBL5395429,COc1ccc(-c2cnc(C(=O)NCCCCCC(=O)NO)o2)cc1,6.5079383954874,1,0.0,25
FOJUJNQDHNOTIL-UHFFFAOYSA-N,CHEMBL5985403,Cc1cc2c(cn1)CN(C(=O)Nc1nc(-c3ccc(F)cc3F)ccc1N)C2,6.522878745280337,1,0.0,28
FOKFAOWXRIEVFR-UHFFFAOYSA-N,CHEMBL3689854,CCN(Cc1c(C(C)(C)C)nc2cc(C=CC(=O)NO)ccn12)CC1CC1,6.481486060122112,1,0.0,27
FOKOZXITMRFJDN-UHFFFAOYSA-N,CHEMBL5597605,COc1cc(F)ccc1-c1cc(Nc2ccc(NC(=O)CCCCCCC(=O)NO)cc2)ncc1F,6.31560352158098,1,0.0,36
FOKWHYHIPROXIA-UHFFFAOYSA-N,CHEMBL3664052,Nc1ccc(-c2cccs2)cc1NC(=O)c1ccc(CNC(=O)OCc2ccccc2)cc1,7.275724130399211,1,0.0,33
FOLVOXAEHBGIDM-UHFFFAOYSA-N,CHEMBL460963,CN(C)CC(C)(C)Cn1c(CCc2ccccc2)nc2cc(C=CC(=O)NO)ccc21,7.619788758288394,3,0.0,31
FONRPJRCDPZTNQ-UHFFFAOYSA-N,CHEMBL6176302,Cc1cccc(Cn2nc(C(=O)NCCCCCCC(=O)NO)c3c2-c2ccc(-c4c(C)noc4C)cc2CC3)c1,6.481486060122112,1,0.0,41
FOOLAZWZXXARID-UHFFFAOYSA-N,CHEMBL5558839,NC1CC1c1ccc(NC(=O)CCC(=O)NCCCNCCCCNCCCNC(=O)c2ccc(NC(=O)CCCCCCC(=O)NO)cc2)cc1,7.371406744148741,1,0.0,52
FOPVUBSEBZNOHJ-UHFFFAOYSA-N,CHEMBL3943331,COc1ccccc1N1C(=O)N(Cc2ccc(C(=O)NO)cc2)C(C)(C)C1=O,4.543633966870957,2,0.0,28
FOQOGEKCYXBRDV-UHFFFAOYSA-N,CHEMBL472261,Nc1ccc(-c2cccs2)cc1NC(=O)c1ccc(N2CCC3(CCN(CC(F)(F)F)C3)CC2)nc1,7.769551078621726,1,0.0,36
FOVKWGOMUSPMLY-UHFFFAOYSA-N,CHEMBL5078504,O=C(CCCCCNc1nn2c(=O)c3cc(Br)ccc3nc2c2ccccc12)NO,7.357535479757878,1,0.0,30
FOVMHXCGSPMFTG-UHFFFAOYSA-N,CHEMBL241337,Nc1ccccc1NC(=O)c1ccc(Cn2c(=O)[nH]c3ccccc3c2=O)cc1,7.221848749616356,1,0.0,29
FOVSLONNMLNECB-UHFFFAOYSA-N,CHEMBL3664120,CN(C)C1CCN(Cc2ccc(C(=O)Nc3cc(-c4ccccc4)ccc3O)cc2)C1,7.301029995663981,1,0.0,31
FOWUOSHNILCZNQ-UHFFFAOYSA-N,CHEMBL5575335,NC(=O)c1cccc2[nH]c(-c3ccc(NCc4ccc(C(=O)Nc5ccccc5N)cc4)cc3)nc12,7.301029995663981,1,0.0,36
FOYDGOBFRZQHEU-UHFFFAOYSA-N,CHEMBL5202431,CCN1CCN(c2cc(Nc3ncc(C(=O)Nc4ccc(F)cc4N)s3)ncn2)CC1,6.09151498112135,1,0.0,31
FPCWVCJWBGYLMA-UHFFFAOYSA-N,CHEMBL4648856,O=C(NO)c1ccc(NC(=O)C2(c3ccc(-c4ccc5[nH]ccc5c4)cc3)CCCC2)cc1,8.096910013008056,1,0.0,33
FPDWMVMMXPSCNT-UHFFFAOYSA-N,CHEMBL5169570,CC1(C)C(=O)N(c2ccc(C#N)c(C(F)(F)F)c2)C(=S)N1CCCCC(=O)NO,5.510041520575165,1,0.0,29
FPHFSSOTOCNYGI-UHFFFAOYSA-N,CHEMBL3698515,O=C(CCCc1ccc(CCCCc2ccccc2)cc1)NO,6.1249387366083,1,0.0,23
FPPLHJIGHXZJDD-UHFFFAOYSA-N,CHEMBL6164287,CCCNNC(=O)c1ccc(CNC(=O)c2cnc(-c3cccc4ccccc34)[nH]2)cc1,5.692503962086787,1,0.0,32
FPQZFCVFBLEELM-UHFFFAOYSA-N,CHEMBL525529,O=C(c1ccc(C(=O)C(F)(F)F)s1)N1CCc2ccccc21,5.792513326014591,2,0.1870866433571443,22
FPRGWMQQGYPUDP-UHFFFAOYSA-N,CHEMBL227722,COC(=O)C(Cc1cccc(CC(NC(C)=O)C(=O)O)c1)NC(=O)C(N)CCCCCC(=O)NO,4.3979400086720375,1,0.0,35
FPTLNIKQDHBHON-UHFFFAOYSA-N,CHEMBL419886,Nc1ccccc1NC(=O)CCCCCN1C(=O)c2cc(O)c(CN3CCOCC3)cc2C1=O,5.3979400086720375,1,0.0,34
FPXZKOBZLYNGDA-UHFFFAOYSA-N,CHEMBL5592497,Cc1cc(C=C2C(=O)NCC(=O)N2C)ccc1C=CC(=O)NO,6.851335660017764,1,0.0,23
FQAZXPMITHVSOG-UHFFFAOYSA-N,CHEMBL251011,COc1ccc(COC(CCCCCC(=O)NO)C(=O)Nc2ccccc2)cc1,7.272458742971444,1,0.0,29
FQGLSHIZYYTQFM-UHFFFAOYSA-N,CHEMBL5410992,O=C(CCCCCCNC(=O)c1ncc(-c2ccccc2Cl)s1)NO,7.194431182451444,1,0.0,25
FQHSWVQKHJWUBA-UHFFFAOYSA-N,CHEMBL3810196,CNC(=O)CCCCCC(NC(=O)c1cncs1)c1ncc(-c2ccc3ccnc(OC)c3c2)[nH]1,5.581698708680255,1,0.0,35
FQIHBODXKVPRER-UHFFFAOYSA-N,CHEMBL474693,O=C(Nc1cc(-c2ccccc2)ccc1O)c1ccc(CNCCc2ccccc2)cc1,6.01278100040374,2,0.0008945306600294245,32
FQJUYQRZIZBMCI-UHFFFAOYSA-N,CHEMBL5792493,O=C(N(Cc1ccc(-c2noc(C(F)(F)F)n2)cn1)c1cccc(F)c1)C1(CN2CCOCC2)CC1,6.619788758288394,1,0.0,36
FQLCLMHMOFLVSV-UHFFFAOYSA-N,CHEMBL5206304,O=C(CCCCCCNC(=O)c1ccc(NC(=O)CCCCCCCNC(=O)COc2cccc3c2C(=O)N(C2CCC(=O)NC2=O)C3=O)cc1)NO,6.903089986991944,3,0.13353890837021787,53
FQLIWEMJPBTPEX-UHFFFAOYSA-N,CHEMBL4237899,CC(C)c1cc(C(=O)N2CCc3cc(NC(=O)CCCCCCCCC(=O)NO)ccc32)c(O)cc1O,5.692503962086787,1,0.0,37
FQNMAWUQAQHBRY-UHFFFAOYSA-N,CHEMBL5825927,O=C(CCCCCCCN(c1ccc(F)cn1)c1nc2ccccc2o1)NO,5.259637310505756,1,0.0,28
FQNRJUPFEMJKDZ-UHFFFAOYSA-N,CHEMBL4469267,CC1(C)CCC(CN2CCN(c3ccc(C(=O)NS(=O)(=O)c4ccc(NCCCCCCC(=O)NO)c([N+](=O)[O-])c4)c(Oc4cnc5[nH]ccc5c4)c3)CC2)=C(c2ccc(Cl)cc2)C1,6.1771783546968955,1,0.0,64
FQPSSFPWGUTZFL-UHFFFAOYSA-N,CHEMBL5943359,Nc1ccc(-c2ccccn2)cc1NC(=O)c1cnc(N2CCNCC2)s1,6.5934598195660445,2,0.0,27
FQRQEWGLSFNJHM-UHFFFAOYSA-N,CHEMBL3585975,Nc1ccccc1NC(=O)CCCCCCc1nc(-c2ccccc2Cl)no1,5.384049948343598,1,0.0,28
FQSIZHDZZSZOAZ-UHFFFAOYSA-N,CHEMBL4741084,CCC(=O)CCCCCC(NC(=O)C12CCN(CC1)CC2)c1[nH]c(-c2ccc(F)cc2)nc1C#N,8.207608310501746,1,0.0,35
FQVRLKIMFQKGHF-UHFFFAOYSA-N,CHEMBL5171489,C#CCN(C)Cc1cccc(NC(=O)CCCCCCC(=O)NO)c1,6.171984935776023,1,0.0,25
FQXGDTNOEQJUMM-UHFFFAOYSA-N,CHEMBL1094577,CCCC(O)Cc1c(Br)c(O)c2c(=O)c3c(O)cc(O)c4c5c(O)cc(O)c6c(=O)c7c(O)c(Br)c(CC(C)O)c8c1c2c(c34)c(c65)c78,4.962573502059376,1,0.0,48
FRCKFKQSLOGBKT-UHFFFAOYSA-N,CHEMBL4638986,CC(C)C(C(=O)N(C)c1ccc(C(=O)NO)cc1)c1ccccc1,6.357535479757878,1,0.0,24
FRCXFPIXQDOLCD-UHFFFAOYSA-N,CHEMBL3818026,Cc1noc(C)c1-c1cc(NC(=O)CCCCCC(=O)NO)cc(C(=O)c2ccccc2)c1,6.568636235841012,3,0.25527250510330646,33
FREMENGJSPONAB-UHFFFAOYSA-N,CHEMBL5281142,O=C(NO)c1ccc(Cn2cnc(-c3ccccc3)n2)c(F)c1,6.3415116186909835,1,0.0,23
FRJCSKILKMMUHL-UHFFFAOYSA-N,CHEMBL4765131,COc1ccc(C(=O)NCCCCC(NC(=O)c2cncs2)c2ncc(-c3ccc4ccccc4c3)[nH]2)c(O)c1,6.096910013008056,1,0.0,40
FRKAYDRGUNOSLX-UHFFFAOYSA-N,CHEMBL6053355,COC(=O)N1CCC(C(=O)N(Cc2ccc(-c3noc(C(F)(F)F)n3)cn2)c2cccc(C(F)(F)F)c2)CC1,6.318758762624412,1,0.0,39
FRNQVYATKNOAPE-UHFFFAOYSA-N,CHEMBL5081907,Nc1nc(NCc2ccc(OCCCCC(=O)NO)cc2)nc2nc(-c3ccco3)nn12,6.789146634685107,1,0.0,32
FRODMJXAOPBPTI-UHFFFAOYSA-N,CHEMBL5087773,O=C(CCCCCCNc1nn2c(=O)c3ccccc3nc2c2ccccc12)NO,7.872895201635192,1,0.0,30
FRPKYYIEENVXNJ-UHFFFAOYSA-N,CHEMBL3828628,CN(Cc1nc2c(N3CCOCC3)nc(-c3cnc4ccccc4c3)nc2n1C)c1ncc(C(=O)NO)cn1,8.795880017344075,1,0.0,39
FRUVCGVXUWSDQY-UHFFFAOYSA-N,CHEMBL4160522,O=C(NO)c1ccc(Cl)c(NC(=O)c2cccc3ccsc23)c1,4.669586226650809,1,0.0,23
FRUWQJNLEJAPOW-UHFFFAOYSA-N,CHEMBL5757097,N#Cc1cccc(NCc2ccc(-c3noc(C(F)(F)F)n3)cc2)c1,6.0,1,0.0,25
FRYSQYMXQKXZPG-UHFFFAOYSA-N,CHEMBL4850382,O=C(NO)c1cccc(F)c1,4.5321404167728,1,0.0,11
FSACPLDXILRSSO-UHFFFAOYSA-N,CHEMBL4849689,COc1cc2c(NCC3CCC(c4ccc(C(=O)NO)cc4)CC3)cc(-c3ccc(C)o3)nc2cc1OCCCN1CCCC1,7.468521082957745,1,0.0,45
FSBDCAXDYWVYAY-UHFFFAOYSA-N,CHEMBL95241,O=C(CCCCCCC(=O)c1ccc(C(F)(F)F)cc1)NO,7.346787486224656,1,0.0,22
FSBWBJOFHKKHRQ-UHFFFAOYSA-N,CHEMBL1096034,Cc1nc(C)n(CCc2ccccc2)c1-c1cccc(C=CC(=O)NO)c1,7.102372908709558,1,0.0,27
FSBZYLBTSUIPTL-UHFFFAOYSA-N,CHEMBL261829,O=C(NO)c1cc2cc(NC(=O)c3cccc4ccccc34)ccc2s1,6.412345587707108,2,0.8830527532293084,26
FSEZOODGTYSANN-UHFFFAOYSA-N,CHEMBL1767043,CNC(=O)C(CCCCCCNC(=O)c1cc(-c2cccc(N)c2)on1)=NO,5.090443970758825,1,0.0,28
FSFIRPVUAKTSBJ-UHFFFAOYSA-N,CHEMBL5414870,Cc1ccc(C2=NC(CC(=O)Nc3ccc(C=CC(=O)NO)cc3)c3nnc(C)n3-c3ccccc32)cc1,6.7447274948966935,1,0.0,38
FSHFHBWUJFKAED-UHFFFAOYSA-N,CHEMBL5199949,Cc1c(COc2ccc(CNCCCCCC(=O)NO)c(F)c2)cccc1-c1ccc2c(c1)OCCO2,6.060480747381382,1,0.0,37
FSIYMAGFRRSGGY-UHFFFAOYSA-N,CHEMBL3601774,CC(C)CCn1ccc2ccc(NC(=O)CCCCCCC(=O)NO)cc2c1=O,7.180324480005707,1,0.0,29
FSKGVAIVXSQZFE-UHFFFAOYSA-N,CHEMBL5174843,O=C(CCCCCCn1cc(C(=O)NC2CCCCCC2)c2ccccc21)NO,8.698970004336019,1,0.0,29
FSLUEQJJIBVKMI-UHFFFAOYSA-N,CHEMBL4280050,CC(=O)Nc1ccc(-c2nc(Nc3ccc(OCCCCCC(=O)NO)cc3)ncc2C)cc1,6.585026652029182,1,0.0,34
FSLXJUDEBBIVKO-UHFFFAOYSA-N,CHEMBL561483,COc1cccc2c(C(CCCCCC(=O)NO)c3c[nH]c4c(OC)cccc34)c[nH]c12,7.080921907623926,1,0.0,32
FSMZRUMFZQTTIO-UHFFFAOYSA-N,CHEMBL4645270,CC1COc2c(N3CCN(C)CC3)c(F)cc3c(=O)c(C(=O)OCc4cn(CCCCCC(=O)NO)nn4)cn1c23,7.1249387366083,1,0.0,41
FSOILGKPVXNZLM-UHFFFAOYSA-N,CHEMBL5286498,CCCCCNNC(=O)c1ccc(Br)cc1,5.7281583934635005,1,0.0,16
FSVKCBFELANYQU-UHFFFAOYSA-N,CHEMBL5282546,Cc1ccccc1CCc1cn(CCCCCC(=O)NO)c2ccc(-c3c(C)noc3C)cc12,6.503070351926786,1,0.0,34
FSVUVHSFPCZHJB-UHFFFAOYSA-N,CHEMBL5081983,COc1ccc(F)cc1-c1cncc(C=Cc2ccc(C(=O)NO)cc2)c1,6.173925197299173,1,0.0,27
FSZALWOMKKPDGK-UHFFFAOYSA-N,CHEMBL5287581,Cc1c(NC(=O)NCCN2C(=O)SC(=Cc3ccc([N+](=O)[O-])cc3)C2=O)c(=O)n(-c2ccccc2)n1C,6.795880017344075,1,0.0,37
FTDWUSJBYXAFEJ-UHFFFAOYSA-N,CHEMBL3675764,O=C(CCCCCCN(c1ccccn1)c1cc2ccccc2cn1)NO,7.1938200260161125,1,0.0,27
FTEZTMKDKRFIQY-UHFFFAOYSA-N,CHEMBL5431560,Cc1ccc(-c2cncc(C(=O)NCc3ccc(C(=O)NO)cc3)c2)cc1,8.226945306635738,1,0.0,27
FTFRRNJGOVWLPJ-UHFFFAOYSA-N,CHEMBL5406417,CCC(NC(=O)c1nn(-c2ccccc2)nc1N)c1ccc(C(=O)Nc2ccccc2N)cc1,7.052731207502127,2,0.7581341368617558,34
FTIQSFUARUSBCR-UHFFFAOYSA-N,CHEMBL5187827,O=C(NC1C2CC3CC(C2)CC1C3)c1cn(CCCCCCCS)c2ccccc12,6.725957669950169,1,0.0,30
FTJZBNKMDSNPTH-UHFFFAOYSA-N,CHEMBL6163336,CN(C)C(=O)C(=O)N1CCC2(CC1)C(=O)N(Cc1ccc(C(=O)NO)cc1F)CN2c1ccccc1,5.331427730815442,1,0.0,36
FTMFOJJKVQNGNM-UHFFFAOYSA-N,CHEMBL4865148,Nc1ncc(-c2nn(CCCCCCC(=O)NO)c3ncnc(N)c23)cn1,7.958607314841775,1,0.0,27
FTRURBLYBZCTDP-UHFFFAOYSA-N,CHEMBL4467277,COc1cc2ncnc(Nc3ccc(CC(=O)Nc4cc(-c5cccs5)ccc4N)cc3)c2cc1OC,6.7495799976911055,1,0.0,37
FTVLRUPQBBBASB-UHFFFAOYSA-N,CHEMBL4871621,COc1cc2nc(-c3ccc(C)s3)cc(NCC3CCN(c4ncc(C(=O)NO)cn4)CC3)c2cc1OC,7.769551078621726,1,0.0,38
FTVNKVXRXIRGTC-UHFFFAOYSA-N,CHEMBL3577694,CN1c2ccc(NCc3ccc(-c4noc(CCCCCCC(=O)NO)n4)cc3)cc2C(=O)N2CCc3c([nH]c4ccc(O)cc34)C21,7.619788758288394,1,0.0,47
FTXPGTDKAFEPGS-UHFFFAOYSA-N,CHEMBL4789369,CC(C)C1NC(=O)CC2C=CCCSSCC(NC1=O)C(=O)NCC(=O)NCC(=O)O2,7.0343280287798935,1,0.0,31
FUBWDUPCTFZRTC-UHFFFAOYSA-N,CHEMBL5594503,O=C(CCCCCC(=O)N1CCc2c([nH]c3ccccc23)C1)NO,7.545088315174544,2,0.11394335230683694,24
FUCZYDBKFNOERW-UHFFFAOYSA-N,CHEMBL4637274,C#Cc1cccc(Nc2cccc3cc(OC)c(OCCCCCCC(=O)NO)cc23)c1,8.356547323513812,1,0.0,32
FUGAQPGLPZMSHL-UHFFFAOYSA-N,CHEMBL3335011,O=C(NO)c1ccc(N2CCN(CCCN3CCCC3)C2=O)cc1,6.943095148663527,1,0.0,24
FUIWHQVIWYXEAV-UHFFFAOYSA-N,CHEMBL514503,Nc1ccc(-c2ccc(F)cc2)cc1NC(=O)c1ccc(C(=O)N2CCC3(CCCN3)CC2)cc1,7.920818753952375,1,0.0,35
FUJQAHBCFDCWLI-UHFFFAOYSA-N,CHEMBL5418711,Nc1nn(-c2ccccc2)nc1C(=O)NCc1ccc(C=CC(=O)NO)cc1,8.397940008672037,1,0.0,28
FUOGGOBDJMJPGG-UHFFFAOYSA-N,CHEMBL3339032,O=C(CCCCCCC(=O)Nc1cc2c(Nc3ccc(N4CCCC4)c(F)c3)ncnc2s1)NO,7.838931614528826,1,0.0,35
FUOLFAHJLGZFME-UHFFFAOYSA-N,CHEMBL5409567,Nc1ccccc1NC(=O)c1ccc(NC(=O)C(Cc2ccccc2)c2ccccc2)cn1,6.452225294612178,1,0.0,33
FUPLZFBIVPRIJI-UHFFFAOYSA-N,CHEMBL5764185,Cn1c(N(CCCCCCC(=O)C(=O)NO)c2ccc(F)cn2)nc2ccccc21,5.259637310505756,1,0.0,30
FUQXQEQPYFSDOG-UHFFFAOYSA-N,CHEMBL5787927,CC1(Nc2ccc(C(=O)Nc3cc(-c4cccs4)ccc3N)cc2)CCN(C(=O)N2CCOCC2)CC1,8.698970004336019,1,0.0,37
FUSXUYPWBAGWGC-UHFFFAOYSA-N,CHEMBL2448571,CCC(=O)CCCCCC(NC(=O)C1CN(C)C1)c1ncc(-c2ccc3nccnc3c2)[nH]1,7.4089353929735005,1,0.0,33
FUUBXMQAHOAIOG-UHFFFAOYSA-N,CHEMBL5436035,O=C(NO)c1ccc(CNC(=O)c2ccnc(-c3ccc(S(=O)(=O)N4CCOCC4)cc3)c2)cc1,8.428291168191313,1,0.0,35
FUUWQMNGOYFALL-UHFFFAOYSA-N,CHEMBL2048751,O=C(C=Cc1ccc2c(ccn2S(=O)(=O)c2ccc(F)cc2)c1)NO,7.478861916295964,1,0.0,25
FVDLSLVXMKRWCG-UHFFFAOYSA-N,CHEMBL2018443,O=C(NO)c1ccc(Cn2c3c(c4ccccc42)CN(Cc2ccccc2)CC3)cc1,4.987162775294828,1,0.0,31
FVDPZNWJHMSDBH-UHFFFAOYSA-N,CHEMBL4278591,CC(=O)Nc1ccc(-c2ccnc(Nc3cccc(OCCCCCCCC(=O)NO)c3)n2)cc1,5.981715691573469,1,0.0,35
FVEJLNXIGDQJLD-UHFFFAOYSA-N,CHEMBL4752076,O=C(NO)c1ccc(CNCc2nnnn2Cc2ccccc2)cc1,5.610833915635467,1,0.0,25
FVFNHWHRPHDXJO-UHFFFAOYSA-N,CHEMBL4859950,CCC(=O)CCCCCC(NC(=O)C1CC12CCN(C)CC2)c1ncc(-c2ccc3c(c2)C2CCC3C2)[nH]1,8.086186147616283,1,0.0,38
FVGUCMIDBGSMEK-UHFFFAOYSA-N,CHEMBL6147849,Cc1c(N)cccc1-c1cn(CCCCCC(=O)NO)c2ncc(C#N)cc12,8.698970004336019,1,0.0,28
FVLDYTZUJJMUSG-UHFFFAOYSA-N,CHEMBL5075972,Cc1ccc(-c2nc3c4cnn(CCc5ccc(C(=O)Nc6ccccc6N)cc5)c4nc(N)n3n2)o1,6.901356274182943,1,0.0,37
FVLQFSUNDROJBC-UHFFFAOYSA-N,CHEMBL4170109,O=C(CCCCCCCN(Cc1ccc(F)cc1)c1ncc(C(=O)NCCCn2ccnc2)s1)NO,7.356547323513812,1,0.0,36
FVLRCCWXYJYGBZ-UHFFFAOYSA-N,CHEMBL5268616,O=C(NO)c1ccc(Cn2cnc(-c3ccccc3F)n2)cc1,6.591420874591332,1,0.0,23
FVMCLTJFHLEFRV-UHFFFAOYSA-N,CHEMBL5757218,O=C(Nc1ccccc1)c1ccccc1NCc1ccc(-c2noc(C(F)(F)F)n2)cn1,6.013228265733755,1,0.0,32
FVMOHEFQXYYGSP-UHFFFAOYSA-N,CHEMBL346414,Cc1ccc(NS(=O)(=O)c2ccc(C=CC(=O)Nc3ccccc3N)cc2)cc1,5.823908740944319,1,0.0,29
FVNKMSONBLQBNG-UHFFFAOYSA-N,CHEMBL4242626,N#CCCn1cc(-c2nc(Nc3ccc(NC(=O)CCCCCCC(=O)NO)cc3)nc3[nH]ccc23)cn1,7.346787486224656,1,0.0,38
FVOSVTGZNMYRJQ-UHFFFAOYSA-N,CHEMBL5856228,CC(C)(C)OC(=O)C1CCC(=O)N1c1ccc(-c2noc(C(F)(F)F)n2)c(F)c1,5.309803919971486,1,0.0,29
FVTBTHDXSZOXNU-UHFFFAOYSA-N,CHEMBL3827993,Nc1ccc(-c2ccc(F)cc2)cc1NC(=O)C1Cc2ccccc2CO1,7.346787486224656,1,0.0,27
FVTJGZIAOISPKL-UHFFFAOYSA-N,CHEMBL3585962,O=C(CCCCCCc1nc(-c2ccc(F)cc2)no1)NO,5.939302159646388,1,0.0,22
FVUNABAGHYTOPX-UHFFFAOYSA-N,CHEMBL3652226,O=C(NO)c1cnc(Nc2ccc(Cl)c(Cl)c2)nc1,6.578396073130168,1,0.0,19
FVVBJPQMGSFCKS-UHFFFAOYSA-N,CHEMBL5569221,COc1ncc(-c2cc(OCCCCCCCCC(=O)Nc3ccccc3N)c3ncnc(C)c3c2)cc1NS(=O)(=O)c1ccc(F)cc1F,6.596879478824182,1,0.0,50
FVVZWFSFFLRFFO-UHFFFAOYSA-N,CHEMBL5940307,FC(F)(F)c1nc(-c2ccc(CNc3ncccn3)cc2)no1,5.275724130399211,1,0.0,23
FVXNWIVUIWQBNB-UHFFFAOYSA-N,CHEMBL3309284,Cn1c(=O)ccc2cc(C(=O)NCCCCCCC(=O)NO)ccc21,7.050609993355087,1,0.0,25
FVZDLGVIWKVAIO-UHFFFAOYSA-N,CHEMBL2442694,COc1cc(C2c3cc4c(cc3C(Nc3ccc(OCCCCCCC(=O)Nc5ccccc5N)cc3)C3COC(=O)C23)OCO4)cc(OC)c1O,4.851397345193907,1,0.0,52
FWBKUFKXMVZPTG-UHFFFAOYSA-N,CHEMBL1083088,O=C(CCCCCNC(=O)NC(=O)c1ccc(I)cc1)NO,6.060480747381382,1,0.0,22
FWEMKNCNDLYANA-UHFFFAOYSA-N,CHEMBL5794475,O=C(C=Cc1ccc2[nH]cnc2c1)NO,6.047691990337874,2,0.0,15
FWEXSVPAFHZDSL-UHFFFAOYSA-N,CHEMBL4449889,COc1ccc(N(Cc2noc(-c3cccc(C)c3)n2)C(=O)CCCCCC(=O)NO)cc1,7.91721462968355,1,0.0,33
FWHDEWIRPFYPEB-UHFFFAOYSA-N,CHEMBL5196140,Cc1cc(C)c(CNC(=O)c2cc(-c3ccc(N4CCN(CCCCC(=O)NO)CC4)nc3)cc3c2cnn3C(C)C)c(=O)[nH]1,5.0851281824599495,1,0.0,45
FWISWOLPVMBVAL-UHFFFAOYSA-N,CHEMBL5169341,O=C(CCCCCCn1c(C(=O)NC2C3CC4CC(C3)CC2C4)cc2ccccc21)NO,8.67778070526608,1,0.0,32
FWJQLBLNLGDLIU-UHFFFAOYSA-N,CHEMBL5085693,Cc1cc(Nc2nc(SCc3ccc(C(=O)Nc4ccc(F)cc4N)cc3)nn3cccc23)n[nH]1,6.392544976785331,1,0.0,35
FWKBFPQWMNWVEP-UHFFFAOYSA-N,CHEMBL470147,Nc1ccc(-c2cccs2)cc1NC(=O)c1ccc(N2CCC3(CCCC3=O)CC2)nc1,7.886056647693163,1,0.0,32
FWQISZQFIBFTJR-UHFFFAOYSA-N,CHEMBL3664110,O=C(Nc1cc(-c2ccccc2)ccc1O)c1ccc(CNCCOc2ccccc2)cc1,6.443697499232712,1,0.0,33
FWQRRUGYGADOJJ-UHFFFAOYSA-N,CHEMBL4879240,Nc1ncc(-c2nn(CCCCC(=O)NO)c3ncnc(N)c23)cn1,6.319664486585436,1,0.0,25
FWSYBRDUVQKLRH-UHFFFAOYSA-N,CHEMBL2381751,O=C(CCCCc1cn(Cc2ccc(Br)cc2)nn1)NO,5.795880017344075,1,0.0,21
FWUZFAXTXPIOTO-UHFFFAOYSA-N,CHEMBL5420639,COc1cc(NCc2ccc(C(=O)NO)cc2)c2ncccc2c1,6.667561540084394,1,0.0,24
FWWDOIFRDPDMSA-UHFFFAOYSA-N,CHEMBL4640356,O=C(NO)c1ccc(NC(=O)C2(c3c[nH]c(-c4ccccc4)n3)CCCC2)cc1,8.522878745280337,1,0.0,29
FWWZNWCRXJQHCP-UHFFFAOYSA-N,CHEMBL5403777,Nc1ccccc1NC(=O)c1ccc(COc2ccc(CNC(=O)C3CCCN3Cc3ccccc3)cc2)cc1,6.989219303981322,2,0.08459549492948515,40
FWXZZFONXWYSEF-UHFFFAOYSA-N,CHEMBL3774414,COc1ccc(N(C)c2nc(C)nc3ccccc23)cc1OCCCC(=O)NO,6.374687549038326,1,0.0,29
FWZYGJTYMHTDJZ-UHFFFAOYSA-N,CHEMBL3621292,O=C(CCCCCNC(=O)Cn1cnc2c(Nc3ccccc3)nc(Nc3ccccc3)nc21)NO,7.552841968657781,1,0.0,36
FXCUYPUWZLTQGM-UHFFFAOYSA-N,CHEMBL2407719,Nc1ccccc1NC(=O)c1ccc(CNC2=NC(c3ccc(O)cc3)CS2)cc1,6.7447274948966935,1,0.0,30
FXDKQASVFHPYLG-UHFFFAOYSA-N,CHEMBL5206740,COc1cc(OC)cc(N(CCNC(C)C)c2ccc3ncc(-c4cnn(CCCOc5ccc(C(=O)NO)cc5)c4)nc3c2)c1,6.899629454882437,1,0.0,46
FXJNNSZVYDFUMS-UHFFFAOYSA-N,CHEMBL3589353,Cc1cccc(OS(=O)(=O)C2CC3OC2C(c2ccc(NC(=O)CCCCCCC(=O)O)cc2)=C3c2ccc(O)cc2)c1,5.525783735923745,1,0.0,43
FXKMDFMOXSKKIB-UHFFFAOYSA-N,CHEMBL4550526,CC(C)(C)OC(=O)Nc1cccc(-c2csc(NC(=O)CCCCCC(=O)NO)n2)c1,8.3767507096021,1,0.0,31
FXLZXOUIRJSQRG-UHFFFAOYSA-N,CHEMBL2023530,COc1cccc2c1C(=O)c1c(O)c3c(c(O)c1C2=O)CC(O)(C(C)=O)CC3OC1CC(NCc2ccc(-c3cn(CCCCCCCC(=O)NO)nn3)cc2)C(O)C(C)O1,7.958607314841775,1,0.0,61
FXNFHKRTJBSTCS-UHFFFAOYSA-N,CHEMBL8260,O=c1cc(-c2ccccc2)oc2cc(O)c(O)c(O)c12,4.330683119433888,1,0.0,20
FXOZZHWFXCAWRV-UHFFFAOYSA-N,CHEMBL4089922,CCc1cccc(Nc2ncnc3cc(NC(=O)CCCCCCC(=O)NO)sc23)c1,6.934681762196263,1,0.0,31
FXPOLRJHQPCNRW-UHFFFAOYSA-N,CHEMBL3589349,O=C(O)CCCCCCC(=O)Nc1ccc(OS(=O)(=O)C2CC3OC2C(c2ccc(O)cc2)=C3c2ccc(O)cc2)cc1,6.97061622231479,1,0.0,43
FXRAETVDEZXRJT-UHFFFAOYSA-N,CHEMBL3689842,CCCCN(CC)Cc1c(C(C)(C)C)nc2cc(C=CC(=O)NO)ccn12,7.221848749616356,1,0.0,27
FXRQXSOJXFXFKW-UHFFFAOYSA-N,CHEMBL2408691,CN1C(=O)CN=C(c2ccccc2)c2cc(C#CCCCCC(=O)NO)ccc21,5.721246399047171,1,0.0,29
FXWFTCYWKMRSGN-UHFFFAOYSA-N,CHEMBL3828645,Nc1ccc(-c2ccccc2)cc1NC(=O)C1CCOCC1,7.301029995663981,1,0.0,22
FXZKPXFWVFIARM-UHFFFAOYSA-N,CHEMBL5870322,O=C(Cn1ccnn1)N(Cc1ccc(-c2noc(C(F)(F)F)n2)cc1)c1cccc(C(F)(F)F)c1,6.0,1,0.0,35
FYAWEPJUGYZQDE-UHFFFAOYSA-N,CHEMBL3605506,Nc1ccccc1NC(=O)c1ccc(CNC2=NC(c3ccccc3)C(c3ccccc3)O2)cc1,7.096910013008056,1,0.0,35
FYCAFJROYNECBB-UHFFFAOYSA-N,CHEMBL5779648,Cc1ncc(-c2ccc(N)c(NC(=O)N3Cc4cn(CC(F)F)nc4C3)n2)s1,6.212984366136141,2,0.6197887582883936,28
FYEBEZDMANQCNO-UHFFFAOYSA-N,CHEMBL5219978,CCC(=O)CCCCCC(NC(=O)C1CC12CCN(C)CC2)c1ncc(-c2cc3ccc(C4CC4)nc3cc2F)o1,8.744727494896694,1,0.0,41
FYIWSBSEDMXMFQ-UHFFFAOYSA-N,CHEMBL5280773,CN(C)c1ccc(NC(=O)NCCCCNC(=O)CS)cc1,5.549750891680639,1,0.0,22
FYJYSSQDWGZNHS-UHFFFAOYSA-N,CHEMBL235909,CC(C)(C)NC(=O)C(CCCCCS)NC(=O)OC(C)(C)C,5.522878745280337,1,0.0,22
FYKJQAFOFNDNMU-UHFFFAOYSA-N,CHEMBL4847977,C=Cc1c(C)c2cc3nc(c(C(=O)OC)c4[nH]c(cc5nc(cc1[nH]2)C(C)=C5CC)c(C)c4C(=O)OC)C(CCC(=O)NC=Cc1cccc(C(=O)NO)c1)C3C,4.180456064458132,1,0.0,57
FYKSINUYVKUXMV-UHFFFAOYSA-N,CHEMBL4746214,Nc1ccc(-c2nc(N3CCOCC3)c3ncn(CCCCCC(=O)NO)c3n2)cn1,7.455931955649724,1,0.0,31
FYNCIRXZCMNTRN-UHFFFAOYSA-N,CHEMBL6174054,O=C(NO)c1ccc(CN2CN(c3ccccc3)C3(CCN(Cc4cccnc4)CC3)C2=O)c(F)c1,5.810229043653126,1,0.0,36
FYSIXIORWIWYIT-UHFFFAOYSA-N,CHEMBL3664103,O=C(Nc1cc(-c2ccccc2)ccc1O)c1ccc(CNCCCc2ccccc2)cc1,6.346787486224656,1,0.0,33
FYTPLJCHGCIWHT-UHFFFAOYSA-N,CHEMBL5093836,CCCNNC(=O)c1ccc(CNC(=O)c2cc3cc(F)ccc3o2)cc1,8.08512818245995,1,0.0,27
FZBLZWMNFPJGGN-UHFFFAOYSA-N,CHEMBL3593406,CCCCCCCC(=O)SCCC=CC1CC(=O)NCc2nc(cs2)C2=NC(C)(CS2)C(=O)NC(C(C)C)C(=O)N1,6.264321274094096,1,0.0,41
FZEGZCNTNPTQMF-UHFFFAOYSA-N,CHEMBL6167349,O=C(CCCCCCn1cc(-c2cc(Oc3ccc(NC(=O)Nc4ccccc4Cl)cc3)ccn2)cn1)NO,7.756961951313706,1,0.0,39
FZHJLGIWLRLJRQ-UHFFFAOYSA-N,CHEMBL4465023,CCCCCN(CCC)NC(=O)C=Cc1ccc(CNCCc2c(C)[nH]c3ccccc23)cc1,6.4185054577091005,1,0.0,34
FZJOOMLXWWDHHV-UHFFFAOYSA-N,CHEMBL5570728,Nc1ccccc1NC(=O)c1cnc(N2CCN(Cc3c[nH]c4ccccc34)CC2)cn1,6.886056647693163,1,0.0,32
FZTMVYQHIOEHIG-UHFFFAOYSA-N,CHEMBL5410652,Cc1cc(C)nc(SCC(=O)Nc2ncc(Cc3cccc(OCc4cn(CCCCC(=O)NCc5ccc(C(=O)NO)cc5)nn4)c3)s2)n1,5.920818753952375,1,0.0,50
FZUOCKMNLCIHTJ-UHFFFAOYSA-N,CHEMBL3605494,Nc1ccccc1NC(=O)c1ccc(CNC2=NC(c3ccccc3)CO2)cc1,6.680955139007747,2,0.8104620172170725,29
FZWSSGAIBAOWFS-UHFFFAOYSA-N,CHEMBL5404374,Nc1ccccc1NC(=O)c1ccc(Cn2nc(-c3ccc(CN4CCCC4)cc3)ccc2=O)cc1,6.968591535748375,1,0.0,36
GAHFGWXJKNNMKS-UHFFFAOYSA-N,CHEMBL5420057,Cc1nc(NC(=O)N2CC(NC(=O)c3ccc(C(=O)NO)cn3)CC2C(N)=O)sc1-c1ccnc(C(C)(C)C(F)(F)F)c1,6.326979092871104,1,0.0,43
GAIGKUDLNACOSE-UHFFFAOYSA-N,CHEMBL4450965,O=C(NO)c1ccc(CN2c3ccccc3Sc3cccc(Cl)c32)cc1,5.239577516576788,1,0.0,26
GAIUWBLVLQFMLI-UHFFFAOYSA-N,CHEMBL6164170,COc1ccc2c(c1)C(=O)C(=Cc1ccc(C=CC(=O)NO)cc1)S2,6.911954370472159,2,0.17609125905568135,25
GAMKVCYAHPXDHQ-UHFFFAOYSA-N,CHEMBL470576,CC(=O)CCCCCC(NC(=O)c1cccc(C#N)c1)c1ncc(-c2ccccc2)[nH]1,6.795880017344075,1,0.0,31
GANAMWFVHKLODJ-UHFFFAOYSA-N,CHEMBL5908253,Cc1ccncc1COc1ccc(-c2noc(C(F)(F)F)n2)cn1,5.657577319177793,1,0.0,24
GANSLSBKCCYMIF-UHFFFAOYSA-N,CHEMBL5409321,COc1ccc(-c2cnc(C(=O)NCCCCCCCC(=O)NO)o2)cc1,6.763462738511306,1,0.0,27
GARMORBGKSOTCY-UHFFFAOYSA-N,CHEMBL1095710,CN(C)CCn1c(-c2cccc(C=CC(=O)NO)c2)nc2ccccc21,7.200659450546418,1,0.0,26
GAVSXVWVXMCZJI-UHFFFAOYSA-N,CHEMBL5079646,COc1cccc(-c2ncc(C=CC(=O)Nc3ccccc3N)s2)c1,4.869023308394383,1,0.0,25
GAVUTUUQCLQTQH-UHFFFAOYSA-N,CHEMBL4646512,O=C(NO)c1ccc(NC(=O)C2(c3ccc(-c4ccccc4)cc3)CCCC2)cc1,7.795880017344075,1,0.0,30
GAWCRHBRHJEZOZ-UHFFFAOYSA-N,CHEMBL2179619,O=C(NO)c1ccc(CN(CCc2ccccc2)C(=O)Nc2ccccc2)cc1,5.505845405981557,4,0.0,29
GAYZOIXVYKORBU-UHFFFAOYSA-N,CHEMBL5880649,Nc1cc(F)ccc1NC(=O)c1ccc(F)cc1,5.083019952679617,1,0.0,18
GAZWXVIVAKKMPK-UHFFFAOYSA-N,CHEMBL5269123,COc1ccc(C=NNC(=O)CCCCCCCC(=O)NO)cc1,8.642065152999546,1,0.0,24
GBAYBCPJSLOJHA-UHFFFAOYSA-N,CHEMBL5085913,Nc1ccccc1NC(=O)c1ccc(OCCn2ncc3c2nc(N)n2nc(-c4ccco4)nc32)cc1,6.553618187777558,1,0.0,37
GBCHGKMUHNVTHL-UHFFFAOYSA-N,CHEMBL3655992,O=C(NO)c1cnc(NC2(c3ccc(F)cc3F)CC2)nc1,7.886056647693163,1,0.0,22
GBEHHPDWZBUUGW-UHFFFAOYSA-N,CHEMBL5283156,CNC(=O)CCCCCC(NC(=O)CCc1c[nH]c2ccccc12)c1ncc(-c2ccc(CN(C)C)cc2)[nH]1,5.863279432843593,1,0.0,39
GBGUZOXTJDMNRI-UHFFFAOYSA-N,CHEMBL4464975,O=C(NO)c1ccc(Cn2c(=O)n(CCc3ccccc3)c(=O)c3cc(Cl)ccc32)cc1,4.72445831159869,3,0.0009201157719340713,32
GBIQEYYBFBGNOZ-UHFFFAOYSA-N,CHEMBL5187433,CN(C)c1ccc(C(=O)N(CC(=O)NCc2ccccc2)Cc2ccc(C(=O)NO)cc2F)cc1,7.886056647693163,1,0.0,35
GBMLPPKOENOKCV-UHFFFAOYSA-N,CHEMBL3689764,O=C(C=Cc1ccc2nc(CCc3ccccc3)c(Nc3ccc(N4CCCCC4)cc3)n2c1)NO,6.102372908709558,1,0.0,36
GBOHZZWBYZOFFN-UHFFFAOYSA-N,CHEMBL3648280,CN(C)CC(C)(C)Cn1c(CCc2ccc(F)cc2)nc2cc(C=CC(=O)NO)ccc21,7.267606240177031,3,0.0,32
GBPRHUHCZVADPX-UHFFFAOYSA-N,CHEMBL5562418,CCCCNNC(=O)c1ccc(N(C)C)cc1,6.638272163982407,2,0.0,17
GBQYZQOACCQOLG-UHFFFAOYSA-N,CHEMBL5973578,O=C1CCc2ccc(F)cc2N1Cc1ccc(-c2noc(C(F)(F)F)n2)cn1,7.275724130399211,1,0.0,28
GBRHYUYYSMUSCE-UHFFFAOYSA-N,CHEMBL6001611,CC(=O)N1CCC(COC(=O)Nc2cc(-c3ccc(Cl)s3)ccc2N)CC1,5.515700160653214,1,0.0,27
GCBIQQFDMCESDG-UHFFFAOYSA-N,CHEMBL5563440,COc1ncc(-c2cc(OCCCOc3ccc(C(=O)Nc4ccccc4N)cc3)c3ncnc(C)c3c2)cc1F,6.671620396561263,1,0.0,41
GCBLGUDWMHXFIP-UHFFFAOYSA-N,CHEMBL3758407,O=C(CS)NCCCNC(=O)c1cc(-c2ccc(F)cc2)[nH]n1,5.853871964321762,1,0.0,23
GCCSTFYPDFBYJY-UHFFFAOYSA-N,CHEMBL4531791,Cc1[nH]c2ccc(N3CCOCC3)cc2c1C1CCCN(Cc2ccc(C=CC(=O)NO)cc2)C1,8.154901959985743,1,0.0,35
GCFYEXIGUMACTD-UHFFFAOYSA-N,CHEMBL4557665,O=C(NO)c1ccc(CN2c3ccccc3CCCC3CCCCC32)cc1,5.09151498112135,1,0.0,27
GCIADIGUAGFZMT-UHFFFAOYSA-N,CHEMBL5418570,O=C(CCCCCN1C(=O)CC(c2cccc3ccccc23)S(=O)(=O)c2ccccc21)NO,6.422163658707256,1,0.0,33
GCMCCGKCRIEJCC-UHFFFAOYSA-N,CHEMBL5220434,Cn1c(C2CC(OCc3ccc(C(=O)NO)s3)CN2c2nc(N)nc(N)c2C#N)nc2cccc(Cl)c2c1=O,7.055517327849831,1,0.0,39
GCNQZOITVJFXQI-UHFFFAOYSA-N,CHEMBL5196979,Cc1cccc(C2CC(=O)N2C2CCN(C(=O)NCc3ccc(C(=O)NO)cc3)CC2)c1,5.508638306165727,1,0.0,32
GCPBYJXMWMXUHJ-UHFFFAOYSA-N,CHEMBL4210107,COc1ccc(C(=O)c2ccc3c(ccn3Cc3ccc(C=CC(=O)NO)cc3)c2)cc1,5.84163750790475,1,0.0,32
GCQORCGHWDFVJQ-UHFFFAOYSA-N,CHEMBL5907207,Cn1c(CNC(=O)c2ccncc2)nc2cc(C=CC(=O)NO)ccc21,6.863279432843593,2,0.0,26
GCQVVBGOUPFDGL-UHFFFAOYSA-N,CHEMBL5747623,CN1CCN(C(=O)N2CCC(Nc3ccc(C(=O)Nc4cc(-c5cccs5)ccc4N)cc3)CC2)CC1,8.920818753952375,1,0.0,37
GCSBQQHHRFHKNZ-UHFFFAOYSA-N,CHEMBL3752134,O=C(C=Cc1ccc(CNc2nccc(-c3cccnc3)n2)cc1)NO,7.086186147616283,1,0.0,26
GCSUJIVCLOQJLQ-UHFFFAOYSA-N,CHEMBL5907544,Cc1ccc(CCCC(=O)Nc2ccc(C(=O)Nc3ccccc3N)nc2)cn1,6.318758762624412,1,0.0,29
GCYGDWWBMNPQIH-UHFFFAOYSA-N,CHEMBL3692686,CN1CCC(NC(=O)c2ccc(-c3noc(C(F)(F)F)n3)cc2)C1,5.7447274948966935,1,0.0,24
GCYMHAYUHTVLCR-UHFFFAOYSA-N,CHEMBL3415971,Nc1nc2ncc(CNc3ccc(C(=O)NC(CCC(=O)NCCCC(=O)Nc4cc(-c5cccs5)ccc4N)C(=O)O)cc3)nc2c(=O)[nH]1,5.531652669587842,1,0.0,50
GDBHQBLOELQZLP-UHFFFAOYSA-N,CHEMBL4248054,O=C(CCCCCCC(=O)Nc1ccc(Nc2nc(-c3cnn(CCCCCOc4ccccc4)c3)c3cc[nH]c3n2)cc1)NO,5.879755204453635,1,0.0,46
GDEUGPAXISTNCP-UHFFFAOYSA-N,CHEMBL5562535,COc1ccc(-c2cc(OCCCC(=O)Nc3ccccc3N)c3ncnc(C)c3c2)cn1,5.385313657717988,1,0.0,33
GDJCBPPBZKYUGB-UHFFFAOYSA-N,CHEMBL5633436,O=C(CCCCCC(=O)Nc1cc(-c2ccc3ncn(Cc4ccc(F)cc4)c3c2)[nH]n1)NO,8.132532512140948,1,0.0,34
GDMIRTGJCDZTLU-UHFFFAOYSA-N,CHEMBL5782113,CN1CCN(C(=O)Nc2cc(-c3cccs3)ccc2N)CC1,6.255707016877324,1,0.0,22
GDNIGCRKRGFGMF-UHFFFAOYSA-N,CHEMBL3645369,COc1ccc(-c2nc3cc(C=CC(=O)NO)ccc3n2CC(O)CO)cc1,5.860120913598763,3,0.0,28
GDORGFVYOGNYSG-UHFFFAOYSA-N,CHEMBL5093149,Nc1nc2c(cnn2CCc2ccc(NC(=O)CCCCCCC(=O)NO)cc2)c2nc(-c3ccco3)nn12,8.096910013008056,1,0.0,39
GDQSIPBQQXPVHF-UHFFFAOYSA-N,CHEMBL6177627,COc1nc(-c2cccc(-c3ccccc3)c2C)ccc1CNCCCCCCC(=O)NO,5.041914151478915,1,0.0,33
GDRUUELOIJDTEB-UHFFFAOYSA-N,CHEMBL5173073,Nc1nc(-c2ccco2)c2cnn(Cc3cccc(C=CC(=O)Nc4ccccc4N)c3)c2n1,5.929777366539042,1,0.0,34
GDTOSPRAGXEUCT-UHFFFAOYSA-N,CHEMBL5574185,COc1ccc(-c2cc(OCCCc3ccc(C(=O)Nc4ccccc4N)cc3)c3ncnc(C)c3c2)cn1,7.431798275933005,1,0.0,39
GDXILYBAPQUGED-UHFFFAOYSA-N,CHEMBL5962201,CN(CCN1CCN(S(C)(=O)=O)CC1)S(=O)(=O)N(Cc1ccc(-c2nnc(C(F)F)o2)cc1)c1ccccc1,6.790484985457369,1,0.0,39
GEAYVBMLZPMVKN-UHFFFAOYSA-N,CHEMBL2381740,O=C(CCCCc1cn(Cc2ccc3c(c2)OCO3)nn1)NO,5.721246399047171,1,0.0,23
GEBDTLNMVKZFRC-UHFFFAOYSA-N,CHEMBL4793650,COc1ccc(-c2ccc3c(NC(=O)CCCCCCC(=O)NO)n[nH]c3c2)cc1OC,8.468521082957745,1,0.0,32
GEKZXTDEIVOYAS-UHFFFAOYSA-N,CHEMBL3648314,COc1cc(-c2nc3cc(C=CC(=O)NO)ccc3n2CCCO)ccc1OCc1ccccc1,5.872895201635192,3,0.0,35
GENMLQRMGWMMBT-UHFFFAOYSA-N,CHEMBL3593410,CCCCCCCC(=O)SCCC=CC1CC(=O)NCc2cc(ccn2)C2=NC(C)(CS2)C(=O)NC(C(C)C)C(=O)O1,6.468521082957745,1,0.0,42
GEQORJQATHGRLB-UHFFFAOYSA-N,CHEMBL5956049,COc1ncc(OCc2ccc(-c3noc(C(F)(F)F)n3)c(F)c2)cn1,6.1249387366083,1,0.0,26
GESBEDAZDXKNGG-UHFFFAOYSA-N,CHEMBL4759584,CCCCN(Cc1ccc(C(=O)NO)cc1)C(=O)Nc1ccc(CN)cc1,7.096910013008056,1,0.0,27
GEYMFTUKZLBUPW-UHFFFAOYSA-N,CHEMBL2347005,CC1C=C2C=CC(C)C(CCC3CC(O[Si](C)(C)C(C)(C)C)CC(=O)O3)C2C(OC(=O)NCCCCCCC(=O)NO)C1,6.913640169325252,2,0.0,43
GFBFIGQHSCLECS-UHFFFAOYSA-N,CHEMBL486568,CC(=O)CCCCCC(NC(=O)C1CCCCN1C)c1ncc(-c2ccccc2)[nH]1,6.1487416512809245,1,0.0,30
GFEBTUQSIHJLIH-UHFFFAOYSA-N,CHEMBL3759869,CC(=O)SCCCCCCNC(=O)c1cc(-c2ccc(F)cc2)nn1C,7.6777807052660805,1,0.0,26
GFMBZKSOOBYSIH-UHFFFAOYSA-N,CHEMBL4648704,CCC(=O)CCCCCC(NC(=O)C1CC12CCN(CC)CC2)c1ncc(-c2cc3ccccc3nc2OC)o1,9.045757490560675,1,0.0,40
GFNCBXHTOLPQCT-UHFFFAOYSA-N,CHEMBL4457009,COc1ncc(-c2cc(OCCCN(C)c3ncc(C(=O)NO)cn3)c3ncnc(C)c3c2)cc1F,8.619788758288394,1,0.0,36
GFQVWAVVNKSCBU-UHFFFAOYSA-N,CHEMBL5201054,O=C(CCCCn1cc(-c2ccc3ncnc(Nc4ccccc4F)c3c2)nn1)NO,8.958607314841775,1,0.0,31
GFSXBBLNVBOYPT-UHFFFAOYSA-N,CHEMBL5419248,O=C(CCCCNc1cc(N2CCc3ccccc3CC2)nc(-c2ccccn2)n1)NO,6.158640529545146,1,0.0,32
GGCOINNWHZKKSA-UHFFFAOYSA-N,CHEMBL5593279,O=C(CCCOc1ccc(-c2sc3cc(O)ccc3c2C(=O)c2ccc(OCCN3CCCCC3)cc2)cc1)NO,5.2225731776106885,1,0.0,41
GGFMJMOHYQIJPE-UHFFFAOYSA-N,CHEMBL6160245,Cc1cc2c(cc1C#N)c(-c1cccc(N)c1C)cn2-c1ccc(NC(=O)CCCCC(=O)NO)cc1,7.122628654130226,1,0.0,37
GGHHBBWOROYLRJ-UHFFFAOYSA-N,CHEMBL6167470,O=C(NO)c1ccc(CN2CN(c3ccccc3)C3(CCN(Cc4ccccc4)CC3)C2=O)c(F)c1,5.132343985584447,1,0.0,36
GGIFGGZXDOWFGD-UHFFFAOYSA-N,CHEMBL4753452,CCC(=O)CCCCCC(NC(=O)C1CC12CCN(CC)CC2)c1ncc(-c2cc(Cl)ccc2OC)[nH]1,9.045757490560675,1,0.0,37
GGIFZJMNKKQUBB-UHFFFAOYSA-N,CHEMBL2448567,CCC(=O)CCCCCC(NC(=O)C1CCN(C)CC1)c1ncc(-c2cc(OC)c3ccccc3n2)[nH]1,7.522878745280337,1,0.0,37
GGJWXZIZVSUOEY-UHFFFAOYSA-N,CHEMBL4069404,CN(C)C(=O)c1cc2cnc(Nc3ccc(NC(=O)CCCCCC(=O)NO)cc3)nc2n1C1CCCC1,9.075720713938118,1,0.0,38
GGMGVPCWEIDZHF-UHFFFAOYSA-N,CHEMBL5202905,Cc1ccc(-c2nc(N)nc3c2cnn3CCCCCCCC(=O)NO)o1,8.142667503568731,1,0.0,27
GGNCLCVNKMIJNC-UHFFFAOYSA-N,CHEMBL2385957,COc1cc2c(c(OC)c1OC)-c1ccc(OC)c(=O)cc1C(NC(=O)CCC(=O)NO)CC2,5.876148359032914,1,0.0,34
GGNXBUSLSRMHRI-UHFFFAOYSA-N,CHEMBL4782990,Nc1ccccc1NC(=O)c1ccc(Cn2ccc3c(Cl)nc(Cl)nc32)cc1,6.064492734175287,1,0.0,28
GGONHNYGVKPNSO-UHFFFAOYSA-N,CHEMBL1767029,CNC(=O)C(CCCCCCC(=O)Nc1ccccc1)=NO,4.451997130142443,2,0.41116037807069983,22
GGZYNJKDGRBRKG-UHFFFAOYSA-N,CHEMBL5197137,Cc1sc2c(c1C)C(c1ccc(Cl)cc1)=NC(CC(=O)Nc1ccc(C(=O)Nc3ccccc3N)cc1)c1nnc(C)n1-2,6.537602002101044,4,0.0,43
GHCWLYKERZOPPW-UHFFFAOYSA-N,CHEMBL3098695,O=C(CCCCCC(NC(=O)C1CC(=O)N1)C(=O)Nc1ccccc1)NO,7.3488345356578,2,0.2393730945998893,27
GHDBEHDTMGJRCG-UHFFFAOYSA-N,CHEMBL5966374,CC(C)n1ccc(COc2cc(-c3noc(C(F)(F)F)n3)ccn2)n1,5.619788758288394,1,0.0,25
GHDFZKKNEWCNFW-UHFFFAOYSA-N,CHEMBL2179615,COc1ccccc1NC(=O)N(CCc1ccc(O)cc1)Cc1ccc(C(=O)NO)cc1,5.772113295386326,4,0.0,32
GHEMSUBEZDZMNW-UHFFFAOYSA-N,CHEMBL3310507,CC(C)C1NC(=O)C2CCCCCSSCCCCCC(NC(=O)C3CCCN3C1=O)C(=O)N2,7.974250090433627,2,0.23452978137544456,34
GHMJKHMMSGAJDV-UHFFFAOYSA-N,CHEMBL5197455,O=C(CCCCCCn1cc(C(=O)NC2CCCCC2)c2ccccc21)NO,8.806875401645538,1,0.0,28
GHNVQGFXEMUGAB-UHFFFAOYSA-N,CHEMBL3335309,Cc1cn(Cc2ccccc2)nc1CCCCC(=O)NO,6.189767482004916,1,0.0,21
GHOMFFHRIOBIKE-UHFFFAOYSA-N,CHEMBL5088258,Nc1ccccc1NC(=O)c1ccc(CCn2ccc3c2nc(N)n2nc(-c4ccco4)nc32)cc1,7.045757490560675,1,0.0,36
GHRAGOBMSUDFEQ-UHFFFAOYSA-N,CHEMBL4758378,COc1cc2c(Oc3ccc(NC(=O)c4nn(-c5ccccc5)ccc4=O)cc3)ccnc2cc1OCCCCCCC(=O)NO,7.733063088840827,2,0.0,46
GHSNRQJQGJQKRS-UHFFFAOYSA-N,CHEMBL5282958,CN1CCC2(CC1)c1ccccc1N(Cc1ccc(C(=O)NO)cc1)C2c1ccccc1,5.367542707815275,1,0.0,32
GHSOHQQKQUIFRH-UHFFFAOYSA-N,CHEMBL3648301,O=C(C=Cc1ccc2c(c1)nc(CCc1ccccc1)n2C1CCN(Cc2ccccc2)CC1)NO,5.987162775294828,3,0.0,36
GHUNIJRTDRMWAZ-UHFFFAOYSA-N,CHEMBL4071528,N#Cc1cccc(Nc2ncnc3cc(NC(=O)CCCCCCC(=O)NO)sc23)c1,7.346594509335499,1,0.0,31
GHWXBWPKFFRDBI-UHFFFAOYSA-N,CHEMBL6170667,CCCNNC(=O)c1ccc(CNC(=O)c2cnc(-c3ccc(OC)cc3)[nH]2)cc1,5.627087997029893,1,0.0,30
GHWXGAVZLFAGAC-UHFFFAOYSA-N,CHEMBL4474772,COc1ccccc1N1C(=O)CSC1c1cccc(C(=O)NCCCC(=O)NO)c1,5.30715308072277,1,0.0,30
GHXAGWZSAKFQHQ-UHFFFAOYSA-N,CHEMBL4534191,CCCNNC(=O)c1ccc(NCc2ccccc2)cc1,7.801342913045577,1,0.0,21
GHYMIQFEMWWEMC-UHFFFAOYSA-N,CHEMBL4866436,O=C(NO)c1ccc(CN2CCCCc3cc(-c4cc[nH]n4)ccc32)cc1,5.96657624451305,1,0.0,27
GIAXUWZVCYGXKO-UHFFFAOYSA-N,CHEMBL3800287,CC1Sc2ccc(C(=O)NO)cc2NC1=O,4.560667306169737,1,0.0,16
GIDCZSYQAVQEPS-UHFFFAOYSA-N,CHEMBL4792567,O=C(CCCCCCC(=O)Nc1n[nH]c2cc(-c3ccccc3Cl)ccc12)NO,8.568636235841012,1,0.0,29
GIEVQQNUOQCQQT-UHFFFAOYSA-N,CHEMBL5571404,Nc1ccccc1NC(=O)c1ccc(CNc2cccc3c2C(=O)N(C2CCC(=O)NC2=O)C3=O)cc1,6.25845448322379,1,0.0,37
GIGLKJOCNUGOJM-UHFFFAOYSA-N,CHEMBL4209189,Cn1cc(-c2ccc(=O)n(CCOc3ccnc4cc(-c5ccc(C(=O)Nc6ccccc6N)s5)ccc34)n2)cn1,6.330683119433887,1,0.0,41
GIHUYNYTDYNUMY-UHFFFAOYSA-N,CHEMBL3334994,O=C(NO)c1ccc(N2CCN(Cc3ccccc3)C2=O)cc1,7.769551078621726,1,0.0,23
GIJJTHCRRBPSST-UHFFFAOYSA-N,CHEMBL269475,O=C(CCCCCC(NC(=O)c1ccc2ccccc2n1)C(=O)Nc1ccccc1)NO,8.0,1,0.0,32
GIKBCAFOYUWQMO-UHFFFAOYSA-N,CHEMBL3601775,COc1ccc(Cn2ccc3ccc(NC(=O)CCCCCCC(=O)NO)cc3c2=O)c(OC)c1,7.00841954282566,1,0.0,35
GILNVXHIMLZKLO-UHFFFAOYSA-N,CHEMBL3648275,O=C1N=C(N2CCN(Cc3ccccc3B(O)O)CC2)SC1=Cc1ccc(Cl)c(Cl)c1,6.638272163982407,1,0.0,31
GIMAODGURWKHJY-UHFFFAOYSA-N,CHEMBL3335300,O=C(CCCCc1ccn(Cc2ccc(-c3ccccc3)cc2)n1)NO,7.481486060122112,1,0.0,26
GISSJMDURPYDIZ-UHFFFAOYSA-N,CHEMBL5204710,Nc1cc(F)ccc1NC(=O)c1ccc(CN2CCCC(=Cc3cccc(Cl)c3)C2=O)cc1,5.712646227285253,1,0.0,33
GISXTRIGVCKQBX-UHFFFAOYSA-N,CHEMBL3989941,Cn1c(CCCCCCC(=O)NO)nc2cc(N(CCCl)CCCl)ccc21,7.884775539310863,2,0.2304489213782741,27
GIXIECDJYSEBCD-UHFFFAOYSA-N,CHEMBL6171286,COc1ccc(-c2ocnc2-c2cc(Br)c(OC)c(OC)c2)cc1OCCCCCC(=O)NO,6.309803919971486,2,0.0,34
GJAIEYVDHPOUTC-UHFFFAOYSA-N,CHEMBL3675749,CN1CCc2c(c3ccccc3n2CCCCCC(=O)NO)C1,4.598599459218456,1,0.0,23
GJANBYAVTCKUII-UHFFFAOYSA-N,CHEMBL5595543,O=C(C=Cc1ccc(CN2CCc3[nH]c4ccccc4c3C2)cc1)NO,8.102372908709558,1,0.0,26
GJEWBKDDMWKSAV-UHFFFAOYSA-N,CHEMBL563287,Nc1ccccc1NC(=O)CCCCCC1NC(=O)C2CCCN2C(=O)C(Cc2ccccc2)NC(=O)C(Cc2ccccc2)NC1=O,4.688246138944246,1,0.0,48
GJEXMJIBOYSWRX-UHFFFAOYSA-N,CHEMBL487975,CC(=O)CCCCCC(NC(=O)C1CCN(C)CC1)c1ncc(-c2cccc(Cl)c2)[nH]1,7.045757490560675,1,0.0,31
GJFJIRFGPIZYOW-UHFFFAOYSA-N,CHEMBL4649092,O=C(NO)c1ccc(NC(=O)C2(c3ccc(C(F)(F)F)c(F)c3)CCCC2)cc1,6.6439741428068775,1,0.0,29
GJJWQWQHCILEIG-UHFFFAOYSA-N,CHEMBL5961210,Cn1ccc(CN(Cc2ccc(-c3noc(C(F)(F)F)n3)cc2)c2cccc(C(F)(F)F)c2)n1,5.619788758288394,1,0.0,34
GJKXLCSJSPBRCL-UHFFFAOYSA-N,CHEMBL1083412,O=C(CCCCCNC(=O)NC(=O)c1ccc(N2CCCCC2)c([N+](=O)[O-])c1)NO,5.488116639021126,1,0.0,30
GJQDNIBUCYXPDZ-UHFFFAOYSA-N,CHEMBL5208269,O=C(CCCCCCn1cc(C(=O)NC23CC4CC(CC(C4)C2)C3)c2ccccc21)NO,8.935542010773082,1,0.0,32
GJQLZDNOWYLODQ-UHFFFAOYSA-N,CHEMBL95792,Nc1ccccc1NC(=O)CCCCCCC(=O)c1ccc(-c2ccccc2)nc1,5.522878745280337,1,0.0,30
GJRNLVQHVDGGNK-UHFFFAOYSA-N,CHEMBL95213,Nc1ccccc1NC(=O)CCCCCCC(=O)c1ccc(-c2ccccc2)cc1,5.698970004336019,1,0.0,30
GJSCCYDUKNGSLB-UHFFFAOYSA-N,CHEMBL3770555,Cc1cnc(-c2nc(C(=O)NCCCCC(=O)C(F)(F)F)c(C3CC3)s2)s1,7.4736607226101555,1,0.0,27
GJWLHBFJISQVTA-UHFFFAOYSA-N,CHEMBL5991417,CN1CCN(C(=O)N2CCC(C)(Nc3ncc(C(=O)Nc4cc(-c5cccs5)ccc4N)cn3)CC2)CC1,8.070581074285707,1,0.0,38
GJZCZOCHLRGXLE-UHFFFAOYSA-N,CHEMBL4852043,O=C(NO)c1ccc(C(=O)N2CCCc3cc(F)ccc32)cc1,8.292429823902063,1,0.0,23
GKCPAHKDKQGDPA-UHFFFAOYSA-N,CHEMBL209850,COc1cc(N(C)Cc2ccc(C=CC(=O)Nc3ccccc3N)cc2)cc(OC)c1OC,5.522878745280337,1,0.0,33
GKDSLRGHAAFGPK-UHFFFAOYSA-N,CHEMBL5273740,O=C(NO)c1ccc(NC(=O)C(NC(=O)c2cccc(Br)c2)c2ccccc2)cc1,7.928117992693874,1,0.0,30
GKITXXDALIHIEC-UHFFFAOYSA-N,CHEMBL5592155,O=C(NO)c1ccc(CNC(=O)C2Cc3c([nH]c4ccccc34)C(C3CC3)N2Cc2ccc(Cl)cc2)cc1,6.247316464353932,2,0.9757314252730627,38
GKOVXGYVBXHCOW-UHFFFAOYSA-N,CHEMBL5590308,O=C(CCCCCCc1ccc(-c2sc3cc(O)ccc3c2C(=O)c2ccc(OCCN3CCCCC3)cc2)cc1)NO,6.46344155742847,1,0.0,43
GKWAYOYKQOMCHZ-UHFFFAOYSA-N,CHEMBL3655990,O=C(NO)c1cnc(NC2(c3cccc(C(F)(F)F)c3)CC2)nc1,7.568636235841012,1,0.0,24
GLABLFHFXZJGCS-UHFFFAOYSA-N,CHEMBL5892761,O=C(NO)c1ccc2nc(-c3cccs3)[nH]c2c1,5.356547323513812,1,0.0,18
GLCJWPFPBMUPAB-UHFFFAOYSA-N,CHEMBL480623,Nc1ccccc1NC(=O)c1ccc(CNc2nccc(-c3ccsc3)n2)cc1,7.154901959985743,1,0.0,29
GLLHYSARUQFBGV-UHFFFAOYSA-N,CHEMBL513589,COc1cccc(C=Cc2ccc(C(=O)NO)o2)c1O,4.299815670377802,1,0.0,20
GLPIQJWKYYPOLH-UHFFFAOYSA-N,CHEMBL3655922,O=C(NO)c1cnc(NCCc2ccccc2Cl)nc1,6.580044251510242,1,0.0,20
GLTMLUZWBIWFLU-UHFFFAOYSA-N,CHEMBL5612289,C#CCN1CCN(CCCOc2ccc3c(ccn3S(=O)(=O)c3ccc(C(=O)NO)cc3)c2)CC1,5.3979400086720375,1,0.0,35
GLUNWMQGDQEBAS-UHFFFAOYSA-N,CHEMBL4225451,O=C(CCCCCCNC(=O)c1cc(-c2ccc(F)cc2)[nH]n1)NO,7.102372908709558,1,0.0,25
GLVKGOKWCOFFOB-UHFFFAOYSA-N,CHEMBL401448,CN(C)CCn1c(=O)n(Cc2ccc(C(=O)Nc3ccccc3N)cc2)c(=O)c2ccccc21,6.522878745280337,1,0.0,34
GLWAWVVEABXNPB-UHFFFAOYSA-N,CHEMBL2442798,COc1cc(C2c3cc4c(cc3C(Nc3cccc(OCCCCCC(=O)NO)c3)C3COC(=O)C23)OCO4)cc(OC)c1O,7.346787486224656,1,0.0,45
GLWKVGFPAGPIKY-UHFFFAOYSA-N,CHEMBL5976360,O=C(NO)c1ccc(Nc2nc3ccccc3n2C2CCCCC2)cc1,6.414539270491499,1,0.0,26
GLZBZHZDNKSJEP-UHFFFAOYSA-N,CHEMBL4082243,COc1ccc(Nc2ncnc3cc(NC(=O)CCCCCCC(=O)NO)sc23)cc1,6.757632523088562,1,0.0,31
GLZCWMXIUBFQEM-UHFFFAOYSA-N,CHEMBL4474286,O=C(NO)c1ccc(Cn2c(=O)n(CCc3ccccc3)c(=O)c3ccc(C4CC4)cc32)cc1,4.838631997765025,2,0.0,34
GMBOVOFMFHOGMM-UHFFFAOYSA-N,CHEMBL4091540,O=C(CCCCN1C(=O)C(Cc2ccccc2)N=C(c2ccccc2)c2ccccc21)NO,5.070070439915412,1,0.0,33
GMCNMZMQHZGDDN-UHFFFAOYSA-N,CHEMBL6164153,CC(=O)N1CCC2(CC1)C(=O)N(Cc1ccc(C(=O)NO)cc1)CN2c1ccccc1,5.975514332300833,1,0.0,31
GMDGNXJQNNVLHX-UHFFFAOYSA-N,CHEMBL5892854,CC(=O)N1CC2C(C1)C2C(=O)Nc1cc(-c2cccs2)ccc1N,7.301029995663981,1,0.0,24
GMMXBVCRHOZFEY-UHFFFAOYSA-N,CHEMBL5088741,Nc1ccccc1NC(=O)c1ccc(Cn2ncc3c2nc(N)n2nc(-c4ccco4)nc32)cc1,7.275724130399211,1,0.0,35
GMRFDGKVPQDNRD-UHFFFAOYSA-N,CHEMBL6024336,O=C1OCC(c2ccccc2)N1c1cc(F)c(-c2noc(C(F)(F)F)n2)cc1F,6.0,1,0.0,29
GMTQIBOGHFJELF-UHFFFAOYSA-N,CHEMBL4167609,CCC(C(=O)Nc1ccc(C(=O)Nc2ccc(F)cc2N)nc1)c1ccccc1,6.368774455134785,2,0.30820858029110454,29
GMUDVKDHPFXAED-UHFFFAOYSA-N,CHEMBL6039632,CC(=O)N1C(C)CN(S(=O)(=O)N(Cc2ccc(-c3nnc(C(F)F)o3)cc2)c2ccccc2)CC1C,7.481486060122112,1,0.0,36
GMXVQBBEKILTMI-UHFFFAOYSA-N,CHEMBL4437852,Nc1ccccc1NC(=O)c1ccc(CSc2nccc(C(F)(F)F)n2)cc1,7.958607314841775,1,0.0,28
GNBRVHKHSXLPAT-UHFFFAOYSA-N,CHEMBL5267435,CC1(C)c2ccccc2N(Cc2ccc(C(=O)NO)s2)C1c1cccnc1,5.199282921717614,1,0.0,27
GNCXTUHMWJOMPF-UHFFFAOYSA-N,CHEMBL3648307,CN1c2ccc(C=CC(=O)NO)cc2NC1CNC(=O)c1ccncc1,6.863279432843593,1,0.0,26
GNFTVMIELBEMNK-UHFFFAOYSA-N,CHEMBL5887134,Nc1ccc(-c2cccs2)cc1NC(=O)c1cnc(NC2CCN(C(=O)N3CCCCC3)CC2)nc1,7.494850021680094,1,0.0,36
GNIYZHFLRFNYMZ-UHFFFAOYSA-N,CHEMBL238829,CC1(C)NC(=O)C(CCCCCSSc2ccccn2)NC(=O)C2CCCN2C(=O)C(Cc2ccccc2)NC1=O,8.4089353929735,1,0.0,41
GNJSECKOLRCDLQ-UHFFFAOYSA-N,CHEMBL2179616,COCCCN(Cc1ccc(C(=O)NO)cc1)C(=O)Nc1ccccc1,5.285670240254767,4,0.0,26
GNPTWAQNSHKVRV-UHFFFAOYSA-N,CHEMBL5834455,CCCN1C(C)CN(S(=O)(=O)N(Cc2ccc(-c3nnc(C(F)F)o3)cc2)c2ccccc2)CC1C,6.458420756053419,1,0.0,36
GNQTZQSXWSXXRQ-UHFFFAOYSA-N,CHEMBL5278837,O=C(NO)c1cccc(Cn2cnc(-c3ccccc3)n2)c1,4.4108773497941485,1,0.0,22
GNQYNKVPQUKQNU-UHFFFAOYSA-N,CHEMBL5920258,FC(F)(F)c1nc(-c2ccc(COc3nncc4ccccc34)nc2)no1,6.0,1,0.0,27
GOAJARPCKCNIRX-UHFFFAOYSA-N,CHEMBL4874760,C=Cc1c(C)c2cc3nc(cc4[nH]c(cc5nc(cc1[nH]2)C(C)=C5CC)c(C)c4C(=O)OC)C(CCC(=O)Nc1ccc(C(=O)NO)cc1)C3C,4.552841968657781,1,0.0,51
GOBRTECWEHXUDO-UHFFFAOYSA-N,CHEMBL5893533,CN(Cc1ccc2c(c1)CCC(C(=O)NO)=C2)CC12CC3CC(CC(C3)C1)C2,7.253365801062421,1,0.0,28
GOBYTSPLIIKZRF-UHFFFAOYSA-N,CHEMBL6021712,O=C(C1CCS(=O)(=O)CC1)N(Cc1ccc(-c2noc(C(F)(F)F)n2)cn1)c1cccc(F)c1,6.6020599913279625,1,0.0,34
GOERXSZEZNHQDQ-UHFFFAOYSA-N,CHEMBL4647859,O=C(NO)c1ccc(NC(=O)C2(c3ccc(Br)cc3)CCCC2)cc1,8.154901959985743,1,0.0,25
GOHSWCLTSSWQDR-UHFFFAOYSA-N,CHEMBL5094029,O=C(CCCCCCCOc1cccc(-c2nc3ccc(-c4nc5ccccc5[nH]4)cc3[nH]2)c1)NO,7.327902142064282,1,0.0,36
GOLDSRJBCFTJIA-UHFFFAOYSA-N,CHEMBL3774890,COc1ccc(N(C)c2nc(C)nc3ccccc23)cc1OCCCCCC(=O)NO,6.795880017344075,1,0.0,31
GOLRRNJKQBKLFR-UHFFFAOYSA-N,CHEMBL6043486,Fc1cc(CNc2ccc3ccncc3c2)ccc1-c1noc(C(F)(F)F)n1,5.795880017344075,1,0.0,28
GONJEOWKBPIPLG-UHFFFAOYSA-N,CHEMBL3689777,CCCCCc1nc2cc(C=CC(=O)NO)ccn2c1NCCOC,6.522878745280337,1,0.0,25
GOQPWLITFBPKCM-UHFFFAOYSA-N,CHEMBL6142246,O=C(NO)c1cnc(N2CCC(CNCc3nnnn3Cc3ccccc3)CC2)nc1,7.060480747381382,1,0.0,31
GOTVHOSEVBCCCT-UHFFFAOYSA-N,CHEMBL5089639,Nc1ccccc1NC(=O)c1ccc(CSc2nc(N3CCOCC3)c3cccn3n2)cc1,6.690369832574101,1,0.0,33
GOUONROMMLUDGC-UHFFFAOYSA-N,CHEMBL4173507,CCOc1cc(C(C)(C)C)ccc1C1=NC(c2ccc(Cl)cc2)C(c2ccc(Cl)cc2)N1C(=O)NCc1ccc(C(=O)NO)cc1,5.431798275933005,1,0.0,46
GOZTVWNPSBEHIJ-UHFFFAOYSA-N,CHEMBL5612403,CCCNNC(=O)C=Cc1ccc(CN(CCC)C(=O)c2cc3ccccc3s2)cc1,6.968591535748375,1,0.0,31
GPGGCNQZIWRUGW-UHFFFAOYSA-N,CHEMBL3670665,O=C(NO)c1ccc(CNC(=O)c2[nH]c(-c3ccc(O)cc3)cc2-c2ccsc2)cc1,7.0746879085003505,1,0.0,31
GPGOGYVKBXLUFL-UHFFFAOYSA-N,CHEMBL5812777,CC(=O)NCC1CN(C(=O)Nc2cc(C3=CCCCC3)ccc2N)C1,5.515700160653214,1,0.0,25
GPHINSJADKEFLO-UHFFFAOYSA-N,CHEMBL4299469,CCC1OC(=O)C(C)C(OC2CC(C)(OC)C(O)C(C)O2)C(C)C(OC2OC(C)CC(N(C)C)C2O)C(C)(O)CC(C)CN(Cc2ccc(-c3cn(CCCCC(=O)NO)nn3)cc2)C(C)C(O)C1(C)O,5.5934598195660445,1,0.0,71
GPIHGQNLNGKACV-UHFFFAOYSA-N,CHEMBL3645370,COc1cc(-c2nc3cc(C=CC(=O)NO)ccc3n2CC(O)CO)ccc1OCc1ccccc1,5.818156412055227,3,0.0,36
GPIZQXBFYQDCHM-UHFFFAOYSA-N,CHEMBL4225171,Cc1cc(-c2ccc(F)cc2)nn1Cc1ccc(C(=O)NO)cc1,6.318758762624412,1,0.0,24
GPJRXPAGXOISLS-UHFFFAOYSA-N,CHEMBL4649154,CC1COc2c(N3CCN(C)CC3)c(F)cc3c(=O)c(C(=O)NCc4cn(CCCCCCC(=O)NO)nn4)cn1c23,7.537602002101044,3,0.0,42
GPMIKDVJZRUNCO-UHFFFAOYSA-N,CHEMBL251757,Nc1ccccc1NC(=O)c1ccc(C(O)(C(=O)Nc2ccccc2)C(=O)Nc2ccccc2)cc1,7.026872146400302,1,0.0,36
GPTFICRJKMSGCC-UHFFFAOYSA-N,CHEMBL3828337,COc1ccc(-c2nc(N3CCOCC3)c3nc(CN(C)c4ncc(C(=O)NO)cn4)n(C(C)C)c3n2)cn1,7.207608310501746,1,0.0,39
GPWHEDNNQLNLGG-UHFFFAOYSA-N,CHEMBL6162540,O=C(CCCCCCOc1ccc2nc(-c3ccccc3)ccc2c1)NO,7.3239468753481285,1,0.0,27
GPYMXQKMBBKBLT-UHFFFAOYSA-N,CHEMBL6133532,N#CCCN(C(=O)CCl)c1ccc2c(c1)OCCN2CC(=O)NCCCCCCCC(=O)Nc1ccc(C(=O)NCCCCCCC(=O)NO)cc1,7.154901959985743,1,0.0,52
GQJDRCAZZLPXQO-UHFFFAOYSA-N,CHEMBL3664081,CN(C)S(=O)(=O)NCc1ccc(C(=O)Nc2cc(-c3cccs3)ccc2N)cc1,7.769551078621726,1,0.0,29
GQJUWWJBNKEMBH-UHFFFAOYSA-N,CHEMBL5631908,Nc1nc(Cl)c2ccn(Cc3ccc(C(=O)NO)cn3)c2n1,6.004364805402449,1,0.0,22
GQKBLEVLBFZGSR-UHFFFAOYSA-N,CHEMBL2408820,CN1C(=O)C(NC(=O)CCCCCC(=O)NO)N=C(c2ccccc2)c2ccccc21,6.568636235841012,1,0.0,31
GQOYLESXUHXUPQ-UHFFFAOYSA-N,CHEMBL4208365,O=C(CCN(Cc1ccccc1)Cc1ccccc1)NO,4.481486060122113,1,0.0,21
GQQBUTCPDHQVTA-UHFFFAOYSA-N,CHEMBL5619510,CNC(=O)c1ccccc1Nc1nc(Nc2ccc(NC(=O)CCCCCCC(=O)NO)cc2)ncc1Cl,6.279014255846261,1,0.0,38
GQRQYGYKBHIQTP-UHFFFAOYSA-N,CHEMBL4081313,Nc1ccccc1NC(=O)c1ccc(NC(=S)NCc2nc3ccccc3[nH]2)cc1,7.337242168318426,1,0.0,30
GQWOSUWMYJKRHD-UHFFFAOYSA-N,CHEMBL4634931,O=C(CCCC(=O)NCCCN1c2ccccc2CCc2ccc(Cl)cc21)NO,5.292429823902063,1,0.0,29
GQWVZXYZPPWMNU-UHFFFAOYSA-N,CHEMBL3902778,O=C(CCCCCCn1cc(-c2ccc3ncnc(Nc4ccc(OCc5nccs5)c(Cl)c4)c3c2)nn1)NO,8.2518119729938,1,0.0,40
GRFATHUZGBRATQ-UHFFFAOYSA-N,CHEMBL6162607,CN(C)c1ccc(C(=O)N(CCCCCC(=O)NCCSSCCNC(=O)CCCCCN(CC(=O)NCc2ccccc2)C(=O)c2ccc(N(C)C)cc2)CC(=O)NCc2ccccc2)cc1,5.1487416512809245,1,0.0,68
GRKNLMXQUPJNQM-UHFFFAOYSA-N,CHEMBL4472834,O=C(NO)c1ccc(CN2c3ccccc3Sc3ccc(C(F)(F)F)cc32)cc1,5.125518182300533,1,0.0,29
GRPAPMCJSYGKFO-UHFFFAOYSA-N,CHEMBL3698509,Nc1ccccc1NC(=O)CCc1ccc(CC(=O)c2ccccc2)o1,5.161150909262744,1,0.0,26
GRVDCOBJGNUNNX-UHFFFAOYSA-N,CHEMBL5204510,CC(C)(C)NC(=O)CN(Cc1ccc(C(=O)NO)cc1F)C(=O)c1ccccc1C(F)(F)F,5.632644078973981,1,0.0,33
GSBGMIOHBWZCMF-UHFFFAOYSA-N,CHEMBL5219969,CCC(=O)CCCCCC(NC(=O)C1CC12CCN(C)CC2)c1ncc(-c2ccc3nn(C)cc3c2)[nH]1,9.42021640338319,1,0.0,37
GSCRFUFFHMGRAV-UHFFFAOYSA-N,CHEMBL3339028,CCN(CC)c1ccc(Nc2ncnc3sc(NC(=O)CCCCCCC(=O)NO)cc23)cc1F,8.34008379993015,1,0.0,35
GSDMMZNFXXMWET-UHFFFAOYSA-N,CHEMBL5088903,O=C(NO)c1ccc(C=Cc2cc(-c3ccc(C(F)(F)F)cc3)ncc2F)cc1,5.530177984021837,1,0.0,29
GSOPYFSVWKZUOM-UHFFFAOYSA-N,CHEMBL3689799,CCCCNCc1c(-c2ccccc2)nc2cc(C=CC(=O)NO)ccn12,6.795880017344075,1,0.0,27
GSQFVPXFDMKNNT-UHFFFAOYSA-N,CHEMBL5639204,Cn1c(CNc2cccc3ccccc23)nc2cc(C(=O)NO)ccc21,6.078833949362261,1,0.0,26
GSSWPNVQSNAXRF-UHFFFAOYSA-N,CHEMBL3639915,CCCN(CCC)CC(C)NC(=O)c1ccc(-c2noc(C(F)(F)F)n2)cc1F,5.376750709602099,1,0.0,29
GSUOTZHCHGUHCC-UHFFFAOYSA-N,CHEMBL3526396,CC12Nc3ccccc3C1(O)CCN2Cc1ccc(C=CC(N)=O)cc1,6.013228265733755,1,0.0,26
GSXIELWDZLKJPS-UHFFFAOYSA-N,CHEMBL4215029,COc1cc(C(=O)c2ccc3c(ccn3Cc3ccc(C=CC(=O)NO)cc3)c2)cc(OC)c1OC,5.458420756053419,1,0.0,36
GSYCCFZNJMBJAS-UHFFFAOYSA-N,CHEMBL4066630,CN(C)C(=O)c1cc2cnc(Nc3ccc(N4CCN(C(=O)CCCCCCC(=O)NO)CC4)cn3)nc2n1C1CCCC1,7.4089353929735005,1,0.0,44
GSYOAHDSQYKHQW-UHFFFAOYSA-N,CHEMBL4099942,CC(C)C1NC(=O)C2(C)CSC(=N2)c2csc(n2)CNC(=O)CC(C=CCCC(=O)NO)OC1=O,7.585026652029182,1,0.0,35
GSZSEVDXKSKRIQ-UHFFFAOYSA-N,CHEMBL5556539,Cc1cn(Cc2ccc(C(=O)NO)cc2)c2c1C(=O)CC(C)(C)C2,5.486782399932061,1,0.0,24
GTBOGZJGSQYYIJ-UHFFFAOYSA-N,CHEMBL3335282,O=C(CCCCc1cnn(Cc2cccc(-c3ccccc3)c2)c1)NO,6.575118363368933,1,0.0,26
GTCJZOOYHVAPKA-UHFFFAOYSA-N,CHEMBL561118,O=C(CCc1ccc(CC(=O)c2ccccc2)o1)NO,5.619788758288394,1,0.0,20
GTCSBZSXTODQCG-UHFFFAOYSA-N,CHEMBL4791990,O=C(CCCCOc1ccccc1C(=O)Nc1cccc2[nH]cnc12)NO,6.823908740944319,1,0.0,27
GTDMSABOJZDMGQ-UHFFFAOYSA-N,CHEMBL270476,O=C(CCCCCCN(CCCc1ccccc1)CCc1ccccc1)NO,6.798602875679549,1,0.0,28
GTFAUKGKYICUDS-UHFFFAOYSA-N,CHEMBL4079541,O=C(NO)c1ccc(CN(CCO)C(=O)Cc2ccccc2)cc1,6.021915784762318,2,0.14998845649147619,24
GTGNAUXPRWWJOU-UHFFFAOYSA-N,CHEMBL523033,COc1ccc(-c2nc(C(CCCCNS(N)(=O)=O)NC(=O)OCc3ccccc3)cs2)cc1,6.301029995663981,1,0.0,34
GTHGSJGOJCVXEE-UHFFFAOYSA-N,CHEMBL4208487,CCCc1nc(C)c2c(=O)[nH]c(-c3cc(CC4CC(C(=O)NO)C4)ccc3OCC)nn12,6.681936665037238,1,0.0,32
GTLTXEIKQVWSRF-UHFFFAOYSA-N,CHEMBL4294949,C=C1CN(Cc2ccc(C(=O)Nc3ccccc3N)cc2)C(=O)c2ccccc21,5.318758762624412,1,0.0,29
GTLWGEHUUHHFQL-UHFFFAOYSA-N,CHEMBL6169877,CC(C)C1NC(=O)C2(C)CSC(=N2)c2csc(n2)CNC(=O)CC(C=CCCNC(=O)CS)OC1=O,6.0,1,0.0,36
GTMJPAVGSFWBDU-UHFFFAOYSA-N,CHEMBL3698510,O=C(C=Cc1ccc(NC(=O)Nc2cccc3ccccc23)cc1)NO,6.040958607678906,1,0.0,26
GTSZATFSVLYIRU-UHFFFAOYSA-N,CHEMBL4217364,CCCc1nn(C)c2c(=O)[nH]c(-c3cc(CC4CC(C(=O)NO)C4)ccc3OCC)nc12,6.509339913370447,2,0.001403214409438469,32
GTUXNVSIYBGMNH-UHFFFAOYSA-N,CHEMBL3317817,CC(C)(C)OC(=O)NCCCC1NC(=O)C2(C)CSC(=N2)c2csc(n2)CNC(=O)CC(C=CCCS)OC1=O,9.017728766960431,1,0.0,40
GUBLCMOQZJHWRT-UHFFFAOYSA-N,CHEMBL5633882,O=C(CCCCCCC(=O)Nc1cc(-c2ccc3ncn(Cc4ccccc4)c3c2)[nH]n1)NO,6.943095148663527,1,0.0,34
GUIAJHQOSDSSOK-UHFFFAOYSA-N,CHEMBL4063132,Nc1ccccc1NC(=O)c1ccc(NC(=S)NCc2ccccc2F)cc1,6.522878745280337,1,0.0,28
GUKKYRKEKULSRK-UHFFFAOYSA-N,CHEMBL5793219,Fc1cc(-c2noc(C(F)(F)F)n2)ccc1COc1ccccc1,4.823908740944319,1,0.0,24
GUKWYUINVSHUKE-UHFFFAOYSA-N,CHEMBL3758354,O=C(O)CCCn1nc(-c2ccc(F)cc2)cc1C(=O)NCCCCCCS,6.886056647693163,1,0.0,28
GUMHZCBUHIIKRC-UHFFFAOYSA-N,CHEMBL5561706,CCOc1ccc(-c2nc(C(=O)NCc3ccc(C(=O)NO)cc3)c3[nH]c(=O)n(-c4cccnc4OC)c3n2)cn1,8.292429823902063,1,0.0,41
GUMXFDNCGXPKCB-UHFFFAOYSA-N,CHEMBL5986690,COc1ccc(OCc2ccc(-c3noc(C(F)(F)F)n3)c(F)c2)nc1,5.823908740944319,1,0.0,26
GUNBRUHPJCKSKN-UHFFFAOYSA-N,CHEMBL5266137,O=C(NO)c1ccc(CN2CC(=O)N(Cc3cccc(Cl)c3)C(Cc3ccccc3)C2=O)cc1,5.068033885271827,1,0.0,34
GUOFEQBASPKOJJ-UHFFFAOYSA-N,CHEMBL3652240,O=C(NO)c1cnc(Nc2c(Cl)cccc2Cl)nc1,4.9747760848216895,1,0.0,19
GUSBCEMMAPNVTQ-UHFFFAOYSA-N,CHEMBL6063130,FC(F)(F)c1nc(-c2ccc(CNc3cnccn3)cc2)no1,5.585026652029182,1,0.0,23
GUSDVPDBGQNJJM-UHFFFAOYSA-N,CHEMBL5207492,Cc1ccccc1CN1C(=O)C2=C(CCN(Cc3ccc(C(=O)Nc4ccccc4N)cc3)C2)N2CCN=C12,6.596879478824182,1,0.0,39
GUWUSYPBTCEGGZ-UHFFFAOYSA-N,CHEMBL5186290,CCCCCCNNC(=O)c1cnc(NCc2ccc(CNC(C)=O)cc2)nc1,6.017728766960431,1,0.0,29
GVBDKSWKGOTDLU-UHFFFAOYSA-N,CHEMBL4476497,CC(NC(=O)c1nc(-c2nccs2)sc1C1CC1)c1ccc(C(=O)NO)cc1,7.091622227567605,3,0.8336685782334747,28
GVDINOVHHJJJDD-UHFFFAOYSA-N,CHEMBL464718,O=C(NO)c1ccc2c(c1)nc(CCc1ccccc1)n2CCCO,5.481486060122112,2,0.0,25
GVEYCTQROBIZHZ-UHFFFAOYSA-N,CHEMBL5517643,Cc1c2ccc(Nc3ccnc(Nc4ccc(NC(=O)CCCCCCC(=O)NO)cc4)n3)cc2nn1C,6.920818753952375,1,0.0,38
GVFGZVDPOQAIEH-UHFFFAOYSA-N,CHEMBL5527988,Nc1cc(F)ccc1NC(=O)CCCCCN1C(=O)CC(=Cc2ccccc2)C1=O,6.980053318321158,1,0.0,30
GVLNXHSUXOORTP-UHFFFAOYSA-N,CHEMBL5946809,FC(F)(F)c1nc(-c2ccc(CNc3cccnc3)cc2)no1,5.769551078621726,1,0.0,23
GVLQWIYQMKNTQW-UHFFFAOYSA-N,CHEMBL4645204,Nc1ccc(F)cc1NC(=O)CCCCNC(=O)c1cc(Cc2n[nH]c(=O)c3ccccc23)ccc1F,6.040958607678906,1,0.0,37
GVORXNGLOKKWIC-UHFFFAOYSA-N,CHEMBL5094795,CCc1c(C(=O)Nc2cccc(C=CC(=O)NO)c2)[nH]c(C)c1C(C)=O,6.903089986991944,1,0.0,26
GVPYBTYCSMGVJF-UHFFFAOYSA-N,CHEMBL4462577,COc1ccc(-c2cc(OCCN(C)c3ncc(C(=O)NO)cn3)c3ncnc(C)c3c2)cn1,8.886056647693163,2,0.0,34
GVRDQKDHYHMHHL-UHFFFAOYSA-N,CHEMBL3664064,CC(C)C(=O)NCc1ccc(C(=O)Nc2cc(-c3cccs3)ccc2N)cc1,7.795880017344075,1,0.0,28
GVRHANNHOUKGLH-UHFFFAOYSA-N,CHEMBL3655925,O=C(NO)c1cnc(NCCc2cccc(Cl)c2)nc1,7.107905397309519,1,0.0,20
GVTIGWXSHVFXMV-UHFFFAOYSA-N,CHEMBL5396565,Nc1ccccc1NC(=O)c1ccc(CNC(=O)OC2CCN(S(=O)(=O)CCl)CC2)cc1,6.432973633840939,1,0.0,32
GWCHOTLAPYORDN-UHFFFAOYSA-N,CHEMBL5779542,O=C1CCc2cccc(C(F)(F)F)c2N1Cc1ccc(-c2noc(C(F)(F)F)n2)cn1,6.055517327849831,1,0.0,31
GWEVPILGTKKVAZ-UHFFFAOYSA-N,CHEMBL3317816,CC(C)(C)OC(=O)NCCC1NC(=O)C2(C)CSC(=N2)c2csc(n2)CNC(=O)CC(C=CCCS)OC1=O,8.638272163982407,1,0.0,39
GWHOESHWTHCMLP-UHFFFAOYSA-N,CHEMBL5428176,Cc1ccc(-c2cc(C(=O)NCc3ccc(C(=O)NO)cc3)ccn2)c(C)c1,7.919373513078194,1,0.0,28
GWHQYMFFJQUJHI-UHFFFAOYSA-N,CHEMBL5398384,COc1cc(Cl)c(N=Nc2c(Cl)cc(C=CC(=O)Nc3ccccc3N)cc2Cl)c(Cl)c1,5.0,1,0.0,32
GWNBFGJNUNUOOI-UHFFFAOYSA-N,CHEMBL3827894,CN(Cc1nc2c(N3CCOCC3)nc(-c3cnc(N)nc3)nc2n1C)c1ncc(C(=O)NO)cn1,8.98296666070122,1,0.0,36
GWNCKYXSVDCVBB-UHFFFAOYSA-N,CHEMBL5271793,O=C(NO)c1ccc(Cn2cnc(-c3cccc(F)c3)n2)cc1,6.571217488503045,1,0.0,23
GWNSXXAZOHLGIY-UHFFFAOYSA-N,CHEMBL5894621,FC(F)(F)c1nc(-c2ccc(COc3ccc(Cl)nc3)nc2)no1,5.619788758288394,1,0.0,24
GWPYKHNHSJVJEX-UHFFFAOYSA-N,CHEMBL3770136,O=C(NO)c1coc(C(c2ccccc2)c2ccccc2)n1,4.027380660940376,1,0.0,22
GWSCTVQOGMEKRJ-UHFFFAOYSA-N,CHEMBL3698506,COc1ccc(S(=O)(=O)Nc2ccc(CCC(=O)Nc3ccccc3N)cc2)cc1OC,4.638272163982407,1,0.0,32
GWXHXSXBGRTVBY-UHFFFAOYSA-N,CHEMBL2022828,O=C(NC(CCCCCCSSc1ccccn1)C(=O)NC1c2ccccc2-c2ccccc21)OCc1ccccc1,7.166215625343521,1,0.0,42
GXJABQQUPOEUTA-UHFFFAOYSA-N,CHEMBL325041,CC(C)CC(NC(=O)C(Cc1ccccc1)NC(=O)c1cnccn1)B(O)O,6.207608310501746,1,0.0,28
GXKNPRJNDFSXAO-UHFFFAOYSA-N,CHEMBL5751100,Fc1cc(COc2ccc3cccc(F)c3n2)ccc1-c1noc(C(F)(F)F)n1,6.142667503568731,1,0.0,29
GXMWQAXYHFYSNS-UHFFFAOYSA-N,CHEMBL5589596,CCn1c(C)nc2c(F)cc(-c3nc(Nc4ccc(CNC(=O)CCCCCCC(=O)NO)cc4)ncc3F)cc21,7.585026652029182,1,0.0,41
GXOOMZQLPATTMH-UHFFFAOYSA-N,CHEMBL3356930,O=C(CCCCCCS)NC1CCCC1,6.062983892535186,1,0.0,15
GXOSDYYSMVCHPE-UHFFFAOYSA-N,CHEMBL1835422,CC(C)(C)OC(=O)NCCCCC(NC(=O)OC(C)(C)C)C(=O)N1CC2(CC1C(=O)NCCCCCC(=O)NO)SCCS2,6.008773924307505,1,0.0,44
GXQSQZKYJSEKFV-UHFFFAOYSA-N,CHEMBL217035,CC(=O)CCCCCC(NC(=O)c1cncs1)C(=O)NCCc1c(-c2ccccc2)[nH]c2ccccc12,6.229147988357855,3,0.7062692430775179,37
GXQXMVBUFDEDPQ-UHFFFAOYSA-N,CHEMBL5872061,FC(F)(F)c1nc(-c2ccc(N3CCOCC3c3ccccc3Cl)nc2)no1,6.318758762624412,1,0.0,28
GXXMDTMOEKZYDT-UHFFFAOYSA-N,CHEMBL4637848,Nc1cc(F)ccc1NC(=O)C1CCN(C(=O)c2cc(Cc3n[nH]c(=O)c4ccccc34)ccc2F)CC1,6.026872146400301,1,0.0,38
GXZQXSHMCDBRAW-UHFFFAOYSA-N,CHEMBL248909,CC(Cc1ccc(C(=O)Nc2ccccc2N)cc1)(C(=O)Nc1ccccc1)C(=O)Nc1ccccc1,6.698970004336019,1,0.0,37
GYCHHPOEULHRMT-UHFFFAOYSA-N,CHEMBL4085511,COc1ccc(C(=O)NC(Cc2c[nH]c3ccccc23)C(=O)NCc2ccc(C(=O)Nc3ccccc3N)cc2)cc1,7.382475781083504,6,0.6856982678568295,42
GYEGRQLWDACTGM-UHFFFAOYSA-N,CHEMBL482002,CSc1nc(NCc2ccc(C(=O)Nc3ccccc3N)cc2)cc(-c2cccnc2)n1,6.6020599913279625,1,0.0,32
GYKGIINXSOHHAI-UHFFFAOYSA-N,CHEMBL486738,Nc1ccccc1NC(=O)c1ccc(N2CCC3(CC2)CNCc2ccccc23)nc1,7.050609993355087,1,0.0,31
GYNSNDXSMWEHDL-UHFFFAOYSA-N,CHEMBL5281979,COC(=O)C=Cc1ccc(OCCCNc2cc3c([nH]c4ccccc43)c(-c3ccc(OC)cc3)n2)c(OC)c1,7.568636235841012,1,0.0,40
GYOMLZAHUFABLT-UHFFFAOYSA-N,CHEMBL4277267,O=C(CCCCCCC(=O)Nc1ccc(-c2ccnc(Nc3cccc(N4CCCCC4)c3)n2)cc1)NO,6.747146969020107,1,0.0,38
GYQOOBXTZRTTLU-UHFFFAOYSA-N,CHEMBL5191470,Cc1cc(C)c(CNC(=O)c2cc(-c3ccc(N4CCN(CCCCCCCC(=O)NO)CC4)nc3)cc3c2cnn3C(C)C)c(=O)[nH]1,6.1249387366083,1,0.0,48
GYVLADWHXWFTMQ-UHFFFAOYSA-N,CHEMBL318821,Nc1ccccc1NC(=O)CCCCCN1Cc2ccccc2C1=O,5.3979400086720375,1,0.0,25
GYWQCXUVPDWXRB-UHFFFAOYSA-N,CHEMBL3760013,O=C(NCCCCCCS)c1cc(-c2cnccn2)n[nH]1,7.823908740944319,1,0.0,21
GZALNWIASRJIHT-UHFFFAOYSA-N,CHEMBL5861276,FC(F)(F)c1nc(-c2ccc(CNC3CCN(c4ncccn4)C3)cc2)no1,5.795880017344075,1,0.0,28
GZEWVGAYVCYDDU-UHFFFAOYSA-N,CHEMBL3335001,CN(C)Cc1cccc(CN2CCN(c3ccc(C(=O)NO)cc3)C2=O)c1,7.638272163982407,1,0.0,27
GZLJTMJBUUAYEG-UHFFFAOYSA-N,CHEMBL1086549,O=C(CCCCCNC(=O)NC(=O)c1ccc2c(c1)ncn2CCCc1ccccc1)NO,5.425968732272281,1,0.0,33
GZSJHUHVDVWRCO-UHFFFAOYSA-N,CHEMBL4571886,CCC(Nc1ncnc2[nH]cnc12)c1nc(CCCCC(=O)NO)c2ccccc2n1,5.233141188978582,1,0.0,31
GZVADPMTZLUXJK-UHFFFAOYSA-N,CHEMBL5570265,COc1ccc(-c2cc(OCCCCCCCC(=O)Nc3ccccc3N)c3ncnc(C)c3c2)cn1,6.73754891026957,1,0.0,37
GZVWWUFJCWQXJJ-UHFFFAOYSA-N,CHEMBL5560323,Cc1nccn1CC1C(=O)c2c(n(Cc3ccc(C(=O)NO)cc3)c3ccccc23)CC1(C)C,5.236572006437063,1,0.0,34
GZWSDASEAKPFPR-UHFFFAOYSA-N,CHEMBL6144989,CCCNNC(=O)CCCCCNCc1ccc(-c2cccc(-c3ccccc3)c2C)nc1OC,6.2716462179787715,1,0.0,35
GZYIORBXSPEZLZ-UHFFFAOYSA-N,CHEMBL3628323,CC(=O)SCCC=CC1CC(=O)NC(C(C)C)C(=O)NC(Cc2cn(C)cn2)C(=O)NC(C(C)C)c2cn(nn2)CC(=O)O1,5.982966660701219,1,0.0,44
HACIRUZXPBRMTD-UHFFFAOYSA-N,CHEMBL3655989,COc1cccc(C2(Nc3ncc(C(=O)NO)cn3)CC2)c1,7.42021640338319,1,0.0,22
HACPSCZAVPAEID-UHFFFAOYSA-N,CHEMBL4876454,CC(C)(C)OC(=O)Nc1ccc(-c2cc(NC(=O)CCCCCCC(=O)NO)no2)cc1,6.567030709125595,1,0.0,32
HACUHRDPZRXYSI-UHFFFAOYSA-N,CHEMBL4749146,O=C(NO)c1ccc(CCCN2CCC(CNC3CC3c3ccccc3)CC2)cc1,5.468521082957745,1,0.0,30
HADMBUXJGCALMH-UHFFFAOYSA-N,CHEMBL5185100,Nc1nc(-c2ccco2)c2cnn(Cc3ccc(C=CC(=O)NO)cc3)c2n1,8.148741651280925,1,0.0,28
HAHTYLGIMUMNJY-UHFFFAOYSA-N,CHEMBL5404127,NCC(=CC(=O)c1ccccc1)c1ccccc1,5.143868816397475,2,0.16176984772457725,18
HAJHDMHFDQUTII-UHFFFAOYSA-N,CHEMBL4788942,COc1cc(OC)cc(-c2ccc3c(NC(=O)CCCCCCC(=O)NO)n[nH]c3c2)c1,8.337242168318426,1,0.0,32
HAJOJTMLNLRYFW-UHFFFAOYSA-N,CHEMBL4102654,COc1cc(C(=O)NCCc2ccc(C=CC(=O)NO)cc2)ccc1O,8.09151498112135,1,0.0,26
HAKJNBQITNLGKA-UHFFFAOYSA-N,CHEMBL5283611,Cc1noc(-c2ccccc2)c1C#CCCCCCNC(=O)C(C)S,5.568636235841012,1,0.0,25
HAPPIMWTPPPDNS-UHFFFAOYSA-N,CHEMBL4787148,CCCCCNNC(=O)c1ccc(CNC(=O)c2ccccc2)cc1,7.694648630553377,1,0.0,25
HAPWXFMEXBTXSE-UHFFFAOYSA-N,CHEMBL3770029,COc1ccc2cc(-c3nc(C(=O)NO)co3)ccc2c1,4.648396927580871,1,0.0,21
HAQVOKDWPSCSLP-UHFFFAOYSA-N,CHEMBL5266236,O=C(NO)c1ccc(Cn2cnc(-c3ccccc3)n2)cc1,6.685290307044826,1,0.0,22
HARDBSVTIYODOA-UHFFFAOYSA-N,CHEMBL6161205,CN(C)c1ccc(C(=O)N(CC(=O)NCc2ccccc2)Cc2ccc(C(=O)Nc3cc(-c4ccncc4)ccc3N)cc2)cc1,7.376750709602099,1,0.0,46
HATRHHNUHBOWCI-UHFFFAOYSA-N,CHEMBL4740035,CCCNNC(=O)c1ccc(CNC(=O)c2ccccc2)cc1,7.882741358243656,2,0.00663057889901264,23
HAXGKFMASQBUNA-UHFFFAOYSA-N,CHEMBL4468470,CNC(=O)c1cc(Oc2ccc(NC(=O)c3ccc(N)cc3)cc2)ccc1N,5.6439741428068775,1,0.0,28
HBDQXAXAVBSOBW-UHFFFAOYSA-N,CHEMBL6175609,Cc1noc(C)c1-c1ccc2c(c1)CCc1c-2nn(Cc2cccc(F)c2)c1C(=O)NCCCCCCC(=O)NO,6.698970004336019,1,0.0,41
HBLOQCBMYLHGPQ-UHFFFAOYSA-N,CHEMBL5832299,Nc1ccc(-c2ccc(F)cc2)cc1NC(=O)N1CC2(COC2)C1,7.301029995663981,1,0.0,24
HBNSYDADLFRPNT-UHFFFAOYSA-N,CHEMBL4789155,CC(C)c1cc(C(=O)N2Cc3ccc(NC(=O)CCCCCCCCC(=O)NO)cc3C2)c(O)cc1O,5.726304412069908,1,0.0,37
HBOMAKTUMCGYJX-UHFFFAOYSA-N,CHEMBL2413306,Cc1ccc(OCCN(Cc2ccc(-c3ccccc3)cc2)Cc2ccc(C=CC(=O)NO)o2)cc1,5.388276691992658,1,0.0,36
HBOMISXRZUHCSH-UHFFFAOYSA-N,CHEMBL5075135,O=C(NO)c1ccc(CN(Cc2cccnc2)S(=O)(=O)c2cc(F)c(F)c(F)c2F)cc1,6.03574036980315,1,0.0,32
HBPIRFOTRWYEMS-UHFFFAOYSA-N,CHEMBL569122,CC(C)CC1CC(=O)NC(C)C(=O)NC(CSCCC(=O)O)C(=O)NC(Cc2c[nH]c3ccccc23)C(=O)N1,5.315154638355588,1,0.0,39
HBPJGIIOQWAQJI-UHFFFAOYSA-N,CHEMBL6065395,CCn1c(CCNC(=O)Cc2ccccc2)nc2cc(C=CC(=O)NO)ccc21,6.0347982989740885,2,0.0,29
HBRAKWPPZGSTLA-UHFFFAOYSA-N,CHEMBL2448568,CCC(=O)CCCCCC(NC(=O)CCN(C)C)c1ncc(-c2cc(OC)c3ccccc3n2)[nH]1,7.292429823902063,1,0.0,35
HBRMORUNTHMOAD-UHFFFAOYSA-N,CHEMBL271862,COc1ccc(-c2ccnc(NCc3ccc(C(=O)Nc4ccccc4N)cc3)n2)cc1OC,7.301029995663981,1,0.0,34
HBSAYEOMBARDFZ-UHFFFAOYSA-N,CHEMBL4866882,CCCNc1ccc2c3c(cccc13)C(=O)N(CCCC(=O)NO)C2=O,5.022276394711152,1,0.0,26
HBWNQVHVIQTBPP-UHFFFAOYSA-N,CHEMBL6170100,Cc1c(N)cccc1-c1cn(CCCCC(=O)NO)c2ccc(C#N)cc12,7.287350298372789,1,0.0,27
HBXWERWUFYJAFL-UHFFFAOYSA-N,CHEMBL1098067,CCN1CCCC(n2c(Cc3ccccc3)nc(C)c2-c2cccc(C=CC(=O)NO)c2)C1,6.920818753952375,1,0.0,33
HCBRWGHMXCSAFU-UHFFFAOYSA-N,CHEMBL2047541,COc1ccc(CC(=NO)C(=O)NCCS)cc1Br,8.744727494896694,1,0.0,19
HCBULGQMULJTCM-UHFFFAOYSA-N,CHEMBL1478023,O=C1C(=Cc2ccc(O)c(O)c2)Oc2ccccc21,4.943095148663527,1,0.0,19
HCEDLZCUHOEHNH-UHFFFAOYSA-N,CHEMBL4634501,CN1CC(C(=O)NC(CCCCCC(=O)c2ccon2)c2ncc(-c3ccccc3F)o2)C1,9.698970004336019,1,0.0,33
HCGGLGNXCXTUQX-UHFFFAOYSA-N,CHEMBL6172665,COc1ccc(-c2ncc(C(=O)NCc3ccc(C(=O)Nc4ccccc4N)cc3)[nH]2)cc1,5.351639989019068,1,0.0,33
HCPJONOCDRERJJ-UHFFFAOYSA-N,CHEMBL2407720,Nc1ccccc1NC(=O)c1ccc(CNC2=NC(Cc3ccccc3)CS2)cc1,6.2117141579673545,2,0.3510039706258201,30
HCQZNXAXIGUKEB-UHFFFAOYSA-N,CHEMBL5936681,Cc1nnc(CC(=O)N(Cc2ccc(-c3noc(C(F)(F)F)n3)cc2)c2cccc(C(F)(F)F)c2)n1C,6.065501548756432,1,0.0,37
HCWWRBZVJKBTNV-UHFFFAOYSA-N,CHEMBL4111331,CC(C)C1C(=O)N(c2ccccc2)C(=O)N1Cc1ccc(C(=O)NO)cc1,4.928117992693875,1,0.0,27
HCZMRRZYIBUPSV-UHFFFAOYSA-N,CHEMBL5184678,CC12CC3CC(C)(C1)CC(NC(=O)C=Cc1ccc(C(=O)NO)cc1)(C3)C2,5.573488738635424,1,0.0,27
HDCIDGKVVBLQNA-UHFFFAOYSA-N,CHEMBL5094920,Nc1nc(NCCCc2ccc(C(=O)NO)cc2)nc2nc(-c3ccco3)nn12,7.6252516539898965,1,0.0,29
HDFOPMODUYSQGP-UHFFFAOYSA-N,CHEMBL5204018,Cc1nc2cc(NC(=O)CCOCCOCCOCCOCCNC(=O)CNc3cccc4c3C(=O)N(C3CCC(=O)NC3=O)C4=O)ccc2n1Cc1ccc(C(=O)NO)cc1F,5.847711655616944,1,0.0,63
HDFXCPBORXQULA-UHFFFAOYSA-N,CHEMBL5555227,Cc1nn(Cc2ccc(C(=O)NO)cc2)c2c1C(=O)CC(C)(C)C2,5.782516055786093,1,0.0,24
HDJNDIGSGAGDJJ-UHFFFAOYSA-N,CHEMBL5081128,COc1ccccc1-c1cc(C=Cc2ccc(C(=O)NO)cc2)ccn1,5.982966660701219,1,0.0,26
HDWKABNBAQKIRF-UHFFFAOYSA-N,CHEMBL3689827,CC(C)(C)NCc1c(C(C)(C)C)nc2cc(C=CC(=O)NO)ccn12,6.886056647693163,1,0.0,25
HDXSNBMKFDWMMY-UHFFFAOYSA-N,CHEMBL5858111,Nc1ccc(-c2cccs2)cc1NC(=O)CCC1CCNCC1,7.301029995663981,1,0.0,23
HDZJMUKQTFZUGE-UHFFFAOYSA-N,CHEMBL1095718,Cc1nc(-c2cccc(C=CC(=O)NO)c2)n(CCN2CCOCC2)c1C,7.508638306165727,1,0.0,27
HECBRMPKGMWNPZ-UHFFFAOYSA-N,CHEMBL569812,CCC(=O)CCCSCC1NC(=O)C(C)NC(=O)CC(CC(C)C)NC(=O)C(Cc2c[nH]c3ccccc23)NC1=O,7.698970004336019,2,0.0,41
HELYZRIECDGSTO-UHFFFAOYSA-N,CHEMBL5432846,O=C(CCCCCCNc1cc(N2CCCCCC2)nc(-c2ccccn2)n1)NO,7.537602002101044,1,0.0,30
HENNVFJIHLEGPO-UHFFFAOYSA-N,CHEMBL4069828,CC(O)C1N=C(c2ccccc2)c2ccccc2N(CCCCC(=O)NO)C1=O,4.949620243738543,1,0.0,29
HETZJVWRQHUFPY-UHFFFAOYSA-N,CHEMBL245986,O=C(CCCCCC(NC(=O)c1ccc2ccccc2n1)C(=O)Nc1cccc2cccnc12)NO,7.376750709602099,1,0.0,36
HEUWDHCWUWDRLC-UHFFFAOYSA-N,CHEMBL4788251,COc1ccc(S(=O)(=O)Nc2ccccc2CCc2ccc(C(=O)Nc3ccccc3N)cc2)cc1,5.924453038607469,1,0.0,36
HEXVAEOXQIHDTH-UHFFFAOYSA-N,CHEMBL2323289,CCCCCCCC(=O)SCCC=CC1CC(=O)NCc2nc(cs2)-c2cn(nn2)CC(=O)NC(C(C)C)C(=O)O1,4.7544873321858505,1,0.0,41
HEXWCSFYISOOQD-UHFFFAOYSA-N,CHEMBL3585973,Nc1ccccc1NC(=O)CCCCCCc1nc(-c2ccc(F)cc2)no1,6.055517327849831,1,0.0,28
HFDHVDIXYSXIRN-UHFFFAOYSA-N,CHEMBL5185463,Cc1nc2cc(NC(=O)CCCCCCCNC(=O)COc3cccc4c3C(=O)N(C3CCC(=O)NC3=O)C4=O)ccc2n1Cc1ccc(C(=O)NO)cc1F,6.189095719331299,1,0.0,56
HFDJXCMUIIRHMA-UHFFFAOYSA-N,CHEMBL6041746,CC(C)c1ncncc1C(=O)N(Cc1ccc(-c2noc(C(F)(F)F)n2)cn1)c1cccc(F)c1,6.031517051446064,1,0.0,35
HFEVWIWKJBVMMX-UHFFFAOYSA-N,CHEMBL5425253,Nc1ccccc1NC(=O)c1ccc(COc2ccc(CNC(=O)C3CCC(=O)N3Cc3ccc(Br)cc3)cc2)cc1,7.292429823902063,1,0.0,42
HFFOCGFIJMCQCW-UHFFFAOYSA-N,CHEMBL3098689,O=C(CCCCCC(NC(=O)C1CCCC(=O)N1)C(=O)Nc1ccccc1)NO,7.6020599913279625,1,0.0,29
HFHTVKBHBHGTOX-UHFFFAOYSA-N,CHEMBL2179250,COc1ccccc1NC(=O)N(CCc1c[nH]c2ccccc12)Cc1ccc(C(=O)NO)cc1,5.048176964684088,4,0.0,34
HFKXYYJBMLALAZ-UHFFFAOYSA-N,CHEMBL5979605,COc1ncccc1OCc1ccc(-c2noc(C(F)(F)F)n2)c(F)c1,5.619788758288394,1,0.0,26
HFLWCVWBMKPMNV-UHFFFAOYSA-N,CHEMBL5765908,NC(=O)c1ncccc1NCc1ccc(-c2noc(C(F)(F)F)n2)cn1,6.070581074285707,1,0.0,26
HFOFQECKBPXDDI-UHFFFAOYSA-N,CHEMBL5641521,CCCNNC(=O)c1ccc(CNC(=O)C(CC(C)C)NC(=O)NCc2cccc3ccccc23)cc1,6.619788758288394,1,0.0,37
HFSPMEKDSLGQIJ-UHFFFAOYSA-N,CHEMBL5894399,Fc1ccccc1NCc1ccc(-c2noc(C(F)(F)F)n2)cc1,5.337242168318426,1,0.0,24
HFZJPVYVYYPCDO-UHFFFAOYSA-N,CHEMBL3314864,Nc1ccccc1NC(=O)C=Cc1ccc(-c2nnc(Cc3cccc4ccccc34)o2)cc1,6.0,1,0.0,34
HGCZGYHCBRKJNB-UHFFFAOYSA-N,CHEMBL5276531,CC1(C)c2ccccc2N(Cc2ccc(C(=O)NO)cc2)C1c1cccnc1,5.273272790973428,5,0.6803301484757185,28
HGEIBVWWHNNUQS-UHFFFAOYSA-N,CHEMBL4592929,O=C(C=Cc1ccc(C(=O)NC(Cc2c[nH]c3ccccc23)C(=O)Nc2cccc(Br)c2)cc1)NO,9.037299268295659,1,0.0,36
HGIKQLSKLAVARF-UHFFFAOYSA-N,CHEMBL5780573,CCCOC(=O)Nc1cc(C2=CCCC2)ccc1N,4.755722879198157,1,0.0,19
HGJXONWDAVKFOH-UHFFFAOYSA-N,CHEMBL6049685,Nc1ccc(-c2ccc(F)cc2)cc1NC(=O)C1CCCCC1,7.301029995663981,1,0.0,23
HGKUDYGHIXGMSJ-UHFFFAOYSA-N,CHEMBL2381742,O=C(CCCCc1cn(Cc2ccc(F)c(Cl)c2)nn1)NO,6.187755303199631,1,0.0,22
HGMBPYABKCFTMP-UHFFFAOYSA-N,CHEMBL3621296,O=C(CCCCC(=O)Nc1ccc2c(c1)C(=Cc1ccc[nH]1)C(=O)N2)NO,8.028260409112221,1,0.0,27
HGSGBMMKQRFPCG-UHFFFAOYSA-N,CHEMBL3233703,O=C(C=Cc1ccc(OCC(Cc2c[nH]c3ccccc23)NC(=O)c2ccc(F)cc2)cc1)NO,7.777283528852417,1,0.0,35
HHDHCTMABDJIAY-UHFFFAOYSA-N,CHEMBL5561398,Nc1ccccc1NC(=O)c1ccc(NC(=O)c2ccc(-c3ncc(CNc4ccccc4)s3)cc2)cc1,6.1938200260161125,1,0.0,38
HHDYRXKUDYTQHA-UHFFFAOYSA-N,CHEMBL3827794,COc1cc(-c2nc(N3CCOCC3)c3nc(CN(C)c4ncc(C(=O)NO)cn4)n(C)c3n2)cc(OC)c1OC,8.991399828238082,1,0.0,41
HHEJLIRVCLXQMR-UHFFFAOYSA-N,CHEMBL3953547,CCCCCC(CCCCCC(=O)Nc1ccccc1)C(=O)NO,4.318758762624412,1,0.0,24
HHFJAELLGLMFSX-UHFFFAOYSA-N,CHEMBL6170158,CCCc1cc(NC(=O)Nc2ccc(Oc3ccnc(-c4cnn(CCCCCCC(=O)NO)c4)c3)cc2)on1,7.886056647693163,1,0.0,40
HHJDUJYJRMVBNS-UHFFFAOYSA-N,CHEMBL5570737,COc1ncc(-c2cc(OCCOc3ccc(C(=O)Nc4ccccc4N)cc3)c3ncnc(C)c3c2)cc1NS(=O)(=O)c1ccc(F)cc1F,7.251811972993799,1,0.0,51
HHJUIDKQENTWLT-UHFFFAOYSA-N,CHEMBL6026664,CC(=O)N1CCC(C(=O)Nc2cc(-c3ccc(F)cc3)ccc2N)CC1,7.301029995663981,1,0.0,26
HHKAELVQDULMKP-UHFFFAOYSA-N,CHEMBL5092198,Nc1nc2c(cnn2CCCCCCC(=O)NO)c2nc(-c3ccco3)nn12,8.42021640338319,1,0.0,28
HHSNUFVTOCHKST-UHFFFAOYSA-N,CHEMBL3675765,O=C(CCCCCCN(c1ccccn1)c1cc(OCc2ccccc2)ccn1)NO,6.821023052706831,1,0.0,31
HHVKLIFMKSTWJU-UHFFFAOYSA-N,CHEMBL4063718,Cc1ccc(F)c(Nc2ncnc3cc(NC(=O)CCCCCCC(=O)NO)sc23)c1,7.124244420741945,1,0.0,31
HHWCETFNUZKCER-UHFFFAOYSA-N,CHEMBL3585979,Nc1ccccc1NC(=O)CCCCCCc1nc(-c2cccnc2)no1,5.978810700930062,1,0.0,27
HHWIVHIQCJOZSJ-UHFFFAOYSA-N,CHEMBL3648310,CN(CCCCC1=CCCC=C1)c1ccc(C=CC(=O)NO)cc1N,6.795880017344075,1,0.0,25
HHZYAWMWHFNEMB-UHFFFAOYSA-N,CHEMBL4785718,O=C(NO)c1ccc(CN2CCC3(CC2)CN(C(=O)c2ccccc2)c2ccccc23)cc1,4.995678626217358,1,0.0,33
HIBFWBPZRMFMRH-UHFFFAOYSA-N,CHEMBL4278951,O=C(CCCCCCC(=O)Nc1ccc(-c2ccnc(Nc3ccccc3)n2)cc1)NO,8.42021640338319,1,0.0,32
HIBTWMWZPXGBKK-UHFFFAOYSA-N,CHEMBL5992550,Nc1ccc(-c2cccs2)cc1NC(=O)NNCc1ccccc1,6.255707016877324,1,0.0,24
HICNTKULMRZJMY-UHFFFAOYSA-N,CHEMBL3656009,O=C(NO)c1cnc(NC2(c3ccc(F)c(F)c3)CC2)nc1,7.259637310505756,1,0.0,22
HIEFOIISQBSAEQ-UHFFFAOYSA-N,CHEMBL1631916,COc1cc2cc(c1)COc1ccccc1NC(=O)C(CCCCCC(=O)NO)OCCC2,6.991399828238082,3,0.45109296985626024,33
HIEVIRSGDZBQRD-UHFFFAOYSA-N,CHEMBL2323290,CC(C)C1NC(=O)Cn2cc(nn2)-c2csc(n2)CNC(=O)CC(C=CCCS)OC1=O,5.628932137728263,1,0.0,32
HIGOLWVHKIKKPZ-UHFFFAOYSA-N,CHEMBL554395,Nc1ccccc1NC(=O)CCCCCC(NC(=O)C1CCCN1C(=O)C(N)Cc1ccccc1)C(=O)NC(Cc1ccccc1)C(=O)O,4.0746879085003505,1,0.0,49
HIKRXEASUUGCMM-UHFFFAOYSA-N,CHEMBL3605502,Nc1ccccc1NC(=O)c1ccc(CNC2=NCC(c3ccccc3)O2)cc1,6.7640609003463545,2,0.7102510147457082,29
HIOSTHUWDVSFSC-UHFFFAOYSA-N,CHEMBL4299488,CCC1OC(=O)C(C)C(OC2CC(C)(OC)C(O)(CN(C)Cc3ccc(-c4cn(CCCCCCC(=O)NO)nn4)cc3)C(C)O2)C(C)C(OC2OC(C)CC(N(C)C)C2O)C(C)(O)CC(C)CN(C)C(C)C(O)C1(C)O,7.297569463554475,1,0.0,77
HIPHQMNXOQHTKH-UHFFFAOYSA-N,CHEMBL3335367,O=C(CCCCCNC(=O)c1ccc(-c2ccc(-c3cc(O)cc(O)c3)cc2)cc1)NO,6.045757490560675,1,0.0,32
HIRRHXZKTMZOHN-UHFFFAOYSA-N,CHEMBL514351,Cc1ccc(NCc2ccc(C=CC(=O)NO)cc2)cc1Nc1nccc(-c2cccnc2)n1,7.113509274827518,1,0.0,34
HITGCYFBCQIVNF-UHFFFAOYSA-N,CHEMBL4299448,CCC1OC(=O)C(C)C(OC2CC(C)(OC)C(O)(CN(C)Cc3ccc(-c4cn(CCCCC(=O)NO)nn4)cc3)C(C)O2)C(C)C(OC2OC(C)CC(N(C)C)C2O)C(C)(OC)CC(C)C(=O)C(C)C(O)C1(C)O,5.432973633840939,1,0.0,75
HIUNIEQHYXYXSL-UHFFFAOYSA-N,CHEMBL3759998,COc1cc(-c2cc(C(=O)NCCCCCCS)[nH]n2)cc(OC)c1OC,6.374687549038326,1,0.0,27
HIZHUDPBZOJZPE-UHFFFAOYSA-N,CHEMBL5632251,CN1c2ccc(NCc3ccc(C(=O)Nc4ccccc4N)cc3)cc2C(=O)N2CCc3c([nH]c4ccccc34)C21,5.821023052706831,1,0.0,41
HJDHLGLQDXNIJR-UHFFFAOYSA-N,CHEMBL6173804,COc1ccc(C=C2Sc3cc(C(=O)Nc4ccccc4N)ccc3C2=O)cc1,5.612741517135725,2,0.31361912297200156,29
HJGPQKXUCGZQTB-UHFFFAOYSA-N,CHEMBL6016335,O=C(Cn1ncccc1=O)N(Cc1ccc(-c2noc(C(F)(F)F)n2)cc1)c1cccc(C(F)(F)F)c1,6.017728766960431,1,0.0,37
HJNXAWRJRUYRGL-UHFFFAOYSA-N,CHEMBL5780874,CC(=O)C1CN(CNC(=O)Nc2cc(-c3cccs3)ccc2N)C1,5.515700160653214,1,0.0,24
HJPIJALRLZVGMS-UHFFFAOYSA-N,CHEMBL3792392,O=C(CCCc1csc(C=Cc2ccccc2)n1)NO,4.859963589024718,1,0.0,20
HJQZGXABNBZCDG-UHFFFAOYSA-N,CHEMBL3770566,O=C(NO)c1coc(-c2cccs2)n1,4.437588167050272,1,0.0,14
HJTLKLNVMZMOKK-UHFFFAOYSA-N,CHEMBL5074664,Cc1ccc(-c2cc(C=Cc3ccc(C(=O)NO)cc3)c(F)cn2)cc1,5.928117992693874,1,0.0,26
HJWQHKXMRMRFNE-UHFFFAOYSA-N,CHEMBL1093043,Cc1cccc(NC(=O)CCCCC(=O)NO)c1C,5.954677021213342,1,0.0,19
HJYOCZKXEWNTBV-UHFFFAOYSA-N,CHEMBL3655999,O=C(NO)c1cnc(NC2(c3ccccc3)CCC2)nc1,6.853871964321762,1,0.0,21
HJYQTADAMJLXQM-UHFFFAOYSA-N,CHEMBL269890,CC(=O)CCCCCC(NC(=O)CCN1CCCCC1)C(=O)NCCc1c(-c2ccccc2)[nH]c2ccccc12,6.721246399047171,1,0.0,40
HKBUSRPVKQXBON-UHFFFAOYSA-N,CHEMBL5199849,CN(C)c1ccc(C(=O)N(CC(=O)NC2CCCCC2)Cc2ccc(C(=O)NO)cc2F)cc1,7.180456064458131,1,0.0,34
HKISHKJJYBCZQL-UHFFFAOYSA-N,CHEMBL2425966,CCc1nc2cc(C=CC(=O)NO)ccc2c(=O)n1CCc1ccc(F)cc1,5.675717544702307,1,0.0,28
HKJCMFRABFUAJX-UHFFFAOYSA-N,CHEMBL5619359,O=C(CCCCCn1c(=O)c(-c2ccc(Cl)cc2Cl)cc2cnc(NC3CC3)nc21)NO,6.632271453913024,1,0.0,32
HKNBNNBWNDWYRH-UHFFFAOYSA-N,CHEMBL3601779,Cc1ccc(Nc2nccc3ccc(NCc4ccc(C=CC(=O)NO)cc4)cc23)c(Cl)c1,6.243371497678581,1,0.0,33
HKNCTCCBMFSNHN-UHFFFAOYSA-N,CHEMBL5435590,O=C(CCNc1cc(N2CCCCCC2)nc(-c2ccccn2)n1)NO,5.064593510247651,1,0.0,26
HKUDMROZKVACRO-UHFFFAOYSA-N,CHEMBL2381755,O=C(CCCCc1cn(Cc2ccc(C(F)(F)F)cc2)nn1)NO,6.356547323513812,1,0.0,24
HKWOLWSSADGSIF-UHFFFAOYSA-N,CHEMBL4638706,CC1COc2c(N3CCN(C)CC3)c(F)cc3c(=O)c(C(=O)OCc4cn(CCCCCCCC(=O)NO)nn4)cn1c23,6.982966660701219,1,0.0,43
HKZARAXBEILMNZ-UHFFFAOYSA-N,CHEMBL4299427,CCC1OC(=O)C(C)C(OC2CC(C)(OC)C(O)C(C)O2)C(C)C(OC2OC(C)CC(N(C)Cc3ccccc3-c3cn(CCCCCC(=O)NO)nn3)C2O)C(C)(O)CC(C)CN(C)C(C)C(O)C1(C)O,6.212539525481585,1,0.0,72
HLEDBIQBAUIWNJ-UHFFFAOYSA-N,CHEMBL5197918,CCC(CC)(c1ccc(OCC(=O)NO)c(C)c1)c1ccc(OCC(O)C(C)(C)C)c(C)c1,4.844663962534939,1,0.0,33
HLHHZWZFSUZYGM-UHFFFAOYSA-N,CHEMBL3664133,Nc1ccc(-c2ccccc2)cc1NC(=O)c1ccc(CN2C(=O)OCC2Cc2ccccc2)cc1,7.034169380157759,2,0.03288122639465563,36
HLHOQKZAIDITCS-UHFFFAOYSA-N,CHEMBL5175835,COc1cc(OCc2cccc(-c3ccc4c(c3)OCCO4)c2C)cc(OC)c1CNCCCCCC(=O)NO,5.987162775294828,1,0.0,40
HLNAWHGNPQAJEZ-UHFFFAOYSA-N,CHEMBL5395637,Nc1ccccc1NC(=O)c1ccc(Cn2nccc(-c3ccccc3)c2=O)cc1,7.064492734175287,1,0.0,30
HLODEVVGVNKJTC-UHFFFAOYSA-N,CHEMBL4062598,COc1ccc(C(=O)NC(CNCc2ccc(C(=O)Nc3ccccc3N)cc2)Cc2c[nH]c3ccccc23)cc1,7.52432881167557,1,0.0,41
HLOQFDAATGAIOL-UHFFFAOYSA-N,CHEMBL481795,COCOC(C)(C)c1ccc(-c2ccnc(NCc3ccc(C(=O)Nc4ccccc4N)cc3)n2)cn1,6.6020599913279625,1,0.0,37
HLORDHXETANDSK-UHFFFAOYSA-N,CHEMBL4071747,Nc1ccccc1NC(=O)c1ccc(NC(=S)NCc2ccc(F)cc2)cc1,6.522878745280337,1,0.0,28
HLPBPZZIFLDNMS-UHFFFAOYSA-N,CHEMBL4067828,COc1ccc(C(=O)NC(Cc2c[nH]c3ccccc23)C(=O)NCc2ccc(C(=O)Nc3cc(-c4cccs4)ccc3N)cc2)cc1,7.230622673923861,1,0.0,47
HLPXSYLLSPONLT-UHFFFAOYSA-N,CHEMBL2381741,COc1cc(Cn2cc(CCCCC(=O)NO)nn2)cc(OC)c1,6.598599459218455,1,0.0,24
HLSLKVKYFKKHRS-UHFFFAOYSA-N,CHEMBL3655974,O=C(NO)c1cnc(NC2(c3ccc(CO)cc3)CC2)nc1,7.721246399047171,1,0.0,22
HLUQWOKLDJZDFT-UHFFFAOYSA-N,CHEMBL3675756,O=C(CCCCC=C(c1ccccn1)c1ccccn1)NO,6.801342913045577,1,0.0,22
HMFZAXPQDFTGRJ-UHFFFAOYSA-N,CHEMBL5171482,O=C(CCCCCCn1c(C(=O)NC2C3CC4CC(C3)CC2C4)cc2ccc(Br)cc21)NO,8.500312917381596,1,0.0,33
HMGPSDPNANTYKH-UHFFFAOYSA-N,CHEMBL2032251,O=C(C=Cc1ccccc1Cl)NO,5.657577319177793,1,0.0,13
HMTJEOJSDFUEKT-UHFFFAOYSA-N,CHEMBL2407736,Nc1ccccc1NC(=O)c1ccc(CNC2=NC(=O)C(c3ccccc3)N2)cc1,6.455931955649724,1,0.0,30
HMXFCVJIASWKMB-UHFFFAOYSA-N,CHEMBL3692671,CCCN(CCC)CC(C)NC(=O)c1ccc(-c2noc(C(F)(F)F)n2)cc1,5.657577319177793,1,0.0,28
HMZAFAMGNRZJEH-UHFFFAOYSA-N,CHEMBL470843,O=C(C=Cc1ccc(-c2cc(CN3CCOCC3)on2)cc1)NO,5.20342566678957,1,0.0,24
HNHCVUGOAWWBQB-UHFFFAOYSA-N,CHEMBL5612071,CCCNNC(=O)C=Cc1ccc(CN(CCc2c(C)[nH]c3ccccc23)C(=O)c2cc3ccccc3s2)cc1,5.927750102386485,1,0.0,40
HNIFYWWVJMCWFI-UHFFFAOYSA-N,CHEMBL3287008,CC(C)C(NC(=O)c1csc(-c2cscn2)n1)C(=O)OCC=CCCS,7.045757490560675,1,0.0,26
HNJNJIAKOLHXPC-UHFFFAOYSA-N,CHEMBL472533,O=C(C=Cc1ccc(C=CC(=O)c2ccc(F)cc2)o1)NO,4.824488186636552,1,0.0,22
HNLHPMBNXUOXHG-UHFFFAOYSA-N,CHEMBL393961,CC1(C)NC(=O)C(CCCCCSSc2ccccn2)NC(=O)C2CCCN2C(=O)C(CO)NC1=O,8.193820026016112,1,0.0,36
HNLYIARTDSNTMM-UHFFFAOYSA-N,CHEMBL5905474,O=C(C(Cc1ccc(-c2noc(C(F)(F)F)n2)cn1)c1cccc(C(F)(F)F)c1)N1CC[S+]([O-])CC1,5.3872161432802645,1,0.0,36
HNMBTZKYHKSCNH-UHFFFAOYSA-N,CHEMBL5574088,CC(NC(=O)C(CC(=O)NCC(C)(C)C)NC(=O)c1ccc(C(=O)NO)cc1)C(=O)NCc1ccc(F)cc1F,6.2541448048262716,1,0.0,40
HNNIEBIVJJOHMJ-UHFFFAOYSA-N,CHEMBL5997848,O=C(NC(Cc1ccc(-c2noc(C(F)(F)F)n2)cn1)c1cccc(C(F)(F)F)c1)C1CCS(=O)(=O)CC1,6.173925197299173,1,0.0,38
HNNSHRLHFRPHCC-UHFFFAOYSA-N,CHEMBL4526647,O=C(CCCCCN1C(=O)c2cccc3c(Nc4ccccc4)ccc(c23)C1=O)NO,5.623423042943488,1,0.0,31
HNPJIBWYSDMJEQ-UHFFFAOYSA-N,CHEMBL5620048,O=C(CN(Cc1ccc(C(=O)NO)cc1)C(=O)c1c[nH]c2ccccc12)NC1CCCCC1,7.167491087293763,1,0.0,33
HNRWFFAFRXKVJM-UHFFFAOYSA-N,CHEMBL2386912,CCC1(O)C(=O)OCc2c1cc1n(c2=O)Cc2cc3cc(OCc4cn(CCCCCCC(=O)NO)nn4)ccc3nc2-1,7.431798275933005,1,0.0,43
HNSYFKMTZIFTMU-UHFFFAOYSA-N,CHEMBL481998,Nc1ccccc1NC(=O)c1ccc(CNc2nccc(-c3ccc(CN4CCOCC4)cc3)n2)cc1,7.045757490560675,1,0.0,37
HNZRWLKHEWHKDF-UHFFFAOYSA-N,CHEMBL2057821,[N-]=[N+]=NCc1cc(COC(=O)NCc2ccc(C(=O)Nc3cc(-c4ccccc4)ccc3N)cc2)cc(N=[N+]=[N-])c1,5.803212398365206,2,0.4023048140744869,41
HOBDGFBJTAGYRV-UHFFFAOYSA-N,CHEMBL3639886,CCN(CCN(C)C)Cc1c(-c2ccccc2)nc2cc(C=CC(=O)NO)ccn12,5.537602002101044,1,0.0,30
HOCZYCPBXJHJMW-UHFFFAOYSA-N,CHEMBL5795185,OCc1ccnc(NCc2ccc(-c3noc(C(F)(F)F)n3)cn2)c1,6.086186147616283,1,0.0,25
HOFGLVFPEGFCCX-UHFFFAOYSA-N,CHEMBL1767046,CNC(=O)C(CCCCCC(NCc1ccc(OC)cc1)C(=O)Nc1ccccc1)=NO,4.756961951313706,1,0.0,32
HOFXGVRUBPUUSI-UHFFFAOYSA-N,CHEMBL4759606,CCC(=O)CCCCCC(NC(=O)C1CC12CCN(CC)CC2)c1ncc(-c2cc(F)ccc2OC)[nH]1,8.698970004336019,1,0.0,37
HOGZTVCHUUJSTC-UHFFFAOYSA-N,CHEMBL3655973,CC(Nc1ncc(C(=O)NO)cn1)(c1ccc(F)cc1)c1ccc(F)cc1,5.630598586303376,1,0.0,27
HOJQCQBLATVWAW-UHFFFAOYSA-N,CHEMBL3417213,COc1cc2c(c(OC)c1OC)-c1ccc(OC)c(=O)cc1C(NCc1ccc(C(=O)Nc3ccccc3N)cc1)CC2,4.903089986991944,1,0.0,43
HOLYWGUNGJZIDQ-UHFFFAOYSA-N,CHEMBL4564037,CNC(=O)c1cc(Oc2ccc(NC(=O)c3ccc4ccccc4c3)cc2)ccc1N,5.085656842880559,1,0.0,31
HONLBMJVWSMASP-UHFFFAOYSA-N,CHEMBL1631912,O=C(CCCCCC1OCCCCCCCOc2ccccc2NC1=O)NO,6.357535479757878,1,0.0,28
HOOYZXBJNALUAR-UHFFFAOYSA-N,CHEMBL5438309,CC(C)(C)NS(=O)(=O)c1cccc(Nc2nc(Nc3ccc(C(=O)Nc4ccccc4N)cc3)ncc2Cl)c1,6.060480747381382,1,0.0,39
HOPIRRMKRRNWLJ-UHFFFAOYSA-N,CHEMBL3335281,O=C(CCCCc1nccn1Cc1cccc(-c2ccccc2)c1)NO,6.435333935747911,1,0.0,26
HOPVYENWJZJIIK-UHFFFAOYSA-N,CHEMBL5172143,COc1cc(C(=O)c2csc(-c3ccc(NC(=O)CCCCCC(=O)Nc4ccccc4N)cc3)n2)cc(OC)c1OC,5.069050968832477,1,0.0,43
HOQLRSJGBQLXCZ-UHFFFAOYSA-N,CHEMBL3689867,CCCN(Cc1c(C(C)(C)C)nc2cc(C=CC(=O)NO)ccn12)CC(C)(C)C,6.886056647693163,1,0.0,29
HOTMJEPSIGHMJQ-UHFFFAOYSA-N,CHEMBL2381743,COc1cc(Br)c(Cn2cc(CCCCC(=O)NO)nn2)cc1OC,6.064492734175287,1,0.0,25
HOTVLIFEMAJCSE-UHFFFAOYSA-N,CHEMBL4466864,COc1ccc(CNCc2ccc(C=CC(=O)NO)cc2)cc1OC,5.898940645091884,1,0.0,25
HOUATVYKZNXNKW-UHFFFAOYSA-N,CHEMBL5752963,Cc1nc(COc2cc(-c3noc(C(F)(F)F)n3)ccn2)no1,5.823908740944319,1,0.0,23
HOWUKPILSTXCSC-UHFFFAOYSA-N,CHEMBL4744603,CC(C=CC(=O)NO)=Cc1ccc(NS(=O)(=O)c2ccc(N(CCCl)CCCl)cc2)cc1,4.853871964321762,1,0.0,32
HPAOMQPZUJIWDB-UHFFFAOYSA-N,CHEMBL3977346,O=C(NO)c1ccc(CNC(=O)c2nc(-c3nccs3)sc2C2CC2)cc1,7.624519285381428,1,0.0,27
HPBLAPCMXKCTJG-UHFFFAOYSA-N,CHEMBL2381733,O=C(CCCCc1cn(Cc2cccc(-c3ccccc3)c2)nn1)NO,7.093676991883441,2,0.28579002910724505,26
HPEWQTFVUBPDAG-UHFFFAOYSA-N,CHEMBL3656003,Cc1cccc(C2(Nc3ncc(C(=O)NO)cn3)CC2)c1,7.327902142064282,1,0.0,21
HPGHZXWUOASGDK-UHFFFAOYSA-N,CHEMBL5290574,CN1CCC2(CC1)c1ccccc1N(Cc1ccc(C(=O)NO)cc1)C2c1cccnc1,5.119186407719209,1,0.0,32
HPHZSTFNYLZDPW-UHFFFAOYSA-N,CHEMBL6004937,Cc1cncc(OCc2ccc(-c3noc(C(F)(F)F)n3)c(F)c2)c1,5.1487416512809245,1,0.0,25
HPKLKHFIRQCIST-UHFFFAOYSA-N,CHEMBL5632212,O=C(CCCCCC(=O)Nc1cc(-c2ccc3ncn(Cc4cc(F)cc(F)c4)c3c2)[nH]n1)NO,7.655607726314889,1,0.0,35
HPKMFYOAMOHAPX-UHFFFAOYSA-N,CHEMBL3692679,CCCN(CC)CC(C)NC(=O)c1ccc(-c2noc(C(F)(F)F)n2)cc1F,5.292429823902063,1,0.0,28
HPNRVPHONJCSQC-UHFFFAOYSA-N,CHEMBL4632449,NC(CCCCCC(=O)c1ccon1)c1cnn(-c2ccc(F)cc2)c1,7.795880017344075,1,0.0,26
HPPZWGKNLWSQRW-UHFFFAOYSA-N,CHEMBL4749443,COc1ccc(S(=O)(=O)Nc2ccccc2NCc2ccc(C(=O)Nc3ccccc3N)cc2)cc1,5.97061622231479,2,0.0,36
HPRJJVOXWUTRAX-UHFFFAOYSA-N,CHEMBL6163478,CC(C)Oc1ccc2c(c1)c1[nH]c(=O)c3ccccc3c1n2CCCCC(=O)NO,6.698970004336019,1,0.0,30
HPVXFCIEASVVNK-UHFFFAOYSA-N,CHEMBL5612659,CCCNNC(=O)C=Cc1ccc(CN(CCc2c(C)[nH]c3ccccc23)Cc2ccccn2)cc1,7.58838029403677,1,0.0,36
HPWZWVWSIVICKI-UHFFFAOYSA-N,CHEMBL3648312,CCn1c(CCNS(=O)(=O)c2ccccc2)nc2cc(C=CC(=O)NO)ccc21,6.777283528852417,3,0.0,29
HPXNIWNVCNUTRT-UHFFFAOYSA-N,CHEMBL1085052,O=C(CCCCCNC(=O)NC(=O)c1ccc2ccccc2c1)NO,5.667561540084394,1,0.0,25
HQAHZUWVVKNTRB-UHFFFAOYSA-N,CHEMBL4633299,Cc1cc(C)c(CNC(=O)c2cc(C)n(-c3cccc(NC(=O)CCCCCCC(=O)NO)c3)c2C)c(=O)[nH]1,6.366531544420413,2,0.0,39
HQAWIENKLMQWHU-UHFFFAOYSA-N,CHEMBL3689870,CCCCc1nc2cc(C=CC(=O)NO)ccn2c1CN(CC)CC(C)CCC,7.159379381312206,2,0.1249387366082999,29
HQBHOAXUYZEMGV-UHFFFAOYSA-N,CHEMBL5434760,CN(Cc1ccccc1)c1cc(NCCCCCCC(=O)NO)nc(-c2cccnc2)n1,8.657577319177793,1,0.0,32
HQEGOBBCQUNPMY-UHFFFAOYSA-N,CHEMBL246391,O=C(CCCCCC(NC(=O)c1ccccc1)C(=O)NCc1ccccc1)NO,7.031517051446065,1,0.0,29
HQGGEKOXPKIXOH-UHFFFAOYSA-N,CHEMBL3655977,O=C(NO)c1cnc(NC2(c3ccc(F)cc3)CCCCC2)nc1,5.494036481981874,1,0.0,24
HQINDCMHBMVZDN-UHFFFAOYSA-N,CHEMBL4434897,COc1ncc(-c2cc(OCCCCCC(=O)NO)c3ncnc(C)c3c2)cc1NS(C)(=O)=O,7.376750709602099,1,0.0,34
HQJLQABIDXJTNC-UHFFFAOYSA-N,CHEMBL3652227,O=C(NO)c1cnc(Nc2ccc(F)cc2)nc1,6.6777807052660805,1,0.0,18
HQKPXSLXHXNAIC-UHFFFAOYSA-N,CHEMBL247217,O=C(C=Cc1ccc2c(c1)C(=O)N(Cc1ccccc1)C2)NO,6.6020599913279625,1,0.0,23
HQLYDYYQRFGZDZ-UHFFFAOYSA-N,CHEMBL4451623,CCC(Nc1ncnc2[nH]cnc12)c1nc2cccc(CCCCCC(=O)NO)c2c(=O)n1-c1ccccc1,6.411168274405792,1,0.0,39
HQQVMXQBHVJZAV-UHFFFAOYSA-N,CHEMBL95552,O=C(CCCCCCC(=NO)c1ccc(-c2ccccc2)cc1)NO,8.397940008672037,1,0.0,25
HQSSSERWJSRBQY-UHFFFAOYSA-N,CHEMBL253226,CCCC(=O)NCc1ccc(C(=O)Nc2cc(-c3ccccc3)ccc2N)cc1,7.884775539310863,2,0.2304489213782741,29
HQTJYLZBKXSBEN-UHFFFAOYSA-N,CHEMBL4206021,COc1ccc(C(=O)c2ccc3c(ccn3Cc3ccc(C(=O)NO)cc3)c2)cc1OC,5.552841968657781,1,0.0,32
HQVSMMXKDYANJJ-UHFFFAOYSA-N,CHEMBL3633769,COc1cc2ncnc(Nc3ccc(Cl)cc3Cl)c2cc1OCCCCCC(=O)NO,8.455931955649724,1,0.0,31
HRABXMKDRVKZIZ-UHFFFAOYSA-N,CHEMBL2408692,CN1C(=O)CN=C(c2ccccc2)c2cc(C#CC=CC(=O)NO)ccc21,6.356547323513812,1,0.0,27
HRGQWBYMUJHLHD-UHFFFAOYSA-N,CHEMBL5086791,Nc1nc(N2CCN(CCc3ccc(C(=O)NO)cc3)CC2)nc2nc(-c3ccco3)nn12,6.656591406196142,1,0.0,33
HRHIMNJCOWFUGR-UHFFFAOYSA-N,CHEMBL4174687,CCOc1cc(C(C)(C)C)ccc1C1=NC(c2ccc(Cl)cc2)C(c2ccc(Cl)cc2)N1C(=O)NCCCCCCCC(=O)Nc1ccccc1N,5.44490555142168,1,0.0,52
HRIQVCCRXNQUAH-UHFFFAOYSA-N,CHEMBL1630109,O=C(C=Cc1cccc(-c2ccc3ncnc(Nc4ccc(OCc5cccc(F)c5)c(Cl)c4)c3c2)c1)NO,7.455931955649724,2,0.0,39
HRJQEJQMZLHBPO-UHFFFAOYSA-N,CHEMBL3628322,CC(=O)SCCC=CC1CC(=O)NC(C(C)C)C(=O)NC(Cc2ccccc2)C(=O)NC(C(C)C)c2cn(nn2)CC(=O)O1,5.978810700930062,1,0.0,44
HRMXRSPDEBHVSW-UHFFFAOYSA-N,CHEMBL5187265,Cc1ccccc1C(=O)N(CC(=O)NC(C)(C)C)Cc1ccc(C(=O)NO)cc1,5.617982957425132,1,0.0,29
HRQLYROXNVFZLK-UHFFFAOYSA-N,CHEMBL3827317,CCn1c(CN(C)c2ncc(C(=O)NO)cn2)nc2c(N3CCOCC3)nc(-c3ccc(OC)nc3)nc21,8.795880017344075,1,0.0,38
HRQSKMQSNCMRDZ-UHFFFAOYSA-N,CHEMBL4438057,O=C(NO)c1ccc(Cn2c(=O)n(CCc3ccccc3)c(=O)c3cccnc32)cc1,4.952725132615821,2,0.0,31
HRXLSMMDRVPISZ-UHFFFAOYSA-N,CHEMBL4644657,CCC(=O)CCCCCC(NC(=O)C1CC12CCN(C)CC2)c1nnc(-c2cc3ccccc3nc2OC)o1,7.892790030352131,1,0.0,39
HRXULFWGEYSULN-UHFFFAOYSA-N,CHEMBL2094337,O=C(NO)c1sc2ccccc2c1Cl,4.7121982700697735,1,0.0,14
HSDOPVYHXRERSX-UHFFFAOYSA-N,CHEMBL6064932,Nc1ccc(-c2ccc(F)cc2)nc1NC(=O)N1Cc2cn(C3COC3)nc2C1,6.212984366136141,2,0.6197887582883936,29
HSFRSCKOBBRJQG-UHFFFAOYSA-N,CHEMBL4747553,CCC(=O)CCCCCC(NC(=O)C1CC12CCN(CC)CC2)c1ncc(-c2cc(C(F)(F)F)ccc2OC)[nH]1,8.744727494896694,1,0.0,40
HSHBIVVLOXFRND-UHFFFAOYSA-N,CHEMBL473271,Nc1ccc(-c2ccccc2F)cc1NC(=O)c1ccc(CN2CCC3(CCCN3)CC2)cc1,7.795880017344075,1,0.0,34
HSHXDCVZWHOWCS-UHFFFAOYSA-N,CHEMBL4777961,CCCCCCCCCCCCCCCCNNC(=O)c1cccs1,4.0338582672609675,1,0.0,25
HSKAKSMKPAMHFF-UHFFFAOYSA-N,CHEMBL3689829,CCCCNCc1c(CCCC)nc2cc(C=CC(=O)NO)ccn12,7.698970004336019,1,0.0,25
HSKUIHSQSDKRRQ-UHFFFAOYSA-N,CHEMBL4089964,COc1ccc(Cl)cc1C(=O)NCCc1ccc(CCC(=O)NO)cc1,7.141041945281994,1,0.0,26
HSLCMDGRMQWKEN-UHFFFAOYSA-N,CHEMBL6019823,Cc1ccc(C=CCC(=O)Nc2ccc(C(=O)Nc3ccc(F)cc3N)cn2)cn1,5.169411331314856,2,0.0,30
HSRDNJPVMJENDQ-UHFFFAOYSA-N,CHEMBL6159733,O=C(CCCCCCC(=O)N1CCc2c(n(CC3CC3)c3ccccc23)C1)NO,8.494850021680094,1,0.0,29
HSSLJEPLETUIBC-UHFFFAOYSA-N,CHEMBL3664070,Nc1ccc(-c2cccs2)cc1NC(=O)c1ccc(CNC(=O)Cc2ccccc2)cc1,7.795880017344075,1,0.0,32
HTBOZNXCGZWEQI-UHFFFAOYSA-N,CHEMBL4851023,O=C(NO)c1ccc(CN2C(=O)C(Cc3ccccc3)N(Cc3ccc(Cl)cc3)C2=O)cc1,5.087432558916622,1,0.0,33
HTCBATPYJZDQAP-UHFFFAOYSA-N,CHEMBL5077171,O=C(CCCCCCCOc1cccc(-c2nc3ccccc3[nH]2)c1)NO,7.2839966563652006,1,0.0,27
HTCVSLIHSFBUEL-UHFFFAOYSA-N,CHEMBL3104855,Cc1c(O)c(O)c(O)c(C=O)c1-c1cc2c(C=O)c(C)c(O)c(O)c2o1,5.055517327849831,1,0.0,26
HTFNVIVUHXIJPN-UHFFFAOYSA-N,CHEMBL5820323,COC(=O)c1ccc(CN2CCN(C(=O)OC(C)(C)C)c3ccccc32)cc1,5.116282914604932,2,0.1165819352544899,28
HTJULDGIRGWWGC-UHFFFAOYSA-N,CHEMBL3287020,Cc1nc(-c2nc(C(=O)NC(C(=O)NCCCC(=O)NO)C(C)C)cs2)cs1,5.610833915635467,1,0.0,28
HTKBLUVWSMOXQU-UHFFFAOYSA-N,CHEMBL4782846,COc1cc2c(Oc3ccc(NC(=O)NC4CCCCC4)cc3)ccnc2cc1OCCCCCCC(=O)NO,7.344669441990659,1,0.0,40
HTLSIHJKPIRIOC-UHFFFAOYSA-N,CHEMBL4640407,Nc1cccc(-c2ccc(C3(C(=O)Nc4ccc(C(=O)NO)cc4)CCCC3)cc2)c1,8.397940008672037,1,0.0,31
HTOYBIILVCHURC-UHFFFAOYSA-N,CHEMBL3086767,CCOC(=O)NCCCC(=O)NCCc1ccccc1,5.301029995663981,1,0.0,20
HTOZELSHRAUTHF-UHFFFAOYSA-N,CHEMBL4862910,C=Cc1c(C)c2cc3nc(c(C(=O)OC)c4[nH]c(cc5nc(cc1[nH]2)C(C)=C5CC)c(C)c4C(=O)OC)C(CCC(=O)NC=Cc1ccc(C(=O)NO)cc1)C3C,4.376750709602099,1,0.0,57
HTPWVUBRJKORSV-UHFFFAOYSA-N,CHEMBL4245392,CC(C)c1cc(C(=O)N2CCc3cc(NC(=O)CCCCC(=O)NO)ccc32)c(O)cc1O,5.351639989019068,1,0.0,33
HTSKKSHDBBPAFS-UHFFFAOYSA-N,CHEMBL4243822,O=C(CCCCCCC(=O)Nc1ccc(Nc2nc(-c3cnn(CCCCCCOc4ccccc4)c3)c3cc[nH]c3n2)cc1)NO,5.699621935129297,1,0.0,47
HTSRJCYFMOFFNE-UHFFFAOYSA-N,CHEMBL4557234,COCC(=O)CCCCCC1NC(=O)C2CCCN2C(=O)C2CCCCCCCCCCCC(NC1=O)C(=O)N2,7.568636235841012,1,0.0,40
HTYUJAPSAJUBKN-UHFFFAOYSA-N,CHEMBL4761541,Cn1cc(-c2cccc(Cl)c2)c2cc(C(=O)NCc3ccc(C(=O)Nc4ccccc4N)cc3)[nH]c2c1=O,6.872571222148402,1,0.0,38
HTZHPYRITOSRMT-UHFFFAOYSA-N,CHEMBL2442698,COc1cc(C2c3cc4c(cc3C(Nc3ccc(NC(=O)CCCCCCC(=O)NO)cc3)C3COC(=O)C23)OCO4)cc(OC)c1O,6.6777807052660805,1,0.0,48
HTZVXBNETZUEFO-UHFFFAOYSA-N,CHEMBL5594937,CCN(CC)Cc1ccc(Cn2c3c(c4ccccc42)CN(C(=O)NCc2ccc(C(=O)NO)cc2)CC3)cc1,5.6317131150978685,1,0.0,40
HUDNZLQAFKAEGS-UHFFFAOYSA-N,CHEMBL6160457,CC(C)(C)c1cc(NC(=O)Nc2ccc(Oc3ccnc(-c4cnn(CCCCCC(=O)NO)c4)c3)cc2)no1,7.1095789811990855,1,0.0,40
HUEAJPZXQQNXEH-UHFFFAOYSA-N,CHEMBL1808673,O=C(C=CC=CCCC=Cc1ccc2c(c1)OCO2)NO,6.136677139879544,1,0.0,21
HUEHHDYODCIYJC-UHFFFAOYSA-N,CHEMBL443075,O=C(NO)c1ccc(CNC2CCCCC2)cc1,4.618704376996174,1,0.0,18
HUEVEPGMWKUIRH-UHFFFAOYSA-N,CHEMBL5900933,Nc1ccc(-c2cccs2)cc1NC(=O)C1=CCCC1,7.301029995663981,1,0.0,20
HUJDFNGVYUQDRB-UHFFFAOYSA-N,CHEMBL6031032,Nc1ccc(-c2cccs2)cc1NC(=O)c1ccc(NC2CCN(C(=O)C3CCOCC3)CC2)cc1,8.301029995663981,1,0.0,36
HUKJAHRJEYMMCE-UHFFFAOYSA-N,CHEMBL3601334,O=C(CCCCCCC(=O)Nc1ccc2ccnc(Nc3ccc4ccccc4c3)c2c1)NO,8.24033215531037,1,0.0,34
HUQPVHRSSBINPU-UHFFFAOYSA-N,CHEMBL5399948,Cc1nnc2n1-c1ccc(Cl)cc1C(c1ccccc1Cl)=NC2CC(=O)Nc1ccc(CC(=O)NO)cc1,5.958607314841775,1,0.0,38
HUWFWFGYLSDNMK-UHFFFAOYSA-N,CHEMBL4097567,CCCNNC(=O)CCCCCCNC(=O)C(Cc1c[nH]c2ccccc12)NC(=O)c1ccc(OC)cc1,7.038151940981676,1,0.0,38
HUXIONPEJOSRMN-UHFFFAOYSA-N,CHEMBL5890152,Cc1cc(C)nc(COc2cc(-c3noc(C(F)(F)F)n3)ccn2)c1,5.6020599913279625,1,0.0,25
HUZZHYFTEZHJGZ-UHFFFAOYSA-N,CHEMBL4799334,COc1ccc(-c2nc(N3CCOCC3)c3ncn(CCCCCC(=O)NO)c3n2)cn1,7.920818753952375,1,0.0,32
HVDKZEVLVRMKJV-UHFFFAOYSA-N,CHEMBL3798027,O=C(NO)c1ccc(Cl)c(NC(=O)c2cccc(Oc3ccccc3)c2)c1,5.1938200260161125,1,0.0,27
HVFFDIYMVOLTBL-UHFFFAOYSA-N,CHEMBL4067265,CCC(=O)CCCCCC1NC(=O)C(CCCCNC(C)=O)NC(=O)CC(CC(C)C)NC(=O)C(Cc2c[nH]c3ccccc23)NC1=O,7.376750709602099,1,0.0,48
HVHZNAVUDXEBEV-UHFFFAOYSA-N,CHEMBL6102213,O=C(CCCCCCOc1cccc2cccnc12)NO,7.42021640338319,1,0.0,21
HVLIOORSMFURQZ-UHFFFAOYSA-N,CHEMBL4214404,O=C(CCN1CCc2ccccc2C1c1ccc(C(F)(F)F)cc1)NO,4.7447274948966935,1,0.0,26
HVOKYJBVRMOEJD-UHFFFAOYSA-N,CHEMBL2023528,COc1cccc2c1C(=O)c1c(O)c3c(c(O)c1C2=O)CC(O)(C(C)=O)CC3OC1CC(NCc2ccc(-c3cn(CCCCCC(=O)NO)nn3)cc2)C(O)C(C)O1,7.267606240177031,1,0.0,59
HVOSXQKZQKPNSJ-UHFFFAOYSA-N,CHEMBL4082254,CC(OCc1ccccc1)C1N=C(c2ccccc2)c2ccccc2N(CCCCC(=O)NO)C1=O,5.341988603342887,1,0.0,36
HVPLNZBXZZVRRY-UHFFFAOYSA-N,CHEMBL474350,O=C(C=Cc1ccc2c(c1)nc(C1CCCCC1)n2CCCO)NO,5.489454989793388,3,0.0,25
HVRZKHZWMPYXIF-UHFFFAOYSA-N,CHEMBL4868381,CC12CC3CC(C)(C1)CC(NCc1cccc(NC(=O)CCCCCCC(=O)NO)c1)(C3)C2,6.168130225719498,1,0.0,33
HVSBNNNQURJPMU-UHFFFAOYSA-N,CHEMBL5177326,COc1cc(C(=O)c2csc(-c3ccc(NC(=O)CC(=O)Nc4ccccc4N)cc3)n2)cc(OC)c1OC,5.39040559077478,1,0.0,39
HVTKRCPHQXJOFW-UHFFFAOYSA-N,CHEMBL249284,CC(C)(C)c1ccc(C(=O)NO)cc1,6.145693958198919,1,0.0,14
HVTRBOFCGKSVKW-UHFFFAOYSA-N,CHEMBL3335280,O=C(CCCCc1cccn1Cc1cccc(-c2ccccc2)c1)NO,6.718966632752272,1,0.0,26
HVUYDIJTAVOFMS-UHFFFAOYSA-N,CHEMBL5902634,Cn1ncc(NCc2ccc(-c3noc(C(F)(F)F)n3)cn2)n1,5.886056647693163,1,0.0,23
HVVDODUDCRCSMB-UHFFFAOYSA-N,CHEMBL5922714,O=C1CCCC(c2nc3ccccc3s2)N1c1ccc(-c2noc(C(F)(F)F)n2)cc1,6.657577319177793,1,0.0,31
HVVQUQVIRJTUQZ-UHFFFAOYSA-N,CHEMBL5194232,Cc1ccc(-c2nc(N)nc3c2cnn3Cc2cccc(C=CC(=O)Nc3ccccc3N)c2)o1,5.596536298654683,1,0.0,35
HWBDLOPOEYLRKK-UHFFFAOYSA-N,CHEMBL4759697,C=CC(=O)Nc1cc2c(Nc3cccc(Cl)c3F)ncnc2cc1OCc1cn(CCC(=O)NO)nn1,7.356547323513812,1,0.0,37
HWCQAMUELSLEQU-UHFFFAOYSA-N,CHEMBL4083345,CN(C)C(=O)c1cc2cnc(Nc3ccc(NC(=O)NCCCCCC(=O)NO)cc3)nc2n1C1CCCC1,8.795880017344075,1,0.0,39
HWDGGIRCRVTWNO-UHFFFAOYSA-N,CHEMBL6168062,Cc1ccc2c(CNC3CCC(Nc4ncc(C(=O)NO)cn4)CC3)cn(C)c2c1,8.309803919971486,1,0.0,30
HWHMKENFWONUJL-UHFFFAOYSA-N,CHEMBL1096705,Cc1nc(-c2cccc(C=CC(=O)NO)c2)n(CCc2ccccc2)c1Cc1ccccc1,8.301029995663981,1,0.0,33
HWJMZKSSTQVCAT-UHFFFAOYSA-N,CHEMBL3648268,O=C(C=Cc1ccc2c(c1)nc(COCc1ccccc1)n2CCc1cccnc1)NO,6.686132779630847,3,0.0,32
HWLVWBSFCUDEEE-UHFFFAOYSA-N,CHEMBL5596602,CCCNNC(=O)c1ccc(Cn2cc(Nc3ncc(Cl)c(-c4cnc5ccc(-c6ccccc6)cn45)n3)cn2)cc1,6.96537154337468,1,0.0,42
HWMRDBKBMQHAFV-UHFFFAOYSA-N,CHEMBL469514,Nc1ccc(-c2cccs2)cc1NC(=O)c1ccc(N2CCC3(CCNC3=O)CC2)nc1,7.6777807052660805,1,0.0,32
HWTSSMIDLURKPL-UHFFFAOYSA-N,CHEMBL3417209,COc1cc2c(c(OC)c1OC)-c1ccc(OC)c(=O)cc1C(NC(=O)c1ccc(C(=O)Nc3ccccc3N)cc1)CC2,4.79805693659835,1,0.0,44
HWWVAOJWOSZHRO-UHFFFAOYSA-N,CHEMBL3704922,C#Cc1ccc(NC(=O)OC2CC(C)C=C3C=CC(C)C(CCC4CC(O[Si](C)(C)C(C)(C)C)CC(=O)O4)C32)cc1,6.798602875679549,1,0.0,41
HWZMSMSAVMLYQH-UHFFFAOYSA-N,CHEMBL4753036,CCC(=O)CCCCCC(NC(=O)C1CC12CCN(C)CC2)c1ncc(-c2ccnc(N3CCOCC3)c2F)[nH]1,7.550637409205253,2,0.2138798199450811,40
HXCCIGKEOJHGHS-UHFFFAOYSA-N,CHEMBL5774919,CC(C)N1CCCC(C(=O)N(Cc2ccc(-c3noc(C(F)(F)F)n3)cn2)c2cccc(F)c2)C1,6.585026652029182,1,0.0,35
HXDNSJMGYHOEPI-UHFFFAOYSA-N,CHEMBL2023529,COc1cccc2c1C(=O)c1c(O)c3c(c(O)c1C2=O)CC(O)(C(C)=O)CC3OC1CC(NCc2ccc(-c3cn(CCCCCCC(=O)NO)nn3)cc2)C(O)C(C)O1,8.096910013008056,1,0.0,60
HXDYRFDOQYZPBS-UHFFFAOYSA-N,CHEMBL3311465,O=C(CCCCCCC(=O)Nc1ccc2c(c1)CCC(=O)N2)NO,7.853871964321762,1,0.0,24
HXEWOCGXCBSYAD-UHFFFAOYSA-N,CHEMBL5171122,Cc1ccc(-c2nc(N)nc3c2cnn3Cc2ccc(C(=O)Nc3ccccc3N)cc2)o1,7.346787486224656,1,0.0,33
HXFDEOSGMWWMSA-UHFFFAOYSA-N,CHEMBL3577298,CC1=C(C)C(=O)C(CONC(=O)CCCCCCC(=O)Nc2ccccc2)=C(C)C1=O,6.430626090384954,1,0.0,31
HXIOOUIUVDNXDG-UHFFFAOYSA-N,CHEMBL3645372,O=C(C=Cc1ccc2c(c1)nc(-c1ccccn1)n2CC(O)CO)NO,5.872895201635192,3,0.0,26
HXJFYDSKJKWFNO-UHFFFAOYSA-N,CHEMBL4476140,CC(C)n1cnc2c(NCc3cccc(C=CC(=O)NO)c3)nc(N3CCOCC3)nc21,8.154901959985743,1,0.0,32
HXQXSYWQPUXYJT-UHFFFAOYSA-N,CHEMBL5849125,CS(=O)(=O)N(Cc1ccc(-c2noc(C(F)(F)F)n2)cc1)c1cccc(C(F)(F)F)c1,6.161150909262744,1,0.0,31
HXSCYJUDKNTYLK-UHFFFAOYSA-N,CHEMBL5075694,COc1ccc(-c2cc(C=Cc3ccc(C(=O)NO)cc3)ccn2)cc1,6.161150909262744,1,0.0,26
HXSDZPYNPAKBKF-UHFFFAOYSA-N,CHEMBL6146873,O=C(CCCCCCn1cc(-c2cc(Oc3ccc(NC(=O)Nc4ccc(C(F)(F)F)cc4)cc3)ccn2)cn1)NO,6.732828271596986,1,0.0,42
HXUAKKUCUDLKKV-UHFFFAOYSA-N,CHEMBL3698518,Nc1ccccc1NC(=O)C=CC#Cc1cccc(NS(=O)(=O)c2ccccc2)c1,5.522878745280337,1,0.0,30
HXUSMLMXCHCIDS-UHFFFAOYSA-N,CHEMBL5884187,FC(F)(F)c1nc(-c2ccc(CNc3cncnc3)nc2)no1,6.031517051446064,1,0.0,23
HXVFEQPXJNUVNL-UHFFFAOYSA-N,CHEMBL3670666,COc1ccc(-c2cc(-c3ccccc3)[nH]c2C(=O)NCc2ccc(C(=O)Nc3ccccc3N)cc2)cc1,6.412471796887592,2,0.007072807828182981,39
HXYDFXUSMZJLIU-UHFFFAOYSA-N,CHEMBL3353053,Cn1cccc1C(=O)N1CCn2cc(C(=O)NO)cc2C1,4.823908740944319,1,0.0,21
HYAZKPMDQHTRMV-UHFFFAOYSA-N,CHEMBL3828017,Nc1ccc(-c2cccnc2)cc1NC(=O)C1CCOCC1,5.515700160653214,1,0.0,22
HYCPLKOVNZFNAS-UHFFFAOYSA-N,CHEMBL4762873,O=C(NO)c1ccc(Nc2c3ccccc3nc3ccccc23)cc1,6.468521082957745,1,0.0,25
HYGFRQVUCQWBPJ-UHFFFAOYSA-N,CHEMBL5613741,CCCNNC(=O)C=Cc1ccc(CN(CCc2c(C)[nH]c3ccccc23)Cc2cccc(Cl)c2F)cc1,6.553773598221837,1,0.0,38
HYGFVHOHMCNSIF-UHFFFAOYSA-N,CHEMBL4450474,CCc1ccc(SCc2ccc(C(=O)Nc3ccccc3N)cc2)cc1,7.1487416512809245,1,0.0,26
HYGZPVUYBNKBRK-UHFFFAOYSA-N,CHEMBL515109,Cc1ccc(NC(=O)c2ccc(C(=O)Nc3ccccc3N)s2)cc1Nc1ncc(-c2cccnc2)s1,5.94692155651658,1,0.0,37
HYNNNJMXSVQVCA-UHFFFAOYSA-N,CHEMBL481988,CC(C)(O)c1ccc(-c2ccnc(NCc3ccc(C(=O)Nc4ccccc4N)cc3)n2)cn1,6.638272163982407,1,0.0,34
HYRGWRYSRJVQQM-UHFFFAOYSA-N,CHEMBL3648294,CCn1c(CN(Cc2ccccc2)Cc2ccccc2)nc2cc(C=CC(=O)NO)ccc21,6.531652669587842,3,0.0,33
HYRWJRCFBBCWRD-UHFFFAOYSA-N,CHEMBL5399973,COc1ccc(-c2ccc(=O)n(Cc3ccc(C(=O)Nc4ccccc4N)cc3)n2)cc1,7.170053304058364,1,0.0,32
HYTBYRUXHROXFB-UHFFFAOYSA-N,CHEMBL5907735,Cc1ncc2c(n1)CN(C(=O)Nc1nc(-c3ccc(F)s3)ccc1N)C2,6.212984366136141,2,0.6197887582883936,26
HYTVQRGWHWAIPX-UHFFFAOYSA-N,CHEMBL403596,COc1ccc(NCc2ccc(C(=O)Nc3ccccc3N)cc2)cn1,7.0,1,0.0,26
HYURDPDWXGRCHC-UHFFFAOYSA-N,CHEMBL5639767,CCCNNC(=O)c1ccc(CNC(=O)C(CC(C)C)NC(=O)C(O)C(N)Cc2ccccc2)cc1,7.33889035263304,2,0.3679767852945943,36
HYYYYZDIECELDY-UHFFFAOYSA-N,CHEMBL3689778,CCCCCCc1nc2ccc(C=CC(=O)NO)cn2c1NCCC(=O)NCC,6.200659450546418,1,0.0,29
HZQXIXYRBJLEEQ-UHFFFAOYSA-N,CHEMBL4102249,CN(C)C(=O)c1cc2cnc(Nc3ccc(C(=O)NCCCCCCCC(=O)NO)cc3)nc2n1C1CCCC1,8.795880017344075,1,0.0,40
HZSVXAZEZJZXBB-UHFFFAOYSA-N,CHEMBL5818610,CC(Nc1ccc(-c2noc(C(F)(F)F)n2)cn1)c1ccncc1,5.568636235841012,1,0.0,24
HZWMJGOIZHKGRI-UHFFFAOYSA-N,CHEMBL5803661,C[Si]1(C)CCC(NCc2ccc(-c3noc(C(F)(F)F)n3)cn2)CC1,5.920818753952375,1,0.0,25
IAJVLFQKWJCAML-UHFFFAOYSA-N,CHEMBL4470373,O=C(NO)c1cc(F)c(Cn2nnc(-c3ncccn3)n2)c(F)c1,5.402304814074488,1,0.0,24
IALBCMCZMSGIIM-UHFFFAOYSA-N,CHEMBL3689899,CCN(CCC(C)(C)C)Cc1c(CCC(C)C)nc2cc(C=CC(=O)NO)ccn12,7.3979400086720375,1,0.0,30
IALIYKZOWZSJRW-UHFFFAOYSA-N,CHEMBL247654,O=C(C=Cc1ccc2c(c1)C(=O)N(Cc1ccc(-c3cccnc3)cc1)C2)NO,7.036212172654444,1,0.0,29
IAMCGWXEUBEXCF-UHFFFAOYSA-N,CHEMBL97387,CN(c1ccc(C=CC(=O)NO)cc1)S(=O)(=O)c1ccccc1,6.232986946971932,2,0.022276394711152392,23
IATHFICEGBTXSK-UHFFFAOYSA-N,CHEMBL4211776,Cc1c2ccc(N(C)c3ccnc(Nc4ccc(C(=O)NCCCCCCCC(=O)Nc5ccccc5N)cc4)n3)cc2nn1C,5.835647144215563,1,0.0,46
IAVFYUQINBVANV-UHFFFAOYSA-N,CHEMBL5268581,Nc1ccc(F)cc1NC(=O)c1cc2ccccc2o1,5.920818753952375,1,0.0,20
IAXSAHXPKHCCRC-UHFFFAOYSA-N,CHEMBL3356087,CCCCCC1NC(=O)C(CCCCC)NC(=O)C2CCCN2C(=O)C(CCCCCC(=O)NO)NC1=O,7.366531544420414,1,0.0,38
IBBFVDAQJXGVRO-UHFFFAOYSA-N,CHEMBL3689863,CCCCN(C)Cc1c(C(C)(C)C)nc2cc(C=CC(=O)NO)ccn12,6.657577319177793,1,0.0,26
IBDSEJVTWHPNAI-UHFFFAOYSA-N,CHEMBL5959499,O=C1CCC(c2cccc(Cl)c2)N1c1ccc(-c2noc(C(F)(F)F)n2)cc1F,5.795880017344075,1,0.0,29
IBFGWVALMOAFKU-UHFFFAOYSA-N,CHEMBL353629,CC(C)(C)c1ccc(S(=O)(=O)Nc2ccc(C=CC(=O)Nc3ccccc3N)cc2)cc1,5.721246399047171,1,0.0,32
IBFKLOUGSHDCGG-UHFFFAOYSA-N,CHEMBL4647467,Cc1[nH]ncc1-c1ccc(C2(C(=O)Nc3ccc(C(=O)NO)cc3)CCCC2)cc1,8.301029995663981,1,0.0,30
IBHAGSBJXPUIFA-UHFFFAOYSA-N,CHEMBL3235118,CC(C)c1cc(-n2nnc(C(=O)NCCCCCCC(=O)NO)c2-c2ccc(CN3CCOCC3)cc2)c(O)cc1O,5.508638306165727,1,0.0,42
IBHDUNCJEUCFKN-UHFFFAOYSA-N,CHEMBL4786031,O=C(CCCCCCC(=O)Nc1n[nH]c2cc(-c3ccccc3F)ccc12)NO,8.744727494896694,1,0.0,29
IBHGRWMRNZCZPS-UHFFFAOYSA-N,CHEMBL3220923,CC(=O)N1c2ccc(NC(=O)CCCCCCC(=O)NO)cc2C(NC(=O)OC(C)C)CC1C,6.6020599913279625,1,0.0,34
IBJAZZKAFRWATF-UHFFFAOYSA-N,CHEMBL5612582,CCCNNC(=O)C=Cc1ccc(CN(CCc2c(C)[nH]c3ccccc23)Cc2ccc(F)cc2)cc1,5.648977147415876,1,0.0,37
IBKFDNLDJJYCFV-UHFFFAOYSA-N,CHEMBL5090351,Nc1nc(NCCCCCCC(=O)NO)nc2nc(-c3ccco3)nn12,8.113509274827518,1,0.0,26
IBTHLALMSXBAFX-UHFFFAOYSA-N,CHEMBL270893,O=C(CCCCCCC(=O)N1CCN(c2ccc(Cl)cc2)CC1)NO,7.437707135543525,1,0.0,25
IBUHGGNFJZQSNL-UHFFFAOYSA-N,CHEMBL3689859,CCCN(Cc1c(C(C)(C)C)nc2cc(C=CC(=O)NO)ccn12)C(C)C,6.522878745280337,1,0.0,27
IBVHAKDRGSQJTR-UHFFFAOYSA-N,CHEMBL3689810,CCCN(CC)Cc1c(-c2ccccc2)nc2cc(C=CC(=O)NO)ccn12,6.619788758288394,1,0.0,28
IBVNIPPBTCWYJG-UHFFFAOYSA-N,CHEMBL4763995,CSc1ccccc1C(=O)NCCCCC(NC(=O)c1cncs1)c1ncc(-c2ccc3ccccc3c2)[nH]1,4.698970004336019,1,0.0,39
IBWWUSCAKMYZDA-UHFFFAOYSA-N,CHEMBL5817463,Nc1ccc(-c2cccs2)cc1NC(=O)N1CC2(COC2)C1,7.301029995663981,1,0.0,22
ICBZWEXHRSXYBP-UHFFFAOYSA-N,CHEMBL4289614,O=C(C=Cc1ccc(C(=O)NCCNc2nonc2C(=NO)Nc2ccc(F)c(Br)c2)cc1)NO,7.335358024443875,1,0.0,35
ICECJYVQJUQARO-UHFFFAOYSA-N,CHEMBL4638976,CCC(=O)CCCCCC(NC(=O)CC1CC2(C1)CN(C)C2)c1ncc(-c2cc3ccccc3nc2OC)[nH]1,9.0,1,0.0,39
ICENLYKINRUSNL-UHFFFAOYSA-N,CHEMBL5991951,CCCCN(Cc1ccc(C(=O)NO)cc1)C(=O)Nc1ccccc1OC,7.014573525916998,1,0.0,27
ICGXHGQIMMAKJH-UHFFFAOYSA-N,CHEMBL5170634,CC(C)c1ccccc1C(=O)N(CC(=O)NC(C)(C)C)Cc1ccc(C(=O)NO)cc1F,5.096367483915762,1,0.0,32
ICNXQGIQKLFLOX-UHFFFAOYSA-N,CHEMBL5171372,COc1cc(C(=O)c2csc(-c3ccc(NC(=O)CCCCC(=O)Nc4ccccc4N)cc3)n2)cc(OC)c1OC,5.090443970758825,1,0.0,42
ICPNDBHZFPANIZ-UHFFFAOYSA-N,CHEMBL4750537,Cn1cc(-c2ccccc2Oc2ccccc2)c2cc(C(=O)NCCCCCC(=O)Nc3ccccc3N)[nH]c2c1=O,6.754240644032723,1,0.0,42
ICQCMPQEFWZGRJ-UHFFFAOYSA-N,CHEMBL3605415,Nc1ccccc1NC(=O)c1ccc(CNC2=NC(c3ccccc3)CN2)cc1,6.619788758288394,1,0.0,29
ICQRPCMAJHVDPX-UHFFFAOYSA-N,CHEMBL5191492,COc1ccc(CNC(=O)c2cc(F)ccc2N2CCOCC2)cc1C=CC(=O)NO,6.939302159646388,1,0.0,31
ICQTZSBXXWWRMI-UHFFFAOYSA-N,CHEMBL400046,CCOC(=O)NCc1ccc(C(=O)Nc2cc(-c3ccccc3)ccc2N)cc1,7.840968332518619,2,0.09017663034908807,29
ICQVZAZNGKWAAN-UHFFFAOYSA-N,CHEMBL5564987,COc1ccc(-c2cc(OCCCCCC(=O)Nc3ccccc3N)c3ncnc(C)c3c2)cn1,6.360015751958411,1,0.0,35
ICTBILHZNDIZIF-UHFFFAOYSA-N,CHEMBL329745,Nc1ccccc1NC(=O)CCCCCN1C(=O)c2cccc3c(CN4CCCCC4)c(O)cc(c23)C1=O,5.698970004336019,1,0.0,38
ICTRNBNRRBDCOX-UHFFFAOYSA-N,CHEMBL5946050,Cc1nc(OCc2ccc(-c3noc(C(F)(F)F)n3)c(F)c2)c2cnn(C)c2n1,5.585026652029182,1,0.0,29
IDBRLACAIMORGF-UHFFFAOYSA-N,CHEMBL5560023,CCCCN(Cc1ccc(C(=O)NO)cc1)C(=O)c1ccccc1,5.842241113953136,1,0.0,24
IDERTUMDSDJJFS-UHFFFAOYSA-N,CHEMBL6102805,CCCc1cc(C(=O)Nc2ccccn2)nn1Cc1ccc(C(=O)NO)cc1,5.69637202361611,1,0.0,28
IDJHTRCRTCGYIP-UHFFFAOYSA-N,CHEMBL474746,CC(Cc1nc2cc(C=CC(=O)NO)ccc2n1CCCO)c1ccccc1,7.292429823902063,3,0.0,28
IDLZJSTWHFVINT-UHFFFAOYSA-N,CHEMBL4859130,CCC(NC(=O)C1CN(C)C1)c1ncc(-c2cc3ccccc3nc2OC)[nH]1,4.638272163982407,1,0.0,28
IDQPVOFTURLJPT-UHFFFAOYSA-N,CHEMBL320497,O=C(CCCCCCC(=O)NO)NO,5.199970640755866,1,0.0,14
IDSBKSNJFXEPRM-UHFFFAOYSA-N,CHEMBL5273551,COc1ccc(NC(=O)Nc2ccc(Oc3ccc(C(=O)c4ncc[nH]4)cc3)cc2)cc1,6.197226274708024,1,0.0,32
IDVVLGOKMHFUGB-UHFFFAOYSA-N,CHEMBL95869,Nc1ccccc1NC(=O)CCCCCn1nnc2ccccc2c1=O,5.096910013008056,1,0.0,26
IEAMUOCPTZTLQZ-UHFFFAOYSA-N,CHEMBL3689877,CCN(CCC(C)C)Cc1c(-c2ccccc2)nc2cc(C=CC(=O)NO)ccn12,7.522878745280337,1,0.0,30
IECGBOMSMXRDNX-UHFFFAOYSA-N,CHEMBL5565699,CCCNNC(=O)c1ccc(NC(=O)CCCCCCCn2cc(-c3cccnc3)nn2)cc1,7.7447274948966935,1,0.0,34
IEKXZXBEZOPWQF-UHFFFAOYSA-N,CHEMBL4441436,O=C(NO)c1ccc(Cn2c(=O)n(CCc3ccccc3)c(=O)c3ccc(O)cc32)cc1,5.082231997552244,2,0.0,32
IELWYXKPCIYZGS-UHFFFAOYSA-N,CHEMBL6169065,CCCNNC(=O)c1ccc(CN(CC(=O)NCc2ccccc2)C(=O)c2ccc(N(C)C)cc2)cc1,7.510041520575165,5,0.4345927342891862,37
IEMDXTSVGWZPBE-UHFFFAOYSA-N,CHEMBL3314862,O=C(NO)c1ccc(-c2nnc(Cc3cccc4ccccc34)o2)cc1,5.004364805402449,1,0.0,26
IENINJLTBPCURZ-UHFFFAOYSA-N,CHEMBL3689837,CCN(CC)Cc1c(C(C)(C)C)nc2cc(C=CC(=O)NO)ccn12,5.920818753952375,1,0.0,25
IEOXQIYOOGMONS-UHFFFAOYSA-N,CHEMBL521909,COCCCn1c(CCc2ccccc2)nc2cc(C=CC(=O)NO)ccc21,6.686132779630847,3,0.0,28
IERFGLSPELTWBZ-UHFFFAOYSA-N,CHEMBL4740827,NC(=O)c1cccc(-c2nc(N3CCOCC3)c3ncn(CCCCCCC(=O)NO)c3n2)c1,9.075720713938118,1,0.0,34
IEUUPYITORKJCT-UHFFFAOYSA-N,CHEMBL5885520,CC(Oc1cc(-c2noc(C(F)(F)F)n2)ccn1)c1nc2ccccc2[nH]1,6.886056647693163,1,0.0,27
IEVUMROHFZOVMK-UHFFFAOYSA-N,CHEMBL4800001,Cn1cc(-c2ccccc2Oc2ccccc2)c2cc(C(=O)NCCCCC(=O)NO)[nH]c2c1=O,6.847711655616944,1,0.0,35
IEXOHYNPHZZHSZ-UHFFFAOYSA-N,CHEMBL5401785,COc1cc2oc3c(c2cc1Cl)CCN(CC(=O)Nc1ccc(C(=O)NO)cc1)C3,8.42021640338319,1,0.0,30
IFAGDMOAFJBJDT-UHFFFAOYSA-N,CHEMBL4102051,O=C(CCCCCCNc1ncnc2ccc(Cl)cc12)NO,7.958607314841775,1,0.0,22
IFPGNGODZHXKJV-UHFFFAOYSA-N,CHEMBL261610,O=C(NO)c1cc2ccc(NS(=O)(=O)c3ccccc3)cc2s1,7.332547047110046,1,0.0,23
IFRRSKDLVRTGSJ-UHFFFAOYSA-N,CHEMBL246199,O=C(C=Cc1ccc2c(c1)C(=O)N(Cc1ccc(-c3ccncc3)cc1)C2)NO,5.481486060122112,1,0.0,29
IFUHTURYMZWNNJ-UHFFFAOYSA-N,CHEMBL109654,O=C(CCCCCS)Nc1ccccc1,6.101823516502323,1,0.0,15
IFUKDPGEHLTXFM-UHFFFAOYSA-N,CHEMBL4854752,O=C(NO)c1ccc(CN2C(=O)CN(Cc3ccc(Cl)cc3)C2=O)cc1,6.064240896254688,1,0.0,26
IFZXXRSSOBBLAV-UHFFFAOYSA-N,CHEMBL3827262,Nc1ccc(-c2ccc(F)cc2)cc1NC(=O)C1C2COCC21,6.910094888560602,1,0.0,23
IGBASONUCXPAGV-UHFFFAOYSA-N,CHEMBL3335292,O=C(CCCCc1ccn(Cc2ccc([N+](=O)[O-])cc2)n1)NO,6.616184634019569,1,0.0,23
IGISGCSZIPPMKX-UHFFFAOYSA-N,CHEMBL472868,CC(NCc1ccc(C(=O)Nc2cc(-c3ccccc3)ccc2O)cc1)c1ccncc1,7.886056647693163,1,0.0,32
IGIVTKHQWMYGAC-UHFFFAOYSA-N,CHEMBL5897118,O=C(N1CCOCC1)N(Cc1ncc(-c2noc(C(F)(F)F)n2)cn1)c1cccc(C(F)(F)F)c1,6.619788758288394,1,0.0,35
IGKQFOSCVOFYNT-UHFFFAOYSA-N,CHEMBL5198617,CCCCCCNNC(=O)c1cnc(N2CCN(CCc3cn(C)c4ccccc34)CC2)nc1,6.3979400086720375,1,0.0,34
IGNPXOQRVRXSKJ-UHFFFAOYSA-N,CHEMBL1914708,[N-]=[N+]=NCc1cc(Cn2cc(NC(=O)CCCCCCC(=O)NO)cn2)cc(N=[N+]=[N-])c1,7.003926345514724,1,0.0,32
IGPQRKBKNQMIIM-UHFFFAOYSA-N,CHEMBL4228210,CCCc1cc(-c2ccc(F)cc2)nn1Cc1ccc(C(=O)NO)cc1,6.266802734893431,1,0.0,26
IGRSBJKSBMNQFY-UHFFFAOYSA-N,CHEMBL5808069,O=S(=O)(N1CCC2(CC1)CN(C1COC1)C2)N(Cc1ccc(-c2nnc(C(F)F)o2)cc1)c1ccccc1,6.7495799976911055,1,0.0,38
IGVRDNCZCPXENL-UHFFFAOYSA-N,CHEMBL3797516,COc1ccc(C(=O)NO)cc1OCc1ccccc1,4.91721462968355,1,0.0,20
IGXZEGHDBHOKPT-UHFFFAOYSA-N,CHEMBL2381744,O=C(CCCCc1cn(Cc2ccccc2Cn2cc(CCCCC(=O)NO)nn2)nn1)NO,6.09312646527793,1,0.0,34
IHCYCUFHJCZBJP-UHFFFAOYSA-N,CHEMBL5395752,COc1ccc(-c2cnc(C(=O)NCCCCCCC(=O)NO)s2)cc1,7.0192242260373785,1,0.0,26
IHFWWHGFZWTVIU-UHFFFAOYSA-N,CHEMBL3700344,COc1cc2ncnc(Nc3ccc(C(=O)Nc4cc(-c5cccs5)ccc4N)cc3)c2cc1OC,6.7495799976911055,1,0.0,36
IHGNHBSRLZAZHQ-UHFFFAOYSA-N,CHEMBL2046617,COc1ccc(C=CC(=O)NCCCCN2CCc3nc(C(=O)NO)sc3C2)cc1,4.455064234118497,1,0.0,30
IHHUORPGTIDVFD-UHFFFAOYSA-N,CHEMBL471043,COC(=O)c1ccc(CON=Cc2ccc(C=CC(=O)NO)cc2)cc1,5.739928612014925,1,0.0,26
IHINKXGILMAZFH-UHFFFAOYSA-N,CHEMBL5819326,CN1CCN(S(=O)(=O)N(Cc2ccc(-c3nnc(C(F)F)o3)cc2F)c2ccccc2)CC1,7.638272163982407,1,0.0,33
IHJROTPCROQIGM-UHFFFAOYSA-N,CHEMBL393242,Nc1ccc(-c2cccs2)cc1NC(=O)c1ccc2nccnc2c1,7.221848749616356,1,0.0,25
IHNKAMUEKMTRDS-UHFFFAOYSA-N,CHEMBL5900691,Nc1ccc(-c2ccccc2)cc1NC(=O)c1cnc(NC2CCN(C(=O)Cc3c[nH]c4ccccc34)CC2)nc1,7.657577319177793,1,0.0,41
IHOZEAFFIQFSRI-UHFFFAOYSA-N,CHEMBL2347007,CCC(C)(C)C(=O)OC1CC(C)C=C2C=CC(C)C(CCC(O)CC(O)CC(=O)NO)C21,7.1979107421182675,1,0.0,32
IHRMVRSHVCKOFW-UHFFFAOYSA-N,CHEMBL3798613,O=C1CCSc2ccc(C(=O)NO)cc2N1,5.008773924307505,1,0.0,16
IHUNPXAEVKBAPH-UHFFFAOYSA-N,CHEMBL95916,O=C(CCCCCC(=O)c1ccccc1)NO,6.301029995663981,1,0.0,17
IHYMBMWMBGROQG-UHFFFAOYSA-N,CHEMBL241551,COc1ccc(Cn2c(=O)n(Cc3ccc(C(=O)Nc4ccccc4N)cc3)c(=O)c3ccccc32)cc1,7.0,1,0.0,38
IHZBMPRPXIKOMN-UHFFFAOYSA-N,CHEMBL4858918,COc1ccc2c(c1)CCN(Cc1ccc(C(=O)NO)cc1)CC2,6.3655227298392685,1,0.0,24
IHZUFYDWUXKHAA-UHFFFAOYSA-N,CHEMBL3759836,O=C(NCCCCCCS)c1cc(-c2ccc3ccccc3c2)n[nH]1,6.876148359032914,1,0.0,25
IIBWRLTVYXPCLX-UHFFFAOYSA-N,CHEMBL3648290,COc1cccc(CCc2nc3cc(C=CC(=O)NO)ccc3n2CC(C)(C)CN(C)C)c1,7.2839966563652006,3,0.0,33
IICSKCHPPOBKKL-UHFFFAOYSA-N,CHEMBL6078340,C=C1C(=O)OC2CC3(C)CCC(OC(=O)C(C)NC(=O)c4ccc(C=CC(=O)NO)cc4)C(=C)C3CC12,6.961250640467467,2,0.49271534006855777,37
IIDAWWQDGZPYHJ-UHFFFAOYSA-N,CHEMBL5574286,O=C(CCCCc1ccc(-c2sc3cc(O)ccc3c2C(=O)c2ccc(OCCN3CCCCC3)cc2)cc1)NO,6.590066876668706,1,0.0,41
IIHHHIFZOMXGAV-UHFFFAOYSA-N,CHEMBL5427062,CN1c2ccc(NCc3ccc(C=CC(=O)NO)cc3)cc2C(=O)N2CCc3c([nH]c4ccc(O)cc34)C21,7.7447274948966935,2,0.0,38
IIIJBBOGVHIHAO-UHFFFAOYSA-N,CHEMBL3664096,CN(C)CCNCc1ccc(C(=O)Nc2cc(-c3ccccc3)ccc2O)cc1,6.920818753952375,1,0.0,29
IIJATZDNJJEUPO-UHFFFAOYSA-N,CHEMBL3655998,COc1cc(OC)cc(C2(Nc3ncc(C(=O)NO)cn3)CC2)c1,7.366531544420414,1,0.0,24
IILXTLMEJJIBSG-UHFFFAOYSA-N,CHEMBL487962,O=C(C=Cc1cn(CC=Cc2ccccc2)nn1)NO,6.982966660701219,1,0.0,20
IINFURUFJBHQTI-UHFFFAOYSA-N,CHEMBL4457133,Cc1[nH]c2ccccc2c1CCNCc1ccc(C=CC(=O)NNCCN)cc1,5.006916639301938,1,0.0,29
IIOKBRJBLVZCPU-UHFFFAOYSA-N,CHEMBL3664094,O=C(Nc1cc(-c2ccccc2)ccc1O)c1ccc(CNCC2CC2)cc1,7.142667503568731,1,0.0,28
IIUVWDIYBNYJCD-UHFFFAOYSA-N,CHEMBL3698511,O=C(NO)c1ccc(CCCC(O)c2ccc3ccccc3c2)cc1,7.0,1,0.0,25
IIXGHCJWHUQEEN-UHFFFAOYSA-N,CHEMBL3692651,CN(C)CC(Cc1ccccc1)NC(=O)c1ccc(-c2noc(C(F)(F)F)n2)cc1F,5.173925197299173,1,0.0,31
IJAUCUHJKNNFJY-UHFFFAOYSA-N,CHEMBL392449,Nc1ccccc1NC(=O)c1ccc(Cn2cnc3ccccc3c2=O)cc1,7.0,1,0.0,28
IJFMLKFWTKPUEN-UHFFFAOYSA-N,CHEMBL481805,Nc1ccccc1NC(=O)c1ccc(CNc2nccc(-c3ccn[nH]3)n2)cc1,6.853871964321762,1,0.0,29
IJGUAWCQKOESOS-UHFFFAOYSA-N,CHEMBL3601336,Cc1ccc(Nc2nccc3ccc(NC(=O)CCCCCCC(=O)NO)cc23)c(Cl)c1,7.710188160882378,1,0.0,32
IJIDAWKRSBZDFA-UHFFFAOYSA-N,CHEMBL5641600,COc1nc(-c2ccc(NC(=O)Nc3ccc(C(=O)NCCCCCCC(=O)Nc4ccccc4N)cc3)cc2)nc(N2CCOCC2)n1,6.473273132685364,1,0.0,49
IJLNKULSDASGKT-UHFFFAOYSA-N,CHEMBL4848392,CCC(=O)CCCCCC1NC(=O)C2CCN2CCCCCCOc2ccccc2-c2cnc1[nH]2,6.413879565869458,2,0.49532788105187375,35
IJOBHJNSELHMJE-UHFFFAOYSA-N,CHEMBL4210933,O=C(CCN1CCc2ccccc2C1c1ccccc1)NO,5.356547323513812,1,0.0,22
IJXNTUULSWVSOA-UHFFFAOYSA-N,CHEMBL6159706,CCNNC(=O)c1ccc(Cn2c3cc4c(cc3c3[nH]c(=O)c5ccccc5c32)OCO4)cc1,6.065501548756432,1,0.0,34
IKAGIRWSFSPBSC-UHFFFAOYSA-N,CHEMBL3973951,O=C(C=Cc1cccc(S(=O)(=O)c2ccc3ccccc3n2)c1)NO,7.853871964321762,1,0.0,25
IKAGUYJCGKHORB-UHFFFAOYSA-N,CHEMBL5084519,Nc1ccccc1NC(=O)c1ccc(CSc2nc(NCc3ccc(F)cc3)c3cccn3n2)cc1,6.317854923626168,1,0.0,36
IKAUUIQBIPQOJT-UHFFFAOYSA-N,CHEMBL6044582,FC(F)(F)c1nc(-c2ccc(CNC3CCc4ncccc4C3)cc2)no1,6.2839966563652006,1,0.0,27
IKCHZDNFNSMGAW-UHFFFAOYSA-N,CHEMBL5440192,Cc1cc(C)nc(SCC(=O)Nc2ncc(Cc3cccc(OCc4cn(CCOCCOCCOCCOCCC(=O)Nc5ccc(C(=O)NCCCCCCC(=O)NO)cc5)nn4)c3)s2)n1,6.6777807052660805,1,0.0,68
IKGFSNOPTDDJGY-UHFFFAOYSA-N,CHEMBL523684,O=C(C=Cc1ccc(C(=O)Nc2cccc(Nc3ncc(-c4cccnc4)s3)c2)s1)NO,6.795880017344075,1,0.0,32
IKIBXHADESLBBT-UHFFFAOYSA-N,CHEMBL489125,CCCn1c(CCc2ccccc2)nc2cc(C=CC(=O)NO)ccc21,6.6439741428068775,3,0.0,26
IKKWMLLFBIQWAF-UHFFFAOYSA-N,CHEMBL3655981,O=C(NO)c1cnc(NC2CCOCC2)nc1,6.089909454405932,1,0.0,17
IKKWVEXHLXABCU-UHFFFAOYSA-N,CHEMBL5822994,CN(C(=O)C1CCC(=O)N1c1cc(F)c(-c2noc(C(F)(F)F)n2)cc1F)C(C)(C)C,5.1249387366083,2,0.0,31
IKLORKBSKYBOFG-UHFFFAOYSA-N,CHEMBL95680,O=C(C=Cc1ccc(NS(=O)(=O)c2ccc([N+](=O)[O-])cc2)cc1)NO,6.100329725273209,2,0.10914446942506828,25
IKNHRCJRYGVRLA-UHFFFAOYSA-N,CHEMBL3648263,O=C(C=Cc1ccc2c(c1)nc(-c1ccccn1)n2CCCO)NO,6.414539270491499,3,0.0,25
IKOSUHFNIOWRRV-UHFFFAOYSA-N,CHEMBL5839766,Nc1ccc(-c2ccc(F)cc2F)nc1NC(=O)N1Cc2nn(C3COC3)nc2C1,5.903089986991944,1,0.0,30
IKSCZYXAUUPGHW-UHFFFAOYSA-N,CHEMBL235702,O=C(NC(CCCCCS)C(=O)NC1CCCC1)c1ccccc1,6.251811972993799,1,0.0,24
IKSFNOMXHPMYIQ-UHFFFAOYSA-N,CHEMBL213934,CC(C)(C)OC(=O)NC(CCCCCS)C(=O)NC1CCCC1,5.917214629683549,3,0.15551169755894279,23
IKTSEMIWQDWUGR-UHFFFAOYSA-N,CHEMBL6160187,CC(C)(C)n1nnnc1CNCC1CCN(c2ncc(C(=O)NO)cn2)CC1,7.00436480540245,1,0.0,28
IKTSOHKYDYDWRP-UHFFFAOYSA-N,CHEMBL4586891,O=C(CCCCCn1cc(-c2ccc(C(=O)c3c(-c4ccc(O)cc4)sc4cc(O)ccc34)cc2)nn1)NO,6.031700407233064,2,0.08907526387647113,39
IKVGYSSTVXNKDM-UHFFFAOYSA-N,CHEMBL4542734,O=C(C=Cc1ccc(C(=O)NC(Cc2c[nH]c3ccccc23)C(=O)Nc2ccc(Br)cc2)cc1)NO,7.986741334716483,1,0.0,36
IKVXEINIRGJFOJ-UHFFFAOYSA-N,CHEMBL4163017,CCOc1cc(C(C)(C)C)ccc1C1=NC(c2ccc(Cl)cc2)C(c2ccc(Cl)cc2)N1C(=O)N1CCN(Cc2ccc(C(=O)NO)cc2)CC1,5.454692883534176,1,0.0,51
IKXZLNQXTYYDCI-UHFFFAOYSA-N,CHEMBL5558617,O=C(CCCCCCCN1C(=O)CC(=Cc2ccccc2)C1=O)NO,7.598599459218455,1,0.0,25
ILCBWDQDWOLKIQ-UHFFFAOYSA-N,CHEMBL3356527,O=C(Nc1ccccc1)C(CCCCCS)NC(=O)C1CCCNC1=O,8.037860356969059,2,0.23408320603336819,26
ILEGKQBIIBREPC-UHFFFAOYSA-N,CHEMBL3109983,O=C(NO)C1C(c2ccccc2)C1c1ccc2c(c1)CN(CC(F)(F)F)C2=O,4.619788758288394,1,0.0,28
ILIUYEYBQRPDKW-UHFFFAOYSA-N,CHEMBL4758506,O=C(O)c1cccc(C(CCCCN2C(=O)c3ccccc3C2=O)C(=O)NO)c1,5.853871964321762,1,0.0,29
ILMBVTBLVLZLAE-UHFFFAOYSA-N,CHEMBL3827780,CCc1ccc(-c2nc(N3CCOCC3)c3nc(CN(C)c4ncc(C(=O)NO)cn4)n(C)c3n2)cc1,8.703334809738468,1,0.0,37
ILSWEDJAOFBYAR-UHFFFAOYSA-N,CHEMBL5935148,CC1(C)CC(c2ccccc2)N(c2ccc(-c3noc(C(F)(F)F)n3)cc2F)C1=O,5.853871964321762,1,0.0,30
IMAQUYGNXCKZFP-UHFFFAOYSA-N,CHEMBL5077168,CCc1c(C(=O)Nc2cc(C=CC(=O)NO)ccc2OC)[nH]c(C)c1C(C)=O,6.747146969020107,1,0.0,28
IMASMTRGIAGICM-UHFFFAOYSA-N,CHEMBL5864393,Cn1c(OCc2ccc(-c3noc(C(F)(F)F)n3)c(F)c2)nc2cccnc21,6.292429823902063,1,0.0,28
IMGRNUICMKOPSN-UHFFFAOYSA-N,CHEMBL6176348,O=C(NO)c1ccc(CN2CN(c3ccccc3)C3(CCN(C(=O)NCCc4ccccc4)CC3)C2=O)cc1,5.913996294381619,1,0.0,39
IMLRCIJPRAFHAV-UHFFFAOYSA-N,CHEMBL3758492,O=C(CCCCCC(=O)NN=Cc1ccc(-c2cncnc2)cc1)NO,8.494850021680094,1,0.0,26
IMQKXTRDVUWCMO-UHFFFAOYSA-N,CHEMBL147506,COc1ccc(NS(=O)(=O)c2ccc(C=CC(=O)NO)cc2)cc1OC,7.221848749616356,1,0.0,26
IMSDFCYKOKGWPD-UHFFFAOYSA-N,CHEMBL5080403,CN1c2ccc(F)cc2C(=O)N2CCc3c([nH]c4ccc(OCCCCCCC(=O)NO)cc34)C21,8.522878745280337,1,0.0,35
IMSZWJBXMNMFNP-UHFFFAOYSA-N,CHEMBL5915294,Fc1cc(COc2[nH]nc3c2COCC3)ccc1-c1noc(C(F)(F)F)n1,5.508638306165727,1,0.0,27
IMWKPDPUTSYGTR-UHFFFAOYSA-N,CHEMBL5563340,O=C(NO)c1ccc(CN(Cc2cccc3ccccc23)C(=O)c2ccccc2)cc1,5.93404701968613,1,0.0,31
IMWUSYYYCUZRRN-UHFFFAOYSA-N,CHEMBL5814768,Nc1ccc(-c2cccs2)cc1NC(=O)C1CCCC1,7.301029995663981,1,0.0,20
IMXWDRAIHQOYTD-UHFFFAOYSA-N,CHEMBL99398,Nc1ccccc1NC(=O)CCCCCN1C(=O)c2cccc3cc(O)cc(c23)C1=O,6.0,1,0.0,31
INCLKCXANMXKRV-UHFFFAOYSA-N,CHEMBL5908860,O=C(Cc1cnccn1)N(Cc1ccc(-c2noc(C(F)(F)F)n2)cc1)c1cccc(C(F)(F)F)c1,5.853871964321762,1,0.0,36
INDDKWKJTWMRQK-UHFFFAOYSA-N,CHEMBL5206074,CC(c1nc2c(cnn2C2CCCC2)c(=O)[nH]1)N1CC(Cc2ccc(C(=O)Nc3ccccc3N)cc2)C1,7.00436480540245,3,0.0,38
INIQMRSHVDNLQJ-UHFFFAOYSA-N,CHEMBL5409137,Cc1nnc2n1-c1ccccc1C(c1ccc(Cl)cc1)=NC2CC(=O)Nc1ccc(CC(=O)NO)cc1,5.619788758288394,1,0.0,37
INNDKWJOTJXKOA-UHFFFAOYSA-N,CHEMBL5218749,CCC(=O)CCCCCC(NC(=O)C1CC12CCN(C)CC2)c1ncc(-c2cn(C)c3ccccc3c2=O)[nH]1,8.075720713938118,1,0.0,39
INQLKJPLRJINGT-UHFFFAOYSA-N,CHEMBL5403974,O=C(NO)c1ccc(NC(=O)C(Cc2ccccc2)N2CCc3c(oc4cc5c(cc34)OCO5)C2)cc1,8.130768280269024,1,0.0,37
INQMRWJXKIZLLF-UHFFFAOYSA-N,CHEMBL2047674,COc1ccc(CC(=O)C(=O)NCCSSCCNC(=O)C(=O)Cc2ccc(OC)c(Br)c2)cc1Br,5.045757490560675,1,0.0,36
INQWAYKHLAYNIY-UHFFFAOYSA-N,CHEMBL217650,CC(=O)CCCCCC(NC(=O)c1cncs1)C(=O)Nc1cccc(-c2ccccc2)c1,7.259637310505756,1,0.0,32
INVPCFWYDPIISD-UHFFFAOYSA-N,CHEMBL211926,COc1ccc(CNc2ccc(C=CC(=O)Nc3ccccc3N)cn2)cc1,5.698970004336019,1,0.0,28
INXWGOLWSBWSOQ-UHFFFAOYSA-N,CHEMBL269935,O=C(Nc1cc(-c2ccccc2)ccc1O)c1ccccc1,7.236572006437063,1,0.0,22
IOAQGGPWYTVPJM-UHFFFAOYSA-N,CHEMBL4644721,NC(CCCCCC(=O)c1ccon1)c1cnn(-c2ccc(F)cc2)n1,7.6020599913279625,1,0.0,26
IODXLLVFYQYBMT-UHFFFAOYSA-N,CHEMBL5758416,Nc1ccc(-c2cccnc2)nc1NC(=O)N1Cc2cnc(C(F)F)cc2C1,5.560667306169737,1,0.0,28
IOGULZVZXCDUKD-UHFFFAOYSA-N,CHEMBL5647223,Nc1ccccc1NC(=O)CCCCCCNC(=O)c1ccc(NC(=O)Nc2ccc(-c3nc(OC4COC4)nc(N4CCOCC4)n3)cc2)cc1,6.7495799976911055,1,0.0,52
IOHKAMWLDHLUSD-UHFFFAOYSA-N,CHEMBL3218563,CSCCC1NC(=O)CC2C=CCCSSCC(NC1=O)C(=O)NC(CC(C)C)C(O)CC(=O)O2,9.0268721464003,1,0.0,35
IOJSHUPVMUJFRE-UHFFFAOYSA-N,CHEMBL5271192,CN(C)c1cccc2c(SNCCCCCC(=O)NO)cccc12,5.889410289700751,1,0.0,24
IOKRVFCUKLFKCO-UHFFFAOYSA-N,CHEMBL4637992,CN(C)S(=O)(=O)c1ccc(NCCCCCC(=O)NO)c2nonc12,6.950781977329818,1,0.0,25
IOMJKXFMIZAAME-UHFFFAOYSA-N,CHEMBL5080630,CN(CCc1ccc(C(=O)NO)cc1)c1nc(N)n2nc(-c3ccco3)nc2n1,6.79997073344623,1,0.0,29
IONONSJZSLRZEG-UHFFFAOYSA-N,CHEMBL5925056,Nc1ccc(-c2cccs2)cc1NC(=O)N(N)Cc1ccccc1,6.255707016877324,1,0.0,24
IPARVOCXYHGAKB-UHFFFAOYSA-N,CHEMBL2436595,CC(C)C1NC(=O)C2(C)CSC(=N2)c2coc(n2)CNC(=O)CC(C=CCCS)OC1=O,8.356547323513812,1,0.0,32
IPASVCJCQJHPFT-UHFFFAOYSA-N,CHEMBL5589652,C#CCN1C(=O)CNC(=O)C1=Cc1ccc(C(=O)NCCNC(=O)c2ccc(C(=O)NO)cc2)cc1,7.060930250076575,1,0.0,36
IPBDOKFYOORKDT-UHFFFAOYSA-N,CHEMBL213066,COc1cccc(NCc2ccc(C=CC(=O)Nc3ccccc3N)cc2)c1,4.769551078621726,1,0.0,28
IPBGKKBBYNOXCG-UHFFFAOYSA-N,CHEMBL4213341,Cc1c2ccc(N(C)c3ccnc(Nc4ccc(C(=O)Nc5ccccc5N)cc4)n3)cc2nn1C,6.229147988357855,1,0.0,36
IPGBKSUNOKDFQM-UHFFFAOYSA-N,CHEMBL3675748,CN1CCc2c(n(CCCCCC(=O)NO)c3ccccc23)C1,5.285670240254767,1,0.0,23
IPQWNMYTXBPMAT-UHFFFAOYSA-N,CHEMBL5560793,CN1CCN(CC2CCc3c(c4cc(F)ccc4n3Cc3ccc(C(=O)NO)cc3)C2=O)CC1,5.245197147694222,2,0.6631139567379405,34
IPTFLDIVTQSKKG-UHFFFAOYSA-N,CHEMBL4564322,COc1ccccc1N1C(=O)CSC1c1cccc(NC(=O)CCCCCC(=O)NO)c1,7.769551078621726,1,0.0,32
IPYPRGFJKANZMN-UHFFFAOYSA-N,CHEMBL4081642,Nc1ccccc1NC(=O)c1ccc(CNC(=O)c2cc3ccncc3[nH]2)cc1,7.1487416512809245,1,0.0,29
IQDUEAVZOHIZHX-UHFFFAOYSA-N,CHEMBL4856735,O=C(NO)c1ccc(CN2CCCCc3cc(Cl)ccc32)cc1,5.903981248643376,2,0.3654696991924098,23
IQFBYTVPXRTFAN-UHFFFAOYSA-N,CHEMBL5771181,CC1(Nc2ncc(C(=O)Nc3cc(-c4cccs4)ccc3N)cn2)CCN(C(=O)N2CCNCC2)CC1,8.136677139879545,1,0.0,37
IQFOLJQYULLTTM-UHFFFAOYSA-N,CHEMBL4469596,O=C(CCCCCSc1nc(-c2ccc3ccccc3c2)cc(=O)[nH]1)NO,6.0,1,0.0,27
IQGSZEFWMXKAJG-UHFFFAOYSA-N,CHEMBL5284438,COc1ccc(CNCCCCCCC(=O)NO)cc1OC,6.6777807052660805,1,0.0,22
IQJLZXBIJVTIKV-UHFFFAOYSA-N,CHEMBL4092869,Nc1ccccc1NC(=O)c1ccc(NC(=S)NCc2cccnc2)cc1,5.795880017344075,2,0.0,27
IQKOKBCGYSCUAD-UHFFFAOYSA-N,CHEMBL5556732,CC(C)C1NC(=O)CC2C=CCCSSCC(NC1=O)C(=O)NC(Cc1cccc3ccccc13)C(=O)NCC(=O)O2,9.193820026016112,1,0.0,42
IQLRFMJVZAIQOR-UHFFFAOYSA-N,CHEMBL5823649,Cn1ccc(NCc2ccc(-c3noc(C(F)(F)F)n3)cn2)cc1=O,6.050609993355087,1,0.0,25
IQNCZJNWKJCELX-UHFFFAOYSA-N,CHEMBL2381752,COc1ccc(Cn2cc(CCCCC(=O)NO)nn2)cc1,5.732828271596986,1,0.0,22
IQOZSKJJVIOKRL-UHFFFAOYSA-N,CHEMBL3339029,CN(C)c1ccc(Nc2ncnc3sc(NC(=O)CCCCCCC(=O)NO)cc23)cc1F,8.34582345812204,1,0.0,33
IQQCNXIMCSZZCY-UHFFFAOYSA-N,CHEMBL5403063,COc1ccc2c3c(oc2c1)CN(C(=O)CCc1ccc(C(=O)NO)cc1)CC3,6.976336081802207,1,0.0,29
IQSOIKNMFKWXSR-UHFFFAOYSA-N,CHEMBL5206589,O=C(CCCCCNC(=O)c1cccc2cc3ccccc3nc12)NO,7.779891911959945,2,0.0,26
IQWJFSWUKSDTBA-UHFFFAOYSA-N,CHEMBL5592165,O=C(NO)c1ccc(C(=O)N2CCc3c(c4ccccc4n3Cc3ccccc3)C2)cc1,6.005243055412372,1,0.0,32
IRALAZOBAVZSHO-UHFFFAOYSA-N,CHEMBL5401750,O=C(NO)c1ccc(CN2CCCc3cccnc32)c(F)c1,5.441291429466834,1,0.0,22
IRBKIKHESMDKHL-UHFFFAOYSA-N,CHEMBL3622727,CC=C1NC(=O)c2csc(n2)C(C(C)C)NC(=O)CC(C=CCCS)OC(=O)C(C(C)C)NC1=O,8.661543506395395,1,0.0,35
IREBSHYBQWPVAE-UHFFFAOYSA-N,CHEMBL272840,CC(=O)CCCCCC(NC(=O)c1cnns1)C(=O)NCCc1c(-c2ccccc2)[nH]c2ccccc12,5.8936399227910785,2,0.8502376796666677,37
IRFXJFPGGXUIKC-UHFFFAOYSA-N,CHEMBL3664105,CC(C)NCCNCc1ccc(C(=O)Nc2cc(-c3ccccc3)ccc2O)cc1,7.356547323513812,1,0.0,30
IRJTYERMLMWGFQ-UHFFFAOYSA-N,CHEMBL4278270,COc1ccc(-c2nc(NCc3ccc(C(=O)NO)cc3)cc3c2[nH]c2ccccc23)cc1,8.031517051446064,1,0.0,33
IRMXWQPVXSDKRJ-UHFFFAOYSA-N,CHEMBL5795636,CC(=O)N1CCN(S(=O)(=O)N(Cc2ccc(-c3nnc(C(F)(F)F)o3)cc2F)c2ccccc2)CC1,7.1487416512809245,1,0.0,36
IROIQVUPIRDJRX-UHFFFAOYSA-N,CHEMBL5812090,CC(=O)N1CCC(C(=O)Nc2cc(C3=CCCC3)ccc2N)CC1,5.515700160653214,1,0.0,24
IRPKGHDXTSHWAC-UHFFFAOYSA-N,CHEMBL3670664,COc1ccc(-c2cc(-c3ccccc3)[nH]c2C(=O)Nc2cccc(CC(=O)NO)c2)cc1,6.422508200162774,1,0.0,33
IRSGMLGLYISWBW-UHFFFAOYSA-N,CHEMBL5081459,O=C(NO)c1ccc(C=Cc2ccnc(Br)c2)cc1,5.436518914605589,1,0.0,19
IRSNSJQXWLNPKS-UHFFFAOYSA-N,CHEMBL2413294,Cc1ccc(OCCN(Cc2ccccc2)Cc2ccc(C=CC(=O)NO)o2)cc1,4.503347060749082,1,0.0,30
IRTOMYGXXONMNA-UHFFFAOYSA-N,CHEMBL2022834,O=C(NC(CCCCCCSSc1ccccn1)C(=O)OCc1c2ccccc2cc2ccccc12)OCc1ccccc1,7.22767829327708,1,0.0,44
IRZVXGTYWNYEAT-UHFFFAOYSA-N,CHEMBL6049651,O=C1CCC(c2nc(-c3ccncc3)no2)N1c1ccc(-c2noc(C(F)(F)F)n2)cc1,7.086186147616283,1,0.0,32
ISDWDTRBQFDROY-UHFFFAOYSA-N,CHEMBL5983709,Nc1ccc(-c2ccc(F)cc2)cc1NC(=O)N1CCOCC1,7.301029995663981,1,0.0,23
ISGPICKPRZKQFO-UHFFFAOYSA-N,CHEMBL5404735,COc1cc2c(cc1-c1c(C)noc1C)[nH]c1nc(C)nc(NCc3ccc(C(=O)NO)cc3)c12,6.3487219860018556,1,0.0,35
ISHCSRKCMDQJLZ-UHFFFAOYSA-N,CHEMBL168961,O=C(C=Cc1ccc(NS(=O)(=O)c2cccc3ccccc23)cc1)NO,7.301029995663981,1,0.0,26
ISKXKUSTWAXYOE-UHFFFAOYSA-N,CHEMBL5632156,Nc1ccccc1NC(=O)CCCCCCCOc1no[n+]([O-])c1S(=O)(=O)c1ccccc1,6.180456064458131,1,0.0,33
ISMCUYLBTNJMCR-UHFFFAOYSA-N,CHEMBL550573,Cc1ccc(C(=O)NCC(=O)NCCC(=O)Nc2ccccc2N)cc1,4.0762380391713,1,0.0,26
ISRLBVVRURBWCS-UHFFFAOYSA-N,CHEMBL501319,CCC(=O)CCCCCC(NC(=O)Cc1c(C)[nH]c2ccc(OC)cc12)c1ncc(-c2ccc3ccccc3c2)[nH]1,8.494850021680094,1,0.0,41
ISUGSSCHUUDEPF-UHFFFAOYSA-N,CHEMBL5414244,Nc1ccccc1NC(=O)C=Cc1ccc(NC(=O)Cc2ccc3ccccc3c2)cn1,6.692503962086787,1,0.0,32
ITGFESVINBPVGX-UHFFFAOYSA-N,CHEMBL3655937,Cc1cccc(C)c1CNc1ncc(C(=O)NO)cn1,5.863279432843593,1,0.0,20
ITHRXJHJBAWJPC-UHFFFAOYSA-N,CHEMBL1092032,Cc1ccc(NC(=O)CCCCC(=O)NO)c(C)c1,6.195179321278838,1,0.0,19
ITJOEFMVQWOXCL-UHFFFAOYSA-N,CHEMBL4850570,COc1cc2nc(-c3cc(C)oc3C)cc(NCC3CCN(c4ncc(C(=O)NO)cn4)CC3)c2cc1OC,8.301029995663981,1,0.0,39
ITNCJCMRYNXPRL-UHFFFAOYSA-N,CHEMBL3700343,COc1cc2ncnc(Nc3ccc(C(=O)Nc4cc(F)ccc4N)cc3)c2cc1OCCCN1CCOCC1,6.481486060122112,1,0.0,40
ITRDTZGMKSHKDM-UHFFFAOYSA-N,CHEMBL5814115,O=S(=O)(N1CCC2(CC1)CNC2)N(Cc1ccc(-c2nnc(C(F)F)o2)cc1)c1ccccc1,7.017728766960431,1,0.0,34
ITRKUDJHKGMANV-UHFFFAOYSA-N,CHEMBL254165,Nc1ccccc1NC(=O)c1ccc(C2CCN(Cc3ccccc3)CC2)cc1,7.349984047528162,1,0.0,29
ITRLKPUDLMGBGC-UHFFFAOYSA-N,CHEMBL5994050,O=C1CCC(c2nc3ccccc3o2)N1c1ccc(-c2noc(C(F)(F)F)n2)cc1,6.920818753952375,1,0.0,30
ITSLNGBJYKFUFZ-UHFFFAOYSA-N,CHEMBL3311472,O=C(CCCCCCNC(=O)c1ccc2c(c1)CCC(=O)N2)NO,7.619788758288394,1,0.0,24
ITXUXKXTVDKBBO-UHFFFAOYSA-N,CHEMBL5423299,COc1ccc2c3c(oc2c1)CN(C(C)C(=O)Nc1ccc(C(=O)NO)cc1)CC3,8.638272163982407,1,0.0,30
IUGCCYATPOSLED-UHFFFAOYSA-N,CHEMBL3356934,O=C(CCCCCCS)NCc1cccc(OCc2ccccc2)c1,5.500312917381596,1,0.0,25
IUGUXHAVRSIWCO-UHFFFAOYSA-N,CHEMBL5591859,CN1C(=O)CNC(=O)C1=Cc1ccc(C(=O)NCCNC(=O)c2ccc(C(=O)NO)cc2)cc1,7.060780364145182,1,0.0,34
IUIMYSRITOISQV-UHFFFAOYSA-N,CHEMBL2371802,CCC(C)C1NC(=O)C(Cc2ccc(OC)cc2)NC(=O)C(CCCCCC(=O)C(F)(F)C(F)(F)F)NC(=O)C2CCCN2C1=O,6.070581074285707,1,0.0,46
IUKGCTNFPZAWGC-UHFFFAOYSA-N,CHEMBL5184593,CCCc1nn(C)c2c(=O)[nH]c(-c3cc(Cc4ccc(C(=O)Nc5ccccc5N)cc4)ccc3OCC)nc12,6.171984935776023,3,0.5727425591206705,40
IUODSFYCWWRDIY-UHFFFAOYSA-N,CHEMBL3664127,CN(Cc1ccc(C(=O)Nc2cc(-c3ccccc3)ccc2O)cc1)Cc1cnccn1,7.508638306165727,1,0.0,32
IUPBOXMADLAZKH-UHFFFAOYSA-N,CHEMBL6166837,Cc1c(N)cccc1-c1cn(CCCCCCC(=O)NO)c2ncc(C#N)cc12,8.853871964321762,1,0.0,29
IUQBJPLGIIVXFD-UHFFFAOYSA-N,CHEMBL4454484,O=C(CCCCCCCNC(=O)c1c(-c2ccc(O)cc2)sc2cc(O)ccc12)NO,6.774690718274137,1,0.0,31
IUQKDKFEPOCKFE-UHFFFAOYSA-N,CHEMBL6167986,O=C(Cc1ccc(C=CC(=O)c2ncc[nH]2)cc1)Nc1ccc(F)cc1,5.7447274948966935,1,0.0,26
IUTHAWYDMZDRLK-UHFFFAOYSA-N,CHEMBL3648297,CCn1c(CCNC(=O)COc2ccccc2)nc2cc(C=CC(=O)NO)ccc21,6.251811972993799,3,0.0,30
IUTMTBXLLAOWGT-UHFFFAOYSA-N,CHEMBL5265776,Cc1onc(-c2ccccc2)c1C=CCCCCCNC(=O)CS,4.552841968657781,1,0.0,24
IUUGUWQXAQDURY-UHFFFAOYSA-N,CHEMBL3585959,Cc1ccc(-c2noc(CCCCCCC(=O)NO)n2)cc1,6.309803919971486,1,0.0,22
IUVAYOKBTWTIGY-UHFFFAOYSA-N,CHEMBL470582,CS(=O)(=O)N1CCC2(CCN(c3ccc(C(=O)Nc4cc(-c5cccs5)ccc4N)cn3)CC2)C1,8.096910013008056,1,0.0,35
IUVNAFNMVDLYHD-UHFFFAOYSA-N,CHEMBL5968026,Cc1ccc(C(=O)N(Cc2ccc(-c3noc(C(F)(F)F)n3)cn2)c2cccc(F)c2)nn1,6.585026652029182,1,0.0,33
IUWGDEWVLXCEFV-UHFFFAOYSA-N,CHEMBL4069885,CC(C)C1N=C(c2ccccc2)c2ccccc2N(CCCCC(=O)NO)C1=O,5.278189384787453,1,0.0,29
IUYYSXCGGXBBGN-UHFFFAOYSA-N,CHEMBL6074435,C=C1C(=O)OC2CC3(C)CCC(OC(=O)C(CC(C)C)NC(=O)c4ccc(C(=O)Nc5ccccc5N)cc4)C(=C)C3CC12,6.3441895055047475,1,0.0,44
IUZLTUOPUBKTGS-UHFFFAOYSA-N,CHEMBL5983429,Nc1ccccc1NC(=O)C=Cc1cn2ccccc2n1,5.522878745280337,2,0.0,21
IVBGBXGOIUKKTI-UHFFFAOYSA-N,CHEMBL4164148,CCOc1cc(C(C)(C)C)ccc1C1=NC(c2ccc(Cl)cc2)C(c2ccc(Cl)cc2)N1C(=O)N1CCN(CCCCCC(=O)NO)CC1,6.013228265733755,1,0.0,49
IVDJSZYKOWYHAZ-UHFFFAOYSA-N,CHEMBL5218671,N#Cc1c(N)nc(N)nc1N1CC(OC(=O)NCc2ccc(C(=O)NO)cc2)CC1c1nc2cccc(Cl)c2c(=O)n1-c1ccccc1,6.567030709125595,1,0.0,48
IVFPOHHSUTWRCH-UHFFFAOYSA-N,CHEMBL516399,CC(C)c1ccc(-c2csc(NC(=O)C(CCCCNS(N)(=O)=O)NC(=O)OCc3ccccc3)n2)cc1,6.2839966563652006,1,0.0,38
IVOKPEDWUKQUED-UHFFFAOYSA-N,CHEMBL4564622,O=C(NO)c1ccc(Cn2c(=O)n(CCc3cccc(C(F)(F)F)c3)c(=O)c3ccccc32)cc1,4.896196279044043,1,0.0,35
IVSCKYBGQGPVDS-UHFFFAOYSA-N,CHEMBL4461441,COc1cc(-c2nc(NCc3cccc(C=CC(=O)NO)c3)cc3c2[nH]c2ccccc23)cc(OC)c1OC,8.886056647693163,1,0.0,39
IVXFJQFKGNUDLI-UHFFFAOYSA-N,CHEMBL3593246,Cc1nc2ccccn2c1C=CC(=O)NCc1ccc(C(=O)Nc2ccccc2N)cc1,6.761953896871205,1,0.0,32
IWBDRRINLWOVOP-UHFFFAOYSA-N,CHEMBL5432401,COc1ccc(-c2cc(C(=O)NCc3ccc(C(=O)NO)cc3)ccn2)cn1,8.088309841246138,1,0.0,28
IWDOETADEGIOAS-UHFFFAOYSA-N,CHEMBL5421759,COc1cccc2oc3c(c12)CCN(CC(=O)Nc1ccc(C(=O)NO)cc1)C3,8.494850021680094,1,0.0,29
IWHILOQIJOWDKF-UHFFFAOYSA-N,CHEMBL4742036,CCC(=O)CCCCCC(NC(=O)c1cncs1)c1[nH]c(-c2ccccc2)nc1C(N)=O,8.142667503568731,1,0.0,32
IWJUPSSAMNLEFD-UHFFFAOYSA-N,CHEMBL2046616,O=C(C=Cc1ccccc1)NCCCCN1CCc2nc(C(=O)NO)sc2C1,4.39663907565162,1,0.0,28
IWJZHUXRXIPHQM-UHFFFAOYSA-N,CHEMBL5631448,Fc1cc(-c2noc(C(F)(F)F)n2)ccc1Cn1cnc2c(Cl)ncnc21,5.494850021680094,1,0.0,27
IWKSOZWUODSTEF-UHFFFAOYSA-N,CHEMBL519604,Nc1ccccc1NC(=O)c1ccc(CNc2cc(-c3cccnc3)ncn2)cc1,7.154901959985743,1,0.0,30
IWQIMUAGEMTBIA-UHFFFAOYSA-N,CHEMBL6015573,CCCNC(=O)Nc1cc(-c2cccs2)ccc1N,7.301029995663981,1,0.0,19
IWVHUWLHOSWBHO-UHFFFAOYSA-N,CHEMBL227118,O=C(CCCCCNC(=O)NC12CC3CC(CC(C3)C1)C2)NO,6.236572006437063,1,0.0,23
IWWFFHDXUHSRDM-UHFFFAOYSA-N,CHEMBL471042,O=C(C=Cc1ccc(C=NOCc2ccc([N+](=O)[O-])cc2)cc1)NO,6.102372908709558,1,0.0,25
IXDSXOZCSDIMHI-UHFFFAOYSA-N,CHEMBL5934316,CN(c1ncc(C(=O)NO)cn1)C12CC3CC(CC(C3)C1)C2,7.698970004336019,1,0.0,22
IXISPUSZLURAQL-UHFFFAOYSA-N,CHEMBL3656021,COc1ccc(C2(Nc3ncc(C(=O)NO)cn3)CCCC2)cc1,6.605548319173783,1,0.0,24
IXKFGKFMWMWETP-UHFFFAOYSA-N,CHEMBL473901,O=C(Nc1cc(Cl)ccc1O)c1ccc(CNc2ccncc2)cc1,5.298259367562787,1,0.0,25
IXKLILPHPNZHNB-UHFFFAOYSA-N,CHEMBL484073,O=C(C=Cc1ccc2cccnc2c1)NCCCCCC(=O)NO,8.537602002101044,1,0.0,24
IXQRERSKTSHMAX-UHFFFAOYSA-N,CHEMBL5270464,CN(C)C1=NC2C(Br)=C(Br)C(Br)=C(Br)C2N1CCCCCC(=O)NO,5.435333935747911,1,0.0,25
IXTBKGBJNGTKQS-UHFFFAOYSA-N,CHEMBL4785064,Nc1ccc(-c2nc(N3CCOCC3)c3ncn(CCCCCCC(=O)NO)c3n2)cn1,9.035290537142853,2,0.07058107428570715,32
IXWJWUHPBOISOI-UHFFFAOYSA-N,CHEMBL3983635,CC1(C)C(=O)N(c2ccc(C#N)c(C(F)(F)F)c2)C(=S)N1c1ccc(C(=O)NCCCCCC(=O)NO)c(F)c1,5.539102157243452,1,0.0,40
IYAYMZXZYXPCOM-UHFFFAOYSA-N,CHEMBL4561458,COc1ccc(-c2cc(OCCCCCCC(=O)NO)c3ncnc(C)c3c2)cn1,8.886056647693163,1,0.0,30
IYBCSQNVVICLIT-UHFFFAOYSA-N,CHEMBL4863294,O=C(CCCCCCn1cc(-c2ccc3ncnc(Nc4ccc(Br)cc4F)c3c2)nn1)NO,8.958607314841775,1,0.0,34
IYBURCQQEUNLDL-UHFFFAOYSA-N,CHEMBL3655978,O=C(NO)c1cnc(NC2(c3cccc(F)c3)CCCCC2)nc1,5.673050005834002,3,0.0,24
IYBYMTCQQMFOHB-UHFFFAOYSA-N,CHEMBL3917405,O=C(CCCCCCOc1ccc2cc1COCC=CCOCc1cccc(c1)-c1ccnc(n1)N2)NO,6.653647025549361,1,0.0,38
IYCHDNQCHLMLJZ-UHFFFAOYSA-N,CHEMBL504369,O=C(NO)c1cccnc1,4.456453421970414,1,0.0,10
IYEIZRQTKRGTDG-UHFFFAOYSA-N,CHEMBL3689805,CCN(CC)CCNCc1c(-c2ccccc2)nc2cc(C=CC(=O)NO)ccn12,6.187086643357144,1,0.0,30
IYHAVTYWOVUBNO-UHFFFAOYSA-N,CHEMBL5206154,O=C(C=CC=Cc1csc(Br)n1)NO,5.522878745280337,1,0.0,14
IYIUFEQCKXHCAG-UHFFFAOYSA-N,CHEMBL5766638,CC1(C)CC(C(=O)N(Cc2ccc(-c3noc(C(F)(F)F)n3)cn2)c2cccc(F)c2)CCO1,6.585026652029182,1,0.0,34
IYNMNOJVZMPVFR-UHFFFAOYSA-N,CHEMBL5431676,COc1cccc(-c2cnc(C(=O)NCCCCCCCC(=O)NO)s2)c1,7.168834366090557,1,0.0,27
IYNWHVIBRDTPGU-UHFFFAOYSA-N,CHEMBL3287268,CC(C)C=Cc1sc(-c2nccs2)nc1C(=O)NCCCCC(=O)NO,8.0,1,0.0,26
IYOLVIFIJXUYFW-UHFFFAOYSA-N,CHEMBL3309858,CCCCCC1NC(=O)C(CCCCCC(=O)NO)NC(=O)C2CCCN2C(=O)C(CCCCC)NC1=O,7.516929133630484,2,0.1702617153949575,38
IYQNLKIVMPPKFV-UHFFFAOYSA-N,CHEMBL221655,O=C(CCCCCC(NC(=O)c1cc2ccccc2[nH]1)C(=O)Nc1cccc2cccnc12)NO,7.318758762624412,1,0.0,35
IYQXEBRWRHSNBG-UHFFFAOYSA-N,CHEMBL3664061,Nc1ccc(-c2ccccc2)cc1NC(=O)c1ccc(CNC(=O)Cc2ccccc2)cc1,7.4561092910952285,2,0.6268835750529949,33
IZAOUTXTTXDKBE-UHFFFAOYSA-N,CHEMBL4281736,CCc1nc(NCc2ccc(C(=O)NO)cc2)cc2c1[nH]c1ccccc12,6.752026733638193,1,0.0,27
IZCLFFCCAARHTA-UHFFFAOYSA-N,CHEMBL4543166,CCc1n[nH]c(CC)c1CCN1CCCC1c1ccc(C=CC(=O)NO)cc1,9.096910013008056,1,0.0,28
IZCWUTNWQCXAHC-UHFFFAOYSA-N,CHEMBL1083100,Nc1cc(C(=O)NC(=O)NCCCCCC(=O)NO)ccc1Cl,5.903089986991944,1,0.0,23
IZHYLVXNRBVPPO-UHFFFAOYSA-N,CHEMBL3664093,O=C(Nc1cc(-c2ccccc2)ccc1O)c1ccc(CNC2CCCC2)cc1,6.823908740944319,1,0.0,29
IZJHEQOXOWULRM-UHFFFAOYSA-N,CHEMBL3828636,CN(Cc1nc2c(N3CCOCC3)nc(-c3cccnc3)nc2n1C)c1ncc(C(=O)NO)cn1,9.309803919971486,1,0.0,35
IZJYSSDDWSHRIN-UHFFFAOYSA-N,CHEMBL5563724,CC(NC(=O)C(CC(=O)NCC(C)(C)C)NC(=O)CCCCCCC(=O)NO)C(=O)NCc1ccc(F)cc1F,6.79317412396815,1,0.0,40
IZLGNCMIDPMWEE-UHFFFAOYSA-N,CHEMBL5568503,Cc1cn(Cc2ccc(C(=O)NO)cc2)c2c1C(=O)CCC2,5.94692155651658,1,0.0,22
IZLZQCGILASHEY-UHFFFAOYSA-N,CHEMBL3758451,O=C(NCCCCCCS)c1cc(C2CCCCC2)n[nH]1,6.480172006224281,1,0.0,21
IZNDXKIRFLMXIW-UHFFFAOYSA-N,CHEMBL3098692,O=C(CCCCCC(NC(=O)C1CCCNC1=O)C(=O)Nc1ccccc1)NO,6.882728704344236,1,0.0,29
IZODNXZTBVTYKT-UHFFFAOYSA-N,CHEMBL3656006,O=C(NO)c1cnc(NC2(c3ccc(C(F)(F)F)c(F)c3)CC2)nc1,7.568636235841012,1,0.0,25
IZVQUAGESQTYCZ-UHFFFAOYSA-N,CHEMBL3698513,O=C(NO)c1ccc(CCCCCc2ccccc2)cc1,5.318758762624412,1,0.0,21
IZWKLYQKKXPMFL-UHFFFAOYSA-N,CHEMBL5415734,Nc1nn(-c2cccc(F)c2)nc1C(=O)NCc1ccc(C(=O)NO)cc1,8.3767507096021,1,0.0,27
IZXFYHXMNLMKGL-UHFFFAOYSA-N,CHEMBL5981827,CC(C)(C)OC(=O)C1CCC(=O)N1c1ccc(-c2noc(C(F)(F)F)n2)c(F)c1F,5.886056647693163,1,0.0,30
IZXWFMLZEVIDQU-UHFFFAOYSA-N,CHEMBL5395810,Cc1nnc2n1-c1ccccc1C(c1ccccc1)=NC2CC(=O)Nc1ccc(CC(=O)NO)cc1,6.136677139879544,1,0.0,36
IZYWVVYABCOEGK-UHFFFAOYSA-N,CHEMBL3664074,Nc1ccc(-c2ccccc2)cc1NC(=O)c1ccc(CNC(=O)Cc2cccnc2)cc1,6.853871964321762,1,0.0,33
JAAMXBCUFMLBAV-UHFFFAOYSA-N,CHEMBL511270,CC(=O)CCCCCC(NS(=O)(=O)c1ccc([N+](=O)[O-])c(F)c1)c1ncc(-c2ccccc2)[nH]1,6.886056647693163,1,0.0,34
JACOBDRWVNCFMH-UHFFFAOYSA-N,CHEMBL2047610,COc1ccc(-c2nn(-c3ccccc3)cc2C=CC(=O)Nc2ccc(Cl)cc2)cc1,5.962573502059376,1,0.0,31
JAGMYXUZDYYHRN-UHFFFAOYSA-N,CHEMBL5801163,CC(=O)N1CCN(S(=O)(=O)N(Cc2ccc(-c3nnc(C(F)(F)F)o3)cc2F)c2cccnc2)CC1,7.180456064458131,1,0.0,36
JAGQBOJCUBIGEC-UHFFFAOYSA-N,CHEMBL4457985,COC(=O)CCNNC(=O)C=Cc1ccc(CNCCc2c(C)[nH]c3ccccc23)cc1,5.962972120244225,1,0.0,32
JAKZKOACZFIOQD-UHFFFAOYSA-N,CHEMBL4063938,CCCNNC(=O)c1ccc(NC(=O)C(Cc2c[nH]c3ccccc23)NC(=O)c2ccc(OC)cc2)cc1,8.020451625295905,1,0.0,38
JAQREMRFAUYIRO-UHFFFAOYSA-N,CHEMBL3655949,Cc1cc(F)ccc1C(C)(C)Nc1ncc(C(=O)NO)cn1,5.240181122625174,1,0.0,22
JATJXQVARVZNCX-UHFFFAOYSA-N,CHEMBL5809547,O=C(CCCCCCN(c1ccccn1)c1ncns1)NO,6.1249387366083,1,0.0,22
JAUYZWOOBKPQSV-UHFFFAOYSA-N,CHEMBL4781134,CCC(=O)CCCCCC(NC(=O)C1CC12CCN(CC)CC2)c1ncc(-c2ccc(Cl)cc2OC)[nH]1,7.853871964321762,1,0.0,37
JAYDPVLRDOPLGY-UHFFFAOYSA-N,CHEMBL5192082,O=C(NO)c1ccc(NC(=O)N2CCC(N3C(=O)C(c4ccccc4)C3c3ccccc3)CC2)cc1,5.896196279044043,1,0.0,36
JAZNFFSWTRMVTO-UHFFFAOYSA-N,CHEMBL485955,CC(=O)CCCCCC(NC(=O)C1CCN(C)CC1)c1ncc(-c2ccccc2Cl)[nH]1,6.7447274948966935,1,0.0,31
JBAGCBGOEDUECC-UHFFFAOYSA-N,CHEMBL5276344,COc1ccc(CC2C=Cc3cc(C(=O)NO)ccc32)cc1,4.438898616350944,1,0.0,22
JBBXRYGSCZALTN-UHFFFAOYSA-N,CHEMBL5084847,CCCNNC(=O)c1ccc(CNC(=O)c2nc3ccccc3s2)cc1,8.011887159731648,1,0.0,26
JBDKNNQQNFOETC-UHFFFAOYSA-N,CHEMBL2057822,[N-]=[N+]=NCc1cc(COC(=O)NCc2ccc(C(=O)Nc3cc(-c4cccs4)ccc3N)cc2)cc(N=[N+]=[N-])c1,5.735028299170665,2,0.3643726610257687,40
JBDZGMLXHUPLPE-UHFFFAOYSA-N,CHEMBL3335301,O=C(CCCCc1ccn(Cc2cccc(Nc3ccccc3)c2)n1)NO,6.838631997765026,1,0.0,27
JBFFDSGEOZGWCK-UHFFFAOYSA-N,CHEMBL4749655,O=C(CCCCCCn1cnc2c(N3CCOCC3)nc(-c3cccc(CO)c3)nc21)NO,8.958607314841775,4,0.38997107900076244,33
JBFQPMGBCKWKKO-UHFFFAOYSA-N,CHEMBL3689807,CCCCNCc1c(C(C)(C)C)nc2cc(C=CC(=O)NO)ccn12,6.795880017344075,1,0.0,25
JBHVIGYZHVIDRH-UHFFFAOYSA-N,CHEMBL4285608,COc1cccc(-c2nc(NCc3ccc(C(=O)NO)cc3)cc3c2[nH]c2ccccc23)c1,8.148741651280925,1,0.0,33
JBJIKUXUKSADFV-UHFFFAOYSA-N,CHEMBL4550214,O=C(NO)c1ccc(Cn2c(=O)n(CCc3ccccc3)c(=O)c3ccccc32)cc1,4.95233580539844,2,0.0,31
JBJWRVVCWQDQTO-UHFFFAOYSA-N,CHEMBL5970965,CN1Cc2ccc(NCc3ccc(-c4noc(C(F)(F)F)n4)cn3)cc2C1=O,6.552841968657781,1,0.0,28
JBKQYCIKKDHHAH-UHFFFAOYSA-N,CHEMBL5415351,Nc1ccccc1NC(=O)c1ccc(CNC(=O)c2nn(-c3ccc(F)cc3)nc2N)cc1,7.113509274827518,1,0.0,33
JBLCKLOVHPCHLK-UHFFFAOYSA-N,CHEMBL3655926,O=C(NO)c1cnc(NCCc2c[nH]c3ccccc23)nc1,7.045757490560675,1,0.0,22
JBLNWKAMPSRHLK-UHFFFAOYSA-N,CHEMBL5395245,C#CC(=O)N1CCC(OC(=O)NCc2ccc(C(=O)Nc3ccccc3N)cc2)CC1,6.1771783546968955,1,0.0,31
JBMRMRYRCKHJKU-UHFFFAOYSA-N,CHEMBL3655964,O=C(NO)c1cnc(NC2(c3cccc(F)c3)CC2)nc1,7.070581074285707,1,0.0,21
JBMXRHJXJHSSMM-UHFFFAOYSA-N,CHEMBL3827489,CCCc1ccc(-c2nc(N3CCOCC3)c3nc(CN(C)c4ncc(C(=O)NO)cn4)n(C)c3n2)cc1,8.211124884224583,1,0.0,38
JBPWXWQIGDWQHR-UHFFFAOYSA-N,CHEMBL4850926,Cc1sc2c(c1C)C(c1ccc(Cl)cc1)=NC(CC(=O)Nc1ccc(C(=O)NO)cc1)c1nnc(C)n1-2,7.6777807052660805,6,0.0,37
JBQWLEPVSMBVRS-UHFFFAOYSA-N,CHEMBL5187865,O=C(CN(Cc1ccc(C(=O)NO)cc1F)C(=O)c1ccccc1C(F)(F)F)NC1CCCCC1,5.838631997765026,1,0.0,35
JBRXAABLLKSMEZ-UHFFFAOYSA-N,CHEMBL4286867,O=C(CCCCCCC(=O)Nc1ccc(-c2ccnc(Nc3ccc(N4CCOCC4)cc3)n2)cc1)NO,7.251811972993799,1,0.0,38
JBUCEVSQWHDZGD-UHFFFAOYSA-N,CHEMBL4754237,CCC(=O)CCCCCC(NC(=O)C1CC12CCN(C)CC2)c1ncc(-c2ccc(-c3cccnc3)nc2)[nH]1,8.386056647693163,2,0.3979400086720375,39
JCCMVBSQBIPXKL-UHFFFAOYSA-N,CHEMBL6169160,CC(c1nc2c(cnn2C2CCCC2)c(=O)[nH]1)C1CC(Cc2ccc(C(=O)NO)cc2)C1,6.226945306635738,1,0.0,32
JCDFXAVLOBQSFB-UHFFFAOYSA-N,CHEMBL5904227,Nc1ccc(C2CCCC2)cc1NC(=O)C1=CCCCC1,6.255707016877324,1,0.0,21
JCEIHOKCTXCFBI-UHFFFAOYSA-N,CHEMBL1171465,CCCCCCCC(=O)SCCC=CC1CC(=O)NCc2nc(cs2)C2=NC(CC)(CS2)C(=O)NC(C(C)C)C(=O)O1,6.792365632611038,1,0.0,42
JCFJEAZEVAQWRL-UHFFFAOYSA-N,CHEMBL5619226,Cn1cc(CCCC(=O)Nc2ccc(C(=O)NO)cc2)c2ccccc21,7.856985199745905,1,0.0,26
JCMSFINXMOAPQR-UHFFFAOYSA-N,CHEMBL4633915,Nc1cc(F)ccc1NC(=O)CCCCCNC(=O)c1cc(Cc2n[nH]c(=O)c3ccccc23)ccc1F,6.09151498112135,1,0.0,38
JCNLBLKOFBQIBL-UHFFFAOYSA-N,CHEMBL398333,Nc1ccccc1NC(=O)c1ccc(C(C(=O)NCc2ccccc2)C(=O)NCc2ccccc2)cc1,6.701146923590294,1,0.0,37
JCPWBDUVBJFQSY-UHFFFAOYSA-N,CHEMBL6101912,CCCc1cc(C(=O)Nc2ccccc2)nn1Cc1ccc(C(=O)NO)cc1,5.906578314837764,1,0.0,28
JCSQJXFZDFSQLX-UHFFFAOYSA-N,CHEMBL473478,Nc1ccc(-c2ccc(F)cc2)cc1NC(=O)c1ccc(CN2CCC3(CCNC3)CC2)cc1,7.886056647693163,1,0.0,34
JDBWHHHWEABNEC-UHFFFAOYSA-N,CHEMBL3964033,O=C(CCCCCn1cc(-c2ccc3ncnc(Nc4ccc(OCc5cccc(F)c5)c(Cl)c4)c3c2)nn1)NO,7.413412695328245,1,0.0,41
JDCPXPCSFNJNGD-UHFFFAOYSA-N,CHEMBL5075425,CCCNNC(=O)c1ccc(CNC(=O)c2ccc3ccncc3c2)cc1,7.68277265082358,1,0.0,27
JDEBFHPENDSYQX-UHFFFAOYSA-N,CHEMBL6004401,Nc1ccc(C2=CCCCC2)cc1NC(=O)C1=CCCCC1,6.255707016877324,1,0.0,22
JDGVXFKUROOARG-UHFFFAOYSA-N,CHEMBL5958970,FC(F)(F)c1nc(-c2ccc(CNc3cnccn3)nc2)no1,6.0,1,0.0,23
JDGWNZXLCXQQGK-UHFFFAOYSA-N,CHEMBL4646613,CC(=O)Nc1cccc(-c2ccc(C3(C(=O)Nc4ccc(C(=O)NO)cc4)CCCC3)cc2)c1,8.301029995663981,1,0.0,34
JDJMCAZGQWXLAG-UHFFFAOYSA-N,CHEMBL5612550,CCc1c(C#N)c(SC(C(N)=O)c2ccccc2)nc(N(C)C2CCN(c3ncc(C(=O)NO)cn3)CC2)c1C#N,7.245345930744568,1,0.0,41
JDVCZYIRYRWVJK-UHFFFAOYSA-N,CHEMBL4758471,Nc1ccccc1NC(=O)c1ccc(NC(=O)CCCNc2cccc3c2C(=O)N(C2CCC(=O)NC2=O)C3=O)cc1,6.443697499232712,1,0.0,42
JDZUEQCULNQRQU-UHFFFAOYSA-N,CHEMBL3800057,CC(C)Oc1ccc(C(=O)NO)cc1NC(=O)c1ccccc1,5.443697499232712,1,0.0,23
JEBDCKAINDLRQN-UHFFFAOYSA-N,CHEMBL1097981,O=C(C=Cc1cccc(-c2nc3ccccc3n2Cc2ccccc2)c1)NO,7.301029995663981,1,0.0,28
JEEFFJUUDNJNDQ-UHFFFAOYSA-N,CHEMBL5271748,CCCCNNC(=O)c1ccc(OC(F)(F)F)cc1,5.052566278112949,2,0.0,19
JEKFLLWKTZZHNX-UHFFFAOYSA-N,CHEMBL6152706,O=C(CCCCCCCCn1c2cc3c(cc2c2ncc4ccccc4c21)OCO3)NO,8.522878745280337,1,0.0,32
JEKIGUMFKBKJDP-UHFFFAOYSA-N,CHEMBL5076638,O=C(CCCCCCC(=O)Nc1ccc(C(=O)NC2CCNCC2)cc1)NO,6.823908740944319,1,0.0,28
JEMNZPZBYORGTE-UHFFFAOYSA-N,CHEMBL5274330,O=C(CCCCCC(=O)N(Cc1ccc(Br)s1)c1ccc(OCCN2CCOCC2)cc1)NO,8.943095148663527,2,0.0,34
JENFTFNORBJWMJ-UHFFFAOYSA-N,CHEMBL4790853,Nc1nc(Cl)c2ccn(Cc3ccc(C(=O)Nc4cc(F)ccc4N)cc3)c2n1,5.910094888560602,1,0.0,29
JETVWIPZDARZAN-UHFFFAOYSA-N,CHEMBL4798212,Cn1cc(-c2ccccc2Oc2ccccc2)c2cc(C(=O)NCCCCCCC(=O)NO)[nH]c2c1=O,7.530177984021837,1,0.0,37
JEWHRFZEWJASIE-UHFFFAOYSA-N,CHEMBL2057829,[N-]=[N+]=NCCC(=O)Nc1ccc(C(=O)Nc2cc(N=[N+]=[N-])ccc2N)cc1,4.1386830387330935,2,0.24190854354532387,27
JFEZCHSJOLHFSK-UHFFFAOYSA-N,CHEMBL3758251,O=C(CCCCC(=O)NN=Cc1ccc(-c2ccccc2)cc1)NO,7.721246399047171,1,0.0,25
JFLHJFXOCSNLAL-UHFFFAOYSA-N,CHEMBL4449010,O=C(CCCCCNC(=S)Nc1ccc2c(c1)C(=O)NC2=O)NO,4.893469146177619,2,0.0,24
JFLKCUMXGTXTHH-UHFFFAOYSA-N,CHEMBL5218943,CN(C)c1nc2c(Br)c(Br)c(Br)c(Br)c2n1CCCCCCCC(=O)NO,4.863279432843593,2,0.0,27
JFQQBNFAFHCQKT-UHFFFAOYSA-N,CHEMBL4237600,CS(=O)(=O)CCn1cc(-c2nc(Nc3ccc(NC(=O)CCCCCCC(=O)NO)cc3)nc3[nH]ccc23)cn1,6.995678626217357,1,0.0,40
JFRNSEVHKFBZMV-UHFFFAOYSA-N,CHEMBL4226175,O=C(CCCNC(=O)c1cc(-c2ccc(F)cc2)[nH]n1)NO,5.427012291801795,1,0.0,22
JFSIFNLPOZYJPS-UHFFFAOYSA-N,CHEMBL330201,Nc1ccccc1NC(=O)CCCCCN1C(=O)c2cccc3cccc(c23)C1=O,5.826823512774681,2,0.6078895349886864,30
JFVYUMCLAOMZHX-UHFFFAOYSA-N,CHEMBL4164146,CC(C(=O)Nc1ccc(C(=O)Nc2ccc(F)cc2N)nc1)c1ccccc1,5.986529186020485,2,0.2653144433974468,28
JFWDXOKVYLWZPG-UHFFFAOYSA-N,CHEMBL3689779,CCCCCCc1nc2ccc(C=CC(=O)NO)cn2c1NCCC(=O)NCCN(C)C,6.107905397309519,1,0.0,32
JFYVBOQLNHICDI-UHFFFAOYSA-N,CHEMBL3639548,CC(C)(Nc1ncc(C(=O)NO)cn1)c1ccc(F)cc1,6.118615343229427,1,0.0,21
JGCJGLSCOWAZHA-UHFFFAOYSA-N,CHEMBL3938429,O=C(CS)NCCCCCC(=O)Nc1ccc(-c2ccccc2NC(=O)C2CCCN2)cc1,5.709965388637482,1,0.0,33
JGDVZNURLHGURN-UHFFFAOYSA-N,CHEMBL5407807,CCN(CC)C(=S)SSCCCCCC(=O)Nc1ccccc1,7.337242168318426,1,0.0,23
JGFNBBUBHLCBMS-UHFFFAOYSA-N,CHEMBL5790224,Nc1ccc(-c2cccs2)cc1NC(=O)CC1CC1,5.515700160653214,1,0.0,19
JGIFQENMCGNZTI-UHFFFAOYSA-N,CHEMBL5279952,O=C(NO)c1ccc(Cn2cnc(-c3cccc(-c4ccccc4)c3)n2)cc1,6.824778199656947,1,0.0,28
JGIREPPAQUZWMG-UHFFFAOYSA-N,CHEMBL6152349,CCNNC(=O)c1ccc(CNC(=O)c2ccc(OCc3cn(CCOCCC(=O)NC(C(=O)N4CC(O)CC4C(=O)NCc4ccc(-c5scnc5C)cc4)C(C)(C)C)nn3)cc2)cc1,5.779891911959945,1,0.0,66
JGIUFXLFKQTSTL-UHFFFAOYSA-N,CHEMBL5400896,CC(C)C(C(=O)Nc1ccc(C=CC(=O)NO)nc1)c1ccccc1,7.0915149811213505,1,0.0,25
JGJNFFIWMLTLRX-UHFFFAOYSA-N,CHEMBL5399941,O=C(NCC12CC3CC(CC(C3)C1)C2)c1ccc2c(ccn2Cc2ccc(C(=O)NO)c(Br)c2)c1,5.135488918941608,1,0.0,35
JGJZNWDPKNHILY-UHFFFAOYSA-N,CHEMBL5411315,Nc1ccccc1NC(=O)c1ccc(CNC(=O)OC2CCN(S(=O)(=O)c3c(F)c(F)c(F)c(F)c3F)CC2)cc1,6.789379068039473,2,0.3463888680398073,41
JGSFOAQPGBGFFT-UHFFFAOYSA-N,CHEMBL2401845,CC12CCC3c4ccc(O)cc4CCC3C1CCC2(O)c1cn(CCCCCC(=O)NO)nn1,7.1249387366083,1,0.0,34
JGWMPVCHPKBZAZ-UHFFFAOYSA-N,CHEMBL404332,CCCCn1cnc2c(NCc3ccc(C(=O)Nc4ccccc4N)cc3)nc(Cl)nc21,7.301029995663981,1,0.0,32
JGYOIFSDRONLHJ-UHFFFAOYSA-N,CHEMBL5087583,O=C(C=Cc1ccc(NC(=O)Nc2ccc(Cl)c(C(F)(F)F)c2)cc1)NO,5.140861702705469,1,0.0,27
JGYQOSVQMZKFGD-UHFFFAOYSA-N,CHEMBL2018303,CC(C)(C)OC(=O)N1CCc2c(c3ccccc3n2Cc2ccc(C(=O)NO)cc2)C1,5.064492734175287,1,0.0,31
JGZQUKKFHYQNLD-UHFFFAOYSA-N,CHEMBL3692684,CCCCN(C)CC(C)NC(=O)c1ccc(-c2noc(C(F)(F)F)n2)cc1F,5.568636235841012,1,0.0,28
JHAFNWXGYBABRJ-UHFFFAOYSA-N,CHEMBL5749598,O=C(NCc1ccccn1)c1cccc(NCc2ccc(-c3noc(C(F)(F)F)n3)cn2)c1,6.309803919971486,1,0.0,33
JHAWXEVOLNLZAS-UHFFFAOYSA-N,CHEMBL5184684,Nc1nc(-c2ccco2)c2cnn(Cc3ccc(C(=O)Nc4ccccc4N)cc3)c2n1,7.756961951313706,1,0.0,32
JHDGREREKKWHSC-UHFFFAOYSA-N,CHEMBL5630133,C=C(c1ccc(OC)c(OC(C)C(=O)NO)c1)c1cc(C)nc2ccccc12,5.834162375309871,1,0.0,28
JHDKZFFAIZKUCU-UHFFFAOYSA-N,CHEMBL1851943,CCCCc1nc2cc(C=CC(=O)NO)ccc2n1CCN(CC)CC,7.301029995663981,1,0.0,26
JHGDHRZMUSSIHZ-UHFFFAOYSA-N,CHEMBL5882942,CN1CCN(c2ccc(-c3noc(C(F)(F)F)n3)cn2)C(c2cccc(F)c2)C1O,4.795880017344075,1,0.0,30
JHGLKWFFGHWITA-UHFFFAOYSA-N,CHEMBL96984,O=C(CCCCCCC(=NO)c1ccc2ccccc2c1)NO,8.070581074285707,1,0.0,23
JHHYDBMDOANLJV-UHFFFAOYSA-N,CHEMBL5429446,Nc1ccccc1NC(=O)c1ccc(NC(=O)Cc2cccc3ccccc23)cn1,6.889410289700751,1,0.0,30
JHOCOFJBWLHCTN-UHFFFAOYSA-N,CHEMBL4745135,COc1ccc(-c2cn(C)c(=O)c3[nH]c(C(=O)NCc4ccc(C(=O)Nc5ccccc5N)cc4)cc23)cc1,7.329754146925876,1,0.0,39
JHRCQPLXMWOBBU-UHFFFAOYSA-N,CHEMBL5961748,CCNC(=O)N(Cc1ccc(-c2noc(C(F)(F)F)n2)cc1)c1cccc(C(F)(F)F)c1,5.958607314841775,1,0.0,32
JHSNJFAGLNHNSO-UHFFFAOYSA-N,CHEMBL6152333,O=C(CCCCn1c2cc3c(cc2c2[nH]c(=O)c4ccccc4c21)OCO3)NO,7.022276394711152,1,0.0,29
JHTIZCNQXPOGJW-UHFFFAOYSA-N,CHEMBL5594027,O=C(NO)c1ccc(NC(=O)N2CCc3c(c4ccccc4n3Cc3ccccc3)C2)cc1,6.081969663215119,1,0.0,33
JHVRUFMLSHBDAH-UHFFFAOYSA-N,CHEMBL3700345,Nc1ccccc1NC(=O)c1ccc(CNc2ncnc3ccccc23)cc1,6.673664139071249,1,0.0,28
JHZIKTKGIMISPY-UHFFFAOYSA-N,CHEMBL5072785,O=C(CCCCCCCNc1nn2c(=O)c3cc(F)ccc3nc2c2ccccc12)NO,7.437707135543525,1,0.0,32
JIABWGUGVPHCNE-UHFFFAOYSA-N,CHEMBL190727,CC(C)(C(=O)Nc1ccc(C(=O)NO)cc1)c1ccccc1,6.661543506395395,1,0.0,22
JIACGEDCCCGABH-UHFFFAOYSA-N,CHEMBL141909,O=CN(O)CCCCCCCC(=O)Nc1ccc2ccccc2c1,6.09151498112135,1,0.0,24
JICRZZDQGWWCNT-UHFFFAOYSA-N,CHEMBL6169036,Cc1noc(C)c1-c1ccc2c(c1)CCc1c-2nn(Cc2ccccc2)c1C(=O)NCCCCCCC(=O)NO,6.657577319177793,1,0.0,40
JIGRMNCUIIVEPQ-UHFFFAOYSA-N,CHEMBL3698516,COc1ccc(NS(=O)(=O)c2ccc(C=CC(=O)Nc3nnc(S)s3)cc2)cc1OC,5.301029995663981,1,0.0,31
JIHCJWRDPIDHTK-UHFFFAOYSA-N,CHEMBL4872337,CC12CC3CC(C)(C1)CC(NCc1ccc(C=CC(=O)NO)cc1)(C3)C2,5.876148359032914,1,0.0,26
JIIXKCLNYBGCAH-UHFFFAOYSA-N,CHEMBL3675747,O=C(CCCCCn1c2c(c3ccccc31)CCCC2)NO,5.065501548756432,1,0.0,22
JILXMUXRWOPNIM-UHFFFAOYSA-N,CHEMBL4745848,O=C(CCCCNC(=O)C(Cc1ccc(O)c(Br)c1)=NO)NO,6.360513510731414,1,0.0,23
JINRBDXNBXQNOM-UHFFFAOYSA-N,CHEMBL6148071,N#Cc1ccc2c(c1)c(-c1cccc(N)c1)cn2CCCCCCC(=O)NO,9.619788758288394,1,0.0,28
JISPBCDLHOSGLR-UHFFFAOYSA-N,CHEMBL3648285,CN(C)CC(C)(C)Cn1c(SCc2ccccc2)nc2cc(C=CC(=O)NO)ccc21,6.935542010773082,3,0.0,31
JITFWJGGVWQXHY-UHFFFAOYSA-N,CHEMBL5797629,Nc1cc(F)ccc1NC(=O)c1ccc2c(cnn2CC2CC2)c1,5.522878745280337,1,0.0,24
JITODBYUQIXPEO-UHFFFAOYSA-N,CHEMBL235262,CC(C)(C)OC(=O)NC(CCCCCS)C(=O)Nc1cccc(-c2ccccc2)c1,7.207608310501746,1,0.0,30
JIUXQGFMZKHYME-UHFFFAOYSA-N,CHEMBL3758870,O=C(CCCCCC(=O)NN=Cc1ccc(-c2ccccn2)cc1)NO,8.638272163982407,1,0.0,26
JIWBMVULUIEYGH-UHFFFAOYSA-N,CHEMBL5203443,Nc1nc(-c2ccco2)c2cnn(CCOc3ccc(C(=O)Nc4ccccc4N)cc3)c2n1,6.978810700930062,1,0.0,34
JJDCMTCOALMMMX-UHFFFAOYSA-N,CHEMBL1957458,CCN1CCN(C(=O)NCc2ccc(C(=O)Nc3cc(-c4cccs4)ccc3N)cc2)C(=O)C1=O,7.301029995663981,1,0.0,35
JJDJQVFWYUOSHD-UHFFFAOYSA-N,CHEMBL5435751,O=C(CCCNc1cc(-c2cccnc2)cc(N2CCN(c3ccc(F)cc3)CC2)c1)NO,6.268411234813261,1,0.0,33
JJFRCAJRCJERLI-UHFFFAOYSA-N,CHEMBL5833178,Nc1ccc(-c2cccs2)cc1NC(=O)N1CCCC(F)(F)C1,7.301029995663981,1,0.0,23
JJFRFUYHILJQTG-UHFFFAOYSA-N,CHEMBL2047613,O=C(C=Cc1cn(-c2ccccc2)nc1-c1ccc(Br)cc1)Nc1ccccc1,5.464705879957229,1,0.0,29
JJHBLTQWNOTZHG-UHFFFAOYSA-N,CHEMBL5994632,CC(=O)N1CC(COC(=O)Nc2cc(-c3ccc(F)cc3)ccc2N)C1,5.515700160653214,1,0.0,26
JJHZCUMSOMYADJ-UHFFFAOYSA-N,CHEMBL4744883,COc1ccc(-c2nc(N3CCOCC3)c3ncn(CCNCc4ccc(C=CC(=O)NO)cc4)c3n2)cn1,7.075720713938118,1,0.0,39
JJIISIWJANDMTJ-UHFFFAOYSA-N,CHEMBL6055393,Fc1ccc(OCc2ccc(-c3noc(C(F)(F)F)n3)c(F)c2)cn1,4.920818753952375,1,0.0,25
JJPLMVWWUHMNNR-UHFFFAOYSA-N,CHEMBL5595174,O=C(CCCCCCC(=O)N1CCc2c([nH]c3ccccc23)C1)NO,7.875890719404962,2,0.16543319087362462,25
JJQXAKNXYRYBNF-UHFFFAOYSA-N,CHEMBL3759014,O=C(NCCCCCS)c1cc(-c2ccc(F)cc2)[nH]n1,5.657577319177793,1,0.0,21
JJVBDOLSGRETGE-UHFFFAOYSA-N,CHEMBL4226024,CCc1cc(-c2ccc(F)cc2)n(Cc2ccc(C(=O)NO)cc2)n1,5.442372511573174,1,0.0,25
JJZFDILZILDRTQ-UHFFFAOYSA-N,CHEMBL3771288,O=C(NCCCCC(=O)C(F)(F)F)c1nc(-c2nccs2)sc1Cc1ccccc1,7.1798642481295705,1,0.0,30
JKEZOPHKGXCQKI-UHFFFAOYSA-N,CHEMBL4856184,COc1cc2c(NCC3CCN(Cc4ccc(C(=O)NO)cc4)CC3)cc(-c3ccc(C)o3)nc2cc1OCCCN1CCCC1,6.280668713016274,1,0.0,46
JKFIDTPOZCLBBB-UHFFFAOYSA-N,CHEMBL318613,Nc1ccccc1NC(=O)CCCCCn1cnc2ccccc2c1=O,4.920818753952375,1,0.0,26
JKHMRKPCVNYDNU-UHFFFAOYSA-N,CHEMBL4442688,COc1ccc(-c2cc(OCCCCCCCC(=O)NO)c3ncnc(C)c3c2)cn1,8.431798275933005,1,0.0,31
JKWMNBSFUTUGMW-UHFFFAOYSA-N,CHEMBL5180580,CC1(C)C(=O)N(c2ccc(C#N)c(C(F)(F)F)c2)C(=S)N1c1ccc(C(=O)Nc2ccccc2N)cc1,5.876148359032914,1,0.0,37
JKXHJBGAFQJBFO-UHFFFAOYSA-N,CHEMBL3758642,O=C(NCCCCCCS)c1cc(-c2ccc(F)cc2)nn1CCO,6.481486060122112,1,0.0,25
JLCBQKQIFFSMTN-UHFFFAOYSA-N,CHEMBL4521590,O=C(Cc1cccc2ccccc12)Nc1ccc(C(=O)NO)nc1,6.034016942635914,2,0.9777236052888476,24
JLDOROKNGUAQNN-UHFFFAOYSA-N,CHEMBL6045895,CS(=O)(=O)N1CCN(S(=O)(=O)N(Cc2ccc(-c3nnc(C(F)F)o3)cc2F)c2cccnc2)CC1,7.167491087293763,1,0.0,36
JLEWAEJZACTUQH-UHFFFAOYSA-N,CHEMBL5400387,Nc1nn(-c2cccc(Cl)c2Cl)nc1C(=O)NCc1ccc(C(=O)NO)cc1,8.0268721464003,1,0.0,28
JLIZHCYTSUGKKN-UHFFFAOYSA-N,CHEMBL475796,Cc1ccc(NCc2ccc(C(=O)Nc3ccccc3N)cc2)cc1Nc1nccc(-c2cccnc2)n1,6.681936665037238,2,0.0,38
JLJMGRNCCZXFDC-UHFFFAOYSA-N,CHEMBL5596717,N#CC1(CNc2cccc(-c3cc(Nc4cnn(CCCCCC(=O)Nc5ccccc5N)c4)ncc3Cl)n2)CCOCC1,5.713992877920525,1,0.0,44
JLLXPSNZCZIUPG-UHFFFAOYSA-N,CHEMBL5921626,Nc1ccc(-c2cccc(F)c2)cc1NC(=O)c1ccc(N2CCNCC2)nc1,6.5934598195660445,2,0.0,29
JLNZMTDBARFXJN-UHFFFAOYSA-N,CHEMBL3220922,CC(=O)N1c2ccc(-c3ccc(NC(=O)CCCCCCC(=O)NO)cc3)cc2C(NC(=O)OC(C)C)CC1C,6.712984366136141,4,0.6989700043360187,40
JLPAUANRCPVAJC-UHFFFAOYSA-N,CHEMBL4168707,N#CCNC(=O)c1ccc(-c2ccnc(Nc3ccc(N4CCC(C(=O)Nc5ccc(C(=O)NO)cc5)CC4)cc3)n2)cc1,4.619788758288394,1,0.0,44
JLQQZWTWIYYWSI-UHFFFAOYSA-N,CHEMBL5880824,Cn1nc(COc2cc(-c3noc(C(F)(F)F)n3)ccn2)cc1C(C)(C)C,5.920818753952375,1,0.0,27
JLQSWDOINNEBSS-UHFFFAOYSA-N,CHEMBL5814142,Nc1ccc(-c2ccncc2)cc1NC(=O)c1cnc(N2CCNCC2)cn1,6.5934598195660445,2,0.0,28
JLTDXXRPDVFXJE-UHFFFAOYSA-N,CHEMBL95749,NS(=O)(=O)c1ccc(S(=O)(=O)Nc2ccc(C=CC(=O)NO)cc2)cc1,6.096910013008056,2,0.0,26
JLTGPSBJTIVBBH-UHFFFAOYSA-N,CHEMBL4167685,CS(=O)(=O)Nc1ccc(-c2ccnc(Nc3ccc(N4CCC(C(=O)Nc5ccc(C(=O)NO)cc5)CC4)cc3)n2)cc1,6.42021640338319,1,0.0,43
JLUMKZIBLPWZLU-UHFFFAOYSA-N,CHEMBL3648282,CN(C)CC(C)(C)Cn1c(CCc2cccnc2)nc2cc(C=CC(=O)NO)ccc21,6.3979400086720375,3,0.0,31
JLVLTKCGOTVEIT-UHFFFAOYSA-N,CHEMBL5572911,O=C(NO)c1ccc(CNC(=O)c2cc(-c3ccc(F)cc3)cn3ccnc23)cc1,8.508638306165727,1,0.0,30
JMBODOHYRWZQEW-UHFFFAOYSA-N,CHEMBL3415627,CC1(Nc2ccc(C(=O)NO)cc2)CCN(c2ccc(Cl)cc2)C1=O,4.610833915635467,3,0.8206001853091465,25
JMDMVJXTEMLGRO-UHFFFAOYSA-N,CHEMBL3329991,Cc1[nH]c2ccccc2c1CCNS(=O)(=O)c1ccc(C=CC(=O)NO)cc1,8.289882634888183,1,0.0,28
JMDOELFZICYMDR-UHFFFAOYSA-N,CHEMBL4173137,Nc1cc(F)ccc1NC(=O)c1ccc(NC(=O)CCc2ccccc2)cc1,5.920818753952375,1,0.0,28
JMGRBQMKMYLKAV-UHFFFAOYSA-N,CHEMBL3648319,O=C(C=Cc1ccc2c(c1)NCN2CCC1=CCCC=N1)NO,6.319664486585436,1,0.0,23
JMJDOVVCXHTCNO-UHFFFAOYSA-N,CHEMBL3775269,Cc1nc2c(c(N(C)c3ccc(OCCCC(=O)NO)cc3)n1)CCC2,6.709965388637482,1,0.0,26
JMODMXNTOJTCLH-UHFFFAOYSA-N,CHEMBL4647164,CN1CC(C(=O)NC(CCCCCC(=O)c2ccon2)c2nnc(-c3ccccc3F)o2)C1,7.292429823902063,1,0.0,33
JMPDTJFOVRXYNL-UHFFFAOYSA-N,CHEMBL97560,Cc1ccc2c(c1)C(=O)N(CCCCCC(=O)Nc1ccccc1N)C2=O,5.522878745280337,1,0.0,27
JMSXMCRDUXHNHB-UHFFFAOYSA-N,CHEMBL3698512,O=C(NO)c1ccc(C=Cc2ccccc2)cc1,5.638272163982407,1,0.0,18
JMUCKMQNRPOAEH-UHFFFAOYSA-N,CHEMBL2413292,O=C(C=Cc1ccc(CN(CCO)Cc2ccccc2)o1)NO,4.8958544494459915,1,0.0,23
JMWCDNZQKRQNGS-UHFFFAOYSA-N,CHEMBL489709,O=C(C=Cc1ccc2c(c1)nc(CCc1ccccc1)n2CCN1CCOCC1)NO,6.571865205971211,2,0.0,31
JMWOJCWEYBYEOY-UHFFFAOYSA-N,CHEMBL3675758,O=C(CCCCCCN(c1ccccn1)c1ccc2ccccc2n1)NO,7.1487416512809245,1,0.0,27
JNBRITRMVPJSKB-UHFFFAOYSA-N,CHEMBL5999147,O=C(C1CCS(=O)(=O)CC1)N(Cc1ccc(-c2noc(C(F)(F)F)n2)cn1)c1cccc(C(F)(F)F)c1,6.443697499232712,1,0.0,37
JNDYIJXDMOCXHB-UHFFFAOYSA-N,CHEMBL6146244,Cc1c(F)c(N)cc(C(=O)Nc2cc(-c3ccc(NC(=O)CCCCCCCC(=O)NO)cc3)ccc2N2CCN(C)CC2)c1Cl,7.119186407719209,1,0.0,46
JNENSSREQFBZGT-UHFFFAOYSA-N,CHEMBL595227,N=C1Sc2ccccc2C2=NCCCN12,5.3979400086720375,1,0.0,15
JNKXTLUBOJJVDR-UHFFFAOYSA-N,CHEMBL4563800,O=C(C=Cc1ccc(C(=O)NC(Cc2c[nH]c3ccccc23)C(=O)Nc2ccc(I)cc2)cc1)NO,8.059981844992336,1,0.0,36
JNKZUXXSCHXOKY-UHFFFAOYSA-N,CHEMBL2012814,CCC(=O)CCCCCC1NC(=O)C2CCCN2C(=O)CC(CC(C)C)NC(=O)C(Cc2c[nH]c3ccccc23)NC1=O,7.920818753952375,2,0.0,43
JNOVVOHLHNGPOH-UHFFFAOYSA-N,CHEMBL2425954,Cc1nc2ccc(C=CC(=O)NO)cc2c(=O)n1-c1ccccc1,5.679853713888946,1,0.0,24
JNPXVLMFYCEEBU-UHFFFAOYSA-N,CHEMBL5082362,CC(C)(C)c1cc(Nc2nc(SCc3ccc(C(=O)Nc4ccccc4N)cc3)nn3cccc23)n[nH]1,6.623423042943488,1,0.0,37
JNQMEXNWVKEEEP-UHFFFAOYSA-N,CHEMBL516236,Nc1ccccc1NC(=O)c1ccc(CNc2nccc(-c3ccc(OCCN4CCOCC4)cc3)n2)cc1,7.096910013008056,1,0.0,39
JOEWBFMDFCFWJV-UHFFFAOYSA-N,CHEMBL4226489,O=C(NO)c1ccc(Cn2nc(-c3ccc(F)cc3)cc2Cc2ccccc2)cc1,5.7251496799833355,1,0.0,30
JOGIMHFEZMVAJP-UHFFFAOYSA-N,CHEMBL3769683,O=C(NO)c1csc(-c2ccc(Br)cc2)n1,4.757955760630449,1,0.0,16
JOIRMRHCJHHUQV-UHFFFAOYSA-N,CHEMBL6047938,Cc1ccnnc1OCc1ccc(-c2noc(C(F)(F)F)n2)c(F)c1,5.180456064458131,1,0.0,25
JOKVVEGWWWNHMT-UHFFFAOYSA-N,CHEMBL5823350,Fc1cc(COc2nncc3ccccc23)ccc1-c1noc(C(F)(F)F)n1,5.366531544420413,1,0.0,28
JOQXFAGDBYKLIQ-UHFFFAOYSA-N,CHEMBL5944351,CC(=O)N1CCC(CNC(=O)Nc2cc(-c3cccs3)ccc2N)CC1,7.301029995663981,1,0.0,26
JORDRYGTYGEYRI-UHFFFAOYSA-N,CHEMBL5951361,O=C(c1cncnc1)N(Cc1ccc(-c2noc(C(F)(F)F)n2)cc1)c1cccc(C(F)(F)F)c1,6.173925197299173,1,0.0,35
JOTWCQOEGOFTBA-UHFFFAOYSA-N,CHEMBL4749460,Cn1cc(-c2ccccc2Cl)c2cc(C(=O)NCc3ccc(C(=O)Nc4ccccc4N)cc3)[nH]c2c1=O,7.311580177997289,1,0.0,38
JOUPAXVIROLXFA-UHFFFAOYSA-N,CHEMBL4644709,O=C(NO)c1ccc(NC(=O)C2(c3ccc4ccccc4c3)CCCCC2)cc1,7.366531544420414,1,0.0,29
JOVMMIHMXWQXBR-UHFFFAOYSA-N,CHEMBL5831139,O=C1CCC(c2ccc(Cl)cc2)N1c1ccc(-c2noc(C(F)(F)F)n2)cc1F,6.142667503568731,1,0.0,29
JOVQNXRQXIPSSH-UHFFFAOYSA-N,CHEMBL5180418,Cc1cc(C)cc(C(=O)N(CC(=O)NC2CCCCC2)Cc2ccc(C(=O)NO)cc2F)c1,6.508638306165727,1,0.0,33
JOWXJLIFIIOYMS-UHFFFAOYSA-N,CHEMBL3622533,COc1ccc(-c2nc(N3CCOCC3)c3sc(CN(C)c4ncc(C(=O)NO)cn4)cc3n2)cn1,8.769551078621726,11,0.7447274948966935,36
JOYSLHNWDIQPJZ-UHFFFAOYSA-N,CHEMBL4633409,CCc1nc(N)nc(N)c1-c1ccc(C=CC(=O)NO)cc1,5.657577319177793,1,0.0,22
JOZBHORUTQERIO-UHFFFAOYSA-N,CHEMBL5619281,CCCC(CCC)C(=O)NC(Cc1ccccc1)C(=O)NO,8.543633966870956,1,0.0,22
JPEIDBWFJKMZDK-UHFFFAOYSA-N,CHEMBL5426471,COc1ccc(-c2cnc(C(=O)NCCCCC(=O)NO)o2)cc1,6.713094647027625,1,0.0,24
JPFUOUAOKMGVHE-UHFFFAOYSA-N,CHEMBL2047618,O=C(C=Cc1cn(-c2ccccc2)nc1-c1ccc([N+](=O)[O-])cc1)Nc1ccc(Cl)cc1,6.337242168318426,1,0.0,32
JPHACPVWDBCQAZ-UHFFFAOYSA-N,CHEMBL5786817,Cc1cccc(N(Cc2ccc(-c3nnc(C(F)F)o3)cn2)S(=O)(=O)N2CCN(C)C(C)C2)c1,7.3013777094948065,2,0.034762106259211834,34
JPJFUWDPIOTPKO-UHFFFAOYSA-N,CHEMBL4857825,O=C(NO)c1ccc(CN2C(=O)CCc3cc(Br)ccc32)cc1,6.97061622231479,1,0.0,23
JPOMDJCXXMHTJT-UHFFFAOYSA-N,CHEMBL5916619,CC1CCCN1C(=O)Nc1cc(-c2cccs2)ccc1N,7.301029995663981,1,0.0,21
JPQGRXMGFJDIFV-UHFFFAOYSA-N,CHEMBL6162770,O=C(CCCCn1c2ccc(F)cc2c2[nH]c(=O)c3ccccc3c21)NO,6.698970004336019,1,0.0,27
JPQXHVJGPUSGDL-UHFFFAOYSA-N,CHEMBL97201,Nc1ccccc1NC(=O)CCCCCCC(=O)c1ccccc1,5.045757490560675,1,0.0,24
JPUCLEVGSWEGDV-UHFFFAOYSA-N,CHEMBL3652238,O=C(NO)c1cnc(Nc2cc(F)cc(F)c2)nc1,6.866461091629782,1,0.0,19
JPXCTNDASMSYRT-UHFFFAOYSA-N,CHEMBL3664087,Cc1csc(-c2ccc(N)c(NC(=O)c3ccc(CNc4ccncc4)cc3)c2)c1,7.823908740944319,1,0.0,30
JPXOLQFKWRYZSF-UHFFFAOYSA-N,CHEMBL5078985,CCCNNC(=O)c1ccc(CNC(=O)c2cc3ccccc3o2)cc1,8.487445420464013,2,0.06797616788428762,26
JPZKMBXESWTNTJ-UHFFFAOYSA-N,CHEMBL6175332,CN(C)c1ccc(C(=O)N(CC(=O)NCc2ccccc2)Cc2ccc(C(=O)NNCCCc3ccccc3)cc2)cc1,6.3819519032879075,1,0.0,43
JQARXIBZEVLFMI-UHFFFAOYSA-N,CHEMBL4862556,CCC(=O)CCCCCC(NC(=O)C1CC12CCN(C)CC2)c1ncc(-c2cc3cccnc3cc2OC)o1,8.818156412055227,1,0.0,39
JQCXAUTUKXNIEE-UHFFFAOYSA-N,CHEMBL6174140,O=C(NO)c1ccc(CN2CN(c3ccccc3)C3(CCN(Cc4ccccc4)CC3)C2=O)cc1,5.863279432843593,1,0.0,35
JQHRRHBTUSQHKG-UHFFFAOYSA-N,CHEMBL3356938,O=C(CCCCCCS)N1CCc2ccccc2C1,5.756961951313706,1,0.0,19
JQIKWWDILLKJPS-UHFFFAOYSA-N,CHEMBL3593311,Nc1ccc(F)cc1NC(=O)c1ccc(CNC(=O)C=Cc2cnc3cccnn23)cc1,6.863279432843593,1,0.0,32
JQJAILQGBYOWRZ-UHFFFAOYSA-N,CHEMBL5184839,O=C(CN(Cc1ccc(C(=O)NO)cc1F)C(=O)c1ccccc1F)NC1CCCCC1,6.112945621949043,1,0.0,32
JQJBRPZCXQJZFP-UHFFFAOYSA-N,CHEMBL250946,O=C(NO)c1ccc(C(C(=O)Nc2ccccc2)C(=O)Nc2ccccc2)cc1,8.301029995663981,1,0.0,29
JQJNIXATVHQVER-UHFFFAOYSA-N,CHEMBL6174035,O=C(C=Cc1cccc(S(=O)(=O)NC2CC2c2ccccc2)c1)NO,9.903089986991944,1,0.0,25
JQQZLJTUVRLOKB-UHFFFAOYSA-N,CHEMBL3828188,COc1ccc(-c2nc(N3CCOCC3)c3nc(CN(C)c4ncc(C(=O)NO)cn4)n(C4CCCC4)c3n2)cn1,7.173925197299173,1,0.0,41
JQWHMLSNWBVQJG-UHFFFAOYSA-N,CHEMBL4854768,Cc1ccc2c(c1)N(Cc1ccc(C(=O)NO)cc1)CCCC2,6.423658649794207,1,0.0,23
JQYDVLYDSVIYPK-UHFFFAOYSA-N,CHEMBL5413391,COc1ccc2c3c(oc2c1)CN(C(Cc1ccc(O)cc1)C(=O)Nc1ccc(C(=O)NO)cc1)CC3,8.721246399047171,1,0.0,37
JRABOCDIAYUFQB-UHFFFAOYSA-N,CHEMBL4438671,CCn1cnc(-c2ccc(OC)cc2)c1-c1ccc(C=CC(=O)NO)cc1,6.7281583934635005,1,0.0,27
JRGBZUXLDQKWAH-UHFFFAOYSA-N,CHEMBL5913801,CC(C)(C#N)C(=O)N(Cc1ccc(-c2noc(C(F)(F)F)n2)cc1)c1cccc(C(F)(F)F)c1,5.481486060122112,1,0.0,34
JRHRDXURGGMSAX-UHFFFAOYSA-N,CHEMBL5956840,O=S(=O)(N1CCOCC1)N(Cc1ccc(-c2nnc(C(F)F)o2)cc1)c1ccc(F)cc1,7.2839966563652006,1,0.0,32
JRIHQTWEWLQFRY-UHFFFAOYSA-N,CHEMBL2047700,O=C(NCCS)C(Cc1cc(Br)cc([N+](=O)[O-])c1)=NO,8.301029995663981,1,0.0,20
JRJCDFNDSLVBOP-UHFFFAOYSA-N,CHEMBL4759780,O=C(NO)c1ccc(Cn2c(=O)c(F)cn(C3CCCO3)c2=O)cc1,5.767003889607846,1,0.0,25
JROXAAPNDYTKAR-UHFFFAOYSA-N,CHEMBL6028975,FC(F)(F)c1nc(-c2ccnc(OCc3cnc(Cl)cn3)c2)no1,5.853871964321762,1,0.0,24
JRPMIIFAHPIZMV-UHFFFAOYSA-N,CHEMBL5267546,COc1ccc(COc2cccc3ccc(C(=O)NCc4ccc(C(=O)NO)cc4)nc23)cc1,6.886056647693163,1,0.0,34
JRPMXODVZZRHCI-UHFFFAOYSA-N,CHEMBL3585978,Nc1ccccc1NC(=O)CCCCCCc1nc(-c2cccs2)no1,6.119186407719209,1,0.0,26
JRPTYRWYKMRIIY-UHFFFAOYSA-N,CHEMBL4078380,O=C(C=Cc1ccc(CCNC(=O)c2ccc3c(c2)OCO3)cc1)NO,8.143875555757699,1,0.0,26
JRRLYRIHLCRHDX-UHFFFAOYSA-N,CHEMBL2047681,COc1ccc(CC(=NN)C(=O)NCCS)cc1Br,8.221848749616356,1,0.0,19
JRTPVXBTIBXZAF-UHFFFAOYSA-N,CHEMBL2018452,O=C(NO)c1ccc(Cn2c3c(c4ccccc42)CCN(Cc2ccccc2)C3)cc1,5.364516253185088,1,0.0,31
JRYBLKCUTITQED-UHFFFAOYSA-N,CHEMBL3287007,CCCCCCCC(=O)SCCC=CCOC(=O)C(NC(=O)c1csc(-c2cscn2)n1)C(C)C,5.721246399047171,1,0.0,35
JRYSTMMUZUGAAW-UHFFFAOYSA-N,CHEMBL5194529,COc1ccccc1CN1C(=O)C2=C(CCN(Cc3ccc(C(=O)Nc4ccccc4N)cc3)C2)N2CCN=C12,6.806875401645538,1,0.0,40
JSDPDCDUZOOHPM-UHFFFAOYSA-N,CHEMBL2323286,CC(C)C1NC(=O)Cn2nnc(n2)-c2csc(n2)CNC(=O)CC(C=CCCS)OC1=O,7.0,1,0.0,32
JSFJWFPAULATEH-UHFFFAOYSA-N,CHEMBL5201623,CC(C)n1cnc2c(-c3cccc(OCCCC(=O)NO)c3)nc(N3CCOCC3)nc21,7.086186147616283,2,0.0,32
JSHDAHNLAUJLIF-UHFFFAOYSA-N,CHEMBL4872543,O=C(NO)c1ccc(NCc2nc(-c3ccccc3)nn2-c2ccc(Br)cc2)cc1,5.4949857599158936,1,0.0,30
JSJKTFWURLJSPZ-UHFFFAOYSA-N,CHEMBL5639136,Nc1ccccc1NC(=O)CCCCCNC(=O)c1ccc(NC(=O)Nc2ccc(-c3nc(OC4CCOC4)nc(N4CCOCC4)n3)cc2)cc1,6.675511766692344,1,0.0,52
JSLJXGGWCIEQGT-UHFFFAOYSA-N,CHEMBL3287254,CCCCc1sc(-c2nccs2)nc1C(=O)NCCCCC(=O)NO,7.522878745280337,1,0.0,25
JSNKRNRGCDDSLD-UHFFFAOYSA-N,CHEMBL4228291,Cc1ccc(-c2cc(C)nn2Cc2ccc(C(=O)NO)cc2)cc1,6.158640529545146,1,0.0,24
JSOJZFJJUREFCE-UHFFFAOYSA-N,CHEMBL6174069,O=C(NO)c1ccc(CN2CN(c3ccccc3)C3(CCNCC3)C2=O)cc1,5.910094888560602,1,0.0,28
JSOYACBYTRVAPS-UHFFFAOYSA-N,CHEMBL5591335,CN1C(=O)CNC(=O)C1=Cc1ccc(C(=O)NCCCNC(=O)c2ccc(C(=O)NO)cc2)cc1,6.070535092598376,1,0.0,35
JSQCZJVMRDOTJY-UHFFFAOYSA-N,CHEMBL6028571,Cc1nnc(N(CCCCCCC(=O)NO)c2ccccn2)s1,6.1249387366083,1,0.0,23
JSSDNFQOZLHEQV-UHFFFAOYSA-N,CHEMBL4294153,CC(=O)Nc1ccc(-c2ccnc(Nc3cccc(OCCCCCCC(=O)NO)c3)n2)cc1,7.080921907623926,1,0.0,34
JSUJNAHTGOZZMM-UHFFFAOYSA-N,CHEMBL5193384,C#CCN(C)CCCOc1cccc(NC(=O)CCCCCCC(=O)NO)c1Cl,6.050609993355087,1,0.0,29
JSWBEZKWVWBEIP-UHFFFAOYSA-N,CHEMBL3828180,CN(Cc1nc2c(N3CCOCC3)nc(-c3ccc4c(c3)OCO4)nc2n1C)c1ncc(C(=O)NO)cn1,9.013228265733755,1,0.0,38
JTCNCYFBCGNCBJ-UHFFFAOYSA-N,CHEMBL5954175,O=c1[nH]c2ccccc2n(Cc2ccc(-c3noc(C(F)(F)F)n3)cn2)c1=O,7.0655015487564325,1,0.0,28
JTDWOKCJBXCOBD-UHFFFAOYSA-N,CHEMBL483494,O=C(CCCCCCC(=O)Nc1ccc(-c2cn(Cc3ccc(F)cc3)nn2)cc1)NO,7.009661145212398,1,0.0,32
JTDYUFSDZATMKU-UHFFFAOYSA-N,CHEMBL96051,O=C(CCCCCN1C(=O)c2cccc3cccc(c23)C1=O)NO,5.990649750666878,2,0.46239799789895564,24
JTFCSNCDIGQZMX-UHFFFAOYSA-N,CHEMBL1377382,Cc1ccc(-c2cc(C(F)(F)F)c(C#N)c(SCCC#N)n2)o1,6.709965388637482,3,0.0,23
JTHCKXXFWSWWKK-UHFFFAOYSA-N,CHEMBL5420610,COc1cc2c(cc1-c1c(C)noc1C)[nH]c1nc(C)nc(NCCCCCC(=O)NO)c12,6.906578314837764,1,0.0,33
JTIATMCBWUQBGH-UHFFFAOYSA-N,CHEMBL3356916,Cc1cccc(NC(=O)C(CCCCCS)NC(=O)C2CCCC(=O)N2)c1,8.698970004336019,1,0.0,27
JTIHASXXLJXMQA-UHFFFAOYSA-N,CHEMBL3883830,Cc1ccc(-c2cc(C(F)(F)F)nn2-c2ccc(S(=O)(=O)NCCCCCCCC(=O)NO)cc2)cc1,6.014124642691606,1,0.0,37
JTINFDLICSLUSD-UHFFFAOYSA-N,CHEMBL4218266,COc1ccc(C(=O)c2ccc3c(ccn3Cc3ccc(C(=O)NO)cc3)c2)cc1,5.6595558851598815,1,0.0,30
JTIVLMROTBHFKQ-UHFFFAOYSA-N,CHEMBL4225063,O=C(C=Cc1ccc(C(=O)NO)cc1)NC(Cc1c[nH]c2ccccc12)C(=O)Nc1cccc(Cl)c1,7.6401645176601125,1,0.0,36
JTKYJKIJVHVUER-UHFFFAOYSA-N,CHEMBL6005073,CS(=O)(=O)CC(=O)N(Cc1ccc(-c2noc(C(F)(F)F)n2)cc1)c1cccc(C(F)(F)F)c1,6.0,1,0.0,34
JTMMPDRQFKUMGA-UHFFFAOYSA-N,CHEMBL5286689,O=C(NO)c1ccc(CN2CC(=O)N(Cc3ccccc3Cl)C(Cc3ccccc3)C2=O)cc1,5.080398976215889,1,0.0,34
JTNKTSPKIQWYKH-UHFFFAOYSA-N,CHEMBL4760399,C[S+]([O-])c1ccccc1C(=O)NCCCCC(NC(=O)c1cncs1)c1ncc(-c2ccc3ccccc3c2)[nH]1,4.6020599913279625,1,0.0,40
JTOYXAPQCNRTSP-UHFFFAOYSA-N,CHEMBL236128,COC(=O)NC(CCCCCS)C(=O)NC1CCCC1,5.634512015109101,1,0.0,20
JTOYXPMIKZEAFU-UHFFFAOYSA-N,CHEMBL4250122,O=C(CCCCCCC(=O)Nc1ccc(Nc2nc(-c3cnn(CC4CCCC4)c3)c3cc[nH]c3n2)cc1)NO,5.567672207738395,1,0.0,40
JTPZHEMUSATIFE-UHFFFAOYSA-N,CHEMBL5194067,O=C1NC(=O)C(=Cc2ccc(OCC(=O)N3N=C(c4ccccc4)CC3c3ccc(Cl)c(Cl)c3)cc2)S1,5.309803919971486,1,0.0,37
JTRXBBMHXPLEMC-UHFFFAOYSA-N,CHEMBL486770,Nc1ccc(-c2cccs2)cc1NC(=O)c1ccc(N2CCC3(CC2)COC(=O)N3)nc1,8.096910013008056,1,0.0,32
JTTSWLMVDZLXNK-UHFFFAOYSA-N,CHEMBL3758778,O=C(O)Cn1nc(C(=O)NCCCCCCS)cc1-c1ccc(F)cc1,5.721246399047171,1,0.0,26
JTWPJSNVYHZOPL-UHFFFAOYSA-N,CHEMBL4867665,CCCCC(NC(=O)C(CN)c1c(C)[nH]c2ccc(O)cc12)c1ncc(-c2cc3ccccc3nc2OC)[nH]1,8.698970004336019,1,0.0,39
JTWSNIOCMRULQH-UHFFFAOYSA-N,CHEMBL4577299,O=C(NO)c1ccc(Cn2c3c(c4ccccc42)CS(=O)(=O)CC3)cc1,4.958607314841775,2,0.0,26
JUCCYZNRZWSEEO-UHFFFAOYSA-N,CHEMBL3287017,CC(C)C(NC(=O)c1csc(-c2cscn2)n1)C(=O)NCCCC(=O)NO,5.586700235918748,1,0.0,27
JUCXGZCQWAXAJZ-UHFFFAOYSA-N,CHEMBL4210907,COc1cccc(C(=O)c2ccc3c(ccn3Cc3ccc(C(=O)NO)cc3)c2)c1,5.421360790031928,1,0.0,30
JUFWTZLOKBFBAA-UHFFFAOYSA-N,CHEMBL3689793,CCCCCCc1nc2cc(C=CC(=O)NO)ccn2c1NCCC(=O)N(CCC)CCO,6.080921907623926,1,0.0,33
JUGAAXDFRYLQLC-UHFFFAOYSA-N,CHEMBL5757606,CC(C)c1ccc(Nc2nc3cc(C(=O)NO)ccc3o2)cc1,5.292429823902063,1,0.0,23
JUIHREVFVXLZPR-UHFFFAOYSA-N,CHEMBL5408198,Cc1cnc(Nc2ccc(OCCN3CCCC3)cc2)nc1Nc1ccc(C(=O)NO)cc1,6.920818753952375,1,0.0,33
JUJSCLVYZFJTFY-UHFFFAOYSA-N,CHEMBL5403862,O=C(NO)c1ccc(CNC(=O)c2ccnc(-c3cccc(N4CCOCC4)c3)c2)cc1,8.294992040666664,1,0.0,32
JUJYHXQPUQKNPV-UHFFFAOYSA-N,CHEMBL5179871,COc1cc(OC)cc(N(CCNC(C)C)c2ccc3ncc(-c4cnn(Cc5ccc(C=CC(=O)NO)cc5)c4)nc3c2)c1,7.327902142064282,1,0.0,45
JULWPKHLNCZYBQ-UHFFFAOYSA-N,CHEMBL474547,CC(C)c1nc2cc(C=CC(=O)NO)ccc2n1CCCO,5.777283528852417,3,0.0,22
JUMDRDCQGKHKMT-UHFFFAOYSA-N,CHEMBL5885166,CC(=O)N1CC2(C1)CN(C(=O)Nc1cc(-c3ccc(F)cc3)ccc1N)C2,7.301029995663981,1,0.0,27
JUMPZZSAMPVWFO-UHFFFAOYSA-N,CHEMBL6030185,O=C1CCC(CN2CCOCC2)N1c1ccc(-c2noc(C(F)(F)F)n2)c(F)c1,4.823908740944319,1,0.0,29
JUOHAYCTVHZZJJ-UHFFFAOYSA-N,CHEMBL5915281,Cc1nc2cc(F)ccc2n1Cc1ccc(-c2noc(C(F)(F)F)n2)cn1,6.075720713938118,1,0.0,27
JUOYMLJPOYQJRY-UHFFFAOYSA-N,CHEMBL3589347,COC(=O)CCCCCCC(=O)Nc1ccc(OS(=O)(=O)C2CC3OC2C(c2ccc(O)cc2)=C3c2ccc(O)cc2)cc1,6.272458742971444,1,0.0,44
JUPDVVWNENNSPJ-UHFFFAOYSA-N,CHEMBL5266442,Cc1cc(CNCCCCCCC(=O)NO)ccc1F,6.853871964321762,1,0.0,20
JUPLXFSJRZSPDY-UHFFFAOYSA-N,CHEMBL5085877,CN1c2ccc(F)cc2C(=O)N2CCc3c([nH]c4ccc(OCCCC(=O)Nc5ccccc5N)cc34)C21,5.657577319177793,1,0.0,38
JUTIDBQQXZXWGF-UHFFFAOYSA-N,CHEMBL6006439,O=C(NCc1ccc(-c2noc(C(F)(F)F)n2)cc1)c1cc(N2CCOCC2)ccn1,6.0,1,0.0,31
JUYPUKFIMJDYEF-UHFFFAOYSA-N,CHEMBL3770119,O=C(NO)c1csc(Cc2ccccc2)n1,4.077897633192393,1,0.0,16
JUZHEHDMLFNSPC-UHFFFAOYSA-N,CHEMBL1095136,CCN1CCCC(n2c(-c3cccc(C=CC(=O)NO)c3)nc(-c3ccccc3)c2C)C1,8.200659450546418,1,0.0,32
JUZVLELTCCUPPD-UHFFFAOYSA-N,CHEMBL475820,Cc1ccc(NC(=O)c2ccc(C(=O)Nc3ccccc3N)cc2)cc1Nc1ncc(-c2cccnc2)cn1,6.568636235841012,1,0.0,39
JVELXRPQMVXDDP-UHFFFAOYSA-N,CHEMBL2018451,CN1CCc2c(n(Cc3ccc(C(=O)NO)cc3)c3ccccc23)C1,5.285670240254767,1,0.0,25
JVHSVVSSADEQAX-UHFFFAOYSA-N,CHEMBL3286734,Cc1csc(-c2ccc(N)c(NC(=O)c3ccc(N4CCC5(CC4)CNC(=O)O5)nc3)c2)c1,7.853871964321762,1,0.0,33
JVLUFFYZJFGVGB-UHFFFAOYSA-N,CHEMBL5267454,CC(C)(C)OC(=O)N1CCC2(CC1)c1ccccc1N(Cc1ccc(C(=O)NO)cc1)C2c1cccnc1,5.09151498112135,1,0.0,38
JVRNNDPMTJKBTF-UHFFFAOYSA-N,CHEMBL5193180,CCCNNC(=O)c1ccc(CNC(C)=O)cc1,5.795880017344075,1,0.0,18
JVUKRWDHFHTBAL-UHFFFAOYSA-N,CHEMBL5812802,CN1CCN(C(=O)N2CCC(C)(Nc3ccc(C(=O)Nc4cc(-c5cccs5)ccc4N)cc3)CC2)CC1,8.494850021680094,1,0.0,38
JVVULRNUGBJVRX-UHFFFAOYSA-N,CHEMBL5440733,COc1cccc(-c2cnc(C(=O)NCCCCCCCC(=O)NO)o2)c1,6.90570360259463,1,0.0,27
JVXLOTLIPAHCJB-UHFFFAOYSA-N,CHEMBL5179582,COc1cc(OC)cc(N(CCCCCC(=O)NO)c2ccc3ncc(-c4cnn(C)c4)nc3c2)c1,8.585026652029182,1,0.0,36
JVZIDEQYFLETGX-UHFFFAOYSA-N,CHEMBL3689857,CCCN(CC)Cc1c(C)nc2cc(C=CC(=O)NO)ccn12,6.267606240177031,1,0.0,23
JWCSCYWHCCHTEF-UHFFFAOYSA-N,CHEMBL319738,O=C(CCCCCCC(O)c1ccc2ccccc2c1)NO,7.455931955649724,1,0.0,22
JWEUAXYYHBPUQY-UHFFFAOYSA-N,CHEMBL2371801,CCC(C)C1NC(=O)C(Cc2ccc(OC)cc2)NC(=O)C(CCCCCC(=O)C(F)(F)F)NC(=O)C2CCCN2C1=O,6.136677139879544,1,0.0,43
JWFLWUCUZNXYBY-UHFFFAOYSA-N,CHEMBL5598136,O=C(CCCCCn1cc(Nc2cc(-c3cccc(NCc4cccc(F)c4)n3)c(Cl)cn2)cn1)NO,5.763966852882364,1,0.0,37
JWFZGODIURODEP-UHFFFAOYSA-N,CHEMBL3639973,O=C(CCc1ccc(CCc2ccccc2)cc1)NO,5.619788758288394,1,0.0,20
JWHCLMFMTWUFGU-UHFFFAOYSA-N,CHEMBL4290831,CC(=O)Nc1ccc(-c2ccnc(Nc3ccc(NC(=O)CCCCCCC(=O)NO)cc3)n2)cc1,6.111259039317107,1,0.0,36
JWILUIVAYLRFIY-UHFFFAOYSA-N,CHEMBL4063500,CN(C)C(=O)c1cc2cnc(Nc3ccc(NC(=O)CCCCCCC(=O)NO)cc3)nc2n1C1CCCC1,8.657577319177793,1,0.0,39
JWIRZQYHZOIRPQ-UHFFFAOYSA-N,CHEMBL5191350,C#CCN(C)CCCOc1cc(NCc2ccc(C=CC(=O)NO)cc2)ccc1Cl,6.292429823902063,1,0.0,30
JWKCTYMMNAKZLK-UHFFFAOYSA-N,CHEMBL3979648,COC(=O)CCCCCCCc1ccc(N2C(=S)N(c3ccc(C#N)c(C(F)(F)F)c3)C(=O)C2(C)C)cc1F,4.686132779630847,1,0.0,39
JWKUHJXRZYNWLF-UHFFFAOYSA-N,CHEMBL3585966,O=C(CCCCCCc1nc(-c2cccc([N+](=O)[O-])c2)no1)NO,6.455931955649724,1,0.0,24
JWLYQKTWAMWCIV-UHFFFAOYSA-N,CHEMBL5185310,Cc1[nH]c2ccccc2c1C1=CCC(NCc2ccc(OCC(=O)NO)cc2F)CC1,8.795880017344075,1,0.0,31
JWOVLFCCQLMOIW-UHFFFAOYSA-N,CHEMBL6132764,CC(C)(C)c1cc(NC(=O)Nc2ccc(Oc3ccnc(-c4cnn(CCCC(=O)NO)c4)c3)cc2)no1,5.312649430441972,1,0.0,38
JWSWTFCHCVJBEB-UHFFFAOYSA-N,CHEMBL5208683,Cc1nc2cc(NC(=O)CCOCCOCCOCCNC(=O)COc3cccc4c3C(=O)N(C3CCC(=O)NC3=O)C4=O)ccc2n1Cc1ccc(C(=O)NO)cc1F,5.8814046347762385,1,0.0,60
JWTAVCCBRNOCAW-UHFFFAOYSA-N,CHEMBL4159897,Nc1cc(F)ccc1NC(=O)c1ccc(NC(=O)Cc2ccc(C(F)(F)F)cc2)cc1,5.823908740944319,1,0.0,31
JWVMREBPZBOKLZ-UHFFFAOYSA-N,CHEMBL404518,Nc1nc(NCc2ccc(C(=O)Nc3ccccc3N)cc2)c2nc[nH]c2n1,6.698970004336019,1,0.0,28
JWXHIPSZFWHKFV-UHFFFAOYSA-N,CHEMBL4796132,COc1ccc(CNc2nc(N)nc3c2ccn3Cc2ccc(C(=O)Nc3ccccc3N)cc2)cc1,6.661543506395395,1,0.0,37
JWXPMSACJNNGDK-UHFFFAOYSA-N,CHEMBL5423472,Nc1ccccc1NC(=O)c1ccc(CNC(=O)c2nn(-c3ccccc3)nc2N)cc1,7.366531544420414,1,0.0,32
JXGHNHSONWUXCI-UHFFFAOYSA-N,CHEMBL4644775,COc1cc(Oc2ccc3nc(C=CC(=O)NO)ccc3c2)cc(OC)c1OC,5.752026733638193,1,0.0,29
JXGUFPHFHYMLBE-UHFFFAOYSA-N,CHEMBL5574499,COc1ncc(-c2cc(OCCCCC(=O)Nc3ccccc3N)c3ncnc(C)c3c2)cc1F,5.279014255846261,1,0.0,35
JXKIBHDACODLNS-UHFFFAOYSA-N,CHEMBL4229142,O=C(C=Cc1ccc(C(=O)NO)cc1)NC(Cc1c[nH]c2ccccc12)C(=O)Nc1ccc(Cl)cc1,7.262012673666569,1,0.0,36
JXKVWFDONSTMGQ-UHFFFAOYSA-N,CHEMBL4862609,O=C(NO)c1ccc(NCc2nc(-c3ccccc3)nn2-c2ccc(F)cc2)cc1,5.740406121114051,1,0.0,30
JXONLPOCIBGKJY-UHFFFAOYSA-N,CHEMBL513250,Nc1ccc(-c2cccs2)cc1NC(=O)c1ccc(N2CCC3(CCN(CCO)C3)CC2)nc1,8.221848749616356,1,0.0,34
JXPUPKGPUCKYBK-UHFFFAOYSA-N,CHEMBL4460434,Nc1ccccc1NC(=O)c1ccc(CN(CC(=O)NCc2ccccc2)C(=O)c2cccnc2)cc1,6.987162775294828,1,0.0,37
JXRUDAFXVLCYTG-UHFFFAOYSA-N,CHEMBL4854903,Nc1nc2cc(-c3nn(Cc4ccc(C(=O)NO)cn4)c4ncnc(N)c34)ccc2o1,7.958607314841775,1,0.0,31
JXRUOOOPJXMRNO-UHFFFAOYSA-N,CHEMBL3593627,O=C(CCN1C(=O)C2(OCCCO2)c2cc(Br)ccc21)Nc1ccc(C(=O)NO)cc1,6.696458373051111,1,0.0,31
JXSKRLIHZGUMJF-UHFFFAOYSA-N,CHEMBL5995237,Cc1nccc(OCc2ccc(-c3noc(C(F)(F)F)n3)c(F)c2)n1,5.494850021680094,1,0.0,25
JXUJLNQFBWVQOO-UHFFFAOYSA-N,CHEMBL5435909,Cc1ccccc1-c1cnc(C(=O)NCCCCCCC(=O)NO)o1,6.938170692705301,1,0.0,25
JXXDYAJTAZFQPO-UHFFFAOYSA-N,CHEMBL4096149,Nc1ccccc1NC(=O)c1ccc(N2CCN(C(=O)C=Cc3ccc(F)cc3)CC2)cc1,6.007446482167865,1,0.0,33
JXYHYYBXKLTNGG-UHFFFAOYSA-N,CHEMBL5284623,CCN1CCN(Cc2cc(Nc3ncc(C(=O)Nc4ccccc4N)s3)nc(C)n2)CC1,6.823908740944319,1,0.0,32
JYBYRHHEZONZJB-UHFFFAOYSA-N,CHEMBL4465293,CCCNNC(=O)c1ccc(NC(=O)c2ccccc2)cc1,7.0312836225332145,1,0.0,22
JYCYFTYNRQBARD-UHFFFAOYSA-N,CHEMBL2047538,COc1ccc(CC(=NO)C(=O)NCCSC)cc1Br,4.632644078973981,1,0.0,20
JYGANUXFIOAQPJ-UHFFFAOYSA-N,CHEMBL5557517,CC(COCCC(=O)N1CCN(c2ncc(C(=O)NCCCCC(=O)NO)cn2)CC1)Nc1cn[nH]c(=O)c1C(F)(F)F,6.031984286006358,1,0.0,43
JYIJWNFSCMYZSG-UHFFFAOYSA-N,CHEMBL472671,O=C(Nc1cc(-c2ccccc2)ccc1O)c1ccc(CNCc2cccnc2)cc1,7.494850021680094,2,0.0,31
JYIWDXSFDGHRSG-UHFFFAOYSA-N,CHEMBL5563391,O=C(CCCCOc1ccc(-c2sc3cc(O)ccc3c2C(=O)c2ccc(OCCN3CCCCC3)cc2)cc1)NO,6.410050398674292,1,0.0,42
JYNBNODVKUEYIA-UHFFFAOYSA-N,CHEMBL4299428,CCC1OC(=O)C(C)C(OC2CC(C)(OC)C(O)(CN(C)Cc3ccc(-c4cn(CCCCCC(=O)NO)nn4)cc3)C(C)O2)C(C)C(OC2OC(C)CC(N(C)C)C2O)C(C)(O)CC(C)CN(C)C(C)C(O)C1(C)O,6.692503962086787,1,0.0,76
JYNOJOKYKJNDRW-UHFFFAOYSA-N,CHEMBL241759,CCn1c(=O)n(Cc2ccc(C(=O)Nc3ccccc3N)cc2)c(=O)c2sccc21,6.522878745280337,1,0.0,30
JYPKCBCKWWHGLN-UHFFFAOYSA-N,CHEMBL5219197,CCN1CCN(c2cc(Nc3ncc(C(=O)Nc4ccccc4N)s3)nc(C)n2)CC1,6.823908740944319,1,0.0,31
JYPOBYRVOBPYOU-UHFFFAOYSA-N,CHEMBL3951291,O=C(CCCCCOc1ccc2cc1COCC=CCOCc1cccc(c1)-c1ccnc(n1)N2)NO,5.39040559077478,1,0.0,37
JYQJTKCMVBBODA-UHFFFAOYSA-N,CHEMBL3664044,CC(C)(C)OC(=O)NCc1ccc(C(=O)Nc2cc(-c3ccccc3)ccc2O)cc1,7.154901959985743,1,0.0,31
JYQTYKUWPAENQB-UHFFFAOYSA-N,CHEMBL5076796,O=C(CCCCCCNc1nn2c(=O)c3cc(Cl)ccc3nc2c2ccccc12)NO,7.576754126063192,1,0.0,31
JYRNZXYEKQYJDP-UHFFFAOYSA-N,CHEMBL235703,O=C(NC(CCCCCS)C(=O)NC1CCCC1)c1ccc(Cl)cc1,5.844663962534938,1,0.0,25
JYTWPVVIHLVBAC-UHFFFAOYSA-N,CHEMBL5562876,O=C(NO)c1ccc(CN(Cc2cccs2)C(=O)c2ccccc2)cc1,6.133122185662501,1,0.0,26
JYWPGDYURGSVMW-UHFFFAOYSA-N,CHEMBL472532,O=C(NO)c1ccc(C=Cc2ccccc2O)o1,4.327255801693401,1,0.0,18
JZECKTZTLWIBPJ-UHFFFAOYSA-N,CHEMBL5094765,CCc1c(C(=O)Nc2cccc(CCC(=O)NO)c2)[nH]c(C)c1C(C)=O,6.045757490560675,1,0.0,26
JZEXKRFJWCGOQM-UHFFFAOYSA-N,CHEMBL6030658,Cc1ccc(-c2ccc(N)c(NC(=O)C3CCCCC3)c2)s1,6.255707016877324,1,0.0,22
JZHCKADNAOZCKV-UHFFFAOYSA-N,CHEMBL5785305,CC1CN(S(=O)(=O)N(Cc2ccc(-c3nnc(C(F)F)o3)cn2)c2cccc(Cl)c2)CCN1C,7.490649750666878,2,0.09390450286833207,34
JZKDRFIQFIEUQU-UHFFFAOYSA-N,CHEMBL5532269,COc1ccc(C=C2CC(=O)N(CCCCCCC(=O)NO)C2=O)cc1,7.886056647693163,1,0.0,26
JZOAUZSYKPVSHN-UHFFFAOYSA-N,CHEMBL3828482,CCn1c(CN(C)c2ncc(C(=O)NO)cn2)nc2c(N3CCOCC3)nc(-c3cnc(N)nc3)nc21,8.581698708680255,1,0.0,37
JZPSEMSTEACWBZ-UHFFFAOYSA-N,CHEMBL5562717,Nc1ccccc1NC(=O)c1ccc(CNC(=O)c2ncc(CNc3ccccc3)s2)cc1,6.638272163982407,1,0.0,33
JZQMKISCWGGSJZ-UHFFFAOYSA-N,CHEMBL2313363,CC(C)C1NC(=O)CC2C=CCCSSCC(NC1=O)C(=O)NC(C(C)C)C(O)CC(=O)O2,9.1249387366083,1,0.0,33
JZUGAVWOEVAHTA-UHFFFAOYSA-N,CHEMBL519541,CC(=O)CCCCCC(NC(=O)C1CCN(C)CC1)c1ncc(-c2csc3ccccc23)[nH]1,6.7447274948966935,1,0.0,33
JZWQUCQSANRYGU-UHFFFAOYSA-N,CHEMBL4744710,CCN(CC)Cc1ccc(Cn2c(=O)c(OCc3ccc(C(=O)NO)cc3)c(-c3cccnc3)c3ccccc32)cc1,6.496209316942819,1,0.0,42
JZZQCWSGCPALEP-UHFFFAOYSA-N,CHEMBL5557041,CCCNNC(=O)c1ccc(CNC(=O)CCCCCCNC(=O)C=Cc2cccnc2)cc1,6.301029995663981,1,0.0,34
KAERXSYXPLNYFJ-UHFFFAOYSA-N,CHEMBL4168150,COc1cccc(-n2nc(C(=O)NCCCCCC(=O)NO)nc2-c2cc(OC)c(OC)c(OC)c2)c1,7.42021640338319,1,0.0,37
KAFPWADPNJMVFZ-UHFFFAOYSA-N,CHEMBL2048752,O=C(C=Cc1ccc2c(ccn2S(=O)(=O)c2ccc([N+](=O)[O-])cc2)c1)NO,7.1555228242543185,1,0.0,27
KAHAQDFHCDFNOX-UHFFFAOYSA-N,CHEMBL2047670,CON=C(Cc1ccc(OC)c(Br)c1)C(=O)NCCS,7.823908740944319,1,0.0,20
KAIIUBGJMSFXRU-UHFFFAOYSA-N,CHEMBL5949465,CC(=O)N1CCN(S(=O)(=O)N(Cc2ccc(-c3nnc(C(F)F)o3)cc2F)c2cccnc2)CC1,7.366531544420414,1,0.0,35
KAJQZACJKBLLLG-UHFFFAOYSA-N,CHEMBL3655968,O=C(NO)c1cnc(NC2(c3ccccc3C(F)(F)F)CC2)nc1,6.795880017344075,1,0.0,24
KAKCYHAHFMDCRW-UHFFFAOYSA-N,CHEMBL5181798,C#Cc1nc(C=CCCCCCC(=O)NO)cs1,7.014362075630947,2,0.256610855875568,18
KAMKDRYMMRSNMW-UHFFFAOYSA-N,CHEMBL2018446,O=C(NO)c1ccc(Cn2c3c(c4ccccc42)CN(Cc2ccncc2)CC3)cc1,5.562249437179612,1,0.0,31
KAPGFTRLFQCRDV-UHFFFAOYSA-N,CHEMBL5410880,O=C(CCCCCNc1cc(N2CCc3ccccc3CC2)nc(-c2ccccn2)n1)NO,7.275724130399211,1,0.0,33
KARALHKIYYSJRK-UHFFFAOYSA-N,CHEMBL471494,O=C(C=Cc1ccc(C=CC(=O)c2cc(Cl)ccc2Cl)o1)NO,5.326058001365912,1,0.0,23
KARDQFYIDVGLOW-UHFFFAOYSA-N,CHEMBL5419295,O=C(NO)c1ccc(CNC(=O)c2ccnc(-c3cccc(O)c3)c2)cc1,8.431798275933005,1,0.0,27
KAROTAWAKPGPJD-UHFFFAOYSA-N,CHEMBL4742345,CCCCNNC(=O)c1ccc2ccccc2c1,5.366531544420413,1,0.0,18
KATIKUFCGSOWFA-UHFFFAOYSA-N,CHEMBL3760115,COc1ccc(-c2cc(C(=O)NCCCCCCS)[nH]n2)cc1OC,6.508638306165727,1,0.0,25
KAUTUEATDFNOIZ-UHFFFAOYSA-N,CHEMBL4463774,COc1ccc(OC)c(CNCc2ccc(C=CC(=O)NO)cc2)c1,6.207608310501746,1,0.0,25
KAWKVVMHUVFHMT-UHFFFAOYSA-N,CHEMBL4474900,Cc1[nH]c2ccccc2c1CCNCc1ccc(C=CC(=O)NNCCC#N)cc1,7.235674394374016,1,0.0,30
KBCHOTAMCPATCR-UHFFFAOYSA-N,CHEMBL5590999,COc1ncc(-c2cc(OCCc3ccc(C(=O)Nc4ccccc4N)cc3)c3ncnc(C)c3c2)cc1NS(=O)(=O)c1ccc(F)cc1F,7.468521082957745,1,0.0,50
KBCQSTIHBGIXEM-UHFFFAOYSA-N,CHEMBL4456496,O=C(CCCCCCC(=O)Nc1ccccc1N1C(=O)CSC1c1cccc(Br)c1)NO,7.2839966563652006,1,0.0,32
KBFQADVNQGYUNI-UHFFFAOYSA-N,CHEMBL6134085,CCNNC(=O)c1ccc(CNC(=O)c2ccc(OCc3cn(CCCCCC(=O)NC(C(=O)N4CC(O)CC4C(=O)NCc4ccc(-c5scnc5C)cc4)C(C)(C)C)nn3)cc2)cc1,5.636388020107855,1,0.0,66
KBFVRWUXRCDLBK-UHFFFAOYSA-N,CHEMBL5575926,O=C(NOCCN1CCOCC1)c1ccc(-c2noc(C(F)(F)F)n2)cc1,5.655607726314889,1,0.0,27
KBHPDJCNCCZDFQ-UHFFFAOYSA-N,CHEMBL4763504,COc1ccc(C(C)(C)O)cc1-c1cn(C)c(=O)c2[nH]c(C(=O)NCc3ccc(C(=O)Nc4ccccc4N)cc3)cc12,6.47755576649368,1,0.0,43
KBLCAMIJGLOLHZ-UHFFFAOYSA-N,CHEMBL6133873,O=C(CCCCCONC(=O)c1nc(-c2ccc(N3CCCC3)cc2)cs1)NO,7.920818753952375,1,0.0,29
KBSBPAJONOOODC-UHFFFAOYSA-N,CHEMBL5861824,NC(=O)c1cccc(NCc2ccc(-c3noc(C(F)(F)F)n3)cn2)c1,6.508638306165727,1,0.0,26
KBURQWODNDVDIZ-UHFFFAOYSA-N,CHEMBL5823465,Cc1noc(C2CCCCN2c2cc(F)c(-c3noc(C(F)(F)F)n3)cc2F)n1,4.585026652029182,1,0.0,29
KBVMOQFPXPZERR-UHFFFAOYSA-N,CHEMBL5218651,CCC(=O)CCCCCC(NC(=O)C1CC12CCN(C)CC2)c1ncc(-c2cc3ccc(C)nc3cc2Cl)[nH]1,8.823908740944319,1,0.0,39
KCCXTZFJIZMBKV-UHFFFAOYSA-N,CHEMBL3655956,CC(Nc1ncc(C(=O)NO)cn1)(c1ccccc1)c1ccccc1,5.896880746454286,1,0.0,25
KCEGWSHXYKRAFC-UHFFFAOYSA-N,CHEMBL4451082,CC(C)CCc1c(OCCCOc2cccc(C=CC(=O)NO)c2)ccc2c1OC(=O)CC2,7.189095719331299,2,0.0,33
KCHSENGEJVBJNU-UHFFFAOYSA-N,CHEMBL6165475,CCCNNC(=O)c1ccc(CNC(=O)c2cnc(-c3ccnc4ccccc34)[nH]2)cc1,5.489454989793388,1,0.0,32
KCIAQABKAMJZJT-UHFFFAOYSA-N,CHEMBL2381748,O=C(CCCCc1cn(Cc2ccccc2F)nn1)NO,5.866461091629782,1,0.0,21
KCKGAEGEXUENNS-UHFFFAOYSA-N,CHEMBL5394600,O=C(CCCCCCNC(=O)c1ncc(-c2cccc(Br)c2)o1)NO,7.219610671529047,1,0.0,25
KCMYMJYVLUDHRM-UHFFFAOYSA-N,CHEMBL5413744,Cc1ccc(-c2cc(C(=O)NCc3ccc(C(=O)NO)cc3)c(O)cn2)cc1,7.6278247138849355,1,0.0,28
KCMZJLZWWJVOEP-UHFFFAOYSA-N,CHEMBL3689858,CCC(CC)CN(CC)Cc1c(C)nc2cc(C=CC(=O)NO)ccn12,8.0,1,0.0,26
KCNKUYBOZRVYCJ-UHFFFAOYSA-N,CHEMBL5884212,FC(F)(F)c1nc(-c2ccnc(OCc3ncccc3Cl)c2Cl)no1,4.769551078621726,1,0.0,25
KCNXPULEWIDILM-UHFFFAOYSA-N,CHEMBL4173404,CCOc1cc(C(C)(C)C)ccc1C1=NC(c2ccc(Cl)cc2)C(c2ccc(Cl)cc2)N1C(=O)N1CCN(CCCCCCCC(=O)NO)CC1,6.3872161432802645,1,0.0,51
KCSFKXZMBYEXDI-UHFFFAOYSA-N,CHEMBL6143656,Cc1c(F)c(N)cc(C(=O)Nc2cc(-c3ccc(NC(=O)CCCCCC(=O)NO)cc3)ccc2N2CCN(C)CC2)c1Cl,7.494850021680094,1,0.0,44
KCSVRKRCTROBLM-UHFFFAOYSA-N,CHEMBL239625,Nc1ccccc1NC(=O)c1ccc(CN2Cc3ccccc3C2=O)cc1,7.0,1,0.0,27
KCZRMEPZYCDOQR-UHFFFAOYSA-N,CHEMBL4740916,O=C(CCCCCCn1cnc2c(N3CCOCC3)nc(-c3ccc(F)c(OCCO)c3)nc21)NO,8.431798275933005,1,0.0,36
KDCXBBGOJNTYPC-UHFFFAOYSA-N,CHEMBL3664045,NCc1ccc(C(=O)Nc2cc(-c3ccccc3)ccc2O)cc1,7.552841968657781,1,0.0,24
KDECPYCPIFHUDF-UHFFFAOYSA-N,CHEMBL3828164,CN(Cc1nc2c(N3CCOCC3)nc(-c3cnc(N)nc3)nc2n1C1CCCC1)c1ncc(C(=O)NO)cn1,6.522878745280337,1,0.0,40
KDJKXTVCMCRERB-UHFFFAOYSA-N,CHEMBL1093357,Cc1ccc(C)c(NC(=O)CCCCC(=O)NO)c1,5.942333896090171,1,0.0,19
KDLGOVGZNYXHEV-UHFFFAOYSA-N,CHEMBL4545327,Nc1cc(F)ccc1NC(=O)c1ccc(CNC(=O)C=C2NC(=O)c3ncccc32)cc1,5.077793722560983,1,0.0,32
KDRIZHPKMBHRLR-UHFFFAOYSA-N,CHEMBL5407714,Nc1ccccc1NC(=O)c1ccc(COc2ccc(CNC(=O)C3CCCN3)cc2)cc1,6.923168773212252,2,0.6729370745870078,33
KDRPKUCDDNAHNC-UHFFFAOYSA-N,CHEMBL3883667,Cc1ccc(-c2cc(C(=O)NCCCCCC(=O)NO)nn2-c2ccc(S(N)(=O)=O)cc2)cc1,6.3979400086720375,1,0.0,34
KDSZJUGHUQDOGC-UHFFFAOYSA-N,CHEMBL3759067,O=C(O)Cn1nc(-c2ccc(F)cc2)cc1C(=O)NCCCCCCS,6.657577319177793,1,0.0,26
KEBBOYOIQIJGMR-UHFFFAOYSA-N,CHEMBL472663,O=C(NO)c1ccc(CNCc2cccc(Cl)c2)cc1,6.458420756053419,1,0.0,20
KEDAOPOHNRSLMW-UHFFFAOYSA-N,CHEMBL2312462,Cc1nc2ccccn2c1-c1ccnc(NCc2ccc(C(=O)Nc3cc(F)ccc3N)cc2)n1,7.013228265733755,1,0.0,35
KEFLLVVROWXXSJ-UHFFFAOYSA-N,CHEMBL4061025,CC=C1NC(=O)C(CS)NC(=O)C(C(C)C)NC(=O)CC(C=CCS)OC(=O)C(C(C)C)NC1=O,8.795880017344075,1,0.0,35
KEGIUBDGCWRWNR-UHFFFAOYSA-N,CHEMBL4473333,COc1ccc(-c2nc(NCCOc3ccc(C=CC(=O)NO)cc3)cc3c2[nH]c2ccccc23)cc1,7.1249387366083,2,0.0,37
KEGNHRHLBGEVRZ-UHFFFAOYSA-N,CHEMBL3769491,CC(C)C1NC(=O)C2CCCN2C(=O)C2CCCN2C(=O)CC(C(=O)NCCCC(=O)NO)NC1=O,4.600326278518962,1,0.0,36
KEIFUHGBCVCYBU-UHFFFAOYSA-N,CHEMBL5781542,CCN1CCCC(C(=O)N(Cc2ccc(-c3noc(C(F)(F)F)n3)cn2)c2cccc(F)c2)C1,6.619788758288394,1,0.0,34
KEMBKULKCMPONW-UHFFFAOYSA-N,CHEMBL3664075,Nc1ccc(-c2ccccc2)cc1NC(=O)c1ccc(CNC(=O)Cc2ccncc2)cc1,7.823908740944319,1,0.0,33
KEOLHYJJDQTHTQ-UHFFFAOYSA-N,CHEMBL5572771,CC(NC(=O)C(CC(=O)NCC(C)(C)C)NC(=O)c1c[nH]c2ccccc12)C(=O)NCc1ccc(F)cc1F,6.2636034977233574,1,0.0,39
KEWVXCHCIIDYGU-UHFFFAOYSA-N,CHEMBL3310509,CC1NC(=O)C2CCOCCSSCCCCCC(NC(=O)C3CCCN3C1=O)C(=O)N2,7.795880017344075,1,0.0,32
KEYGMPSVNZKVKL-UHFFFAOYSA-N,CHEMBL5571499,COc1ccc(-c2cc(OCc3ccc(C(=O)Nc4ccccc4N)cc3)c3ncnc(C)c3c2)cn1,6.906578314837764,1,0.0,37
KFADPVYQYHIKEA-UHFFFAOYSA-N,CHEMBL5190476,Nc1cc(F)ccc1NC(=O)c1ccc(CN2CCCC(=Cc3ccc(F)cc3)C2=O)cc1,5.579714115058082,1,0.0,33
KFEMOBQCLDXJIW-UHFFFAOYSA-N,CHEMBL3698514,O=C(CCc1ccc(CCCCc2ccccc2)cc1)NO,6.045757490560675,1,0.0,22
KFKVRQUINCHYGR-UHFFFAOYSA-N,CHEMBL5794923,Nc1ccc(C2=CCCC2)cc1NC(=O)OCC1CCOCC1,5.515700160653214,1,0.0,23
KFLOJCIJTHUHHL-UHFFFAOYSA-N,CHEMBL6062485,CC1(Nc2ccc(C(=O)Nc3cc(-c4cccnc4)ccc3N)cc2)CCN(C(=O)N2CCOCC2)CC1,7.040958607678906,1,0.0,38
KFMLRAIAFITFPN-UHFFFAOYSA-N,CHEMBL2022824,O=C(NC(CCCCCCSSc1ccccn1)C(=O)NC1CCCCC1)OCc1ccccc1,7.174573882232177,1,0.0,35
KFRBESWRZGMTJN-UHFFFAOYSA-N,CHEMBL3286739,Nc1ccccc1NC(=O)c1ccc(N2CCC3(CC2)CNC(=O)O3)nc1,6.236572006437063,1,0.0,27
KFRDVANZTLCCRV-UHFFFAOYSA-N,CHEMBL6160650,CCCNNC(=O)CCCCCn1c2cc3c(cc2c2[nH]c(=O)c4ccccc4c21)OCO3,6.301029995663981,1,0.0,33
KFSYULNTFILPPX-UHFFFAOYSA-N,CHEMBL5986923,CC(C)Oc1ccc(-c2nc3ccc(C(=O)NO)cc3[nH]2)cc1,5.2441251443275085,1,0.0,23
KFUODNAFJCKEMP-UHFFFAOYSA-N,CHEMBL4462934,CCN(CCOc1cc(-c2cnc(OC)c(F)c2)cc2c(C)ncnc12)c1ncc(C(=O)NO)cn1,8.585026652029182,1,0.0,36
KFXPFEHNLLITLS-UHFFFAOYSA-N,CHEMBL3819616,Cc1noc(C)c1-c1cc(OCCCCCCC(=O)NO)cc(C(=O)c2ccccc2)c1,5.844663962534938,1,0.0,32
KGCCYEQSHXXYQE-UHFFFAOYSA-N,CHEMBL5567663,CC(C)N1CCN(CC2CCc3c(c4cc(F)ccc4n3Cc3ccc(C(=O)NO)cc3)C2=O)CC1,5.645891560852599,1,0.0,36
KGCIJJJGHXASJS-UHFFFAOYSA-N,CHEMBL4781636,Cc1ccccc1Cc1cn(CCCCCCC(=O)NO)c2ccc(-c3c(C)noc3C)cc12,6.657577319177793,1,0.0,34
KGEJYSFIEAQAKU-UHFFFAOYSA-N,CHEMBL2414098,O=C(CCCCCCc1nc2ccc(Br)cc2[nH]1)NO,7.694648630553377,1,0.0,20
KGFPPHGIBSDRGO-UHFFFAOYSA-N,CHEMBL4593437,O=C(CCCCCSc1nc(-c2ccc(-c3ccccc3)cc2)cc(=O)[nH]1)NO,7.0,1,0.0,29
KGNGEBHBPOOKOZ-UHFFFAOYSA-N,CHEMBL5418936,COc1ccc(-c2cnc(C(=O)NCCCCCCC(=O)NO)o2)cc1,7.397180657567301,1,0.0,26
KGOACMJDNWPVHK-UHFFFAOYSA-N,CHEMBL475099,Cc1ccc(O)c(NC(=O)c2ccc(CNc3ccncc3)cc2)c1,4.686765708305276,1,0.0,25
KGPQSCIMKSPGDN-UHFFFAOYSA-N,CHEMBL4858810,COc1cccc2c1CCCCN2Cc1ccc(C(=O)NO)cc1,6.557520230935552,1,0.0,24
KGRXBHVHPSCGPJ-UHFFFAOYSA-N,CHEMBL5619922,C=CC1(C)CCC(C(=C)Cn2cccn2)CC1C(=C)CN1CCN(C(=O)CCCCCCC(=O)NO)CC1,8.096910013008056,1,0.0,38
KGSCYTPWMLGYQJ-UHFFFAOYSA-N,CHEMBL6174437,Cc1c(N)cccc1-c1cn(-c2ccc(OCCCCCC(=O)NO)cc2)c2ccc(C#N)cc12,6.531652669587842,1,0.0,35
KGUDHGLURVRSGE-UHFFFAOYSA-N,CHEMBL5618278,O=C(CN(Cc1ccc(C(=O)NO)cc1)C(=O)c1c[nH]c2ccccc12)NC1CCCC1,7.0,1,0.0,32
KGUUBLYZGPDUEE-UHFFFAOYSA-N,CHEMBL2442696,COc1cc(C2c3cc4c(cc3C(Nc3ccc(NC(=O)CCCCC(=O)NO)cc3)C3COC(=O)C23)OCO4)cc(OC)c1O,5.548213564475709,1,0.0,46
KGVOWETXUIRKOC-UHFFFAOYSA-N,CHEMBL2442790,COc1cc(C2c3cc4c(cc3C(Nc3cccc(NC(=O)CCCCCCC(=O)NO)c3)C3COC(=O)C23)OCO4)cc(OC)c1O,7.0,1,0.0,48
KGYPGOCJWUSELN-UHFFFAOYSA-N,CHEMBL5917795,O=S1(=O)CCC(S(=O)(=O)N(Cc2ccc(-c3noc(C(F)(F)F)n3)cc2)c2cccc(C(F)(F)F)c2)C1,5.920818753952375,1,0.0,37
KHAQNNMTWYYNDF-UHFFFAOYSA-N,CHEMBL3605416,Nc1ccccc1NC(=O)c1ccc(CSC2=NC(c3ccccc3)CN2)cc1,6.42021640338319,1,0.0,29
KHHYTDYDQPEPGS-UHFFFAOYSA-N,CHEMBL3771189,O=C(NO)c1coc(-c2ccc(Cl)cc2)n1,4.708631149548418,1,0.0,16
KHIXVUDMLMMTRG-UHFFFAOYSA-N,CHEMBL6051502,FC(F)(F)c1nc(-c2ccc(CN(c3ccccn3)c3ccccn3)cc2)no1,5.431798275933005,1,0.0,29
KHJRSHLCILPLCN-UHFFFAOYSA-N,CHEMBL5618296,C=CC1(C)CCC(C(=C)CN2CCN(C(=O)CCCCCCC(=O)NO)CC2)CC1C(=C)Cn1cccn1,7.657577319177793,1,0.0,38
KHKLSMMMMRFDLK-UHFFFAOYSA-N,CHEMBL4159087,CC(C)C(C(=O)Nc1ccc(C(=O)Nc2ccc(F)cc2N)nc1)c1ccccc1,6.05395269865476,2,0.4600879154208819,30
KHLYSSWUAQEKPV-UHFFFAOYSA-N,CHEMBL5758886,O=C1CCCC(c2ccccc2)N1c1ccc(-c2noc(C(F)(F)F)n2)cn1,5.537602002101044,1,0.0,28
KHMPKEFLQJSVSV-UHFFFAOYSA-N,CHEMBL4646807,COc1ccc(C2(C(=O)Nc3ccc(C(=O)NO)cc3)CCCCC2)cc1-c1cccc(N)c1,8.0,1,0.0,34
KHPRTOQUGAUDCM-UHFFFAOYSA-N,CHEMBL3770095,O=C(NO)c1coc(-c2ccc(Br)cc2)n1,4.8395314688809625,1,0.0,16
KHQWTSQSULSWOW-UHFFFAOYSA-N,CHEMBL4290006,O=C(CCCC(=O)NCCNc1nonc1C(=NO)Nc1ccc(F)c(Br)c1)NO,6.916855856856948,1,0.0,30
KHUIQYZGLIHUFO-UHFFFAOYSA-N,CHEMBL5569507,COc1ncc(-c2cc(OCCCC(=O)Nc3ccccc3N)c3ncnc(C)c3c2)cc1NS(=O)(=O)c1ccc(F)cc1F,5.327163545828602,1,0.0,45
KHXZULLQDRTNGQ-UHFFFAOYSA-N,CHEMBL4172557,O=C(CCCCCCN1C(=O)NC2(CCCc3ccccc32)C1=O)NO,7.568636235841012,1,0.0,26
KIAUDAJEMQMSHD-UHFFFAOYSA-N,CHEMBL4066089,O=C(CCCCCCC(=O)Nc1ccc(Nc2ncc3nnn(C4CCCC4)c3n2)cc1)NO,6.363512103646634,1,0.0,34
KIIFAHOTUJUAOZ-UHFFFAOYSA-N,CHEMBL5590436,O=C(NO)c1ccc(COC(=O)N2CCc3c(c4ccccc4n3Cc3ccccc3)C2)cc1,5.6256183019491175,1,0.0,34
KIIGDNWZTVZXFA-UHFFFAOYSA-N,CHEMBL6163430,Nc1ccccc1NC(=O)c1ccc(CNC(=O)c2cnc(-c3cccc4ccccc34)[nH]2)cc1,5.614393726401688,1,0.0,35
KIMQLSKHVYHJSE-UHFFFAOYSA-N,CHEMBL3689796,CCCCCCc1nc2cc(C=CC(=O)NO)ccn2c1NCCC(=O)NC,6.4089353929735005,1,0.0,28
KIQJPZYUBQRKOO-UHFFFAOYSA-N,CHEMBL5208995,COc1cc(OCc2cccc(-c3ccccc3)c2C)cc(OC)c1CN(C)CCCCC(=O)NO,5.438898616350944,1,0.0,36
KIXCQRJNCSXILM-UHFFFAOYSA-N,CHEMBL3698520,O=C(Cc1ccc(CCCCc2cc(F)c(F)cc2F)cc1)NO,6.301029995663981,1,0.0,24
KJFQCAJLBHHVPB-UHFFFAOYSA-N,CHEMBL4794313,O=C(NO)c1ccc(COC(=O)N2CCC3(CC2)CN(Cc2ccccc2)c2ccccc23)cc1,5.167491087293763,1,0.0,35
KJIFFNKVPQRPLW-UHFFFAOYSA-N,CHEMBL3601780,Cc1ccc(Nc2nccc3ccc(NCc4ccc(C=CC(=O)NO)cc4)cc23)c(Br)c1,6.35747612693699,1,0.0,33
KJIPHHREWQVMGN-UHFFFAOYSA-N,CHEMBL5426091,O=C(NO)c1ccc(CN2CCN(c3ccnc(-c4ccc(N5CCOCC5)cc4)c3)CC2)cc1,8.324221658325914,1,0.0,35
KJMLCCAFCJEZFN-UHFFFAOYSA-N,CHEMBL5614363,CCCCN(CCc1c(C)[nH]c2ccccc12)Cc1ccc(C=CC(=O)NNCCC)cc1,6.543937775545048,7,0.7641005364490292,33
KJMUJNTURJSCMO-UHFFFAOYSA-N,CHEMBL6165234,COc1ccc2c(c1)C(=O)C(=Cc1ccccc1C=CC(=O)NO)S2,7.048455006504028,2,0.09691001300805624,25
KJMYNXCUPUOUFZ-UHFFFAOYSA-N,CHEMBL469741,CC(=O)CCCCCC(NC(=O)c1cncs1)c1ncc(-c2ccccc2)[nH]1,6.853871964321762,1,0.0,28
KJPFZGOXSBMBCC-UHFFFAOYSA-N,CHEMBL564916,Nc1ccccc1NC(=O)CCCCCC(c1c[nH]c2ccccc12)c1c[nH]c2ccccc12,4.6777807052660805,1,0.0,34
KJRQLODJJCERFP-UHFFFAOYSA-N,CHEMBL97860,O=C(CCCc1ccc(NS(=O)(=O)c2ccccc2)cc1)NO,6.0,2,0.0,23
KJSACPRRGVARJC-UHFFFAOYSA-N,CHEMBL5092781,O=C(CCCCCn1cc(Nc2ncc3ccn(Cc4cccc(F)c4)c3n2)cn1)NO,6.762205006726077,1,0.0,32
KJTBGUDOQAOZIP-UHFFFAOYSA-N,CHEMBL5092835,CC(C)(C)OC(=O)N1CCC(Nc2nc(SCc3ccc(C(=O)Nc4ccc(F)cc4N)cc3)nn3cccc23)CC1,5.346787486224656,1,0.0,42
KJTGZLBZRSTGCL-UHFFFAOYSA-N,CHEMBL4225893,Cc1cn(C2CC(C3(c4ccc(NC(=O)CCCCC(=O)NO)cc4)SCCCS3)C(CO[Si](C)(C)C(C)(C)C)O2)c(=O)[nH]c1=O,5.5774509799928715,2,0.04921802267018194,46
KJYFJHSKOJBNCZ-UHFFFAOYSA-N,CHEMBL6162430,CS(=O)(=O)Nc1ccc(-c2ccnc(Nc3ccc(-c4cn(CC(=O)NCCC(=O)NO)nn4)cc3)n2)cc1,6.013228265733755,1,0.0,39
KKAWPXSGKMTDMD-UHFFFAOYSA-N,CHEMBL5613087,Nc1ccccc1NC(=O)c1ccc(S(=O)(=O)n2ccc3cc(OCc4ccccc4)ccc32)cc1,6.376750709602099,1,0.0,36
KKCZDXJKPOEKRP-UHFFFAOYSA-N,CHEMBL4534454,O=C(CCCCCCOc1ccccc1N1C(=O)CSC1c1cccc(Br)c1)NO,7.301029995663981,1,0.0,30
KKFUSWGIJYOQOH-UHFFFAOYSA-N,CHEMBL5560794,O=C(CCCCCCN1C(=O)CC(=Cc2cccc(Br)c2)C1=O)NO,7.718966632752272,1,0.0,25
KKJKHBRDXSWOJW-UHFFFAOYSA-N,CHEMBL480026,CSc1ccc(-c2ccnc(NCc3ccc(C(=O)Nc4ccccc4N)cc3)n2)cn1,7.045757490560675,1,0.0,32
KKMCPDKFGBXVNL-UHFFFAOYSA-N,CHEMBL472631,O=C(C=Cc1ccc(C=NOCCN2CCOCC2)cc1)NO,5.514278573518419,1,0.0,23
KKMODUSVCDDWLD-UHFFFAOYSA-N,CHEMBL4795285,Nc1ccccc1NC(=O)c1ccc(Cn2cnc3c(Nc4ccc(C(=O)NO)cc4)nc(Cl)nc32)cc1,6.739928612014925,1,0.0,38
KKPLOJRHCXVECL-UHFFFAOYSA-N,CHEMBL5632170,Nc1nc(Cl)c2ncn(Cc3ccc(-c4noc(C(F)(F)F)n4)c(Cl)c3)c2n1,5.0675262353228465,1,0.0,28
KKTFTGIEHJSBLZ-UHFFFAOYSA-N,CHEMBL5081732,CN1c2ccc(F)cc2C(=O)N2CCc3c([nH]c4ccc(OCCCCCC(=O)NO)cc34)C21,8.397940008672037,1,0.0,34
KKWPIIHAEQLTFH-UHFFFAOYSA-N,CHEMBL4066975,COc1ccc(C(=O)c2cn(Cc3ccc(C(=O)NO)cc3)c3cc(OC)ccc23)cc1,6.802388676830287,1,0.0,32
KKWSSPSMAXPDHE-UHFFFAOYSA-N,CHEMBL3605507,Nc1ccccc1NC(=O)c1ccc(CNC2=NC(Cc3c[nH]cn3)CO2)cc1,6.996981022501341,2,0.22184874961635614,29
KLDUYMMXGOVQBM-UHFFFAOYSA-N,CHEMBL523601,O=C(C=Cc1ccc2c(c1)nc(CCc1ccccc1)n2CCCn1ccnc1)NO,6.801342913045577,3,0.0,31
KLGPVKAUWJSGET-UHFFFAOYSA-N,CHEMBL5186576,Cc1ccc(-c2nc(N)nc3c2cnn3Cc2cccc(OCCCCCC(=O)NO)c2)o1,7.022276394711152,1,0.0,33
KLHJYHRTDPBXQV-UHFFFAOYSA-N,CHEMBL4798363,CCCCCCCC(=O)SCCC=CC1CC(=O)NCc2cccc(n2)-c2cccc(n2)C(=O)NC(C(C)C)C(=O)O1,7.6777807052660805,1,0.0,42
KLHSJLSXMSEODL-UHFFFAOYSA-N,CHEMBL5597396,O=C(CCCCCn1cc(Nc2ncc(Cl)c(-c3cnc4ccccn34)n2)cn1)NO,6.378615971518347,1,0.0,31
KLHVZNRUJLCSEJ-UHFFFAOYSA-N,CHEMBL5821192,CN1CCC(COC(=O)Nc2cc(-c3ccc(F)cc3)ccc2N)CC1,5.515700160653214,1,0.0,26
KLIXIZXCGNMXIL-UHFFFAOYSA-N,CHEMBL5912722,Cn1ccc(N(CCCCCCCC(=O)NO)c2ccccn2)n1,5.259637310505756,1,0.0,24
KLKVQFHJPRSFPB-UHFFFAOYSA-N,CHEMBL3656023,O=C(NO)c1cnc(NC2(c3cccs3)CCCCC2)nc1,5.862645888629267,1,0.0,22
KLMHXDOTAKKHQU-UHFFFAOYSA-N,CHEMBL4527487,COc1ncc(-c2cc(OCCCCCC(=O)NO)c3ncnc(C)c3c2)cc1NS(=O)(=O)c1ccc(F)cc1F,7.4089353929735005,1,0.0,41
KLOSDKQPJQWVHR-UHFFFAOYSA-N,CHEMBL6150788,Cc1c(F)c(N)cc(C(=O)Nc2cc(-c3ccc(C(=O)NCCCCCCCC(=O)NO)cc3)ccc2N2CCN(C)CC2)c1Cl,7.119186407719209,1,0.0,46
KLPIKEBAJICFPE-UHFFFAOYSA-N,CHEMBL5089854,O=C(CCCSCC(NC(=O)c1ccccc1)C(=O)Nc1ccccc1)NO,6.703334809738469,1,0.0,28
KLSHPXPMJUGIDY-UHFFFAOYSA-N,CHEMBL490721,CCn1c(CCc2ccccc2)nc2cc(C=CC(=O)NO)ccc21,6.661543506395395,2,0.0,25
KLUDLGFSALZPCS-UHFFFAOYSA-N,CHEMBL4103456,COc1ccc(C(=O)NC(Cc2c[nH]c3ccccc23)C(=O)NCCCCCC(=O)Nc2ccccc2N)cc1,7.23210238398191,1,0.0,40
KLXKRJHOGYDAJZ-UHFFFAOYSA-N,CHEMBL3287012,CC(C)C(NC(=O)C1(C)CSC(c2cscn2)=N1)C(=O)OCC=CCCS,4.774174008538107,1,0.0,27
KLZDVJSEKLJJAV-UHFFFAOYSA-N,CHEMBL3648270,O=C(C=Cc1ccc2c(c1)ncn2Cc1ccccc1)NO,6.430626090384954,3,0.0,22
KLZXDNCNMZMQLN-UHFFFAOYSA-N,CHEMBL3335000,CN(C)c1cccc(CN2CCN(c3ccc(C(=O)NO)cc3)C2=O)c1,8.022276394711152,1,0.0,26
KMIQSVBRPCAIDW-UHFFFAOYSA-N,CHEMBL3689872,CCCCc1nc2cc(C=CC(=O)NO)ccn2c1CN(CC)CC(C)(C)C,6.795880017344075,1,0.0,28
KMKZXUFHLBKPAD-UHFFFAOYSA-N,CHEMBL4794196,CCC(=O)CCCCCC(NC(=O)C1CC12CCN(CC)CC2)c1ncc(-c2cc(F)cc(F)c2OC)[nH]1,8.301029995663981,1,0.0,38
KMSCXGNJNWHVIP-UHFFFAOYSA-N,CHEMBL4788940,Cc1cc2cc(NS(=O)(=O)Cc3ccc(C(=O)NO)cc3)ccc2n(C)c1=O,6.2636034977233574,1,0.0,28
KMTQIUYZKFIUIV-UHFFFAOYSA-N,CHEMBL5189769,COc1cc(C(=O)c2csc(-c3ccc(NC(=O)CCCCC(=O)NO)cc3)n2)cc(OC)c1OC,4.779630367548606,1,0.0,36
KMYZDNZOIBRHBV-UHFFFAOYSA-N,CHEMBL475145,CC(C)Cc1nc2cc(C=CC(=O)NO)ccc2n1CCCO,7.1938200260161125,3,0.0,23
KNBSOWGRBOSFQB-UHFFFAOYSA-N,CHEMBL4754795,CC(C)(C)n1nnnc1CNCc1ccc(C(=O)NO)cc1,5.084072788302884,1,0.0,22
KNGIKFWWTXTODA-UHFFFAOYSA-N,CHEMBL5933816,O=S(=O)(N1CCN(C2CCC2)CC1)N(Cc1ccc(-c2nnc(C(F)F)o2)cc1)c1ccc(F)c(Cl)c1,6.625251653989896,1,0.0,37
KNGKMJRWQSXPDL-UHFFFAOYSA-N,CHEMBL6046805,FC(F)(F)c1nc(-c2ccnc(OC3CCCc4ccc(Cl)nc43)c2)no1,5.958607314841775,1,0.0,27
KNGYJGCJSLNFJM-UHFFFAOYSA-N,CHEMBL5566223,CC1(C)CC(=O)c2c(n(Cc3ccc(C(=O)NO)cc3)c3ccccc23)C1,5.3829996588791005,1,0.0,27
KNHPYEJPCJWNMZ-UHFFFAOYSA-N,CHEMBL385238,CC(=O)CCCCCC(NC(=O)c1snnc1C)C(=O)Nc1cccc(Cl)c1,7.0,1,0.0,28
KNJMDTIFDRHCQT-UHFFFAOYSA-N,CHEMBL5619791,Nc1ccn(Cc2ccc(-c3cn(CCCCCCC(=O)NO)nn3)cc2)c(=O)n1,8.57186520597121,1,0.0,30
KNLBCLIKFPBKPQ-UHFFFAOYSA-N,CHEMBL5804553,CC(C)N1CCN(S(=O)(=O)N(Cc2ccc(-c3nnc(C(F)(F)F)o3)cc2F)c2ccccc2)CC1,6.935542010773082,1,0.0,36
KNLORBGMXXAZTA-UHFFFAOYSA-N,CHEMBL3339022,O=C(CCCCCCC(=O)Nc1cc2c(Nc3ccccc3)ncnc2s1)NO,8.721246399047171,1,0.0,29
KNLUVNRRWMZLEB-UHFFFAOYSA-N,CHEMBL353839,O=C(C=Cc1ccc(NS(=O)(=O)c2cccc3cccnc23)cc1)NO,7.301029995663981,1,0.0,26
KNMOJBOUNVLNMG-UHFFFAOYSA-N,CHEMBL4872625,Nc1ccccc1NC(=O)c1ccc(CSc2nnc(-c3ccncc3)n2-c2ccccc2)cc1,4.655018586072742,1,0.0,35
KNQUAPDLFVCQQV-UHFFFAOYSA-N,CHEMBL5434626,COc1ccccc1-c1cnc(C(=O)NCCCCCCC(=O)NO)o1,7.481881052856847,1,0.0,26
KNVICGMBVBPNJG-UHFFFAOYSA-N,CHEMBL2047669,CON=C(Cc1ccc(O)c(Br)c1)C(=O)NCCS,7.568636235841012,1,0.0,19
KNVWEOVHLXUVPP-UHFFFAOYSA-N,CHEMBL3585355,O=C(CCCCCCc1nc(-c2ccccc2Cl)no1)C(F)(F)F,5.116338564846382,1,0.0,24
KOBXGDPSXGREFC-UHFFFAOYSA-N,CHEMBL4583466,N#Cc1ccc2c(c1)SC(=S)N1CCN=C21,4.752026733638194,1,0.0,16
KOCALMSGSXSQDC-UHFFFAOYSA-N,CHEMBL3664050,CC(C)COC(=O)NCc1ccc(C(=O)Nc2cc(-c3cccs3)ccc2N)cc1,7.508638306165727,1,0.0,30
KOESHVZEHKMOIK-UHFFFAOYSA-N,CHEMBL4748688,Nc1ccccc1NC(=O)C=Cc1cnn(CC=Cc2ccccc2)c1,4.552841968657781,1,0.0,26
KOFCMONICSRKSM-UHFFFAOYSA-N,CHEMBL5079333,O=C(C=Cc1ccc(C=Cc2ccnc(-c3ccccc3O)c2)cc1)NO,6.327902142064282,1,0.0,27
KOGSPXQDGNAZKQ-UHFFFAOYSA-N,CHEMBL2425963,O=C(C=Cc1ccc2c(=O)n(CCc3ccccc3)c(C3CC3)nc2c1)NO,6.363512103646634,1,0.0,28
KOPIMVNBBONPGT-UHFFFAOYSA-N,CHEMBL5613340,CCCNNC(=O)C=Cc1ccc(CN(CCC)C(=O)c2cc3cc(Cl)ccc3[nH]2)cc1,7.062983892535186,1,0.0,32
KOVBSDKXQOARGT-UHFFFAOYSA-N,CHEMBL4299384,CCC1OC(=O)C(C)C(OC2CC(C)(OC)C(O)(CN(C)C)C(C)O2)C(C)C(OC2OC(C)CC(N(C)Cc3ccc(-c4cn(CCCCCC(=O)NO)nn4)cc3)C2O)C(C)(OC)CC(C)C(=O)C(C)C(O)C1(C)O,6.6968039425795105,1,0.0,76
KOVHMRAUXRGIOE-UHFFFAOYSA-N,CHEMBL4206537,O=C(NO)c1ccc(Cn2ccc3cc(C(=O)c4ccc(Cl)cc4)ccc32)cc1,5.320572103387882,1,0.0,29
KOZUJMASVPMOKH-UHFFFAOYSA-N,CHEMBL1084342,O=C(CCCCCNC(=O)NC(=O)c1ccc(NCCN2CCCC2)c([N+](=O)[O-])c1)NO,5.616184634019569,1,0.0,32
KPBYWZQGWOBCOL-UHFFFAOYSA-N,CHEMBL5864204,CCCCNNC(=O)c1ccccc1F,4.14092177525303,1,0.0,15
KPCAJGRRDIGSEF-UHFFFAOYSA-N,CHEMBL4757853,Cn1cc(-c2cccc(C(C)(C)O)c2)c2cc(C(=O)NCc3ccc(C(=O)Nc4ccccc4N)cc3)[nH]c2c1=O,7.55129368009492,1,0.0,41
KPGCKLMPBSXLNA-UHFFFAOYSA-N,CHEMBL5197843,Cc1ccc(C=C2CCCN(Cc3ccc(C(=O)Nc4ccc(F)cc4N)cc3)C2=O)cc1,6.100343619694364,1,0.0,33
KPGHBRYCQJXYNB-UHFFFAOYSA-N,CHEMBL5858254,Nc1ccc(-c2cccs2)cc1NC(=O)N1CCC(F)(F)CC1,7.301029995663981,1,0.0,23
KPKHFEVMSHAUHB-UHFFFAOYSA-N,CHEMBL5566126,Cc1ccccc1N(CC(=O)NC1CCCCC1)C(=O)Cc1ccc(C(=O)NO)cc1,6.860120913598763,1,0.0,31
KPLJHTZFLSOICT-UHFFFAOYSA-N,CHEMBL3601778,Cc1ccc(Nc2nccc3ccc(NCc4ccc(C=CC(=O)NO)cc4)cc23)cc1,6.687526442313944,1,0.0,32
KPLSOOZZGITXDX-UHFFFAOYSA-N,CHEMBL4758559,CCOC(=O)c1cc2cc(OC)c(-c3cnc(C(CCCCCC(=O)CC)NC(=O)C4CC45CCN(CC)CC5)[nH]3)cc2o1,8.958607314841775,1,0.0,44
KPMJOTUARMGJAE-UHFFFAOYSA-N,CHEMBL486737,Nc1ccccc1NC(=O)c1ccc(N2CCC3(CCN(S(=O)(=O)c4ccccc4)C3)C2)nc1,6.920818753952375,1,0.0,34
KPMUSOQFDJSLDU-UHFFFAOYSA-N,CHEMBL5093832,COc1ccc(-c2ncc(C(=O)NCCCCCCC(=O)NO)s2)c(OC)c1,5.496209316942819,1,0.0,28
KPORKSKGJAFCSV-UHFFFAOYSA-N,CHEMBL5287395,N#Cc1cccc(-c2cn(CCCCCCn3cccc(C=CC(=O)NO)c3=O)nn2)c1,7.455931955649724,1,0.0,32
KPPGBOJVGZRMKT-UHFFFAOYSA-N,CHEMBL3947997,NC(Cc1ccccc1)C(=O)Nc1ccccc1-c1ccc(NC(=O)CCCCCNC(=O)CS)cc1,5.559090917934782,1,0.0,37
KPSRYPCWPWMRHX-UHFFFAOYSA-N,CHEMBL4087539,COc1ccc(C(=O)NC(Cc2c[nH]c3ccccc23)C(=O)NCc2ccc(C(=O)Nc3cc(-c4ccccc4)ccc3N)cc2)cc1,7.2335871528876,1,0.0,48
KPXRTHNYFDRAGJ-UHFFFAOYSA-N,CHEMBL3664109,O=C(Nc1cc(-c2ccccc2)ccc1O)c1ccc(CN2Cc3ccccc3C2)cc1,4.568636235841013,1,0.0,32
KPYGATPBCJCPEJ-UHFFFAOYSA-N,CHEMBL4876993,COc1cc2c(NCC3CCN(c4ncc(C(=O)NO)cn4)CC3)cc(-c3ccc(C)o3)nc2cc1OCC1CCNCC1,8.221848749616356,1,0.0,44
KPYXYHJFASGCDD-UHFFFAOYSA-N,CHEMBL4752047,Cc1cccc(Cc2cn(CCCCCCC(=O)NO)c3ccc(-c4c(C)noc4C)cc23)c1,6.596879478824182,1,0.0,34
KQBNGYXGCIUPHR-UHFFFAOYSA-N,CHEMBL178456,O=C(CS)NCCCCCC(=O)Nc1cccc2cccnc12,5.492144128304169,2,0.0,23
KQCTYKLPOJQIET-UHFFFAOYSA-N,CHEMBL4645825,CCC(=O)CCCCCC(NC(=O)C1CC12CCOCC2)c1ncc(-c2cc3ccccc3nc2OC)[nH]1,7.885979567680184,2,0.43278668205874915,38
KQEBMKKHRJQIHH-UHFFFAOYSA-N,CHEMBL5592141,Cc1cc(C=CC(=O)NO)ccc1C=C1C(=O)NCC(=O)N1C,6.518399735446371,1,0.0,23
KQFZOVRRCCMAER-UHFFFAOYSA-N,CHEMBL569674,CC(=O)NCCCCC1NC(=O)CC(CC(C)C)NC(=O)C(Cc2cccc3ccccc23)NC(=O)C(CCCCCC(=O)O)NC1=O,7.251811972993799,1,0.0,48
KQKWUECNIOOYFI-UHFFFAOYSA-N,CHEMBL5205560,Nc1nc(-c2ccco2)c2cnn(CCCOc3ccc(C(=O)Nc4ccccc4N)cc3)c2n1,6.721246399047171,1,0.0,35
KQOLCZKNOHSFNL-UHFFFAOYSA-N,CHEMBL5194919,COc1cc(C(=O)c2csc(-c3ccc(NCCC(=O)Nc4ccccc4N)cc3)n2)cc(OC)c1OC,4.970210529168145,1,0.0,38
KQRSEUTXDPSJEV-UHFFFAOYSA-N,CHEMBL5966103,CC(=O)NC1CN(C(=O)Nc2cc(-c3cccs3)ccc2N)C1,7.301029995663981,1,0.0,23
KQUKQLUXCYAWHW-UHFFFAOYSA-N,CHEMBL4745597,Cn1cc(-c2ccccc2)c2cc(C(=O)NCc3ccc(C(=O)Nc4ccccc4N)cc3)[nH]c2c1=O,7.2839966563652006,1,0.0,37
KQUPVOIQHRYRGI-UHFFFAOYSA-N,CHEMBL6163227,Cc1cc2c(cc1C#N)c(-c1cccc(N)c1C)cn2CCCCCCC(=O)NO,8.585026652029182,1,0.0,30
KQWWRMICAVHBRQ-UHFFFAOYSA-N,CHEMBL5812566,Nc1ccc(-c2cccnc2)nc1NC(=O)N1Cc2cn(CC(F)F)nc2C1,5.560667306169737,1,0.0,28
KQYOQEZNUIXORM-UHFFFAOYSA-N,CHEMBL272401,CC(=O)CCCCCC(NC1CCCCN1C)C(=O)Nc1nc(-c2ccccc2)cs1,6.813084427463084,2,0.893105766085343,31
KRAFQDJIYXJLQM-UHFFFAOYSA-N,CHEMBL4790744,CN1CC2(CCN(Cc3ccc(C(=O)NO)cc3)CC2)c2ccccc21,4.649751981665837,1,0.0,26
KRBROHHVEWJNNM-UHFFFAOYSA-N,CHEMBL5419989,COc1ccc2c3c(oc2c1)CN(C(Cc1ccccc1)C(=O)Nc1ccc(C(=O)NO)cc1)CC3,8.508638306165727,1,0.0,36
KRCXZGYVOZSCSF-UHFFFAOYSA-N,CHEMBL113537,O=C(CCCCCCC(=O)C(F)(F)F)Nc1ccccc1,5.140915297304346,4,0.0660197999896539,21
KRELJAKHVWUKFR-UHFFFAOYSA-N,CHEMBL3655946,O=C(NO)c1cnc(NCc2ccncc2)nc1,6.690369832574101,1,0.0,18
KREPXHBANDJFSE-UHFFFAOYSA-N,CHEMBL4163794,CCSC(Nc1ccccc1)=C(C#N)C(=O)Nc1ccc(OC)cc1,7.42021640338319,1,0.0,25
KRJLWDXXPHEJQA-UHFFFAOYSA-N,CHEMBL4246259,CCc1c2c(nc3ccc(OC(=O)N4CCN(C(=O)CCCCCCC(=O)NO)CC4)cc13)-c1cc3c(c(=O)n1C2)COC(=O)C3(O)CC,5.2541448048262716,1,0.0,49
KRKCCDLTTPGCJJ-UHFFFAOYSA-N,CHEMBL5594414,CN1C(=O)CNC(=O)C1=Cc1ccc(C(=O)NO)cc1,6.077991174022399,1,0.0,20
KRLBCZQLXZBKEL-UHFFFAOYSA-N,CHEMBL3287260,O=C(CCCCNC(=O)c1nc(-c2nccs2)sc1-c1ccccc1Cl)NO,6.795880017344075,1,0.0,28
KRLJONORBJUVOU-UHFFFAOYSA-N,CHEMBL3664112,O=C(Nc1cc(-c2ccccc2)ccc1O)c1ccc(CNCc2cccs2)cc1,5.6777807052660805,1,0.0,30
KRMIJCGXSPNNHR-UHFFFAOYSA-N,CHEMBL3577699,CN1c2ccc(NC(=O)CCCCC(=O)NO)cc2C(=O)N2CCc3c([nH]c4ccc(O)cc34)C21,6.560667306169737,1,0.0,35
KRNFTKFKXANKBQ-UHFFFAOYSA-N,CHEMBL4282471,CC(=O)Nc1ccc(-c2ccnc(Nc3ccc(NC(=O)CCCCC(=O)NO)cc3)n2)cc1,5.474955192963154,1,0.0,34
KROJYNLFDGGCOY-UHFFFAOYSA-N,CHEMBL3664082,CNCCCN(C)Cc1ccc(C(=O)Nc2cc(-c3ccccc3)ccc2N)cc1,7.7447274948966935,1,0.0,30
KRONSMABPCAKPZ-UHFFFAOYSA-N,CHEMBL6150602,CCCc1cc(C(=O)Nc2ccccc2F)nn1Cc1ccc(C(=O)NO)cc1,5.631341287607773,1,0.0,29
KRRWLLBCVGOVMW-UHFFFAOYSA-N,CHEMBL5878910,Nc1ccc(-c2cccs2)cc1NC(=O)NC1COC1,4.755722879198157,1,0.0,20
KRTCYVKYLLHIIK-UHFFFAOYSA-N,CHEMBL391569,O=C(CCCCCC(NC(=O)c1ccccn1)C(=O)Nc1cccc2cccnc12)NO,8.397940008672037,1,0.0,32
KRTQXYIQFGQFJS-UHFFFAOYSA-N,CHEMBL3914736,Cc1ccnc(NC(=O)NCc2ccc(C(=O)NO)cc2)c1,6.237321436272564,3,0.0,22
KRWARMXJIVFVEI-UHFFFAOYSA-N,CHEMBL5199653,Nc1ccccc1NC(=O)c1ccc(CN2C(=O)C(CCCc3ccccc3)=C(O)N3CCN=C23)cc1,6.221848749616356,1,0.0,37
KSDKZFRFDXGEAP-UHFFFAOYSA-N,CHEMBL5759828,O=C(C1CCS(=O)(=O)CC1)N(Cc1ccc(-c2noc(C(F)(F)F)n2)nn1)c1cccc(C(F)(F)F)c1,5.958607314841775,1,0.0,37
KSEOXVVKQGWKOD-UHFFFAOYSA-N,CHEMBL3925939,O=C(C=Cc1cccc(S(=O)(=O)c2ccc3cccc(F)c3n2)c1)NO,8.241088107602026,1,0.0,26
KSERMQYRUJVJJE-UHFFFAOYSA-N,CHEMBL3233705,COc1ccc(C(=O)NC(COc2ccc(C=CC(=O)NO)cc2)Cc2c[nH]c3ccccc23)cc1,8.221848749616356,1,0.0,36
KSFBTXFGJBGOLZ-UHFFFAOYSA-N,CHEMBL5193131,CC1(C)C(=O)N(c2ccc(C#N)c(C(F)(F)F)c2)C(=S)N1c1ccc(C(=O)Nc2cc(-c3cccs3)ccc2N)cn1,4.954677021213342,1,0.0,42
KSFFSTIZKRNJJP-UHFFFAOYSA-N,CHEMBL494139,NS(=O)(=O)NCCCCC(NC(=O)OCc1ccccc1)c1n[nH]c(-c2ccccc2)n1,5.619788758288394,1,0.0,32
KSFRQXIWQMWYAT-UHFFFAOYSA-N,CHEMBL3689818,O=C(C=Cc1ccn2c(CN3CCCC3)c(-c3ccccc3)nc2c1)NO,7.075720713938118,1,0.0,27
KSFZZBKQLOPCMF-UHFFFAOYSA-N,CHEMBL4632614,CCC(=O)CCCCCC(NC(=O)C1CC12CCCN(C)C2)c1ncc(-c2cc3ccccc3nc2OC)[nH]1,8.349702258055018,2,0.16419203575597408,39
KSLVMNXIUJBLMD-UHFFFAOYSA-N,CHEMBL1096093,Cc1c(-c2ccccc2)nc(-c2cccc(C=CC(=O)NO)c2)n1C1CCCN(C(C)C)C1,8.301029995663981,1,0.0,33
KSQGUTYIJILXDH-UHFFFAOYSA-N,CHEMBL5569425,COc1ncc(-c2cc(OCCCCCCC(=O)Nc3ccccc3N)c3ncnc(C)c3c2)cc1NS(=O)(=O)c1ccc(F)cc1F,6.764471553092451,1,0.0,48
KSVKCLHGYDELFR-UHFFFAOYSA-N,CHEMBL5209328,CCCCCNNC(=O)c1ccc(-c2ccc(CNC(C)=O)cc2)cc1,6.180456064458131,1,0.0,26
KSVOKZBTNQEFMV-UHFFFAOYSA-N,CHEMBL5560916,Nc1cc(F)ccc1NC(=O)CCCN1C(=O)CC(=Cc2ccccc2)C1=O,6.636200054520891,1,0.0,28
KSXJIIICYHHPTD-UHFFFAOYSA-N,CHEMBL3309286,CN1C(=O)CC(C)(C)c2cc(C(=O)NCCCCCCC(=O)NO)ccc21,7.366531544420414,1,0.0,27
KSYBGBJFUPVDFJ-UHFFFAOYSA-N,CHEMBL5396691,CC(C)C(C(=O)Nc1ccc(C=CC(=O)Nc2ccccc2N)nc1)c1ccccc1,6.821023052706831,1,0.0,31
KTCAVWOMVSVMGH-UHFFFAOYSA-N,CHEMBL4562742,O=C(CCCOc1ccc(N2C(=O)CSC2c2ccc(Br)s2)cc1)NO,7.136677139879544,1,0.0,26
KTGUVHRKIHJNAD-UHFFFAOYSA-N,CHEMBL241550,Nc1ccccc1NC(=O)c1ccc(Cn2c(=O)c3ccccc3n(CCN3CCOCC3)c2=O)cc1,6.3979400086720375,1,0.0,37
KTHGPIVWJXBLBZ-UHFFFAOYSA-N,CHEMBL5074837,CCCNNC(=O)c1ccc(CNC(=O)c2ccc3cnccc3n2)cc1,7.791827473332878,1,0.0,27
KTHSULHRWFVWHD-UHFFFAOYSA-N,CHEMBL3593415,CC(C)C1NC(=O)C2(C)CSC(=N2)c2ccnc(c2)CNC(=O)CC(C=CCCS)NC1=O,7.87942606879415,1,0.0,33
KTLIMLRKGNTACF-UHFFFAOYSA-N,CHEMBL5424823,O=C(CCCCCCNC(=O)c1ncc(-c2ccc(C(F)(F)F)cc2)o1)NO,7.36835333704158,1,0.0,28
KTNKYIOGJFVNSI-UHFFFAOYSA-N,CHEMBL5624856,C=C(c1ccc(OC)c(OC(F)C(=O)NO)c1)c1cc(C)nc2ccccc12,6.39469495385889,1,0.0,28
KTTQJBWGVWPYMZ-UHFFFAOYSA-N,CHEMBL4856928,Cc1ccsc1-c1nc(CNc2ccc(C(=O)NO)cc2)n(-c2ccccc2)n1,5.494850021680094,1,0.0,29
KTUYYMOKNXBOLX-UHFFFAOYSA-N,CHEMBL4788911,CCC(=O)CCCCCC(NC(=O)C1CC12CCN(C)CC2)c1[nH]c(-c2ccc(F)cc2)nc1C#N,8.42021640338319,1,0.0,36
KTYLHDTWWNMYTC-UHFFFAOYSA-N,CHEMBL4070306,O=C(CCCCCCCCCCn1cc(-c2ncnc3[nH]ccc23)cn1)NO,5.450996737974212,1,0.0,28
KTZIQKOPTPCBGT-UHFFFAOYSA-N,CHEMBL5614136,CCCNNC(=O)C=Cc1ccc(CN(CCC)CCc2c(C)[nH]c3ccccc23)cc1,7.1904402853647325,1,0.0,32
KUAJUAAUQILNBN-UHFFFAOYSA-N,CHEMBL5266056,Nc1ccccc1NC(=O)c1ccc(CNc2nc(-c3ccccc3)cs2)cc1,6.031517051446064,1,0.0,29
KUBNORKQIICWRG-UHFFFAOYSA-N,CHEMBL5874491,Nc1ccc(C2=CCCC2)cc1NC(=O)N1CCOCC1,6.255707016877324,1,0.0,21
KUBOJIDLDSYTSD-UHFFFAOYSA-N,CHEMBL3689880,CCN(CCC(C)C)Cc1c(C)nc2cc(C=CC(=O)NO)ccn12,7.698970004336019,1,0.0,25
KUCRNNAFMQPIED-UHFFFAOYSA-N,CHEMBL5172459,Cc1c(COc2ccc(CNCCCCCCC(=O)NO)c(F)c2)cccc1-c1ccccc1,5.411168274405792,1,0.0,34
KUDXCKFFHRREGG-UHFFFAOYSA-N,CHEMBL1097369,O=C(C=Cc1cccc(-c2nc3ccccc3n2C2CCCCC2)c1)NO,7.6020599913279625,1,0.0,27
KUEFYQRLDVPNAG-UHFFFAOYSA-N,CHEMBL3601341,CC(C)N1CCN(c2nccc3ccc(NC(=O)CCCCCCC(=O)NO)cc23)CC1,7.380593589113222,1,0.0,32
KUEJXGYPNGKIRG-UHFFFAOYSA-N,CHEMBL5632247,Nc1nc(Cl)c2ncn(Cc3ccc(NC(=O)CS)cc3)c2n1,5.050609993355087,1,0.0,23
KUHMFDUAPFQWCB-UHFFFAOYSA-N,CHEMBL4741281,Cc1ccc(Cc2cn(CCCCCCC(=O)NO)c3ccc(-c4c(C)noc4C)cc23)cc1,6.3655227298392685,1,0.0,34
KUJAMDVWCYHFQS-UHFFFAOYSA-N,CHEMBL5561055,COc1cc(C=C2CC(=O)N(CCCCCCC(=O)NO)C2=O)cc(OC)c1OC,7.560667306169737,1,0.0,30
KUKBDBQCXIHWRC-UHFFFAOYSA-N,CHEMBL2425953,Cc1nc2cccc(C=CC(=O)NO)c2c(=O)n1-c1ccccc1,4.730487055782084,1,0.0,24
KUKHDRUNPIWSKM-UHFFFAOYSA-N,CHEMBL3655940,O=C(NO)c1cnc(NC23CC4CC(CC(C4)C2)C3)nc1,6.258060922270801,1,0.0,21
KUMOWDXVWDYLCE-UHFFFAOYSA-N,CHEMBL3335291,O=C(CCCCc1ccn(Cc2ccc(Br)cc2)n1)NO,6.661543506395395,1,0.0,21
KUNOZPWIEWXRCI-UHFFFAOYSA-N,CHEMBL4753639,CCC(=O)CCCCCC(NC(=O)C1CC12CCN(CC)CC2)c1ncc(-c2cccnc2OC)[nH]1,8.086186147616283,1,0.0,36
KUSVDBASAJONQZ-UHFFFAOYSA-N,CHEMBL3689817,CC(C)(C)CNCc1c(-c2ccccc2)nc2cc(C=CC(=O)NO)ccn12,6.638272163982407,1,0.0,28
KUUMXMNKHHTLBZ-UHFFFAOYSA-N,CHEMBL5561907,Cc1ccccc1C=C1CC(=O)N(CCCCCCC(=O)NO)C1=O,7.66354026615147,1,0.0,25
KUUZCVYBLPRWSI-UHFFFAOYSA-N,CHEMBL5911623,Nc1ccc(-c2cccs2)cc1NC(=O)CC1CCOCC1,5.515700160653214,1,0.0,22
KUWUJLOSVWMVNA-UHFFFAOYSA-N,CHEMBL4787293,O=C(NO)c1ccc(CN2CCC3(CC2)CN(Cc2ccccc2)c2ccccc23)cc1,5.187086643357144,1,0.0,32
KUYXHMHOCHYLSW-UHFFFAOYSA-N,CHEMBL5083761,COc1ccc(CNc2nc(SCc3ccc(C(=O)Nc4ccccc4N)cc3)nn3cccc23)cc1,6.406713932979542,1,0.0,37
KVCNBRWJCDZYGU-UHFFFAOYSA-N,CHEMBL5597775,O=C(CCCC(=O)Nc1ccc(Nc2ncc(Cl)c(OC3CCCCC3)n2)cc1)NO,5.311580177997289,1,0.0,31
KVFSTCKKMSWEHH-UHFFFAOYSA-N,CHEMBL4170573,CCOc1cc(C(C)(C)C)ccc1C1=NC(c2ccc(Cl)cc2)C(c2ccc(Cl)cc2)N1C(=O)NCCCCCC(=O)NO,5.94692155651658,1,0.0,44
KVIWQAJKSFFTDG-UHFFFAOYSA-N,CHEMBL3648286,O=C(C=Cc1ccc2c(c1)ncn2CCN1CCCCC1)NO,6.779891911959945,3,0.0,23
KVLGBDQRHFSXJT-UHFFFAOYSA-N,CHEMBL1086266,O=C(CCCCCNC(=O)NC(=O)c1ccc([N+](=O)[O-])cc1)NO,5.636388020107855,1,0.0,24
KVNZQKPVVLNRCA-UHFFFAOYSA-N,CHEMBL3648265,CC(C)Cc1nc2cc(C=CC(=O)NO)ccc2n1CCc1ccccn1,5.877456475931245,3,0.0,27
KVOJBPKUDVZXKM-UHFFFAOYSA-N,CHEMBL5407261,COc1ccc(C2C(COC(=O)CCC(=O)NO)C(=O)N2c2cc(OC)c(OC)c(OC)c2)cc1O,6.521433504406156,1,0.0,36
KVQDFPCKXYVWSX-UHFFFAOYSA-N,CHEMBL4746267,CCC(=O)CCCCCC(NC(=O)C1CC12CCN(C)CC2)c1[nH]c(-c2ccccc2F)nc1C#N,7.769551078621726,1,0.0,36
KVUGRPYRUAMKKO-UHFFFAOYSA-N,CHEMBL6170914,CC(C)(C)c1cc(NC(=O)Nc2ccc(Oc3ccnc(-c4cnn(CCCCCCC(=O)NO)c4)c3)cc2)on1,7.6252516539898965,1,0.0,41
KVXZTXINLAKEHW-UHFFFAOYSA-N,CHEMBL5186645,COc1cc(OC)cc(N(CCNC(C)C)c2ccc3ncc(-c4cnn(CCCC(=O)NO)c4)nc3c2)c1,6.185086818724926,1,0.0,39
KVYSRTSFHAZGKT-UHFFFAOYSA-N,CHEMBL5886744,Cc1nnc(CC(=O)N(Cc2ccc(-c3noc(C(F)(F)F)n3)cn2)c2cccc(F)c2)s1,6.481486060122112,1,0.0,33
KWCPDOCYOZGHRG-UHFFFAOYSA-N,CHEMBL3655942,O=C(NO)c1cnc(NC(c2ccccc2)c2ccccc2)nc1,6.889410289700751,1,0.0,24
KWEAONYBPFXGPU-UHFFFAOYSA-N,CHEMBL492097,O=C(NC(CCCCCB(O)O)C(=O)Nc1cccc(-c2ccccc2)c1)c1cncs1,5.657577319177793,1,0.0,32
KWFDCRKEDDNSLQ-UHFFFAOYSA-N,CHEMBL95747,O=C(CCCCCCCc1ccc2ccccc2c1)NO,7.6020599913279625,1,0.0,21
KWGOYJWGMAKDGE-UHFFFAOYSA-N,CHEMBL3828408,CN(Cc1nc2c(N3CCOCC3)nc(-c3ccc(Cl)c(C(F)(F)F)c3)nc2n1C)c1ncc(C(=O)NO)cn1,8.995678626217357,1,0.0,40
KWLQOVHDALHTOO-UHFFFAOYSA-N,CHEMBL5186622,CNc1nc(Cl)nc2c1ncn2Cc1ccc(C(=O)Nc2ccccc2N)cc1,7.111259039317107,1,0.0,29
KWMBXUBLZNWNEQ-UHFFFAOYSA-N,CHEMBL1084340,CN1CCN(c2ccc(C(=O)NC(=O)NCCCCCC(=O)NO)cc2[N+](=O)[O-])CC1,4.939302159646388,1,0.0,31
KWYJMURUTYYRHS-UHFFFAOYSA-N,CHEMBL4516759,CC(C)C1NC(=O)C2(C)CSC(=N2)c2csc(n2)CNC(=O)C(F)(F)C(C=CCCS)NC1=O,8.199970640755865,1,0.0,34
KWZUBSPMTXRNFL-UHFFFAOYSA-N,CHEMBL5937939,O=C1COc2ccccc2N1Cc1ccc(-c2noc(C(F)(F)F)n2)cn1,6.823908740944319,1,0.0,27
KWZVERCJPVMJMB-UHFFFAOYSA-N,CHEMBL4104334,CCNNC(=O)c1ccc(CNC(=O)C(Cc2c[nH]c3ccccc23)NC(=O)c2ccc(OC)cc2)cc1,7.020178569969775,1,0.0,38
KXFHZVBCVGZDRX-UHFFFAOYSA-N,CHEMBL5568526,O=C(NO)c1ccc(Cn2c3c(c4cc(F)ccc42)C(=O)CCC3)cc1,5.442492798094342,1,0.0,26
KXFPKSRJLCRJRO-UHFFFAOYSA-N,CHEMBL6145708,CC(C)(C)CC(C)(C)n1nnnc1CNCC1CCN(c2ncc(C(=O)NO)cn2)CC1,7.366531544420414,1,0.0,32
KXHABKGDRHMZLE-UHFFFAOYSA-N,CHEMBL5267606,COC(=O)C=Cc1ccc(OCCCCNc2cc3c([nH]c4ccccc43)c(-c3ccc(OC)cc3)n2)c(OC)c1,7.214670164989233,1,0.0,41
KXHFDCDZERKBKT-UHFFFAOYSA-N,CHEMBL3689800,CCCCN(C)Cc1c(-c2ccccc2)nc2cc(C=CC(=O)NO)ccn12,6.770303756120384,2,0.30102999566398125,28
KXIHQCGMJOIXGA-UHFFFAOYSA-N,CHEMBL3689798,CCCCCCc1nc2cc(C=CC(=O)NO)ccn2c1NCCC(=O)N(CCOC)C(C)C,6.443697499232712,1,0.0,34
KXKODPNDQPUKLQ-UHFFFAOYSA-N,CHEMBL5880875,O=C1CCC(CO)N1c1ccc(-c2noc(C(F)(F)F)n2)c(F)c1,6.42021640338319,1,0.0,24
KXKPUVCVEVHXKX-UHFFFAOYSA-N,CHEMBL5785325,FC(F)(F)c1nc(-c2ccc(CNc3ccc4nccn4c3)nc2)no1,6.6777807052660805,1,0.0,26
KXWWYFKVBFUVIZ-UHFFFAOYSA-N,CHEMBL5075729,O=C(CCCCCCC(=O)NN=Cc1ccc(N(c2ccccc2)c2ccccc2)cc1)NO,8.078313524516398,1,0.0,34
KXYKHEDMCUBQNA-UHFFFAOYSA-N,CHEMBL4781354,Cc1c[nH]nc1Nc1nc(Cl)nc2c1ncn2Cc1ccc(C(=O)Nc2ccccc2N)cc1,6.782516055786093,1,0.0,34
KXZLMIOOOOTSTG-UHFFFAOYSA-N,CHEMBL3953107,Cc1ccc(C(=O)Nc2cccc(C=CC(=O)Nc3ccc(F)cc3N)c2)cc1,4.522878745280337,1,0.0,29
KYIINPFREBZPGA-UHFFFAOYSA-N,CHEMBL5765696,Nc1ccc(C2CCCC2)cc1NC(=O)N1CCC(F)(F)CC1,4.755722879198157,1,0.0,23
KYLGKXHLAYTQOJ-UHFFFAOYSA-N,CHEMBL5787808,O=c1ccc2cnccc2n1Cc1ccc(-c2noc(C(F)(F)F)n2)cn1,6.552841968657781,1,0.0,27
KYMADELXCHTVCR-UHFFFAOYSA-N,CHEMBL492312,NS(=O)(=O)NCCCCC(NC(=O)OCc1ccccc1)c1csc(-c2ccccc2)n1,6.102372908709558,1,0.0,32
KYMSJEYZJABISQ-UHFFFAOYSA-N,CHEMBL4646011,O=C(NO)c1ccc(NC(=O)C2(c3ccc(-c4cc[nH]n4)cc3)CCCC2)cc1,8.397940008672037,1,0.0,29
KYNXYBJKGKYGER-UHFFFAOYSA-N,CHEMBL5170997,Cc1ccc(-c2nc(N)nc3c2cnn3Cc2ccc(C(=O)NO)cc2)o1,7.853871964321762,1,0.0,27
KYXMKYJAKNUUDF-UHFFFAOYSA-N,CHEMBL4082995,O=C(C=Cc1cccn(CCCc2ccc3ccccc3c2)c1=O)NO,7.7121982700697735,2,0.0,26
KYZMEJZVXICXQX-UHFFFAOYSA-N,CHEMBL3759562,O=C(NCCCCCCS)c1cc(-c2ccncc2)n[nH]1,7.920818753952375,1,0.0,21
KZDIIWXOZJOZET-UHFFFAOYSA-N,CHEMBL3798892,CCOc1ccc(C(=O)Nc2cc(C(=O)NO)ccc2OC)cc1,5.356547323513812,1,0.0,24
KZDNQOITFZOHEG-UHFFFAOYSA-N,CHEMBL5876921,Nc1ccc(-c2cccnc2)cc1NC(=O)c1cnc(N2CCNCC2)s1,6.5934598195660445,2,0.0,27
KZJPZOCQYVSTEC-UHFFFAOYSA-N,CHEMBL5180137,COc1ccc2cc(C(=O)Oc3cccc(C=CC(=O)NO)c3)c(=O)oc2c1,6.721246399047171,2,0.0,28
KZMUVACFBUHHDG-UHFFFAOYSA-N,CHEMBL5206573,COc1cc(C(=O)c2csc(-c3ccc(C#CCCC(=O)Nc4ccccc4N)cc3)n2)cc(OC)c1OC,5.010105436281227,1,0.0,39
KZOLDOJCWPFTDL-UHFFFAOYSA-N,CHEMBL3758191,Cc1ccccc1-c1ccc(C=NNC(=O)CCCCCC(=O)NO)cc1,8.096910013008056,1,0.0,27
KZPHOMXAZIKWEU-UHFFFAOYSA-N,CHEMBL5282033,O=C(CCCCCCNCc1cc2ccccc2[nH]1)NO,7.214670164989233,1,0.0,21
KZPWXIKODFDMCP-UHFFFAOYSA-N,CHEMBL3664071,Nc1ccc(-c2cccs2)cc1NC(=O)c1ccc(CNC(=O)c2ccccc2)cc1,7.886056647693163,1,0.0,31
KZRFIVSATZSKSX-UHFFFAOYSA-N,CHEMBL472345,O=C(NO)c1ccc(C=Cc2ccc3c(c2)OCO3)o1,4.528708288941061,1,0.0,20
KZSQGUCOPQRCMU-UHFFFAOYSA-N,CHEMBL253869,Nc1ccc(-c2ccccc2)cc1NC(=O)c1ccc(CNC(=O)CCc2cccnc2)cc1,7.877243666092925,2,0.16272729749769965,34
KZVFDDQUTOBPRZ-UHFFFAOYSA-N,CHEMBL6011381,CC(=O)N1CCN(S(=O)(=O)N(Cc2ccc(-c3nnc(C(F)F)o3)cc2F)c2ccccc2)CC1,7.494850021680094,1,0.0,35
KZWXLPHNLRESRS-UHFFFAOYSA-N,CHEMBL5842068,Cc1cc(CC(=O)N(Cc2ccc(-c3noc(C(F)(F)F)n3)cn2)c2cccc(F)c2)on1,6.6777807052660805,1,0.0,33
LABZKRZOAOVWJB-UHFFFAOYSA-N,CHEMBL4848023,C=Cc1c(C)c2cc3nc(c(C(=O)OC)c4[nH]c(cc5nc(cc1[nH]2)C(C)=C5CC)c(C)c4C(=O)OC)C(CCC(=O)NC=Cc1cccc(C(=O)Nc2ccccc2N)c1)C3C,4.522878745280337,1,0.0,63
LACAGKCCSRQIKI-UHFFFAOYSA-N,CHEMBL5218980,CCC(=O)CCCCCC(NC(=O)C1CC12CCN(C)CC2)c1ncc(-c2ccc3c(ccc(=O)n3C)c2)[nH]1,8.886056647693163,1,0.0,39
LADCMUWYTUUTRN-UHFFFAOYSA-N,CHEMBL5750099,O=C(NO)c1ccc2nc(-c3ccc(-c4ccccc4)cc3)[nH]c2c1,4.292429823902063,1,0.0,25
LAEIBZQXVYDLIO-UHFFFAOYSA-N,CHEMBL424873,COc1cc(CNc2ccc(C(=O)Nc3ccccc3N)cn2)cc(OC)c1OC,5.301029995663981,1,0.0,30
LAFLKLWIJPLLQL-UHFFFAOYSA-N,CHEMBL6146648,COc1ccc(-c2csc(C(=O)NOCCCCCC(=O)NO)n2)cc1,7.3979400086720375,1,0.0,26
LAHSJZIVUWUWSZ-UHFFFAOYSA-N,CHEMBL6005078,Nc1ccc(-c2cccs2)cc1NC(=O)c1ccc(NC2CCN(C(=O)C3(O)CCCCC3)CC2)cc1,8.221848749616356,1,0.0,37
LALMVGCKSLDDQQ-UHFFFAOYSA-N,CHEMBL5208188,CCNNC(=O)c1ccc(CN2c3ccccc3Cc3ccccc32)cc1,5.496209316942819,1,0.0,27
LAMIXXKAWNLXOC-UHFFFAOYSA-N,CHEMBL191091,CC(C)C(C(=O)Nc1ccc(C(=O)NO)cc1)c1ccccc1,7.650514997831991,2,0.09691001300805624,23
LANZQPBKHSPIDY-UHFFFAOYSA-N,CHEMBL6152234,CC(=O)N1CCc2c(n(CCCCCCC(=O)NO)c3ccccc23)C1,8.346787486224656,1,0.0,26
LAPSXONRKCNPMH-UHFFFAOYSA-N,CHEMBL3415962,Nc1nc2ncc(CNc3ccc(C(=O)NCCCCCC(=O)NO)cc3)nc2c(=O)[nH]1,7.099086932262331,1,0.0,32
LAPTWVKQJBJYHL-UHFFFAOYSA-N,CHEMBL5977474,CC(=O)N1CC(CN(C)C(=O)Nc2cc(-c3cccs3)ccc2N)C1,6.255707016877324,1,0.0,25
LATMEIQYSFAHCY-UHFFFAOYSA-N,CHEMBL2018304,O=C(NO)c1ccc(Cn2c3c(c4ccccc42)CNCC3)cc1,4.785156151952302,1,0.0,24
LAVCZVKIZGFAPP-UHFFFAOYSA-N,CHEMBL5951983,CC(Nc1ccc(-c2noc(C(F)(F)F)n2)nn1)c1ccncc1,5.494850021680094,1,0.0,24
LAYBFQIOZFATTJ-UHFFFAOYSA-N,CHEMBL4238745,CCc1c2c(nc3ccc(O)cc13)-c1cc3c(c(=O)n1C2)COC(=O)C3(CC)OC(=O)CCCCCCC(=O)O,4.567190994966832,1,0.0,40
LBBCGPBNWBUZNU-UHFFFAOYSA-N,CHEMBL4105561,Nc1ccccc1NC(=O)c1ccc(NC(=O)C(Cl)=C(Cl)c2cccnc2)cc1,6.173925197299173,1,0.0,29
LBJDOFJRYSKSBI-UHFFFAOYSA-N,CHEMBL3648287,CN(C)CC(C)(C)Cn1c([S+]([O-])Cc2ccccc2)nc2cc(C=CC(=O)NO)ccc21,7.522878745280337,3,0.0,32
LBLOWVFFWIQMSQ-UHFFFAOYSA-N,CHEMBL5567069,CC(COCCC(=O)N1CCN(c2ncc(OCCCCCCC(=O)NO)cn2)CC1)Nc1cn[nH]c(=O)c1C(F)(F)F,7.29929628285498,1,0.0,43
LBLZRRPKVKWPQM-UHFFFAOYSA-N,CHEMBL4861467,CCC(=O)CCCCCC(NC(=O)C1CC12CCN(CC1CC1)CC2)c1ncc(-c2cc3cccnc3cc2OC)[nH]1,10.301029995663981,1,0.0,42
LBMJNOLLIDNOEK-UHFFFAOYSA-N,CHEMBL1094152,O=C(C=Cc1cccc(-c2nc3ccccc3n2C2CCCNC2)c1)NO,7.920818753952375,3,0.22184874961635614,27
LBOMHEXDQUUXCW-UHFFFAOYSA-N,CHEMBL514478,COc1ccc(-c2csc(NC(=O)C(CCCCNS(N)(=O)=O)NC(=O)OCc3ccccc3)n2)cc1,6.920818753952375,1,0.0,37
LBOPOZPKHGNFIG-UHFFFAOYSA-N,CHEMBL5567933,O=C(NO)c1ccc(CN(CC2CC2)C(=O)c2ccccc2)cc1,5.43842163169904,1,0.0,24
LBPDFIPCNOCLIS-UHFFFAOYSA-N,CHEMBL3689896,CC(C)CCc1nc2cc(C=CC(=O)NO)ccn2c1CNC(C)(C)C,7.698970004336019,1,0.0,26
LBRVMWDZJHBLGD-UHFFFAOYSA-N,CHEMBL3314859,O=C(C=Cc1ccc(-c2nnc(Cc3cccc4ccccc34)o2)cc1)NO,6.096910013008056,1,0.0,28
LBVQCGLXYULKBQ-UHFFFAOYSA-N,CHEMBL4754868,O=C(NO)c1ccc(CNCc2nnnn2C2CCCCC2)cc1,5.686132779630847,1,0.0,24
LBYUKUIOYGHLJO-UHFFFAOYSA-N,CHEMBL5269265,COc1ccc(-c2cnc(NC(=O)CCCCCCNC(=O)C(O)(O)C(F)(F)F)s2)cc1,4.013228265733755,1,0.0,32
LBZQYTSEBJYSMU-UHFFFAOYSA-N,CHEMBL474151,CCCCCCCCc1nc2cc(C=CC(=O)NO)ccc2n1CCCO,6.276544327964814,4,0.07120933103186289,27
LCAIUJCVNWJJGF-UHFFFAOYSA-N,CHEMBL5218454,N#Cc1c(N)nc(N)nc1N1CC2(CC2)CC1c1nc2cccc(F)c2c(=O)n1Cc1ccc(C(=O)NO)s1,7.086186147616283,1,0.0,39
LCGHMBUQMAASLI-UHFFFAOYSA-N,CHEMBL4799996,CCC(=O)CCCCCC(NC(=O)C1CC12CCN(CC)CC2)c1ncc(-c2c(OC)ccc(F)c2F)[nH]1,6.215382707367125,1,0.0,38
LCKNTFSIFKPADB-UHFFFAOYSA-N,CHEMBL5557556,CCN(Cc1ccc(C(=O)NO)cc1)C(=O)c1ccccc1,6.580044251510242,1,0.0,22
LCPFHDMCQHUREF-UHFFFAOYSA-N,CHEMBL6120559,O=C(NO)c1ccc(Cn2ccc(C(=O)Nc3ccccc3)n2)cc1,6.277366077466188,1,0.0,25
LCQMZRDBGJAUEU-UHFFFAOYSA-N,CHEMBL2347008,CC(C)c1c(C(=O)Nc2ccccc2)c(-c2ccccc2)c(-c2ccc(F)cc2)n1CCC(O)CC(O)CC(=O)NO,6.910448117113546,1,0.0,42
LCVCAUNYTQWRNC-UHFFFAOYSA-N,CHEMBL6163400,O=C(NO)c1ccc(CN2CN(c3ccccc3)C3(CCN(Cc4ccc(Br)cc4)CC3)C2=O)c(F)c1,5.239012396806869,1,0.0,37
LCXZYDBWNQAEIX-UHFFFAOYSA-N,CHEMBL6159673,CC(=O)N(CC1CCN(c2ncc(C(=O)NO)cn2)CC1)C1(C(=O)NCc2ccccc2)CCNC1,7.187086643357144,1,0.0,36
LCYFFNHQBGUMMF-UHFFFAOYSA-N,CHEMBL4783802,O=C(NO)c1ccc(CN(CCCO)C(=O)Cc2ccccc2)cc1,5.94692155651658,1,0.0,25
LCYQTEKVADQYMY-UHFFFAOYSA-N,CHEMBL4646862,O=C(NO)c1ccc(NC(=O)C2(c3ccc4ccccc4c3)CCCC2)cc1,7.958607314841775,1,0.0,28
LDANZSVZHVZFQZ-UHFFFAOYSA-N,CHEMBL4513424,O=C(NO)c1ccc(Cn2c(=O)n(CCc3ccccc3)c(=O)c3ccc(C(F)(F)F)cc32)cc1,5.095771483659922,3,5.4148055914637894e-05,35
LDBOHQXRMNACLS-UHFFFAOYSA-N,CHEMBL3920583,O=C(CCCCCn1cc(-c2ccc3ncnc(Nc4ccc(F)c(Cl)c4)c3c2)nn1)NO,8.154901959985743,1,0.0,33
LDEACJSXNFAXLK-UHFFFAOYSA-N,CHEMBL1084812,O=C(CCCCCNC(=O)NC(=O)c1cccc([N+](=O)[O-])c1)NO,5.552841968657781,1,0.0,24
LDFIJYSYDBGSFU-UHFFFAOYSA-N,CHEMBL6045451,NC(=O)c1cccc(OCc2ccc(-c3noc(C(F)(F)F)n3)c(F)c2)c1,5.657577319177793,1,0.0,27
LDFMJPBFTHEUSR-UHFFFAOYSA-N,CHEMBL6012072,CS(=O)(=O)N1CCN(S(=O)(=O)N(Cc2ccc(-c3nnc(C(F)(F)F)o3)cc2F)c2ccccc2)CC1,6.906578314837764,1,0.0,37
LDIOVMFNQDBNIY-UHFFFAOYSA-N,CHEMBL6050084,CN1CC(C(=O)N(Cc2ccc(-c3noc(C(F)(F)F)n3)cn2)c2cccc(F)c2)CCC1=O,6.468521082957745,1,0.0,34
LDJULNUAVAMRQL-UHFFFAOYSA-N,CHEMBL5402915,Nc1ccccc1NC(=O)c1ccc(COc2ccc(CNC(=O)C3CCCN3C(=O)c3ccccc3)cc2)cc1,6.665546248849069,1,0.0,41
LDOPDZBQHBLKBC-UHFFFAOYSA-N,CHEMBL3287262,O=C(CCCCNC(=O)c1nc(-c2nccs2)sc1Cc1ccccc1)NO,7.221848749616356,1,0.0,28
LDPFACXHLRIEIN-UHFFFAOYSA-N,CHEMBL5823248,FC(F)(F)c1nc(-c2ccnc(OCc3ncccc3Cl)c2)no1,5.42021640338319,1,0.0,24
LDTOCZXMLMERSQ-UHFFFAOYSA-N,CHEMBL6148453,Cc1c(F)c(N)cc(C(=O)Nc2cc(-c3ccc(C(=O)NCCCCCCC(=O)NO)cc3)ccc2N2CCN(C)CC2)c1Cl,6.634512015109101,1,0.0,45
LDXHVMJUDUJYMQ-UHFFFAOYSA-N,CHEMBL4172110,CS(=O)(=O)Nc1ccc(-c2ccnc(Nc3ccc(N4CCC(C(=O)NO)CC4)cc3)n2)cc1,5.537602002101044,1,0.0,34
LEBHHEOWBUMCJJ-UHFFFAOYSA-N,CHEMBL4782002,O=C(NO)c1ccc(CN2CCC3(CC2)CN(C(=O)c2ccccc2)c2c(-c4ccccc4)cccc23)cc1,5.327902142064282,1,0.0,39
LEFWFFJQECKXBO-UHFFFAOYSA-N,CHEMBL4092753,Nc1ccccc1NC(=O)c1ccc(NC(=O)CCN2C(=O)C3(OCCCO3)c3cc(Br)ccc32)cc1,7.920818753952375,1,0.0,37
LEGQHRJRAAFESX-UHFFFAOYSA-N,CHEMBL4861271,CCC(=O)CCCCCC(NC(=O)C1CC12CCN(C)CC2)c1ncc(-c2cc3ccc(N4CCCC4)nc3cc2OC)[nH]1,9.494850021680094,1,0.0,44
LELLNKMBIIQKFZ-UHFFFAOYSA-N,CHEMBL5933518,CC(C)COC(=O)Nc1cc(-c2cccs2)ccc1N,5.515700160653214,1,0.0,20
LEMHOXLBVFWJMI-UHFFFAOYSA-N,CHEMBL5888851,C=Cc1ccc(N)c(NC(=O)C2CCCCC2)c1,4.755722879198157,1,0.0,18
LEPQFOWWRYZSFI-UHFFFAOYSA-N,CHEMBL5397101,Nc1ccccc1NC(=O)c1ccc(CNC(=O)c2nn(-c3cccc(Cl)c3Cl)nc2N)cc1,7.130768280269024,1,0.0,34
LERLFDFPFJEQDF-UHFFFAOYSA-N,CHEMBL4782988,COc1cccc(-c2ccc3c(NC(=O)CCCCCC(=O)NO)n[nH]c3c2)c1,8.585026652029182,1,0.0,29
LESWZIUDNUOCCQ-UHFFFAOYSA-N,CHEMBL2022829,O=C(NC(CCCCCCSSc1ccccn1)C(=O)OCC1c2ccccc2-c2ccccc21)OCc1ccccc1,8.119186407719209,1,0.0,43
LETLAGOKNKFHBP-UHFFFAOYSA-N,CHEMBL227663,COC(=O)C(Cc1ccccc1)NC(=O)C(CCCCCC(=O)NO)NC(=O)C(C)NC(C)=O,6.7594507517174005,1,0.0,34
LEWXBXMXEGUQKN-UHFFFAOYSA-N,CHEMBL569946,CCC(=O)CCCCCC1NC(=O)C(CCCCCNC(C)=O)NC(=O)CC(CC(C)C)NC(=O)C(Cc2c[nH]c3ccccc23)NC1=O,7.376750709602099,1,0.0,49
LEXDNRITRWDWDN-UHFFFAOYSA-N,CHEMBL479637,N#Cc1ccc(-c2ccnc(NCc3ccc(C(=O)Nc4ccccc4N)cc3)n2)cn1,6.795880017344075,1,0.0,32
LEZBGLPQNWCBBH-UHFFFAOYSA-N,CHEMBL3656004,O=C(NO)c1cnc(NC2(c3ccc(C(F)(F)F)cc3)CC2)nc1,6.826813731587726,1,0.0,24
LFAILFCZRLHSBV-UHFFFAOYSA-N,CHEMBL5411948,O=C(NO)c1ccc(NC(=O)C(Cc2ccccc2)c2ccccc2)cn1,6.106238237942057,1,0.0,27
LFEQBIJHPHTVBD-UHFFFAOYSA-N,CHEMBL4784684,Nc1ccccc1NC(=O)c1ccc(Cn2cnc3c(Nc4ccc(F)c(Cl)c4)nc(Cl)nc32)cc1,6.164309428507575,1,0.0,36
LFIVRUCYCAABRJ-UHFFFAOYSA-N,CHEMBL5556089,O=C(CCCCN1C(=O)CC(=Cc2ccccc2)C1=O)NO,6.86518562967954,1,0.0,22
LFIVTMAYYREDAU-UHFFFAOYSA-N,CHEMBL3585976,Nc1ccccc1NC(=O)CCCCCCc1nc(-c2ccc([N+](=O)[O-])cc2)no1,5.061980902523789,1,0.0,30
LFKMEUIGEGSJAQ-UHFFFAOYSA-N,CHEMBL5220120,CCC(=O)CCCCCC(NC(=O)C1CC12CCN(CC)CC2)c1ncc(-c2ccc3ccncc3c2)[nH]1,8.387216143280265,1,0.0,38
LFMBBMBMQSXRJM-UHFFFAOYSA-N,CHEMBL5925637,CCN1CCN(S(=O)(=O)N(Cc2ccc(-c3nnc(C(F)(F)F)o3)cc2F)c2ccccc2)CC1,7.0655015487564325,1,0.0,35
LFOVYDNKQLKORL-UHFFFAOYSA-N,CHEMBL5572465,Cc1ccccc1C=CC(=O)Nc1ccc(C(=O)NS(=O)(=O)c2ccc(NCCCCCCC(=O)NO)c([N+](=O)[O-])c2)c(Oc2ccccc2)c1,6.991399828238082,1,0.0,51
LFROWVFEEUGWON-UHFFFAOYSA-N,CHEMBL6022444,COCCn1cc2c(n1)CN(C(=O)Nc1nc(-c3ccc(F)cc3F)ccc1N)C2,6.212984366136141,2,0.6197887582883936,30
LFWRZTGKNXDMJU-UHFFFAOYSA-N,CHEMBL5220945,Cc1nc2c(F)cc(-c3nc(Nc4ccc(CNC(=O)CC(=O)NO)cc4)ncc3F)cc2n1C(C)C,7.585026652029182,1,0.0,37
LFXDFXFTOFPLSX-UHFFFAOYSA-N,CHEMBL5076715,CCCNNC(=O)c1ccc(CNC(=O)c2cc3cc(Br)ccc3[nH]2)cc1,7.234256958578955,1,0.0,27
LGBHOVNURIPVBG-UHFFFAOYSA-N,CHEMBL5612700,C#CCN1CCN(CCCOc2ccc3c(ccn3S(=O)(=O)c3ccc(C(=O)Nc4ccccc4N)cc3)c2)CC1,6.853871964321762,1,0.0,41
LGFNAADVVUBRPD-UHFFFAOYSA-N,CHEMBL6008456,CN(C)C(=O)c1cccc(NCc2ccc(-c3noc(C(F)(F)F)n3)cn2)c1,6.2839966563652006,1,0.0,28
LGSKPPYSKWOZRH-UHFFFAOYSA-N,CHEMBL5220720,CCC(=O)CCCCCC(NC(=O)C1CC12CCN(C)CC2)c1ncc(-c2ccc3nc(-n4cccn4)ccc3c2)[nH]1,9.045757490560675,1,0.0,42
LGTJXGQYVPTOBO-UHFFFAOYSA-N,CHEMBL4641299,CCC(=O)CCCCCC(NC(=O)C1CC12CCN(C)CC2)c1nnc(-c2cc3ccccc3nc2OC)[nH]1,7.585026652029182,1,0.0,39
LGTNKGYMGPUILP-UHFFFAOYSA-N,CHEMBL5807868,FC(F)(F)c1nc(-c2ccnc(OCc3ccnn3-c3cccnc3)c2)no1,5.721246399047171,1,0.0,28
LGUIRLCWSHKUOY-UHFFFAOYSA-N,CHEMBL5633561,CCN1CCN(c2ccc(C(=O)Nc3cc(-c4ccc(C(=O)Nc5ccccc5N)cc4)[nH]n3)cc2)CC1,6.049635145623877,1,0.0,38
LGUNYACFVQQUHM-UHFFFAOYSA-N,CHEMBL5829378,Nc1ccc(-c2cccs2)cc1NC(=O)OC1COC1,5.135711519925685,2,0.7599772814550567,20
LGVKBNNYDKZNJV-UHFFFAOYSA-N,CHEMBL5561595,CC(COCCC(=O)N1CCN(c2ncc(C(=O)NCCCCCCC(=O)NO)cn2)CC1)Nc1cn[nH]c(=O)c1C(F)(F)F,7.206209615309181,1,0.0,45
LGWXENSKZJLTPD-UHFFFAOYSA-N,CHEMBL6044924,CCOC(=O)Nc1cc(-c2cccs2)ccc1N,5.515700160653214,1,0.0,18
LGYPNWMTVBKIJM-UHFFFAOYSA-N,CHEMBL1096433,Cc1nc(-c2cccc(C=CC(=O)NO)c2)n(CCc2ccccc2)c1-c1ccccc1,8.102372908709558,1,0.0,32
LHAJARVQVFJSLU-UHFFFAOYSA-N,CHEMBL5409260,CN(Cc1ccccc1)c1cc(NCCCC(=O)NO)nc(-c2ccccn2)n1,6.0088625648796885,1,0.0,29
LHCUTIKFUCAXGG-UHFFFAOYSA-N,CHEMBL5093545,O=C(CCCCCCCNc1nn2c(=O)c3cc(Cl)ccc3nc2c2ccccc12)NO,7.458420756053419,1,0.0,32
LHTCMLDUMOOAEB-UHFFFAOYSA-N,CHEMBL3689895,CCc1nc2cc(C=CC(=O)NO)ccn2c1CN(CC)CCC(C)C,7.698970004336019,1,0.0,26
LHUGWXWDPVKZOS-UHFFFAOYSA-N,CHEMBL2063395,CCCC1NC(=O)C(C)NC(=O)CC(CC(C)C)NC(=O)C(Cc2c[nH]c3ccccc23)NC1=O,6.006569364854977,2,0.004409118905055465,35
LHUYFNVIMYCDID-UHFFFAOYSA-N,CHEMBL3827612,CCn1c(CN(C)c2ncc(C(=O)NO)cn2)nc2c(N3CCOCC3)nc(-c3ccc(N)cc3)nc21,8.863279432843592,1,0.0,37
LIBTUEOJZOKJGK-UHFFFAOYSA-N,CHEMBL5285323,O=C(NO)c1ccc(CN2CC(=O)N(Cc3ccc(Cl)cc3)C(Cc3ccccc3)C2=O)cc1,5.036212172654444,1,0.0,34
LICDGBVIDDVNJZ-UHFFFAOYSA-N,CHEMBL5567303,CC12CC3CC(C)(C1)CC(NC(=O)Nc1ccc(C(=O)NCCCCCCC(=O)NO)cc1)(C3)C2,6.5638373529592435,1,0.0,35
LIGKRRKHAZHXEC-UHFFFAOYSA-N,CHEMBL5194945,Cc1cc(C)cc(C(=O)N(CC(=O)NC(C)(C)C)Cc2ccc(C(=O)NO)cc2F)c1,6.24184537803261,1,0.0,31
LIIWIMDSZVNYHY-UHFFFAOYSA-N,CHEMBL3655950,O=C(NO)c1cnc(NC2(c3ccccc3)CC2)nc1,7.026872146400302,7,0.0,20
LIMOBTKKLINORJ-UHFFFAOYSA-N,CHEMBL5420876,Cc1ccc(C2=NC(CC(=O)NCc3ccc(C(=O)NO)cc3)c3nnc(C)n3-c3ccccc32)cc1,6.050609993355087,1,0.0,37
LIOTZVIDBXLBAC-UHFFFAOYSA-N,CHEMBL95835,COc1ccc(C(=O)CCCCCCC(=O)NO)cc1,7.823908740944319,2,0.0,20
LIPDUASEIFITOZ-UHFFFAOYSA-N,CHEMBL5827798,FC(F)(F)c1nc(-c2ccc(CNC3CCN(c4ccccn4)CC3)nc2)no1,5.721246399047171,1,0.0,29
LIQSOUZRHHHVJX-UHFFFAOYSA-N,CHEMBL6170233,CC(C)CCNNC(=O)c1ccc(CN(CC(=O)NCc2ccccc2)C(=O)c2ccc(N(C)C)cc2)cc1,6.614393726401688,1,0.0,39
LISXISRRNAENFL-UHFFFAOYSA-N,CHEMBL4464421,CCOC(=O)Nc1cccc(-c2csc(NC(=O)CCCCCC(=O)NO)n2)c1,8.602059991327963,1,0.0,29
LIUOOORWOOGXTR-UHFFFAOYSA-N,CHEMBL5409409,Nc1ccccc1NC(=O)C=Cc1ccc(NC(=O)Cc2cccc3ccccc23)cn1,7.200659450546418,1,0.0,32
LIWJHFQCAKFTRR-UHFFFAOYSA-N,CHEMBL5957768,NC(=O)c1cccc(CCOc2cc(-c3noc(C(F)(F)F)n3)ccn2)c1,5.7447274948966935,1,0.0,27
LIWWFGDMKSSYEP-UHFFFAOYSA-N,CHEMBL5864285,Cc1csc(-c2ccc(N)c(NC(=O)C3CCOCC3)c2)c1,5.515700160653214,1,0.0,22
LIXOSUQGEBHZSS-UHFFFAOYSA-N,CHEMBL5555272,CCCNNC(=O)c1ccc(CNC(=O)CCCCCCCNC(=O)C=Cc2cccnc2)cc1,7.747146969020107,1,0.0,35
LIYQACIRFGXYBN-UHFFFAOYSA-N,CHEMBL4162637,Nc1ccccc1NC(=O)c1ccc(CNC2CC2c2ccccc2)cc1,6.661543506395395,1,0.0,27
LJBJHPWKSLDVNC-UHFFFAOYSA-N,CHEMBL5269722,CN(C)c1ccc(C(=O)NNCC2CCCC2)cc1,5.75448733218585,2,0.0,19
LJBUMSGFXZINOC-UHFFFAOYSA-N,CHEMBL3421740,Nc1ccccc1NC(=O)c1ccc(CNCc2nc(-c3ccc(C(F)(F)F)cc3)no2)cc1,5.560667306169737,1,0.0,34
LJEAJBGTQSXURW-UHFFFAOYSA-N,CHEMBL6164374,CN(C)c1ccc(C(=O)N(CC(=O)NCc2ccccc2)Cc2ccc(C(=O)NNCC3CC3)cc2)cc1,7.178486471595226,5,0.5558251416278681,38
LJISYFKMGCFALW-UHFFFAOYSA-N,CHEMBL4161826,CCOc1cc(C(C)(C)C)ccc1C1=NC(c2ccc(Cl)cc2)C(c2ccc(Cl)cc2)N1C(=O)N1CCC(C(=O)Nc2ccc(C=CC(=O)NO)cc2)CC1,6.013228265733755,1,0.0,55
LJKPFFGSLMKIAL-UHFFFAOYSA-N,CHEMBL5093940,CN1c2ccc(F)cc2C(=O)N2CCc3c([nH]c4ccc(OCc5cccc(C(=O)Nc6ccccc6N)c5)cc34)C21,5.443697499232712,1,0.0,42
LJMACHNDGYEEHH-UHFFFAOYSA-N,CHEMBL4742243,O=C(CCCCCCn1cnc2c(N3CCOCC3)nc(-c3ccc4cn[nH]c4c3)nc21)NO,8.853871964321762,1,0.0,34
LJWSBGHGHIVOGR-UHFFFAOYSA-N,CHEMBL2093007,CC=C1NC(=O)C(CSC)NC(=O)C(C(C)C)CC(=O)CC(C=CCCSC)OC(=O)C(C(C)C)NC1=O,5.200659450546418,1,0.0,38
LJZZSUGXANUQAO-UHFFFAOYSA-N,CHEMBL217371,CC(=O)CCCCCC(NC(=O)CN1CCCCC1)C(=O)NCCc1c(-c2ccccc2)[nH]c2ccccc12,6.721246399047171,1,0.0,39
LKAMTKNMOBTRGF-UHFFFAOYSA-N,CHEMBL5396505,Cc1nnc2n1-c1ccc(Cl)cc1C(c1ccccc1Cl)=NC2CC(=O)Nc1ccc(C=CC(=O)NO)cc1,5.886056647693163,1,0.0,39
LKAOVJNDDTXFSU-UHFFFAOYSA-N,CHEMBL480923,Nc1ccccc1NC(=O)c1ccc(CNc2cccc(-c3cccnc3)c2)cc1,7.045757490560675,1,0.0,30
LKGLUPJYARHGDQ-UHFFFAOYSA-N,CHEMBL480044,CN(C)CCOc1cccc(-c2ccnc(NCc3ccc(C(=O)Nc4ccccc4N)cc3)n2)c1,6.886056647693163,1,0.0,36
LKKXTQKFAXKMAS-UHFFFAOYSA-N,CHEMBL3809034,CNC(=O)CCCCCC(NC(=O)c1cncs1)c1ncc(-c2ccc3ccccc3c2)[nH]1,6.49148333035061,2,0.006733382658968168,33
LKMUOXXXGBXFDQ-UHFFFAOYSA-N,CHEMBL3415972,Nc1nc2ncc(CNc3ccc(C(=O)NC(CCC(=O)NCCCCCCC(=O)Nc4cc(-c5cccs5)ccc4N)C(=O)O)cc3)nc2c(=O)[nH]1,6.361510743045363,1,0.0,53
LKPYABHGOOCEBW-UHFFFAOYSA-N,CHEMBL3698496,O=C(NO)c1ccc(CCSc2ccccc2)cc1,6.045757490560675,1,0.0,19
LKTCVHZKOSVIIY-UHFFFAOYSA-N,CHEMBL4876823,COc1cc2nc(-c3ccc(C)o3)cc(NCC3C4CCC3CN(c3ncc(C(=O)NO)cn3)C4)c2cc1OC,7.657577319177793,1,0.0,40
LKTVLNQPBHTDLZ-UHFFFAOYSA-N,CHEMBL5646473,Cn1c(CNCc2ccccc2)nc2cc(C(=O)NO)ccc21,6.010550182333308,1,0.0,23
LKZGGPJMUICDRC-UHFFFAOYSA-N,CHEMBL3919705,NC(Cc1c[nH]c2ccccc12)C(=O)Nc1ccccc1-c1ccc(NC(=O)CCCCCNC(=O)CS)cc1,5.149353764816933,1,0.0,40
LLBWUNKGCADDKQ-UHFFFAOYSA-N,CHEMBL4069631,CN(C)c1ccc(C(=O)N(CCCCCC(=O)NO)CC(=O)NCc2ccccc2)cc1,7.6020599913279625,1,0.0,32
LLDNEJXFPFQOOV-UHFFFAOYSA-N,CHEMBL4751174,O=C(NO)C(CCCCN1C(=O)c2ccccc2C1=O)c1ccccc1,4.698970004336019,3,0.13621974701798933,26
LLFKETNCAMHDIE-UHFFFAOYSA-N,CHEMBL4067480,O=C(C=Cc1ccc(CCNC(=O)c2cc(C(F)(F)F)ccc2Cl)cc1)NO,7.245345930744568,1,0.0,28
LLGDWRNFGQVXJV-UHFFFAOYSA-N,CHEMBL474546,O=C(C=Cc1ccc2c(c1)nc(-c1ccsc1)n2CCCO)NO,5.718966632752272,3,0.0,24
LLHGACFYBCCFIW-UHFFFAOYSA-N,CHEMBL5597702,COc1cc(F)ccc1-c1cc(Nc2cnn(CCCCCC(=O)NO)c2)ncc1F,5.538951908329342,1,0.0,31
LLHNXILIDCUDBP-UHFFFAOYSA-N,CHEMBL5563192,COc1ccc(C=CC(=O)c2ccc(Br)c3c2OC(C)(C)C=C3)cc1NCC(=O)NO,6.060480747381382,1,0.0,31
LLIRZQIFVKEHLK-UHFFFAOYSA-N,CHEMBL3689882,CCCc1nc2cc(C=CC(=O)NO)ccn2c1CN(CC)CCC(C)C,7.522878745280337,1,0.0,27
LLWDTYGBWANFGR-UHFFFAOYSA-N,CHEMBL5439488,O=C(NO)c1ccc(CNC(=O)c2cc(-c3ccc(C(F)(F)F)cc3)ncc2O)cc1,7.8843894883257,1,0.0,31
LLWGCQCNHBWASS-UHFFFAOYSA-N,CHEMBL6169468,Cc1c(N)cccc1-c1cn(-c2ccc(NC(=O)Cc3ccc(C(=O)NO)cc3)cc2)c2ccc(C#N)cc12,6.506541949004811,1,0.0,39
LLYCUYLVFISFSX-UHFFFAOYSA-N,CHEMBL4866529,Cc1ccc(-c2nc(CNc3ccc(C(=O)NO)cc3)n(-c3ccccc3)n2)cc1,5.508778423760717,1,0.0,30
LMAFSGDNHVBIHU-UHFFFAOYSA-N,CHEMBL83747,O=C(NCCSSCCNC(=O)C(Cc1ccc(O)c(Br)c1)=NO)C(Cc1ccc(O)c(Br)c1)=NO,7.585026652029182,3,0.7501225267834002,36
LMGDHGQJJLEAPQ-UHFFFAOYSA-N,CHEMBL4456445,O=C(NO)C(c1ccc(-c2ncc(C(F)(F)F)cn2)cc1)c1ccccc1F,4.401209493236885,1,0.0,28
LMGPDPLGCBZOBU-UHFFFAOYSA-N,CHEMBL4784481,COc1cccc(-c2ccc3c(NC(=O)C4CCC(C(=O)NO)CC4)n[nH]c3c2)c1,5.615288257061717,1,0.0,30
LMGRXYCLENIEMO-UHFFFAOYSA-N,CHEMBL4848955,COc1cc2nc(C)cc(NCC3CCN(c4ncc(C(=O)NO)cn4)CC3)c2cc1OC,8.522878745280337,1,0.0,33
LMGWUCSZOHZGGW-UHFFFAOYSA-N,CHEMBL3655959,O=C(NO)c1cnc(NC2(c3ccccc3F)CC2)nc1,7.795880017344075,1,0.0,21
LMHHLDISEZZCMW-UHFFFAOYSA-N,CHEMBL4066668,CCCCNNC(=O)c1ccc(CNC(=O)C(Cc2c[nH]c3ccccc23)NC(=O)c2ccc(OC)cc2)cc1,7.270187492839065,1,0.0,40
LMKXBBIZQUFLCC-UHFFFAOYSA-N,CHEMBL3311464,O=C(CCCCCCC(=O)Nc1ccc2[nH]c(=O)ccc2c1)NO,7.455931955649724,1,0.0,24
LMOIMHSPFQECJG-UHFFFAOYSA-N,CHEMBL1631913,COc1cc2cc(c1)COc1ccccc1NC(=O)C(CCCCCC(=O)NO)OCC=C2,7.498940737782249,3,0.40551265840011297,33
LMTZQBXVYHFENM-UHFFFAOYSA-N,CHEMBL5878872,CC1(C)CCCN1C(=O)C1CCC(=O)N1c1cc(F)c(-c2noc(C(F)(F)F)n2)cc1F,4.886056647693163,1,0.0,32
LMWKBTHPJVCDEN-UHFFFAOYSA-N,CHEMBL240915,Nc1ccccc1NC(=O)c1ccc(Cn2nnc3ccccc3c2=O)cc1,6.698970004336019,1,0.0,28
LMWPVSNHKACEKW-UHFFFAOYSA-N,CHEMBL4283263,Nc1ccccc1NC(=O)c1cnccn1,5.637894680706227,3,0.061075323629792067,16
LMXXQTRUQMEVPV-UHFFFAOYSA-N,CHEMBL5556752,CCCNNC(=O)c1ccc(CNC(=O)c2cc3cnccc3s2)cc1,7.995678626217357,1,0.0,26
LMZMJYFRBVPBFO-UHFFFAOYSA-N,CHEMBL211625,COc1ccc(NCc2ccc(C(=O)Nc3ccccc3N)cc2)cc1OC,6.027758663924915,2,0.6575773191777934,28
LNAZWDQBIRLRLZ-UHFFFAOYSA-N,CHEMBL3664085,Nc1ccc(-c2ccccc2F)cc1NC(=O)c1ccc(CNc2ccncc2)cc1,7.638272163982407,1,0.0,31
LNGIJIZQAHLDGP-UHFFFAOYSA-N,CHEMBL5420430,COc1cc2c(cc1-c1c(C)noc1C)[nH]c1ncnc(NCCCCCC(=O)NO)c12,6.692503962086787,1,0.0,32
LNIJVWFMIRFNER-UHFFFAOYSA-N,CHEMBL3318732,COc1ccc2cc(C(=O)C=CC=Cc3ccc(OC)c(OC)c3)c(=O)oc2c1,4.229147988357856,1,0.0,29
LNJOLZZYVQPVEC-UHFFFAOYSA-N,CHEMBL3648293,CC(C)CN1c2ccc(C=CC(=O)NO)cc2NC1CCc1ccccc1,6.537602002101044,1,0.0,27
LNLXAUFPSKCDLK-UHFFFAOYSA-N,CHEMBL6161573,Cc1c(N)cccc1-c1cn(CCCCCCC(=O)NO)c2ccc(C#N)cc12,8.853871964321762,1,0.0,29
LNPMPEGFAKHQAB-UHFFFAOYSA-N,CHEMBL378696,Nc1ccccc1NC(=O)C=Cc1ccc(NCc2ccncc2)nc1,5.3979400086720375,1,0.0,26
LODCYBNHVFNQKV-UHFFFAOYSA-N,CHEMBL5967136,Cc1cc(OCc2ccc(-c3noc(C(F)(F)F)n3)c(F)c2)cc(C)n1,5.7447274948966935,1,0.0,26
LOEFBHPFPGYXOH-UHFFFAOYSA-N,CHEMBL4213297,O=C(CCCCCCN1CCc2ccccc2C1)NO,7.008773924307505,1,0.0,20
LOFPHNPTVBYXBB-UHFFFAOYSA-N,CHEMBL4537561,O=C(NO)c1ccc(Cn2c3c(c4cc(F)ccc42)CSCC3)cc1,4.6777807052660805,1,0.0,25
LOHKKXFIKAPRQV-UHFFFAOYSA-N,CHEMBL1767045,CNC(=O)C(CCCCCC(C(=O)Nc1ccccc1)N(Cc1ccc(OC)cc1)C(=O)OC(C)(C)C)=NO,4.090979145788844,1,0.0,39
LOHSCPHJUJZDDV-UHFFFAOYSA-N,CHEMBL1631910,O=C(CCCCCC1OCCCCCOc2ccccc2NC1=O)NO,6.022733787572707,1,0.0,26
LOICNVZENYUFMJ-UHFFFAOYSA-N,CHEMBL5432886,O=C(CCCCCCNC(=O)c1ncc(-c2ccccc2)s1)NO,7.178224532816536,1,0.0,24
LOKNLWJSFQXHSQ-UHFFFAOYSA-N,CHEMBL4283513,CN1CCN(CC(=O)Nc2ccc(-c3ccnc(Nc4ccc(OCCCCCCC(=O)NO)cc4)n3)cc2)CC1,6.847711655616944,1,0.0,41
LOLHRVDRKNBUPF-UHFFFAOYSA-N,CHEMBL4855445,CCC(=O)CCCCCC(NC(=O)C1CC12CCN(CC)CC2)c1[nH]c2nc1C(=O)NCCCCCc1cccc-2c1,6.962573502059376,1,0.0,42
LONJOCSUEOBGAW-UHFFFAOYSA-N,CHEMBL3771009,O=C(NO)c1noc(-c2ccc(Br)cc2)n1,4.475603877896158,1,0.0,16
LOOQTQKYFNNQSV-UHFFFAOYSA-N,CHEMBL4086281,O=C(CCCCN1C(=O)C(CCC(=O)NC(c2ccccc2)(c2ccccc2)c2ccccc2)N=C(c2ccccc2)c2ccccc21)NO,5.0343280287798935,1,0.0,50
LOSDIZSZRWZVJP-UHFFFAOYSA-N,CHEMBL3287257,O=C(CCCCNC(=O)c1nc(-c2nccs2)sc1-c1ccccc1)NO,6.958607314841775,1,0.0,27
LOSMQVNNNADUOB-UHFFFAOYSA-N,CHEMBL2407733,Nc1ccccc1NC(=O)c1ccc(CNC2=NC(=O)C(Cc3c[nH]c4ccccc34)N2)cc1,6.721246399047171,1,0.0,34
LOVHHLJYFXKEHO-UHFFFAOYSA-N,CHEMBL4087230,COc1ccc(Cl)cc1C(=O)NCCc1cccc(C=CC(=O)NO)c1,7.461175011062096,1,0.0,26
LOYLSJNIQXFWSL-UHFFFAOYSA-N,CHEMBL5283177,Cc1cccc2c(C(=O)N3CCN(Cc4ccc(C(=O)NO)cc4)CC3)c[nH]c12,5.856985199745905,1,0.0,29
LOZPGNPVVHLMMZ-UHFFFAOYSA-N,CHEMBL5559632,O=C(CCCCCCN1C(=O)CC(=Cc2ccccc2Cl)C1=O)NO,7.714442690992226,1,0.0,25
LPCPMORCWHFGDB-UHFFFAOYSA-N,CHEMBL3655939,O=C(NO)c1cnc(NCc2ccc(F)cc2C(F)(F)F)nc1,6.279014255846261,1,0.0,23
LPCUZLUJQGEVLI-UHFFFAOYSA-N,CHEMBL4636753,CC(C)C(C(=O)Nc1ccc(C(=O)NO)cc1Cl)c1ccccc1,5.972650392225244,1,0.0,24
LPFKHLSRWYMGQF-UHFFFAOYSA-N,CHEMBL5589751,O=C(NO)c1ccc(Cn2cc(Nc3ncc(Cl)c(OC4CCCCC4)n3)cn2)cc1,5.82564940252062,1,0.0,31
LPFLSWGOOBVKBD-UHFFFAOYSA-N,CHEMBL3770917,O=C(NO)c1csc(-c2ccccc2)n1,4.988429556402722,1,0.0,15
LPFUFBXLRJCPLT-UHFFFAOYSA-N,CHEMBL5208182,O=C(C=Cc1ccc(Cn2cc(C(=O)NC3C4CC5CC(C4)CC3C5)c3ccccc32)cc1)NO,6.843905369360572,1,0.0,35
LPGCYTKMQKYVFP-UHFFFAOYSA-N,CHEMBL3664083,CC(C)CNCc1ccc(C(=O)Nc2cc(-c3ccccc3)ccc2N)cc1,7.455931955649724,1,0.0,28
LPGXGACITWQHMB-UHFFFAOYSA-N,CHEMBL5575329,O=C(Cc1ccc(C(=O)NO)cc1)Nc1ccc2ncnc(Nc3ccc(Br)c(F)c3)c2c1,6.1295960947209736,1,0.0,33
LPHNTVVJNLEGGW-UHFFFAOYSA-N,CHEMBL4202863,Cc1ccc(NC(=O)C(Cc2c[nH]c3ccccc23)NC(=O)c2ccc(C(=O)NO)cc2)cc1,6.6595558851598815,1,0.0,34
LPHXFTMNTFJRTL-UHFFFAOYSA-N,CHEMBL271652,COc1ccc(-c2cc(Cl)nc(NCc3ccc(C(=O)Nc4ccccc4N)cc3)n2)cc1OC,7.0,1,0.0,35
LPIZPGYQCNNINO-UHFFFAOYSA-N,CHEMBL5881079,O=c1ccc2ccccc2n1Cc1ccc(-c2noc(C(F)(F)F)n2)cn1,7.00436480540245,1,0.0,27
LPMFCCCECUVGJJ-UHFFFAOYSA-N,CHEMBL5184156,O=C(C=CC1CCN(CCc2ccccc2)CC1)NO,4.795880017344075,1,0.0,20
LPUWDBAPXOMBLU-UHFFFAOYSA-N,CHEMBL5091856,Cc1ccc2nc3c4ccccc4c(NCCCCCCC(=O)NO)nn3c(=O)c2c1,7.913640169325252,1,0.0,31
LPZMLMHRLOMORI-UHFFFAOYSA-N,CHEMBL2022830,O=C(NC(CCCCCCSSc1ccccn1)C(=O)OCc1ccc([N+](=O)[O-])cc1)OCc1ccccc1,7.1911141326401875,1,0.0,39
LQAMNACDVZLTDL-UHFFFAOYSA-N,CHEMBL5542272,Cc1c2ccc(Nc3ccnc(Nc4ccc(OCCCCCCC(=O)NO)cc4)n3)cc2nn1C,6.619788758288394,1,0.0,36
LQAXATZNWUNYBS-UHFFFAOYSA-N,CHEMBL2425971,CCc1nc2cc(Cc3ccc(C(=O)NO)cc3)ccc2c(=O)n1CCc1ccccc1,5.314258261397736,1,0.0,32
LQCSGNNVJRMNMX-UHFFFAOYSA-N,CHEMBL2448569,CCC(=O)CCCCCC(NC(=O)CCN1CCN(C)CC1)c1ncc(-c2cc(OC)c3ccccc3n2)[nH]1,7.769551078621726,1,0.0,39
LQGSHPBZVVYXRQ-UHFFFAOYSA-N,CHEMBL5173165,COc1ccc(C=C2CCCN(Cc3ccc(C(=O)Nc4ccc(F)cc4N)cc3)C2=O)cc1,6.043111545349923,1,0.0,34
LQJAALUQLCRUMG-UHFFFAOYSA-N,CHEMBL4067006,COc1cc(NC(=O)NOCCCCCC(=O)NO)c2nc(OC)cc(C)c2c1,7.364516253185088,1,0.0,29
LQKNDWFOFDZZAH-UHFFFAOYSA-N,CHEMBL3593412,CCCCCCCC(=O)SCCC=CC1CC(=O)NCc2cccc(n2)C2=NC(C)(CS2)C(=O)NC(C(C)C)C(=O)N1,6.468138050904191,1,0.0,42
LQLASCOWIMXGMI-UHFFFAOYSA-N,CHEMBL4855319,CC(C)S(=O)(=O)c1ccccc1Nc1nc(Nc2ccc(NC(=O)CCCCCCC(=O)NO)cc2)ncc1Cl,8.102372908709558,1,0.0,40
LQORYZAQOGZPJE-UHFFFAOYSA-N,CHEMBL3648277,CC(C)OCCCn1c(CCc2ccccc2)nc2cc(C=CC(=O)NO)ccc21,5.772113295386326,3,0.0,30
LQRFJNODHXVTSC-UHFFFAOYSA-N,CHEMBL4070647,CC(C)(C)Oc1ccc(CC2N=C(c3ccccc3)c3ccccc3N(CCCCC(=O)NO)C2=O)cc1,5.209011524911184,1,0.0,38
LQRSHHQHLCPOTI-UHFFFAOYSA-N,CHEMBL3689851,CCCCCCCN(CC)Cc1c(C(C)(C)C)nc2cc(C=CC(=O)NO)ccn12,6.267606240177031,1,0.0,30
LQVLPEDXJCRVOZ-UHFFFAOYSA-N,CHEMBL4299426,CCC1OC(=O)C(C)C(OC2CC(C)(OC)C(O)(CN(C)Cc3ccc(-c4cn(CCCCCC(=O)NO)nn4)cc3)C(C)O2)C(C)C(OC2OC(C)CC(N(C)C)C2O)C(C)(OC)CC(C)C(=O)C(C)C(O)C1(C)O,6.185752404268079,1,0.0,76
LQYOCIHKLFSDFO-UHFFFAOYSA-N,CHEMBL3818939,Cc1noc(C)c1-c1cc(OCCCCCC(=O)NO)cc(C(=O)c2ccccc2)c1,5.826813731587726,1,0.0,31
LRACOFKZUYQOAU-UHFFFAOYSA-N,CHEMBL5892217,Cc1nccnc1C(=O)N(Cc1ccc(-c2noc(C(F)(F)F)n2)cn1)c1cccc(F)c1,6.6020599913279625,1,0.0,33
LRAZDOFSXGALPK-UHFFFAOYSA-N,CHEMBL4459612,CCCCN(CCC)NC(=O)C=Cc1ccc(CNCCc2c(C)[nH]c3ccccc23)cc1,6.678401569534657,1,0.0,33
LRBLAZMIPWGTAW-UHFFFAOYSA-N,CHEMBL5595662,CCOc1cc(C=C2C(=O)NCC(=O)N2C)ccc1C=CC(=O)NO,6.034600723465216,1,0.0,25
LRBWQUWEXVLAOU-UHFFFAOYSA-N,CHEMBL3797939,O=C(NO)c1ccc(Cl)c(NC(=O)c2cccc(OCc3ccccc3)c2)c1,5.026872146400301,1,0.0,28
LRCRGQGQPJCACO-UHFFFAOYSA-N,CHEMBL6037359,CC(=O)N1CCN(CC(=O)N(Cc2ccc(-c3noc(C(F)(F)F)n3)cc2)c2cccc(C(F)(F)F)c2)CC1,5.886056647693163,1,0.0,39
LRCZQARAXUSNMP-UHFFFAOYSA-N,CHEMBL4857120,C=Cc1c(C)c2cc3nc(c(C(=O)OC)c4[nH]c(cc5nc(cc1[nH]2)C(C)=C5CC)c(C)c4C(=O)OC)C(CCC(=O)NCCCCCC(=O)Nc1ccccc1N)C3C,4.045757490560675,1,0.0,60
LRIIAFNAXQSTDT-UHFFFAOYSA-N,CHEMBL5077674,COc1ccc(-c2ncc(C=CC(=O)Nc3ccccc3N)s2)cc1OC,4.981715691573469,1,0.0,27
LRJJCTWUQYGWKH-UHFFFAOYSA-N,CHEMBL6062795,CC1(C)CCCN1C(=O)C1CCC(=O)N1c1ccc(-c2noc(C(F)(F)F)n2)c(F)c1,4.346787486224656,1,0.0,31
LRJQZDPAGCKASQ-UHFFFAOYSA-N,CHEMBL5440196,Cc1ccc(-c2cc(C(=O)NCc3ccc(C(=O)NO)cc3)ccn2)c(F)c1,8.38933983691012,1,0.0,28
LRLCYVBJNAPPOT-UHFFFAOYSA-N,CHEMBL5408897,Nc1nn(-c2cccc3ccccc23)nc1C(=O)NCc1ccc(C(=O)NO)cc1,8.236572006437063,1,0.0,30
LRLGKFPDGBTGTR-UHFFFAOYSA-N,CHEMBL4165344,CS(=O)(=O)Nc1ccc(-c2ccnc(Nc3ccc(N4CCC(C(=O)NCc5ccc(C(=O)NO)cc5)CC4)cc3)n2)cc1,5.958607314841775,1,0.0,44
LROLEVRTIPTNKW-UHFFFAOYSA-N,CHEMBL4580727,COc1ccc(-c2cc(OCCCC(=O)NO)c3ncnc(C)c3c2)cn1,7.040958607678906,1,0.0,27
LRPVCPUPIWQPHD-UHFFFAOYSA-N,CHEMBL6152772,Cc1c(N)cccc1-c1cn(-c2ccc(NC(=O)CCc3ccc(C(=O)NO)cc3)cc2)c2ccc(C#N)cc12,7.84163750790475,1,0.0,40
LRVFQDUOQITTES-UHFFFAOYSA-N,CHEMBL5739968,CCn1cc2c(n1)CN(C(=O)Nc1nc(-c3ccc(F)cc3F)ccc1N)C2,6.522878745280337,1,0.0,28
LSEUDKGCAODKJT-UHFFFAOYSA-N,CHEMBL3585972,Nc1ccccc1NC(=O)CCCCCCc1nc(-c2ccc(C(F)(F)F)cc2)no1,5.517126416391246,1,0.0,31
LSGNVZAEAAZOEH-UHFFFAOYSA-N,CHEMBL4065412,Nc1ccccc1NC(=O)c1ccc(Cn2cc(-c3ccc(C(=O)NCc4cccnc4)cc3)nn2)cc1,7.439713034397075,2,0.36015144778263775,38
LSIVNTAZQRMVPR-UHFFFAOYSA-N,CHEMBL3689892,CCN(CCC(C)(C)C)Cc1c(CC(C)C)nc2cc(C=CC(=O)NO)ccn12,7.522878745280337,1,0.0,29
LSJRDDYESAWEKP-UHFFFAOYSA-N,CHEMBL4518387,COc1cc(CNCc2ccc(C=CC(=O)NO)cc2)cc(OC)c1,6.07727454200674,1,0.0,25
LSTMHRZEOHLEAB-UHFFFAOYSA-N,CHEMBL4849763,O=C(NO)c1ccc(NCc2nc(-c3ccccc3)nn2-c2ccccc2)cc1,5.604149623981218,1,0.0,29
LSTXSROJPPTXRW-UHFFFAOYSA-N,CHEMBL5934695,Cc1nc2c(n1C)CN(C(=O)Nc1nc(-c3ccc(F)cc3)ccc1N)C2,5.560667306169737,1,0.0,27
LSYCATMVOORIMZ-UHFFFAOYSA-N,CHEMBL4591959,Cc1ccc(NC(=O)c2ccc(CNC(=O)C=C3NC(=O)c4ccccc43)cc2)c(N)c1,5.242603971206975,1,0.0,32
LTAIWINFHUGBTP-UHFFFAOYSA-N,CHEMBL6074533,C=C1C(=O)OC2CC3(C)CCC(OC(=O)CNC(=O)c4cccc(C=CC(=O)NO)c4)C(=C)C3CC12,7.062983892535186,1,0.0,36
LTDABMIXAMXJRA-UHFFFAOYSA-N,CHEMBL5402423,Nc1ccccc1NC(=O)c1ccc(CNc2cc(-c3ccccc3)c(=O)[nH]n2)cc1,6.750557038557417,1,0.0,31
LTEZJVVFQABZMX-UHFFFAOYSA-N,CHEMBL3339010,O=C(CCCCCC(=O)Nc1cc2c(Nc3ccc(F)c(Cl)c3)ncnc2s1)NO,7.44502654166676,1,0.0,30
LTGFNMJNFFCHHL-UHFFFAOYSA-N,CHEMBL3335368,O=C(NO)c1ccc(-c2ccc(-c3cc(O)cc(O)c3)cc2)cc1,5.050609993355087,1,0.0,24
LTTVDXWGUVFJHX-UHFFFAOYSA-N,CHEMBL241549,CCn1c(=O)n(Cc2ccc(C(=O)Nc3ccccc3N)cc2)c(=O)c2ccccc21,6.698970004336019,1,0.0,31
LUEVVNYYGUOJAL-UHFFFAOYSA-N,CHEMBL4436806,CN1CCC2=C(C1)N(Cc1ccc(C(=O)NO)cc1)c1ccccc1S2,6.008773924307505,1,0.0,26
LUMZHUSRIFZWMZ-UHFFFAOYSA-N,CHEMBL4444287,Nc1ccccc1NC(=O)c1ccc(CNC(=O)C=C2NC(=O)c3ccccc32)cc1,7.1830961606243395,1,0.0,31
LUPYACIUYLGDJP-UHFFFAOYSA-N,CHEMBL4291290,CC12CSC(=N1)c1csc(n1)CNC(=O)CC(C=CCCS)OC(=O)C(CCCCNC(=O)OC1CCC=CCCC1)NC2=O,8.721246399047171,1,0.0,45
LUQKCRWQTHNCRL-UHFFFAOYSA-N,CHEMBL5632379,O=C(CCCCCC(=O)Nc1cc(-c2ccc3ncn(Cc4cccc(Cl)c4)c3c2)[nH]n1)NO,7.8696662315049934,1,0.0,34
LUTGPKYBTPTJKM-UHFFFAOYSA-N,CHEMBL4175555,CS(=O)(=O)Nc1ccc(-c2ccnc(Nc3ccc(N4CCC(C(=O)Nc5ccc(C=CC(=O)NO)cc5)CC4)cc3)n2)cc1,6.6020599913279625,1,0.0,45
LUXAHBUKMVESIS-UHFFFAOYSA-N,CHEMBL419758,O=C(CCCCCCS)Nc1nc(-c2ccccc2)cs1,7.318758762624412,3,0.30102999566398125,21
LVBJLNXVNGDXNM-UHFFFAOYSA-N,CHEMBL5221097,CCC(=O)CCCCCC(NC(=O)C1CC12CCN(CC)CC2)c1ncc(-c2cc3cn(C)nc3cc2OC)[nH]1,7.920818753952375,1,0.0,40
LVBRBYYFSGTCAR-UHFFFAOYSA-N,CHEMBL4745420,O=C(Cc1ccc(OCCCn2c3c(c4cccc(Cl)c42)CCNC3)cc1)NO,5.652474840001311,2,0.0,29
LVCPHIZMVPNXMG-UHFFFAOYSA-N,CHEMBL3664026,CN1CCN(c2ccc3cc(C(=O)Nc4ccc(F)cc4N)cnc3c2C2CC2)CC1,5.794254459057338,1,0.0,31
LVGQOPBKJFQMDN-UHFFFAOYSA-N,CHEMBL5761314,FC(F)(F)c1nc(-c2ccc(CNc3cc4ccccn4n3)nc2)no1,5.920818753952375,1,0.0,26
LVHJLBFBNPSVRM-UHFFFAOYSA-N,CHEMBL6004929,CN(Cc1ccncc1)c1ncc(-c2noc(C(F)(F)F)n2)cn1,5.494850021680094,1,0.0,24
LVKLABCBWBRDND-UHFFFAOYSA-N,CHEMBL3655920,O=C(NO)c1cnc(NCc2ccc(C(F)(F)F)cc2)nc1,7.050609993355087,1,0.0,22
LVLUMZOFEFJVAS-UHFFFAOYSA-N,CHEMBL489330,O=C(C=Cc1ccc2c(c1)nc(CCc1ccccc1)n2CCCN1CCCC1)NO,6.517126416391246,3,0.0,31
LVPDNYLMHLHWBD-SOBICPSLSA-N,CHEMBL1923808,O=C(CCCCCCC(=O)Nc1ccc([19F])cc1)NO,8.045757490560675,1,0.0,20
LVQGYOAKAHMPNK-UHFFFAOYSA-N,CHEMBL2047620,COc1ccc(NC(=O)C=Cc2cn(-c3ccccc3)nc2-c2ccc([N+](=O)[O-])cc2)cc1,5.991399828238082,1,0.0,33
LVSMNYAHXJXKTD-UHFFFAOYSA-N,CHEMBL5889368,CC(Oc1nccc(-c2noc(C(F)(F)F)n2)c1Cl)c1cccnc1,5.481486060122112,1,0.0,25
LVSPUWRCTGAYQT-UHFFFAOYSA-N,CHEMBL3692656,CC(CNC(=O)c1ccc(-c2noc(C(F)(F)F)n2)cc1F)N(C)C,5.045757490560675,1,0.0,25
LVVLIGYGORJCSS-UHFFFAOYSA-N,CHEMBL140525,O=CN(O)CCCCCC(C(=O)Nc1cnc2ccccc2c1)C(=O)Nc1cnc2ccccc2c1,6.795880017344075,1,0.0,36
LVXLXAQAEFGYLU-UHFFFAOYSA-N,CHEMBL6175429,CCCNNC(=O)c1ccc(CNC(=O)c2cnc(-c3ccccc3)[nH]2)cc1,5.686132779630847,1,0.0,28
LVYWRPFTLAPKGB-UHFFFAOYSA-N,CHEMBL5591903,CN1C(=O)CNC(=O)C1=Cc1ccc(-c2ccc(C=CC(=O)NO)cc2)cc1,8.106793246940152,1,0.0,28
LVZIBPOTOMIFCD-UHFFFAOYSA-N,CHEMBL5409678,Cc1nnc2n1-c1sc3c(c1C(c1ccc(Cl)cc1)=NC2CC(=O)NCc1ccc(C(=O)NO)cc1)CCCC3,5.619788758288394,1,0.0,40
LVZKUMSHZPXTOT-UHFFFAOYSA-N,CHEMBL4574244,O=C(C=Cc1ccc(C2CCCN2CCc2cnn3ccccc23)cc1)NO,9.045757490560675,1,0.0,28
LWBOIYGPRXHUIW-UHFFFAOYSA-N,CHEMBL4069623,CCOc1cc(NC(=O)CCCCCCC(=O)Nc2ccccc2N)cc2c1OCC([N+](=O)[O-])=C2,6.634512015109101,1,0.0,35
LWEJQWKYQBTESX-UHFFFAOYSA-N,CHEMBL2018445,COc1ccc(CN2CCc3c(c4ccccc4n3Cc3ccc(C(=O)NO)cc3)C2)cc1,5.333482019445119,1,0.0,33
LWGDTDUCTYYAEX-UHFFFAOYSA-N,CHEMBL5839018,Fc1cc(F)c(OCc2ccc(-c3noc(C(F)(F)F)n3)c(F)c2)cn1,4.346787486224656,1,0.0,26
LWIFLIWIGNLOMQ-UHFFFAOYSA-N,CHEMBL5787540,CC1(Nc2ccc(C(=O)Nc3cc(-c4ccccc4)ccc3N)cc2C2CC2)CCN(C(=O)N2CCOCC2)CC1,6.364516253185088,1,0.0,41
LWJWEMUCBHIFPY-UHFFFAOYSA-N,CHEMBL384463,COc1ccc2[nH]c(C)c(CC(=O)NC(CCCCCC=O)C(=O)NCCc3c(-c4ccccc4)[nH]c4ccccc34)c2c1,6.455931955649724,1,0.0,44
LWMCQWCITXHNTR-UHFFFAOYSA-N,CHEMBL552949,Nc1ccccc1NC(=O)CCCCCC(NC(=O)C1CCCN1C(=O)C(N)Cc1ccccc1)C(=O)Nc1ccccc1N,5.136677139879544,1,0.0,45
LWQUSDBILPALIA-UHFFFAOYSA-N,CHEMBL6046936,Nc1ccc(-c2ccc(F)cc2)cc1NC(=O)OCC1CCNCC1,5.515700160653214,1,0.0,25
LWSBXNJSHGFJCT-UHFFFAOYSA-N,CHEMBL3656008,COc1ccc(Cl)cc1C1(Nc2ncc(C(=O)NO)cn2)CC1,6.413412695328245,1,0.0,23
LWSHJIDSLYHZGH-UHFFFAOYSA-N,CHEMBL5418093,O=C(NO)c1ccc(CNC(=O)c2cncc(-c3ccc(C(F)(F)F)cc3)c2)cc1,8.363512103646634,1,0.0,30
LWSRLDHSRLTUCC-UHFFFAOYSA-N,CHEMBL398950,Nc1ccccc1NC(=O)c1ccc(CC(C(=O)Nc2ccccc2)C(=O)Nc2ccccc2)cc1,7.327902142064282,1,0.0,36
LWTTWWPMYFTUGA-UHFFFAOYSA-N,CHEMBL5416943,COc1ccc(NC(=O)c2ccc(C(C)n3nc(-c4ccc(CN(C)C)cc4)ccc3=O)cc2)c(N)c1,6.899629454882437,1,0.0,37
LWUBIRPHWCHAFE-UHFFFAOYSA-N,CHEMBL5086924,CCCNNC(=O)c1ccc(CNC(=O)c2cc3ccccc3cn2)cc1,8.05551732784983,1,0.0,27
LWUHHMSKYVQLQF-UHFFFAOYSA-N,CHEMBL6190319,CCCNNC(=O)CCCCCCNC(=O)c1cnc(-c2ccc(NC(=O)OC(C)(C)C)cc2)s1,5.329754146925875,1,0.0,35
LWVOHOLNWJCRTG-UHFFFAOYSA-N,CHEMBL4455730,COC(=O)c1c(CCCCCCCC(=O)NO)cccc1OC,6.110866444033276,1,0.0,23
LWXNVKYRDMMGBS-UHFFFAOYSA-N,CHEMBL3098603,Cc1cccc(NC(=O)CCCCCCC(=O)NO)c1,6.7055337738384075,1,0.0,20
LXCLGXFJSUMMJY-UHFFFAOYSA-N,CHEMBL4096060,O=C(C=Cc1ccc(CCNC(=O)c2cc(Cc3n[nH]c(=O)c4ccccc34)ccc2F)cc1)NO,7.564474148501345,1,0.0,36
LXFJTNPLHVCZFR-UHFFFAOYSA-N,CHEMBL520084,Nc1ccccc1NC(=O)c1ccc(CNc2nccc(-c3nccs3)n2)cc1,6.853871964321762,1,0.0,29
LXJKRSGXXQKVRV-UHFFFAOYSA-N,CHEMBL5420601,Cc1nnc2n1-c1sc3c(c1C(c1ccc(Cl)cc1)=NC2CC(=O)Nc1ccc(C=CC(=O)NO)cc1)CCCC3,6.102372908709558,1,0.0,41
LXOPPQJUUDEPIE-UHFFFAOYSA-N,CHEMBL4103290,CCOc1cc(NC(=O)CCCCNC(=O)C(N)Cc2ccccc2)cc2c1OCC([N+](=O)[O-])=C2,6.1295960947209736,1,0.0,35
LXUDZYCOGQLEHS-UHFFFAOYSA-N,CHEMBL4640415,O=C(O)c1cccc(-c2ccc(C3(C(=O)Nc4ccc(C(=O)NO)cc4)CCCC3)cc2)c1,8.698970004336019,1,0.0,33
LXUOJZKROYWPPV-UHFFFAOYSA-N,CHEMBL5176029,COc1cc(C(=O)c2csc(-c3ccc(NC(=O)CCCC(=O)Nc4ccccc4N)cc3)n2)cc(OC)c1OC,5.043831569524636,1,0.0,41
LXWYRQJNEXQFOY-UHFFFAOYSA-N,CHEMBL1095711,CCN(CC)CCn1c(-c2cccc(C=CC(=O)NO)c2)nc2ccccc21,7.508638306165727,1,0.0,28
LXYBOYMSYIWYMJ-UHFFFAOYSA-N,CHEMBL3689887,CCCCCc1nc2cc(C=CC(=O)NO)ccn2c1CN(CC)CCC(C)(C)C,7.522878745280337,1,0.0,30
LYCCCRFBRDLGGA-UHFFFAOYSA-N,CHEMBL4066920,CN(C)Cc1cn(Cc2ccc(C(=O)NO)cc2)c2ccccc12,5.146910470148134,1,0.0,24
LYEDWEWSTDGROR-UHFFFAOYSA-N,CHEMBL2046456,COc1ccc(CC(=O)C(=O)NCCS)cc1Br,5.958607314841775,1,0.0,18
LYHODAWVJTVENH-UHFFFAOYSA-N,CHEMBL5088769,Cc1c2c(c(C(=O)Nc3cc(S(=O)(=O)N4CCOCC4)ccc3OCCCCCCCC(=O)NO)n1C)CCCCC2=O,6.481486060122112,1,0.0,43
LYISLTYEXFTYAC-UHFFFAOYSA-N,CHEMBL5564311,Nc1cc(F)ccc1NC(=O)c1ccc(CNc2cccc3c2C(=O)N(C2CCC(=O)NC2=O)C3=O)cc1,6.339988778710669,1,0.0,38
LYMFLPHSLQPLEX-UHFFFAOYSA-N,CHEMBL541426,O=C(NO)c1ccc(CCc2ccccc2)cc1,6.0,1,0.0,18
LYONFPDOAKGUJT-UHFFFAOYSA-N,CHEMBL5401053,Nc1ccccc1NC(=O)c1ccc(CNC(=O)c2cnn(-c3ccccc3)n2)cc1,7.026872146400302,1,0.0,31
LYPBZYVWGNJHCD-UHFFFAOYSA-N,CHEMBL5773308,Cc1ccc(F)c(NC(=O)Nc2ccc(-c3nn(CCCN(C)CCCC(=O)NO)c4ncnc(N)c34)cc2)c1,8.062983892535186,1,0.0,40
LYQTUDRCXUUCOA-UHFFFAOYSA-N,CHEMBL5977797,CC(=O)Nc1ccc(C(=O)Nc2cc(Br)ccc2N)cc1,5.761953896871205,1,0.0,21
LYRGQYWDWZHBQJ-UHFFFAOYSA-N,CHEMBL5891478,CNc1ccc(CCn2c(=O)c3ccccc3n(Cc3ccc(C(=O)NO)cc3)c2=O)cc1,5.3585258894959,1,0.0,33
LYTNPEBJVDYJIY-UHFFFAOYSA-N,CHEMBL4877454,CCCCCC(NC(=O)C1CN(C)C1)c1ncc(-c2cc3ccccc3nc2OC)[nH]1,5.327902142064282,1,0.0,31
LYUHXLDJCYYUNT-UHFFFAOYSA-N,CHEMBL4086442,CCCNNC(=O)c1ccc(CNC(=O)C(Cc2c[nH]c3ccccc23)NC(=O)c2ccc(OC)cc2)cc1,7.198733529510379,5,0.4427989403784425,39
LYWPEQFLYUJPIU-UHFFFAOYSA-N,CHEMBL3601332,O=C(CCCCCCC(=O)Nc1ccc2ccnc(Nc3cccc(Cl)c3F)c2c1)NO,7.757707095017069,1,0.0,32
LYWPHBLBRYXQSJ-UHFFFAOYSA-N,CHEMBL4847663,NC(=O)c1ccc2c(c1)CCCCN2Cc1ccc(C(=O)NO)cc1,6.823908740944319,1,0.0,25
LYXFZOVHSVAQQN-UHFFFAOYSA-N,CHEMBL5977824,Cc1noc(C2CCCCN2c2ccc(-c3noc(C(F)(F)F)n3)cn2)n1,6.031517051446064,1,0.0,27
LYXJJUVABRQDQS-UHFFFAOYSA-N,CHEMBL5409244,CC(c1ccc(C(=O)Nc2ccc(F)cc2N)cc1)n1nc(-c2ccc(CN(C)C)cc2)ccc1=O,7.239577516576788,3,0.15760785336166805,36
LYYOHGCLJGVKGA-UHFFFAOYSA-N,CHEMBL5633912,O=C(CCCCCC(=O)Nc1cc(-c2ccc3ncn(Cc4c(F)cccc4F)c3c2)[nH]n1)NO,7.5638373529592435,1,0.0,35
LZANTLQYOHNUSM-UHFFFAOYSA-N,CHEMBL5571945,Nc1ncnc2c1ncn2Cc1ccc(-c2cn(CCCCCCC(=O)NO)nn2)cc1,8.619788758288394,1,0.0,32
LZAPVRHQFGNDCB-UHFFFAOYSA-N,CHEMBL5795091,Cn1ccc(C=CC(=O)Nc2ccccc2N)n1,5.522878745280337,2,0.0,18
LZBKXQAVFZXXKI-UHFFFAOYSA-N,CHEMBL475692,Nc1ccc(-c2ccccc2)cc1NC(=O)c1ccc(CN2CCC3(CCCN3)CC2)cc1,8.096910013008056,1,0.0,33
LZCZMMICURVBRI-UHFFFAOYSA-N,CHEMBL3314867,Nc1ccccc1NC(=O)C=Cc1ccc(Cc2nnc(Cc3cccc4ccccc34)o2)cc1,5.3872161432802645,1,0.0,35
LZDVZSHIAKMDMZ-UHFFFAOYSA-N,CHEMBL5434546,COc1ccc(-c2cc(-c3ccn(Cc4ccc(C(=O)NO)cc4)n3)ccn2)cc1,8.72584215073632,1,0.0,30
LZLKAVIIBQTAGX-UHFFFAOYSA-N,CHEMBL4870578,COc1cc2nc(-c3ccc(C)o3)cc(NCC3CCN(Cc4ccc(C(=O)NO)cc4)CC3)c2cc1OC,6.481486060122112,1,0.0,39
LZLSEOQOIOKMNS-UHFFFAOYSA-N,CHEMBL6192626,CCCNNC(=O)CCCCCCNC(=O)c1cnc(-c2ccc3[nH]ccc3c2)s1,5.804100347590767,1,0.0,30
LZODJSNRNSCPJV-UHFFFAOYSA-N,CHEMBL3356929,O=C1CC(C(=O)NC(CCCCCS)C(=O)Nc2ccccc2)N1,8.096910013008056,1,0.0,24
LZPKUCUSSXDCDE-UHFFFAOYSA-N,CHEMBL6144736,O=C(NO)c1ccc(Cn2nc(C(=O)Nc3cccc(F)c3)cc2C(F)(F)F)cc1,5.8230410194130915,1,0.0,30
LZQWFCVURBGBJM-UHFFFAOYSA-N,CHEMBL5194080,COc1cc(C(=O)c2csc(-c3ccc(NCC(=O)Nc4ccccc4N)cc3)n2)cc(OC)c1OC,5.008773924307505,1,0.0,37
LZSHDMJZIRLVAP-UHFFFAOYSA-N,CHEMBL242039,CCSC(=S)SCC(=O)c1ccc(OC)cc1,5.40000018605658,1,0.0,17
LZYFRBDZTMNLFR-UHFFFAOYSA-N,CHEMBL4855710,COc1cc2c(NC3CCN(c4ccc(C(=O)NO)cc4)CC3)cc(-c3ccc(C)o3)nc2cc1OCCCN1CCCC1,6.3819519032879075,1,0.0,44
LZZJBJLIOVNVKE-UHFFFAOYSA-N,CHEMBL95313,O=C(CCCCCCC(=O)c1ccc(-c2ccccc2)cc1)NO,8.301029995663981,1,0.0,24
LZZPANZAMUBPRM-UHFFFAOYSA-N,CHEMBL5404696,COc1ccc2c3c(oc2c1OC)CN(CC(=O)Nc1ccc(C(=O)NO)cc1)CC3,8.200659450546418,1,0.0,31
MAAMKHKIOBWUDC-UHFFFAOYSA-N,CHEMBL5981867,Nc1ccc(-c2cccs2)cc1NC(=O)c1cnc(N2CCCC23CCN(C(=O)N2CCCC2)CC3)nc1,7.920818753952375,1,0.0,38
MABHZJRWBRBSJO-UHFFFAOYSA-N,CHEMBL474099,O=C(Nc1cc(Br)ccc1O)c1ccc(CNc2ccncc2)cc1,5.282079974163006,1,0.0,25
MAEKVVCEBJELGT-UHFFFAOYSA-N,CHEMBL5171086,CCCNNC(=O)c1cnc(N2CCN(Cc3c[nH]c4ccccc34)CC2)nc1,7.136677139879544,1,0.0,29
MAESVPGWPSVAHM-UHFFFAOYSA-N,CHEMBL428737,CC1(C)NC(=O)C(CCCCCSSc2ccccn2)NC(=O)C2CCCN2C(=O)C(c2ccccc2)NC1=O,7.055517327849831,1,0.0,40
MAIAQNBLEGJEJE-UHFFFAOYSA-N,CHEMBL5899207,CC(C)c1ccc(-c2cc3ccc(C(=O)NO)cc3s2)cc1,4.585026652029182,1,0.0,22
MAJQIYXFXNDFQE-UHFFFAOYSA-N,CHEMBL4639901,Nc1ccccc1NC(=O)c1ccc(CNC(=O)c2cc(Cc3n[nH]c(=O)c4ccccc34)ccc2F)cc1,6.853871964321762,1,0.0,39
MAKQWFNACRCLGJ-UHFFFAOYSA-N,CHEMBL5094087,Nc1nc2c(cnn2CCc2ccc(C(=O)NO)cc2)c2nc(-c3ccco3)nn12,6.861697301833718,1,0.0,30
MANNQXGOGDCTLP-UHFFFAOYSA-N,CHEMBL2442802,COc1cc(C2c3cc4c(cc3C(Nc3ccccc3OCCCCCCC(=O)NO)C3COC(=O)C23)OCO4)cc(OC)c1O,7.142667503568731,1,0.0,46
MANSOYAFQZFQKN-UHFFFAOYSA-N,CHEMBL6009283,Cc1csc(OCc2ccc(-c3noc(C(F)(F)F)n3)c(F)c2)n1,5.568636235841012,1,0.0,24
MAPPDXDITVZTFB-UHFFFAOYSA-N,CHEMBL3809231,CNC(=O)CCCCCC(NC(=O)c1cncs1)c1ncc(-c2ccc3[nH]ccc3c2)[nH]1,5.892790030352131,1,0.0,32
MATDHSREQSFFRV-UHFFFAOYSA-N,CHEMBL5183247,Cc1nc2cc(NC(=O)CCOCCOCCOCCOCCNC(=O)COc3cccc4c3C(=O)N(C3CCC(=O)NC3=O)C4=O)ccc2n1Cc1ccc(C(=O)NO)cc1F,5.82564940252062,1,0.0,63
MAUCONCHVWBMHK-UHFFFAOYSA-N,CHEMBL2103863,CN(C)Cc1c(C(=O)NCCOc2ccc(C(=O)NO)cc2)oc2ccccc12,8.154901959985743,3,0.6232492903979008,29
MAUHIMNCPWDQKJ-UHFFFAOYSA-N,CHEMBL569306,CC(C)CC1CC(=O)NC(CCCNC(=N)N)C(=O)NC(CCCCCC(=O)O)C(=O)NC(Cc2cccc3ccccc23)C(=O)N1,6.7495799976911055,1,0.0,47
MAVWGMQNCQUOBZ-UHFFFAOYSA-N,CHEMBL4290748,CC(=O)Nc1ccc(-c2ccnc(Nc3ccc(OCCCCCC(=O)NO)cc3)n2)cc1,7.050609993355087,1,0.0,33
MAWKWZMVTOKWMM-UHFFFAOYSA-N,CHEMBL5592204,COc1ccc2[nH]c3c(c2c1)CCN(Cc1ccc(C=CC(=O)NO)cc1)C3,7.966576244513051,1,0.0,28
MAZCUQLVBKCRPA-UHFFFAOYSA-N,CHEMBL3339027,CCN(CC)c1ccc(Nc2ncnc3sc(NC(=O)CCCCCCC(=O)NO)cc23)cc1,7.483200295918376,1,0.0,34
MBAUBZCZHMECKC-UHFFFAOYSA-N,CHEMBL5572410,O=C(NO)c1ccc(Cn2cnc3c(Nc4ccc(Br)cc4F)ncnc32)cc1,7.078313524516398,1,0.0,29
MBBOSOACLOZKPB-UHFFFAOYSA-N,CHEMBL6057389,O=C1NCCc2c(OCc3ccc(-c4noc(C(F)(F)F)n4)cn3)cccc21,5.886056647693163,1,0.0,28
MBCBSHBZQHGIQA-UHFFFAOYSA-N,CHEMBL4845706,COc1cc2nc(C3CCCCC3)cc(NCC3CCN(c4ncc(C(=O)NO)cn4)CC3)c2cc1OC,8.698970004336019,1,0.0,38
MBDALTHTQIMRAH-UHFFFAOYSA-N,CHEMBL5632493,O=C(CCCCCC(=O)Nc1cc(-c2ccc3ncn(Cc4c(Cl)cccc4Cl)c3c2)[nH]n1)NO,7.79317412396815,1,0.0,35
MBEGJIDEVMKRIQ-UHFFFAOYSA-N,CHEMBL6164091,O=C(CCCCCCCn1c2cc3c(cc2c2[nH]c(=O)c4ccccc4c21)OCO3)NO,8.397940008672037,1,0.0,32
MBEZFQPSYDEVRF-UHFFFAOYSA-N,CHEMBL2347009,CC(C)c1nc(N(C)S(C)(=O)=O)nc(-c2ccc(F)cc2)c1C=CC(O)CC(O)CC(=O)NO,6.902395671125589,1,0.0,34
MBFRACIBROUAEV-UHFFFAOYSA-N,CHEMBL5192330,COc1cc(C(=O)c2csc(-c3ccc(NC(=O)CCCCCC(=O)NO)cc3)n2)cc(OC)c1OC,4.718966632752273,1,0.0,37
MBHVQSBNXFIZRT-UHFFFAOYSA-N,CHEMBL5633366,Nc1ccccc1NC(=O)CCCCOc1no[n+]([O-])c1S(=O)(=O)c1ccccc1,6.207608310501746,1,0.0,30
MBHZZBWXSVRFTL-UHFFFAOYSA-N,CHEMBL5417556,COc1cc2oc3c(c2cc1C)CCN(CC(=O)Nc1ccc(C(=O)NO)cc1)C3,8.397940008672037,1,0.0,30
MBNHYMPDCHKXMB-UHFFFAOYSA-N,CHEMBL3593310,Nc1cc(F)ccc1NC(=O)c1ccc(CNC(=O)C=Cc2cnc3cccnn23)cc1,6.882728704344236,1,0.0,32
MBOHSZYVCDRFBU-UHFFFAOYSA-N,CHEMBL4745945,CCC(=O)CCCCCC(NC(=O)C1CC12CCN(C)CC2)c1ncc(-c2ccn3ncnc3c2)[nH]1,7.255724641749778,2,0.20164536352806905,36
MBPWBRLIXYHMKP-UHFFFAOYSA-N,CHEMBL469950,Nc1ccc(-c2cccs2)cc1NC(=O)c1ccc(N2CCC3(CC2)NCNC3=O)nc1,7.958607314841775,1,0.0,32
MBRUFEUOQFTVFD-UHFFFAOYSA-N,CHEMBL3655951,CC(C)(Nc1ncc(C(=O)NO)cn1)c1ccc(C(F)(F)F)cc1,6.051098239029786,1,0.0,24
MBRZPEATCWEQJO-UHFFFAOYSA-N,CHEMBL5180701,O=C(CCCCCCNC(=O)c1ccc(NC(=O)CCOCCOCCOCCOCCNC(=O)COc2cccc3c2C(=O)N(C2CCC(=O)NC2=O)C3=O)cc1)NO,6.681936665037238,1,0.0,60
MBUUQTHNGRRZRM-UHFFFAOYSA-N,CHEMBL5755237,Nc1ccc(-c2ccc(Cl)s2)cc1NC(=O)C1CCOCC1,6.255707016877324,1,0.0,22
MBVDRTDKRGVQLM-UHFFFAOYSA-N,CHEMBL3314865,Nc1ccccc1NC(=O)C=Cc1ccc(-c2nnc(Cc3ccc4ccccc4c3)o2)cc1,5.619788758288394,1,0.0,34
MBVSIFKILARVFB-UHFFFAOYSA-N,CHEMBL5436001,O=C(NO)c1ccc(CN2CCCc3cccnc32)cc1,5.853871964321762,1,0.0,21
MBVXNKJQHZUWBV-UHFFFAOYSA-N,CHEMBL5204164,COc1cc2ncnc(Nc3cccc(C=CC(=O)NO)c3)c2cc1OCCCN1CCOCC1,6.809894379144197,2,0.028028723600243666,35
MBYDBOTUIXEYNK-UHFFFAOYSA-N,CHEMBL3585971,COc1ccc(-c2noc(CCCCCCC(=O)Nc3ccccc3N)n2)cc1,6.040958607678906,1,0.0,29
MBZUWHZKVVZPHX-UHFFFAOYSA-N,CHEMBL5557847,Cc1ccc(C=C2CC(=O)N(CCCCCCC(=O)NO)C2=O)cc1,7.5934598195660445,1,0.0,25
MCAFOYSTIYKTMO-UHFFFAOYSA-N,CHEMBL4439108,O=C(NO)c1ccc(CN2c3ccncc3Sc3ncccc32)cc1,5.476253533188435,1,0.0,25
MCDAIVIQTVDVHH-UHFFFAOYSA-N,CHEMBL5986334,CC1CN(S(=O)(=O)N(Cc2ccc(-c3nnc(C(F)F)o3)cc2)c2ccccc2)CC(C)N1C,7.161150909262744,1,0.0,34
MCOVSZOJAIYMSB-UHFFFAOYSA-N,CHEMBL5875657,Cc1nc2c(s1)CN(C(=O)Nc1nc(-c3ccc(F)cc3F)ccc1N)C2,6.522878745280337,1,0.0,27
MCQYSBXVOTVSFC-UHFFFAOYSA-N,CHEMBL4097655,O=C(CCCCCCC(=O)Nc1cc2ncnc(Nc3cccc(Cl)c3)c2s1)NO,7.269217724333611,1,0.0,30
MCTRDIIBQIPGJD-UHFFFAOYSA-N,CHEMBL4084499,CCN(CC)CCNC(=O)c1ccc(-c2cn(CCCCCC(=O)NO)nn2)cn1,7.0,1,0.0,30
MCVBYWZUEUNVKU-UHFFFAOYSA-N,CHEMBL5075646,O=C(NO)c1ccc(C=Cc2ccnc(-c3ccccc3O)c2)cc1,6.657577319177793,2,0.0,25
MCVHEQSOIJARSD-UHFFFAOYSA-N,CHEMBL3945293,O=C(CCCCCCCOc1ccc2cc1COCC=CCOCc1cccc(c1)-c1ccnc(n1)N2)NO,5.630784142589857,1,0.0,39
MCWOAQJBGNTJLV-UHFFFAOYSA-N,CHEMBL6134447,CS(=O)(=O)Nc1ccc(-c2ccnc(Nc3ccc(N4CCN(CC(=O)NCCCCCCC(=O)NO)CC4)cc3)n2)cc1,7.292429823902063,1,0.0,44
MCXZLKVBYISWFW-UHFFFAOYSA-N,CHEMBL5089464,CN1c2ccc(F)cc2C(=O)N2CCc3c([nH]c4ccc(OCCCCC(=O)NO)cc34)C21,7.6777807052660805,1,0.0,33
MDFBVGXNRBSHEJ-UHFFFAOYSA-N,CHEMBL4101228,Nc1ccccc1NC(=O)c1ccc(NC(=S)NCc2ccc3c(c2)OCO3)cc1,7.0,1,0.0,30
MDGXAKPJTXGCJJ-UHFFFAOYSA-N,CHEMBL5220576,CCC(=O)CCCCCC(NC(=O)C1CC12CCN(CC)CC2)c1ncc(-c2cc3nccnc3cc2OC)[nH]1,8.346787486224656,1,0.0,40
MDIIMOBBPWYNDN-UHFFFAOYSA-N,CHEMBL6062115,CCOCc1cn2cc(C=CC(=O)Nc3ccccc3N)sc2n1,5.522878745280337,2,0.0,24
MDMBPFYECCKNBK-UHFFFAOYSA-N,CHEMBL472443,CC(=O)N1CC2(CCN(c3ccc(C(=O)Nc4cc(-c5cccs5)ccc4N)cn3)CC2)C1,7.638272163982407,1,0.0,33
MDMPBNMCGNGWFH-UHFFFAOYSA-N,CHEMBL5977093,O=C(NO)c1ccc2nc(-c3ccc(-c4ccc(CN5CCOCC5)cc4)cc3)[nH]c2c1,5.3979400086720375,1,0.0,32
MDNAJFVDTSUEGN-UHFFFAOYSA-N,CHEMBL6028045,Cc1ccc(F)c(NC(=O)Nc2ccc(-c3nn(CCCCCCCC(=O)NO)c4ncnc(N)c34)cc2)c1,9.327902142064282,1,0.0,39
MDQMXDZIXPLRSO-UHFFFAOYSA-N,CHEMBL6145952,CCCNNC(=O)CCCCNCc1ccc(-c2cccc(-c3ccccc3)c2C)nc1OC,6.338187314462739,1,0.0,34
MDQVOCYXLZNNTB-UHFFFAOYSA-N,CHEMBL5404245,O=C(NO)c1ccc(Cn2c(=O)[nH]c(=O)c3cc(F)ccc32)cc1,5.896196279044043,1,0.0,24
MDTFVABOGIOJNL-UHFFFAOYSA-N,CHEMBL2047688,O=C(NCCS)C(Cc1ccc(O)cc1)=NO,8.397940008672037,1,0.0,17
MDTWRJDWPUJHKT-UHFFFAOYSA-N,CHEMBL2425955,Cc1nc2cc(C=CC(=O)NO)ccc2c(=O)n1-c1ccccc1,5.4478588964527805,2,0.2743355111528025,24
MDWBJFGCVLUCHD-UHFFFAOYSA-N,CHEMBL1095719,Cc1nc(-c2cccc(C=CC(=O)NO)c2)n(CCc2ccccc2)c1C,8.102372908709558,1,0.0,27
MDZNRNZABFBMBZ-UHFFFAOYSA-N,CHEMBL3664053,CC(=O)NCc1ccc(C(=O)Nc2cc(-c3ccccc3)ccc2N)cc1,7.7447274948966935,1,0.0,27
MEGVNFAEKQCVRM-UHFFFAOYSA-N,CHEMBL5857161,Nc1ccc(-c2cccs2)cc1NC(=O)C1CCCO1,7.301029995663981,1,0.0,20
MEJRAHCJERXHEQ-UHFFFAOYSA-N,CHEMBL388195,COC(=O)C1Cc2cccc(c2)CC(NC(C)=O)C(=O)NC(CCCCCC(=O)NO)C(=O)N1,7.2441251443275085,1,0.0,34
MENYNRNBUGXEJK-UHFFFAOYSA-N,CHEMBL4217705,O=C(CCCCN(Cc1ccccc1)Cc1ccccc1)NO,5.7447274948966935,1,0.0,23
MEOHMFSQMVKOCD-UHFFFAOYSA-N,CHEMBL4062908,CCc1ccc(Nc2ncnc3cc(NC(=O)CCCCCCC(=O)NO)sc23)cc1,6.588582338460932,1,0.0,31
MEPQUFNCBJPEGP-UHFFFAOYSA-N,CHEMBL5431370,CCN(CC)Cc1ccc(-c2ccc(=O)n(Cc3ccc(C(=O)Nc4ccccc4N)cc3)n2)cc1,6.639217310126719,1,0.0,36
MEUFXVQREXAIML-UHFFFAOYSA-N,CHEMBL258297,Nc1ccccc1NC(=O)c1ccc(CNc2nc(NC3Cc4ccccc4C3)nc(N3CCOCC3)n2)cc1,7.096910013008056,1,0.0,40
MEUGCPLPAYIBOF-UHFFFAOYSA-N,CHEMBL5402253,O=C(CCCCNC(=O)c1ncc(-c2ccccc2)o1)NO,6.028167720075075,1,0.0,22
MEUMZPCNBJWULD-UHFFFAOYSA-N,CHEMBL4757813,CCC(=O)CCCCCC(NC(=O)C1CC12CCN(CC)CC2)c1ncc(-c2cc([N+](=O)[O-])ccc2OC)[nH]1,8.10790539730952,1,0.0,39
MEVLDKCVPRQTFM-UHFFFAOYSA-N,CHEMBL3827865,CN(Cc1nc2c(N3CCOCC3)nc(-c3ccc(S(C)(=O)=O)cc3)nc2n1C)c1ncc(C(=O)NO)cn1,9.070581074285707,1,0.0,39
MEWDNULKAXEKII-UHFFFAOYSA-N,CHEMBL4800426,O=C(NO)c1ccc(CN(Cc2nnnn2Cc2ccccc2)C(=O)c2ccccc2C(F)(F)F)cc1,5.285670240254767,1,0.0,37
MEWZDPDQWYRBCE-UHFFFAOYSA-N,CHEMBL5864587,Cn1cc(C=CC(=O)Nc2cc(F)ccc2N)cn1,5.522878745280337,2,0.0,19
MEXBWEBSXKCCSI-UHFFFAOYSA-N,CHEMBL4862152,CCC(=O)CCCCCC(NC(=O)C1CC12CCN(CC1CC1)CC2)c1ncc(-c2cc3ccc(C)nc3cc2OC)o1,9.769551078621726,1,0.0,43
MEZNEOSGOHNEJC-UHFFFAOYSA-N,CHEMBL4749226,CC(=NNC(=S)NCCCCCC(=O)NO)c1ccc(F)cc1,7.159580222263514,1,0.0,23
MFKWDGAIRDGDTG-UHFFFAOYSA-N,CHEMBL4080343,Cc1ccc(NC(=O)CN(CCCCCC(=O)NO)C(=O)c2ccc(N(C)C)cc2)cc1,7.015922966097169,1,0.0,32
MFLQMBSNJUUTEB-UHFFFAOYSA-N,CHEMBL5075150,CCCNNC(=O)c1ccc(CNC(=O)c2ccc3cnccc3c2)cc1,7.767003889607846,1,0.0,27
MFQKPONBGXPIKR-UHFFFAOYSA-N,CHEMBL4788187,CCOC(=O)C1CC1c1ccc(OC)c(-c2cnc(C(CCCCCC(=O)CC)NC(=O)C3CC34CCN(CC)CC4)[nH]2)c1,8.161150909262744,1,0.0,44
MFTKPXOLBJFZOA-UHFFFAOYSA-N,CHEMBL5631528,Cn1cc(CCN2CCN(c3cnc(C(=O)Nc4cc(-c5cccs5)ccc4[N+](=O)[O-])cn3)CC2)c2ccccc21,6.585026652029182,1,0.0,41
MFURNFAEMKSLIT-UHFFFAOYSA-N,CHEMBL5199993,CCCCCCNNC(=O)c1cnc(N2CCN(CCc3c[nH]c4ccccc34)CC2)nc1,6.065501548756432,1,0.0,33
MFWNOZKIKREYBG-UHFFFAOYSA-N,CHEMBL4776416,CC=C1NC(=O)C2CSSCCC=CC(CC(=O)NC(C(C)C)C(=O)N2)OC(=O)CNC1=O,8.327902142064282,1,0.0,33
MFYBAPSRZVMJKO-UHFFFAOYSA-N,CHEMBL95885,COc1ccccc1C(=O)CCCCCCC(=O)NO,7.022276394711152,1,0.0,20
MGAPERLZFHUEQS-UHFFFAOYSA-N,CHEMBL5923724,CCc1ncc2c(n1)CN(C(=O)Nc1nc(-c3ccc(F)cc3)ccc1N)C2,6.212984366136141,2,0.6197887582883936,28
MGDBLROTBHDXRS-UHFFFAOYSA-N,CHEMBL4174193,CC(C)CN(Cc1ccc(C(=O)NO)cc1)C(=O)Nc1ccccc1,5.212539525481585,1,0.0,25
MGGQEULGVBEMAL-UHFFFAOYSA-N,CHEMBL556332,O=C(C=Cc1ccc(-c2ccc(O)cc2)cc1)NO,5.2588484011482155,1,0.0,19
MGHILXJDAYVODV-UHFFFAOYSA-N,CHEMBL4204833,Cn1cc(-c2ccc(=O)n(CCOc3ccnc4cc(OCCCOc5ccc(C(=O)Nc6ccccc6N)nc5)ccc34)n2)cn1,7.42021640338319,1,0.0,47
MGLLPZGTTQFMEG-UHFFFAOYSA-N,CHEMBL3601342,COCCCNc1nccc2ccc(NC(=O)CCCCCCC(=O)NO)cc12,7.554240163511369,1,0.0,29
MGNMWQTWYLWJEN-UHFFFAOYSA-N,CHEMBL5188109,Cc1ccccc1C(=O)N(CC(=O)NC(C)(C)C)Cc1ccc(C(=O)NO)cc1F,5.756961951313706,1,0.0,30
MGOAWIRTPOOEAO-UHFFFAOYSA-N,CHEMBL403813,N#Cc1cc(CN2CCC2)cnc1-c1ccc(C(=O)Nc2ccccc2N)cc1,8.010016541698601,1,0.0,29
MGOBEEYFYBDGSS-UHFFFAOYSA-N,CHEMBL5087206,Nc1nc(NCCc2ccc(OCCCC(=O)NO)cc2)nc2nc(-c3ccco3)nn12,6.968591535748375,1,0.0,32
MGPSFMYVFDFUJS-UHFFFAOYSA-N,CHEMBL3775209,CN(c1ccc(OCCCC(=O)NO)cc1)c1ncnc2ccccc12,7.119186407719209,1,0.0,26
MGQNDCLRBRJWCR-UHFFFAOYSA-N,CHEMBL5851957,O=C1CCC(c2ccccc2Cl)N1c1ccc(-c2noc(C(F)(F)F)n2)cc1F,5.7447274948966935,1,0.0,29
MGVYDSMTJALJHR-UHFFFAOYSA-N,CHEMBL2413299,CCN(Cc1ccc(-c2ccccc2)cc1)Cc1ccc(C=CC(=O)NO)o1,5.465973893943865,1,0.0,28
MGZFVPBQDNNWCX-UHFFFAOYSA-N,CHEMBL5867217,O=C1NCCc2c(OCc3ccc(-c4noc(C(F)(F)F)n4)c(F)c3)cccc21,5.161150909262744,1,0.0,29
MHFBZPRAMLINSJ-UHFFFAOYSA-N,CHEMBL5633679,COc1ccccc1Cn1cnc2ccc(-c3cc(NC(=O)CCCCCC(=O)NO)n[nH]3)cc21,7.407823242604133,1,0.0,35
MHGBLDSGEWNJBO-UHFFFAOYSA-N,CHEMBL4072356,CC(C)(C)OC(=O)CCC1N=C(c2ccccc2)c2ccccc2N(CCCCC(=O)NO)C1=O,5.34008379993015,1,0.0,35
MHKHGVSRGWQPII-UHFFFAOYSA-N,CHEMBL4065147,O=C(CS)NCCCCCn1ccc2cc(Cl)c(Cl)cc21,5.125518182300533,3,0.02314527359097518,21
MHNICVIDZOWYFE-UHFFFAOYSA-N,CHEMBL4563988,COC(=O)c1ccc2ccccc2c1OCCCCCCCC(=O)NO,5.455931955649724,1,0.0,26
MHPYVTZFWDQVSW-UHFFFAOYSA-N,CHEMBL4545154,COc1ccc(N(Cc2noc(-c3cccc(F)c3)n2)C(=O)CCCCCC(=O)NO)cc1,7.978810700930062,1,0.0,33
MHQIQCUFEVLABP-UHFFFAOYSA-N,CHEMBL1095085,CCN1CCCC(n2c(C)nc(C)c2-c2cccc(C=CC(=O)NO)c2)C1,6.301029995663981,1,0.0,27
MHTCQYIMXKTDAB-UHFFFAOYSA-N,CHEMBL6142658,Cc1cc(NC(=O)Nc2ccc(Oc3ccnc(-c4cnn(CCCCCCC(=O)NO)c4)c3)cc2)on1,8.3767507096021,1,0.0,38
MHXCMUVAZKQIBE-UHFFFAOYSA-N,CHEMBL6160890,Cc1c(N)cccc1-c1cn(CCCCCC(=O)NO)c2ccc(C#N)cc12,8.4089353929735,1,0.0,28
MHZUZIALEUTHIU-UHFFFAOYSA-N,CHEMBL4526892,CCCNNC(=O)c1ccc(CNC(=O)C=Cc2ccccc2)cc1,7.928117992693874,7,0.8717925245254357,25
MICDBFQXDUFEPP-UHFFFAOYSA-N,CHEMBL4748726,Nc1ncc(-c2nc(N3CCC(O)CC3)c3ncn(CCCCCCC(=O)NO)c3n2)cn1,9.161150909262744,1,0.0,33
MIIXFROWVNBEBI-UHFFFAOYSA-N,CHEMBL4535819,COc1ncc(-c2cc(OCCCCCCCC(=O)NO)c3ncnc(C)c3c2)cc1NS(C)(=O)=O,8.67778070526608,1,0.0,36
MIMFQMSYGWSKSM-UHFFFAOYSA-N,CHEMBL520050,Nc1ccccc1NC(=O)c1ccc(N2CCC3(CC2)CNc2ccccc23)nc1,6.886056647693163,1,0.0,30
MIMRQUUGDOYHSE-UHFFFAOYSA-N,CHEMBL4584020,CC(NC(=O)c1nc(-c2nc3c(s2)CCCC3)sc1C1CC1)c1ccc(C(=O)NO)cc1,7.833273944419949,1,0.0,32
MINLAVWRIIAIGN-UHFFFAOYSA-N,CHEMBL4159972,O=C(C=Cc1ccc(CN(Cc2ccc(F)cc2)c2ncc(C(=O)NCCCn3ccnc3)s2)cc1)NO,7.040958607678906,1,0.0,38
MINWQXNZUZBENO-UHFFFAOYSA-N,CHEMBL5276718,CC1(C)c2ccccc2N(Cc2ccc(C(=O)NO)cc2)C1c1ccccc1,4.728623128105926,1,0.0,28
MIPMEJXQVYGNPO-UHFFFAOYSA-N,CHEMBL3700346,Nc1ccc(F)cc1NC(=O)c1ccc(CNc2ncnc3ccccc23)cc1,6.286509456906058,1,0.0,29
MITSSTIPPZCDRU-UHFFFAOYSA-N,CHEMBL5633767,O=C(CCCCCC(=O)Nc1cc(-c2ccc3ncn(Cc4cccs4)c3c2)[nH]n1)NO,7.886056647693163,1,0.0,32
MIWNACVLYXLGRI-UHFFFAOYSA-N,CHEMBL6051988,CCCCNNC(=O)c1ccc(-c2cncnc2)cc1,5.906578314837764,1,0.0,20
MIWVNZCHQYZYHR-UHFFFAOYSA-N,CHEMBL2047683,C=C(Cc1ccc(O)c(Br)c1)C(=O)NCCS,6.376750709602099,1,0.0,17
MIYLHRAVWYBTPV-UHFFFAOYSA-N,CHEMBL512644,O=C(CCCCCCC(=O)Nc1ccc(-c2ccccc2)cc1)NO,7.481486060122112,1,0.0,25
MIZRPIDUSWDEDH-UHFFFAOYSA-N,CHEMBL4451969,O=C(C=Cc1cccc(CNc2cc3c([nH]c4ccccc43)c(-c3ccc([N+](=O)[O-])cc3)n2)c1)NO,7.886056647693163,1,0.0,36
MJFMMWISMNQZBL-UHFFFAOYSA-N,CHEMBL4097820,CCC(C)C1N=C(c2ccccc2)c2ccccc2N(CCCCC(=O)NO)C1=O,4.96018944585165,1,0.0,30
MJHOILSAAGMDMQ-UHFFFAOYSA-N,CHEMBL4752663,O=C(NCc1ccc(C(=O)NO)c(-c2ccccc2)c1)c1ccccc1F,4.4089353929735005,1,0.0,27
MJMHZCGCAYVIIX-UHFFFAOYSA-N,CHEMBL6004859,O=C(NC(Cc1ccc(-c2noc(C(F)(F)F)n2)cn1)c1cccc(C(F)(F)F)c1)c1ccccc1,6.161150909262744,1,0.0,36
MJQFBKVHNOYSSQ-UHFFFAOYSA-N,CHEMBL5891273,O=C1COCC(c2ccccc2)N1c1cc(F)c(-c2noc(C(F)(F)F)n2)cc1F,5.886056647693163,1,0.0,30
MJRAWABZLHXTMT-UHFFFAOYSA-N,CHEMBL4846714,O=C(NO)c1ccc(CN2C(=O)CCCc3cc(Cl)ccc32)cc1,6.899629454882437,1,0.0,24
MJWLKDRLCVWYAZ-UHFFFAOYSA-N,CHEMBL4091055,CC(C)(C)OC(=O)Nc1ccc(CNC(=O)Nc2ccc(C(=O)Nc3ccccc3N)cc2)cn1,5.481486060122112,1,0.0,35
MJXZGOILTUBEPA-UHFFFAOYSA-N,CHEMBL5816615,O=C1CCC(c2ccccc2)N1c1ccc(-c2noc(C(F)(F)F)n2)cn1,5.318758762624412,2,0.3521825181113627,27
MKBMAPVXDDOMBF-UHFFFAOYSA-N,CHEMBL4871779,Nc1ncnc2c1c(-c1cnc3ccccc3c1)nn2CCCCC(=O)NO,7.187086643357144,1,0.0,28
MKBSSERECOKTHX-UHFFFAOYSA-N,CHEMBL4521497,COc1ccc(-c2cc(OCCN(c3ncc(C(=O)NO)cn3)C(C)C)c3ncnc(C)c3c2)cn1,8.795880017344075,1,0.0,36
MKCHJUTTYARUOA-UHFFFAOYSA-N,CHEMBL475618,NS(=O)(=O)NCCCCC(NS(=O)(=O)Cc1ccccc1)C(=O)Nc1nc(-c2ccccc2)cs1,5.853871964321762,1,0.0,35
MKDBAAMSXWKIHC-UHFFFAOYSA-N,CHEMBL5592140,COc1ncc(-c2cc(OCCCc3ccc(C(=O)Nc4ccccc4N)cc3)c3ncnc(C)c3c2)cc1NS(=O)(=O)c1ccc(F)cc1F,7.552841968657781,1,0.0,51
MKDCAECTZDKFKX-UHFFFAOYSA-N,CHEMBL378942,COc1cc(NCc2ccc(C=CC(=O)Nc3ccccc3N)cc2)cc(OC)c1OC,5.698970004336019,1,0.0,32
MKDINMGNVYRRIB-UHFFFAOYSA-N,CHEMBL4588104,O=C(C=Cc1ccc(C(=O)NC(Cc2c[nH]c3ccccc23)C(=O)Nc2ccc3ccccc3c2)cc1)NO,8.659754238432068,1,0.0,39
MKEQAGRQJBGQAW-UHFFFAOYSA-N,CHEMBL5285418,CCC(=O)CCCCCC(NC(=O)Cn1ccnn1)c1ncc(-c2cc3ccccc3nc2OC)o1,8.522878745280337,1,0.0,36
MKMZJKFJHZVYQT-UHFFFAOYSA-N,CHEMBL4438566,O=C(NO)c1ccc(CN2c3ccccc3Sc3ccccc32)cc1,5.644907456966719,2,0.7015423385012767,25
MKVLTWPKSBOTOH-UHFFFAOYSA-N,CHEMBL4068308,CN(C)C(=O)c1cc2cnc(Nc3ccc(C(=O)NCCCCCCC(=O)NO)cc3)nc2n1C1CCCC1,8.853871964321762,1,0.0,39
MKZIQYVLEDCPQU-UHFFFAOYSA-N,CHEMBL4878011,CCCCCCCCC(NC(=O)C1CN(C)C1)c1ncc(-c2cc3ccccc3nc2OC)[nH]1,4.7447274948966935,1,0.0,34
MLEBELOJMPTVTD-UHFFFAOYSA-N,CHEMBL3689780,CCCCCCc1nc2cc(C=CC(=O)NO)ccn2c1NCCC(=O)NCCN(C)C,7.00436480540245,1,0.0,32
MLIHNRMUTTYDTK-UHFFFAOYSA-N,CHEMBL384804,COc1cccc(NC(=O)C(CCCCCC(C)=O)NC(=O)Cc2c(C)[nH]c3ccc(OC)cc23)c1,7.638272163982407,1,0.0,36
MLNQXXLSVZJJMQ-UHFFFAOYSA-N,CHEMBL3655985,O=C(NO)c1cnc(NCc2ccccn2)nc1,6.6595558851598815,1,0.0,18
MLOARSQSDRWMKR-UHFFFAOYSA-N,CHEMBL5899637,CN1CCC(Cn2cc(C=CC(=O)Nc3ccccc3N)cn2)CC1,5.522878745280337,2,0.0,25
MLOBRTZNHHPMQH-UHFFFAOYSA-N,CHEMBL5423769,COc1cc2oc3c(c2cc1OC)CCN(CC(=O)Nc1ccc(C(=O)NO)cc1)C3,8.200659450546418,1,0.0,31
MLVOHXSGOFUEGR-UHFFFAOYSA-N,CHEMBL4543077,CN(C)c1cccc2c(S(=O)(=O)N(CC(=O)NCc3ccccc3)Cc3ccc(C(=O)Nc4ccccc4N)cc3)cccc12,6.170053304058364,1,0.0,45
MMBWNRPIMMTKAO-UHFFFAOYSA-N,CHEMBL5192326,COc1cc(C(=O)c2csc(-c3ccc(C=CC(=O)NO)cc3)n2)cc(OC)c1OC,5.071092309756047,1,0.0,31
MMFZSZCTPXEGCR-UHFFFAOYSA-N,CHEMBL5219657,Cn1c(C2CC(OC(=O)NCCc3ccc(C(=O)NO)cc3)CN2c2nc(N)nc(N)c2C#N)nc2cccc(Cl)c2c1=O,6.5406075122407685,1,0.0,44
MMGBYDCIOWTBCJ-UHFFFAOYSA-N,CHEMBL3894825,CC1(C)C(=O)N(c2ccc(C#N)c(C(F)(F)F)c2)C(=S)N1c1ccc(C(=O)OCCCCCC(=O)NO)c(F)c1,5.501689446210399,1,0.0,40
MMHPCBFDYDBBIL-UHFFFAOYSA-N,CHEMBL484489,O=C(C=Cc1ccc(Cl)cc1F)NCCCCCC(=O)NO,8.494850021680094,1,0.0,22
MMHVNQAUKBHQHG-UHFFFAOYSA-N,CHEMBL5562536,Nc1ccccc1NC(=O)c1ccc(CNC(=O)c2ccc(-c3ncc(CNc4ccccc4)s3)cc2)cc1,6.4089353929735005,1,0.0,39
MMIHZWXOIMGVNO-UHFFFAOYSA-N,CHEMBL6101879,CS(=O)(=O)Nc1ccc(-c2ccnc(Nc3ccc(N4CCN(CC(=O)NCCCCC(=O)NO)CC4)cc3)n2)cc1,6.886056647693163,1,0.0,42
MMIKNEYLJPHVLH-UHFFFAOYSA-N,CHEMBL515432,Cc1ccc(NC(=O)c2ccc(C(=O)Nc3ccccc3N)cc2)cc1Nc1ncc(-c2cccnc2)s1,6.769551078621726,1,0.0,38
MMJABUUTYZSELR-UHFFFAOYSA-N,CHEMBL3689841,CCNCc1c(C(C)(C)C)nc2cc(C=CC(=O)NO)ccn12,7.221848749616356,1,0.0,23
MMJNYIWYIYPYPL-UHFFFAOYSA-N,CHEMBL5192939,Cc1ccc(-c2nc(N)nc3c2cnn3CCCCC(=O)NO)o1,6.642065152999546,1,0.0,24
MMSGALSNHXCNDK-UHFFFAOYSA-N,CHEMBL3670672,Nc1ccccc1NC(=O)c1ccc(CNC(=O)c2[nH]c(-c3ccoc3)cc2-c2ccc(O)cc2)cc1,7.0655015487564325,1,0.0,37
MMUQBONRIUBLCJ-UHFFFAOYSA-N,CHEMBL5438599,O=C(CN1CCc2c(oc3ccccc23)C1)Nc1ccc(C(=O)NO)cc1,8.309803919971486,1,0.0,27
MMVCCAKXGHEKQP-UHFFFAOYSA-N,CHEMBL5612800,O=C(NO)c1ccc(S(=O)(=O)n2ccc3cc(OCc4ccccc4)ccc32)cc1,5.398700689805663,1,0.0,30
MMWFLIBCIOFXBI-UHFFFAOYSA-N,CHEMBL3109980,O=C(NO)C1C(c2ccccc2)C1c1cc(Cl)c2c(c1)OCCO2,4.769551078621726,1,0.0,24
MMXQZUUCRKYESL-UHFFFAOYSA-N,CHEMBL4856764,Nc1ccc(-c2cccs2)cc1NC(=O)c1ccc2c(c1)CC(=O)N2CCCN1CCOCC1,9.0,1,0.0,34
MMYNUUFRKFXUSF-UHFFFAOYSA-N,CHEMBL5417826,CN(Cc1ccccc1)c1cc(NCCCC(=O)NO)nc(-c2cccnc2)n1,6.306185146110583,1,0.0,29
MMYQTORCXQCKAR-UHFFFAOYSA-N,CHEMBL4760754,COc1ccc(-c2nc(N3CCOCC3)c3ncn(CCCCCCC(=O)NO)c3n2)cc1CO,9.050609993355087,1,0.0,35
MMZYGJCCLIZGBV-UHFFFAOYSA-N,CHEMBL5195676,CCCCCCNNC(=O)c1cnc(N2CCN(Cc3c[nH]c4ccccc34)CC2)nc1,6.769551078621726,1,0.0,32
MNBQOGLPAINUGO-UHFFFAOYSA-N,CHEMBL3655941,O=C(NO)c1cnc(NCCc2ccccc2-c2ccccc2)nc1,6.2168113089247425,1,0.0,25
MNDILBCXGQBZIU-UHFFFAOYSA-N,CHEMBL2047690,CSc1ccc(CC(=NO)C(=O)NCCS)cc1,8.698970004336019,1,0.0,18
MNDJKKJQEQZNRH-UHFFFAOYSA-N,CHEMBL6042918,CC(C)(C)OC(=O)N1CC(c2cc(F)cc(F)c2)N(c2ccc(-c3noc(C(F)(F)F)n3)cn2)C(=O)C1C1CCOCC1,5.136677139879544,1,0.0,43
MNDZVSFGMQMUNI-UHFFFAOYSA-N,CHEMBL4072341,CCOc1cc(NC(=O)CCCCCC(=O)Nc2cc(-c3ccc(C)s3)ccc2N)cc2c1OCC([N+](=O)[O-])=C2,6.436518914605589,1,0.0,40
MNJOEIDASKQHJF-UHFFFAOYSA-N,CHEMBL3664122,O=C(Nc1cc(-c2ccccc2)ccc1O)c1ccc(CNC2Cc3ccccc3C2)cc1,6.795880017344075,1,0.0,33
MNMBNWINDLRVJD-UHFFFAOYSA-N,CHEMBL3086768,O=C(CCCC(=O)NCCc1ccccc1)NO,5.301029995663981,1,0.0,18
MNODIKQCUVLSDW-UHFFFAOYSA-N,CHEMBL256117,Nc1ccccc1NC(=O)c1ccc(-c2ncc(CN3CCCCC3)s2)cc1,7.659952682338607,1,0.0,28
MNPSRIAZPXEERY-UHFFFAOYSA-N,CHEMBL5983339,Nc1ccc(-c2cccs2)cc1NC(=O)N1CC(F)C1,7.301029995663981,1,0.0,20
MNPXTXIBMBMRDV-UHFFFAOYSA-N,CHEMBL472346,CN(C)c1ccc(C=Cc2ccc(C(=O)NO)o2)cc1,4.306273051076353,1,0.0,20
MNTZTXLUYBQSMI-UHFFFAOYSA-N,CHEMBL522269,Cn1c(CCc2ccccc2)nc2cc(C=CC(=O)NO)ccc21,6.448550002027124,3,0.2129935043682707,24
MNVWUSQHBZOFFG-UHFFFAOYSA-N,CHEMBL6175801,Cc1cc2c(cc1C#N)c(-c1cccc(N)c1C)cn2-c1ccc(NC(=O)CCCCCCC(=O)NO)cc1,7.265200170411153,1,0.0,39
MNYXLLCFUITPEQ-UHFFFAOYSA-N,CHEMBL5407655,CC(c1ccc(C(=O)Nc2cccc(F)c2N)cc1)n1nc(-c2ccc(CN(C)C)cc2)ccc1=O,6.912218582190457,1,0.0,36
MNZRELGZOFGLNN-UHFFFAOYSA-N,CHEMBL5856437,Cc1cnc(COc2cc(-c3noc(C(F)(F)F)n3)ccn2)cn1,5.721246399047171,1,0.0,24
MOAPPJRDAXBNLD-UHFFFAOYSA-N,CHEMBL4741326,COc1ccc(CC(=O)NCCCCC(C(=O)NO)c2ccccc2)cc1,5.0,1,0.0,27
MOHJZWIJTIDFGM-UHFFFAOYSA-N,CHEMBL5090421,Cc1cccnc1Nc1nc(SCc2ccc(C(=O)Nc3ccccc3N)cc2)nn2cccc12,6.690369832574101,1,0.0,35
MOHPPFRGEVZIHW-UHFFFAOYSA-N,CHEMBL5417858,Nc1ccccc1NC(=O)c1ccc(NC(=O)Cc2ccc3ccccc3c2)cn1,6.723538195826755,1,0.0,30
MONDLWVPSRWLDO-UHFFFAOYSA-N,CHEMBL4288076,O=C(CCCCCC(=O)NCCNc1nonc1C(=NO)Nc1ccc(F)c(Br)c1)NO,8.036212172654444,1,0.0,32
MONIZEHEBXCGGM-UHFFFAOYSA-N,CHEMBL1835352,CC(C)CC(NC(=O)OC(C)(C)C)C(=O)N1CC2(CC1C(=O)NCCCCCC(=O)NO)SCCS2,6.167491087293763,1,0.0,36
MOOBPKBFBOECGY-UHFFFAOYSA-N,CHEMBL3334997,O=C(NO)c1ccc(N2CCN(Cc3ccc(C(F)(F)F)cc3)C2=O)cc1,7.096910013008056,1,0.0,27
MOSUULXFKWELRP-UHFFFAOYSA-N,CHEMBL5178922,O=C(CCCCCCN1CC(c2ccc3ncnc(Nc4ccc(Br)cc4F)c3c2)N=N1)NO,8.958607314841775,1,0.0,34
MOURCTSAWBAUNR-UHFFFAOYSA-N,CHEMBL5427776,CN(C)c1cc(F)c(N=Nc2c(F)cc(C=CC(=O)Nc3ccccc3N)cc2F)c(F)c1,5.920818753952375,1,0.0,33
MPAWGBZPEYWJHS-UHFFFAOYSA-N,CHEMBL2448570,CCC(=O)CCCCCC(NC(=O)C1CN(C)C1)c1ncc(-c2cc(OC)c3ccccc3n2)[nH]1,6.790484985457369,1,0.0,35
MPDZOYAKHGBJDW-UHFFFAOYSA-N,CHEMBL5569920,COc1ncc(-c2cc(OCCCCCC(=O)Nc3ccccc3N)c3ncnc(C)c3c2)cc1NS(=O)(=O)c1ccc(F)cc1F,5.883392256011751,1,0.0,47
MPEGCSAXWPCBMY-UHFFFAOYSA-N,CHEMBL3771174,Cc1ccc(-c2nc(C(=O)NO)co2)cc1,4.3971806575673,1,0.0,16
MPGKGVSXJILIMG-UHFFFAOYSA-N,CHEMBL5221123,CC(Nc1nc(N)nc(N)c1C#N)c1nc2cccc(Cl)c2c(=O)n1Cc1ccc(C(=O)NO)s1,6.669586226650809,1,0.0,35
MPHCHZFSBARRJN-UHFFFAOYSA-N,CHEMBL4205609,COc1cccc(C(=O)c2ccc3c(ccn3S(=O)(=O)c3cccc(C=CC(=O)NO)c3)c2)c1,5.917214629683549,1,0.0,34
MPLIEMAEOVAVDT-UHFFFAOYSA-N,CHEMBL5402175,Nc1ccccc1NC(=O)c1ccc(CNC(=O)c2nn(-c3ccc(Br)cc3)nc2N)cc1,6.950781977329818,1,0.0,33
MPMPKDWQOVDGGV-UHFFFAOYSA-N,CHEMBL3775521,Cc1nc(N(C)c2ccc(OCC(=O)NO)cc2)c2ccccc2n1,6.764471553092451,1,0.0,25
MPNHUWUPQIWYOF-UHFFFAOYSA-N,CHEMBL4171353,CCOc1cc(C(C)(C)C)ccc1C1=NC(c2ccc(Cl)cc2)C(c2ccc(Cl)cc2)N1C(=O)N1CCN(CCCCC(=O)NO)CC1,6.008773924307505,1,0.0,48
MPNZKBPNAZNHSB-UHFFFAOYSA-N,CHEMBL6067698,CC(COCCC(=O)NC1CCN(c2ncc(C(=O)NO)cn2)CC1)Nc1cn[nH]c(=O)c1C(F)(F)F,7.337242168318426,1,0.0,37
MPONARWZOVNLBO-UHFFFAOYSA-N,CHEMBL3689815,CCN1CCN(Cc2c(-c3ccccc3)nc3cc(C=CC(=O)NO)ccn23)CC1,5.337242168318426,1,0.0,30
MPQLERWNCCSZSP-UHFFFAOYSA-N,CHEMBL5764630,CCN1C(C)CN(S(=O)(=O)N(Cc2ccc(-c3nnc(C(F)F)o3)cn2)c2ccccc2)CC1C,7.214670164989233,1,0.0,35
MPWNPOWUISHIER-UHFFFAOYSA-N,CHEMBL5596683,O=C(NO)c1ccc(Cn2cc(Nc3cc(-c4cccc(NCC5CCOCC5)n4)c(Cl)cn3)cn2)cc1,5.9186526921958675,1,0.0,38
MQDHFQDXUAWWEF-UHFFFAOYSA-N,CHEMBL4086561,COc1ccc(C(=O)NC(Cc2c[nH]c3ccccc23)C(=O)NCCCCCC(=O)Nc2cc(-c3ccccc3)ccc2N)cc1,7.255707016877324,1,0.0,46
MQGIMYGUJWRQDY-UHFFFAOYSA-N,CHEMBL2179249,COc1ccccc1NC(=O)N(CCCO)Cc1ccc(C(=O)NO)cc1,5.718966632752272,4,0.0,27
MQGKODIYTBEYCZ-UHFFFAOYSA-N,CHEMBL513756,CC(=O)CCCCCC(NS(=O)(=O)c1ccccc1C#N)c1ncc(-c2ccccc2)[nH]1,6.568636235841012,1,0.0,32
MQHALOWNMFBASO-UHFFFAOYSA-N,CHEMBL4633012,O=C(NO)c1ccc(NC(=O)C2(c3c[nH]c4ccccc34)CCCC2)cc1,7.638272163982407,1,0.0,27
MQHBWYZOWJRLQE-UHFFFAOYSA-N,CHEMBL5927861,O=C1OCC(c2ccccc2)N1c1ccc(-c2noc(C(F)(F)F)n2)c(F)c1,5.346787486224656,1,0.0,28
MQHXNOZZLZKPGP-UHFFFAOYSA-N,CHEMBL5957547,Cc1ccccc1-c1ccc(N)c(NC(=O)C2CCCCC2)c1,5.515700160653214,1,0.0,23
MQPZHWGENZKWDV-UHFFFAOYSA-N,CHEMBL5745545,O=C(Cn1cncn1)N(Cc1ccc(-c2noc(C(F)(F)F)n2)cc1)c1cccc(C(F)(F)F)c1,6.161150909262744,1,0.0,35
MQRXOGKDTOZIRP-UHFFFAOYSA-N,CHEMBL5200979,CCN(c1cc(-c2ccc(N3CCN(CCCCCCCCC(=O)NO)CC3)nc2)cc(C(=O)NCc2c(C)cc(C)[nH]c2=O)c1C)C1CCOCC1,5.39577394691553,1,0.0,53
MQRZKOFMQBYPMF-UHFFFAOYSA-N,CHEMBL6050441,Fc1cc(COc2cccnn2)ccc1-c1noc(C(F)(F)F)n1,5.1938200260161125,1,0.0,24
MQWJSZLCUHDPRW-UHFFFAOYSA-N,CHEMBL4574697,O=C(C=Cc1ccc(C(=O)NC(Cc2c[nH]c3ccccc23)C(=O)Nc2ccc(Cl)cc2)cc1)NO,8.227018549655035,1,0.0,36
MQXHVDRLLDPMQG-UHFFFAOYSA-N,CHEMBL4847454,O=C(NO)c1ccc(CN2CCCCc3ccccc32)cc1,6.143070000886846,2,0.5272878641853929,22
MQYFWJMKSXCPMH-UHFFFAOYSA-N,CHEMBL3593303,Nc1ccccc1NC(=O)c1ccc(CNC(=O)C=Cc2cnc3cccnn23)cc1,6.928117992693874,1,0.0,31
MQYWMXZNSSIHQX-UHFFFAOYSA-N,CHEMBL6133904,O=C(CCCCCCn1cc(-c2cc(Oc3ccc(NC(=O)Nc4cc(-c5ccc(F)cc5)on4)cc3)ccn2)cn1)NO,6.982966660701219,1,0.0,44
MRAPNRYHLHGHAP-UHFFFAOYSA-N,CHEMBL5182754,Nc1ccccc1NC(=O)c1ccc(CN2CCCC(=Cc3ccco3)C2=O)cc1,6.518127589689337,1,0.0,30
MRAXDFMXEYVJHM-UHFFFAOYSA-N,CHEMBL3656019,O=C(NO)c1cnc(NC2(c3ccc(F)cc3)CCOCC2)nc1,6.494850021680094,1,0.0,24
MREATSZIGJDNKB-UHFFFAOYSA-N,CHEMBL3793392,O=C(NO)C1(F)C(c2ccccc2)C1c1ccc(-c2ncc(F)cn2)cc1,4.853871964321762,1,0.0,27
MRHRACKJKBOJEI-UHFFFAOYSA-N,CHEMBL3800394,COc1ccc(C(=O)NO)cc1NC(=O)c1ccc(-c2ccccc2)cc1,5.200659450546418,1,0.0,27
MRHWUVIPEQXFDN-UHFFFAOYSA-N,CHEMBL5797106,COCCN1Cc2ccccc2N(Cc2ccc(-c3noc(C(F)(F)F)n3)cn2)C1=O,6.337242168318426,1,0.0,31
MRIGHUMOWXZEEI-UHFFFAOYSA-N,CHEMBL5853881,COc1ccc2c(c1)C(=O)N(CCCCCC(=O)NO)c1ccccc1S2(=O)=O,9.096910013008056,1,0.0,29
MROXIWXRMZGHLJ-UHFFFAOYSA-N,CHEMBL2011672,CC(C=CC(=O)NC(CCC(=O)O)C(=O)O)=CC(C)C(=O)c1ccc(N(C)C)cc1,4.318758762624412,1,0.0,30
MRRWXIYQGVRDCR-UHFFFAOYSA-N,CHEMBL5953468,Fc1cc(COc2nnnc3ccccc23)ccc1-c1noc(C(F)(F)F)n1,5.537602002101044,1,0.0,28
MRSJGZOHZHYGIE-UHFFFAOYSA-N,CHEMBL3884141,Cc1ccc(-c2cc(C(=O)NCCCCCCC(=O)NO)nn2-c2ccc(S(C)(=O)=O)cc2)cc1,6.583359492661719,1,0.0,35
MRVLGOUKYLMZRB-UHFFFAOYSA-N,CHEMBL5832302,O=C(NC(Cc1ccc(-c2noc(C(F)(F)F)n2)cn1)c1cccc(C(F)(F)F)c1)C(F)(F)F,5.886056647693163,1,0.0,34
MRYMTBGEMJLVPK-UHFFFAOYSA-N,CHEMBL5440160,Cc1ccc(-c2cc(C(=O)NCc3ccc(C(=O)NO)cc3)cnc2-c2ccc(C)cc2F)c(F)c1,7.179995693191682,1,0.0,36
MSAGJQRDEOIKAJ-UHFFFAOYSA-N,CHEMBL5955437,CCCN(C)C(=O)Nc1cc(C2=CCCC2)ccc1N,5.515700160653214,1,0.0,20
MSBSKEZZBZJPHP-UHFFFAOYSA-N,CHEMBL3758735,O=C(CCCCCC(=O)NN=Cc1ccc(-c2cccs2)cc1)NO,8.67778070526608,1,0.0,25
MSCGJIPGLNAXRW-UHFFFAOYSA-N,CHEMBL4474676,COc1ncc(-c2cc(OCCN(C)c3ncc(C(=O)NO)cn3)c3ncnc(C)c3c2)cc1F,8.886056647693163,1,0.0,35
MSEBGXUEXBKDJQ-UHFFFAOYSA-N,CHEMBL5813479,CN1CCC(COC(=O)Nc2cc(-c3cccs3)ccc2N)CC1,6.255707016877324,1,0.0,24
MSEOSYUQEQHFPO-UHFFFAOYSA-N,CHEMBL5198026,COc1cc(OCc2cccc(-c3ccccc3)c2C)cc(OC)c1CNCCCCCC(=O)NO,5.6401645176601125,1,0.0,36
MSHYQCFSRGHYAU-UHFFFAOYSA-N,CHEMBL3233755,CC(C)c1cc(C(=O)N2CCc3onc(C(=O)NCCCCCCC(=O)NO)c3C2)c(O)cc1O,5.692503962086787,1,0.0,35
MSLHQMRLGZPJPH-UHFFFAOYSA-N,CHEMBL5832642,Cc1ccc(OCc2ccc(-c3noc(C(F)(F)F)n3)c(F)c2)nn1,5.275724130399211,1,0.0,25
MSMNNUIAFKAWCZ-UHFFFAOYSA-N,CHEMBL4846892,O=C(NO)c1ccc(C(=O)N2CCCc3cc(Cl)ccc32)cc1,6.017276612331455,1,0.0,23
MSMZMHWGICWIJL-UHFFFAOYSA-N,CHEMBL4061259,O=C(CCCNC(=O)CCC1N=C(c2ccccc2)c2ccccc2NC1=O)NO,4.6407338353932515,1,0.0,30
MSOAUNDBJPEZPU-UHFFFAOYSA-N,CHEMBL5403601,O=C(CCCCCNC(=O)c1ncc(-c2ccccc2)o1)NO,6.54882784248746,1,0.0,23
MSPZKZOVKAQMNZ-UHFFFAOYSA-N,CHEMBL3335302,O=C(CCCCc1ccn(Cc2cccc(Oc3ccccc3)c2)n1)NO,6.1432711096171175,1,0.0,27
MSRQSPRXYPDGGO-UHFFFAOYSA-N,CHEMBL5177971,CCNNC(=O)c1ccc(CNc2cccc3cccnc23)cc1,6.18111458540599,1,0.0,24
MSRWNRQECXUNAO-UHFFFAOYSA-N,CHEMBL5595119,O=C(NO)c1ccc(CNC(=O)C2Cc3c([nH]c4ccccc34)C(c3ccc4c(c3)OCO4)N2)cc1,6.665546248849069,1,0.0,36
MSSHYRGSWURQPK-UHFFFAOYSA-N,CHEMBL5178280,COc1cc(C(=O)c2csc(-c3ccc(NC(=O)C=CC(=O)NO)cc3)n2)cc(OC)c1OC,4.757955760630449,1,0.0,34
MSWPWFPBUXNWAR-UHFFFAOYSA-N,CHEMBL5788906,FC(F)c1cc(OCc2ccc(-c3noc(C(F)(F)F)n3)cn2)ncn1,5.886056647693163,1,0.0,26
MSYFAFAQWJKNDY-UHFFFAOYSA-N,CHEMBL5620020,Cc1nc(C)c(C(=O)Nc2cccc(C(=O)NO)c2)nc1C,6.329754146925875,1,0.0,22
MSYJFZKTFYNIJP-UHFFFAOYSA-N,CHEMBL5182740,O=C(CCCCCOc1cccc(-c2nnc(-c3ccccc3)s2)c1)NO,7.823908740944319,1,0.0,27
MTAWGBVDXCFYOF-UHFFFAOYSA-N,CHEMBL4090165,O=C(NO)c1ccc(Cn2cc(-c3ccc(CN4CCCC4)cc3)nn2)cc1,7.6020599913279625,1,0.0,28
MTCJRGATSJCGED-UHFFFAOYSA-N,CHEMBL5440587,COc1cc2oc3c(c2cc1F)CCN(CC(=O)Nc1ccc(C(=O)NO)cc1)C3,8.2518119729938,1,0.0,30
MTDDYEOOIHJNCQ-UHFFFAOYSA-N,CHEMBL5266011,COC(=O)C=Cc1ccc(OCCNc2cc3c([nH]c4ccccc43)c(-c3ccc(OC)cc3)n2)c(OC)c1,7.494850021680094,1,0.0,39
MTIXPNUAYFSOLC-UHFFFAOYSA-N,CHEMBL4632569,CC(=O)Nc1ccccc1-c1ccc(C2(C(=O)Nc3ccc(C(=O)NO)cc3)CCCC2)cc1,9.0268721464003,1,0.0,34
MTKCAARMMNTGTB-UHFFFAOYSA-N,CHEMBL5404035,COc1ccc(-c2cc(C(=O)NCc3ccc(C(=O)NO)cc3)c3ccccc3n2)cc1,7.1487416512809245,1,0.0,32
MTKMJDNBKXJUGR-UHFFFAOYSA-N,CHEMBL4798716,NC(=O)c1ccc(-c2nc(N3CCOCC3)c3ncn(CCCCCCC(=O)NO)c3n2)cc1,9.214670164989233,1,0.0,34
MTMFVZNBGMTGHQ-UHFFFAOYSA-N,CHEMBL4530950,O=C(NO)c1ccc(CN2c3ccccc3Sc3ccc(Cl)cc32)cc1,5.530177984021837,1,0.0,26
MTPNJUGVTHATMN-UHFFFAOYSA-N,CHEMBL6078174,C=C1C(=O)OC2CC3(C)CCC(OC(=O)C(C)NC(=O)c4cccc(C=CC(=O)NO)c4)C(=C)C3CC12,6.695076811846615,2,0.019152079639533248,37
MTPYRVFUVRMYHV-UHFFFAOYSA-N,CHEMBL5204591,O=C(CCCCCCOc1cccc(-c2nnc(-c3ccccc3Cl)s2)c1)NO,6.774690718274137,1,0.0,29
MTSNUBCDRYSBCQ-UHFFFAOYSA-N,CHEMBL3314860,O=C(C=Cc1ccc(-c2nnc(Cc3c[nH]c4ccccc34)o2)cc1)NO,6.221848749616356,1,0.0,27
MTTTUAGWZBACAL-UHFFFAOYSA-N,CHEMBL5286013,COc1cccc(-c2ncn(Cc3ccc(C(=O)NO)cc3)n2)c1,6.77780395369828,1,0.0,24
MTUWFVYAAFPXMH-UHFFFAOYSA-N,CHEMBL246392,O=C(CCCCCC(NC(=O)c1ccccn1)C(=O)NCc1ccccc1)NO,6.920818753952375,1,0.0,29
MTWPJCSHIGODDQ-UHFFFAOYSA-N,CHEMBL5955355,O=C(C1CCS(=O)(=O)CC1)N(Cc1ccc(-c2noc(C(F)(F)F)n2)cc1)c1cccc(C(F)(F)F)c1,5.872895201635192,1,0.0,37
MUBOKXQOYBRJHD-UHFFFAOYSA-N,CHEMBL5764675,CN1CC2C(C1)C2C(=O)Nc1cc(-c2cccs2)ccc1N,4.755722879198157,1,0.0,22
MUCCBEWLLGMTNZ-UHFFFAOYSA-N,CHEMBL5631614,Nc1nc(Cl)c2ncn(Cc3ccc(-c4noc(C(F)(F)F)n4)cc3F)c2n1,4.411168274405793,1,0.0,28
MUDZADUDWSYEMH-UHFFFAOYSA-N,CHEMBL6147042,CCCNNC(=O)c1ccc(CNC(=O)c2cnc(-c3ccc(F)cc3)[nH]2)cc1,6.017728766960431,1,0.0,29
MUEOIPMRNAOXQC-UHFFFAOYSA-N,CHEMBL6160513,COCCn1c2c(c3ccccc31)CCN(C(=O)CCCCCCC(=O)NO)C2,8.602059991327963,1,0.0,29
MUFLGCDHPGLRNJ-UHFFFAOYSA-N,CHEMBL2046609,COc1ccc(C=CC(=O)Nc2ccc(C(=O)N3CCc4nc(C(=O)NO)sc4C3)cc2)cc1,4.647817481888637,1,0.0,34
MULLJXKFRXICHS-UHFFFAOYSA-N,CHEMBL4080014,Cc1nc2ccccc2n1Cc1ccc(C(=O)NO)cc1F,5.206104121761481,4,0.31875876262441327,22
MUMLRNZRMHNDNB-UHFFFAOYSA-N,CHEMBL5412510,Cc1nnc2n1-c1sc3c(c1C(c1ccc(Cl)cc1)=NC2CC(=O)Nc1ccc(C(=O)NO)cc1)CCCC3,6.142667503568731,1,0.0,39
MUNWAZFRKGVMPQ-UHFFFAOYSA-N,CHEMBL1836145,CCCCC1NC(=O)CC2C=CCCSSCC(NC1=O)C(=O)NC(C(C)CC)C(O)CC(=O)O2,8.920818753952375,1,0.0,35
MUOCLZTUKOZHKJ-UHFFFAOYSA-N,CHEMBL5432435,C#Cc1ccc(-n2nc(N)c(C(=O)NCc3ccc(C(=O)NO)cc3)n2)cc1,8.769551078621726,1,0.0,28
MUOCNXRSCZQLCR-UHFFFAOYSA-N,CHEMBL3689766,O=C(C=Cc1ccc2nc(CCc3ccccc3)c(NC3CCCCC3)n2c1)NO,5.853871964321762,1,0.0,30
MUTBJZVSRNUIHA-UHFFFAOYSA-N,CHEMBL609583,O=C(NO)c1cnc(N2CCN(S(=O)(=O)c3ccc4ccccc4c3)CC2)nc1,8.602059991327963,1,0.0,29
MUTGTTZIVAJIJK-UHFFFAOYSA-N,CHEMBL3260858,O=C(NC(C(=O)O)c1ccccc1)c1cccc(=S)n1O,4.031517051446065,1,0.0,21
MUTPWJCHZIMJSP-UHFFFAOYSA-N,CHEMBL3286732,Nc1ccc(-c2cccs2)cc1NC(=O)c1ccc(N2CCC3(CC2)CNC(=O)O3)nc1,8.221848749616356,2,0.0,32
MUTSCGGZWZWVHL-UHFFFAOYSA-N,CHEMBL4573943,CCn1c(SCc2ccc(C=CC(=O)Nc3ccccc3N)cc2)nc2cc(OC)ccc2c1=O,7.0,1,0.0,35
MUWSMHYSNXQSGO-UHFFFAOYSA-N,CHEMBL5173462,O=C(NC1C2CC3CC(C2)CC1C3)c1cn(CCCCCCS)c2ccccc12,6.771984824898212,1,0.0,29
MUYHJQGWVIDITN-UHFFFAOYSA-N,CHEMBL6010161,COCc1ccc2c(n1)CN(C(=O)Nc1nc(-c3ccc(F)cc3F)ccc1N)C2,6.522878745280337,1,0.0,30
MVBJZEXEUAHMFY-UHFFFAOYSA-N,CHEMBL4558922,CCCNNC(=O)c1ccc(CN(Cc2ccccc2)C(=O)OC(C)(C)C)cc1,6.664542099310616,1,0.0,29
MVGAXXKEFDOLGL-UHFFFAOYSA-N,CHEMBL217651,CC(=O)CCCCCC(NC(=O)C1CCCCN1C)C(=O)Nc1nc(-c2ccccc2)cs1,7.259637310505756,2,0.0,33
MVJAEZIEZVJAFM-UHFFFAOYSA-N,CHEMBL3287255,O=C(CCCCNC(=O)c1nc(-c2nccs2)sc1C1CC1)NO,7.089055594250021,3,0.1332651070696258,24
MVJMUSDIJCENPI-UHFFFAOYSA-N,CHEMBL468527,O=C(CCCCc1cc(C(=O)NO)no1)Nc1ccc(-c2ccccc2)cc1,6.053056729302174,1,0.0,28
MVLWIZHSAGUWJK-UHFFFAOYSA-N,CHEMBL4086671,CN(C)C(=O)c1cn(Cc2ccc(C=CC(=O)NO)cc2)c2ccccc12,6.202732459169283,1,0.0,27
MVMXNPUSTDYTCS-UHFFFAOYSA-N,CHEMBL5779856,CN(C)C(=O)Nc1cc(-c2cccs2)ccc1N,7.301029995663981,1,0.0,18
MVNHPOQMXWERAZ-UHFFFAOYSA-N,CHEMBL3827296,CN(C)c1ccc(-c2nc(N3CCOCC3)c3nc(CN(C)c4ncc(C(=O)NO)cn4)n(C)c3n2)cc1,9.09151498112135,1,0.0,38
MVPYASWRPWFANF-UHFFFAOYSA-N,CHEMBL5415246,Cc1ccc(C2=NC(CC(=O)Nc3ccc(C(=O)NO)cc3)c3nnc(C)n3-c3ccccc32)cc1,4.292429823902063,1,0.0,36
MVVFMQBQTUASSH-UHFFFAOYSA-N,CHEMBL4798571,CN(C)CCOc1ccc(-c2cc(=O)c3c(O)cc(OCCCCCC(=O)NO)cc3o2)cc1,7.444301105281099,1,0.0,34
MVXKAVPJZCDIEE-UHFFFAOYSA-N,CHEMBL6017817,CC(=O)N1CCC(C(=O)Nc2cc(C3=CCCCC3)ccc2N)CC1,4.755722879198157,1,0.0,25
MVZQIAHZRFVNHM-UHFFFAOYSA-N,CHEMBL5407734,Cc1ccc(C2=NC(CC(=O)Nc3ccc(CC(=O)NO)cc3)c3nnc(C)n3-c3ccccc32)cc1,5.537602002101044,1,0.0,37
MVZUYPMOSUQGTG-UHFFFAOYSA-N,CHEMBL445955,Cc1ccc(C(=O)C=Cc2ccc(C=CC(=O)NO)o2)cc1,4.87942606879415,1,0.0,22
MWBVVOSAOJSWLG-UHFFFAOYSA-N,CHEMBL98669,COc1ccc(S(=O)(=O)Nc2ccc(C=CC(=O)NO)cc2)cc1OC,7.045757490560675,2,0.0,26
MWEGBUHVLYGARE-UHFFFAOYSA-N,CHEMBL2381732,O=C(CCCCc1cn(Cc2cccc(Br)c2)nn1)NO,6.402304814074488,1,0.0,21
MWFOONMNVBPVQC-UHFFFAOYSA-N,CHEMBL3317813,CC12CSC(=N1)c1csc(n1)CNC(=O)CC(C=CCCS)OC(=O)C(CC(=O)O)NC2=O,7.4089353929735005,1,0.0,33
MWGSLRANAHYOAY-UHFFFAOYSA-N,CHEMBL3655911,O=C(NO)c1cnc(Nc2cccc(-c3ccccc3)c2)nc1,6.954677021213342,1,0.0,23
MWLFQRZKKHIDTM-UHFFFAOYSA-N,CHEMBL3338417,O=C(NO)c1ccc2c(c1)CC(Nc1nccc(-c3cccnc3)n1)CC2,5.199970640755866,3,0.24918866342604762,27
MWOOKFFKOXBHCM-UHFFFAOYSA-N,CHEMBL5966396,Fc1cccc(NCc2ccc(-c3noc(C(F)(F)F)n3)cc2)c1,5.4089353929735005,1,0.0,24
MWOTYRADEXMCBW-UHFFFAOYSA-N,CHEMBL3656002,COc1ccccc1C1(Nc2ncc(C(=O)NO)cn2)CC1,6.2262135550188065,1,0.0,22
MWSWGNOJFLALFM-UHFFFAOYSA-N,CHEMBL5191149,Cc1c(COc2ccc(CNCCCCCCC(=O)NO)c(OCc3cccc(C#N)c3)c2)cccc1-c1ccccc1,5.671620396561263,1,0.0,43
MWZVIJDUHCHWTK-UHFFFAOYSA-N,CHEMBL3689878,CCN(CCC(C)(C)C)Cc1c(-c2ccccc2)nc2cc(C=CC(=O)NO)ccn12,7.301029995663981,1,0.0,31
MXBJTSYCWOPBOC-UHFFFAOYSA-N,CHEMBL5081405,O=C(CCCNc1nn2c(=O)c3cc(Br)ccc3nc2c2ccccc12)NO,7.277366077466188,1,0.0,28
MXBNEHPRZRZLCK-UHFFFAOYSA-N,CHEMBL5592283,CN1C(=O)CNC(=O)C1=Cc1ccc(C=CC(=O)NO)cc1F,7.542723813938674,1,0.0,23
MXHWZYIMQBIOHY-UHFFFAOYSA-N,CHEMBL6172024,O=C(CCCCCCCCC(=O)NC1CC1c1ccccc1)NO,9.627087997029893,1,0.0,24
MXKQXLASRORHNH-UHFFFAOYSA-N,CHEMBL3309855,O=C(CCCCCC1NC(=O)C2CCCN2C(=O)C2CCOCCCCOCCC(NC1=O)C(=O)N2)NO,7.508638306165727,1,0.0,38
MXLBPUFZTKWCKX-UHFFFAOYSA-N,CHEMBL3818971,Cc1noc(C)c1-c1cc(NC(=O)CCCCC(=O)NO)cc(C(=O)c2ccccc2)c1,6.119186407719209,1,0.0,32
MXOAHDLBTHLFOW-UHFFFAOYSA-N,CHEMBL6165273,CN(C)c1ccc(C(=O)N(CC(=O)NCc2ccccc2)Cc2ccc(C(=O)NNCCC(F)(F)F)cc2)cc1,6.876148359032914,1,0.0,40
MXOBZWHMEJMNTP-UHFFFAOYSA-N,CHEMBL5998512,O=c1cnc2ccccc2n1Cc1ccc(-c2noc(C(F)(F)F)n2)cn1,6.769551078621726,1,0.0,27
MXPBXCNPWGBDDF-UHFFFAOYSA-N,CHEMBL3655932,COc1cc(F)ccc1CNc1ncc(C(=O)NO)cn1,6.6595558851598815,1,0.0,21
MXQYGOXQNSBPRR-UHFFFAOYSA-N,CHEMBL4068870,COc1ccc(Cl)cc1C(=O)NCCc1ccc(C=CC(=O)NO)cc1,7.716472635138306,1,0.0,26
MXWDSZWTBOCWBK-UHFFFAOYSA-N,CHEMBL140000,CN(C)c1ccc(C(=O)NCCCCCCC(=O)NO)cc1,8.136677139879545,1,0.0,22
MYDIPHROYRTYRS-UHFFFAOYSA-N,CHEMBL271308,Nc1ccccc1NC(=O)c1ccc(CNc2ncccn2)cc1,6.154901959985743,1,0.0,24
MYGKXJSUMKOAIF-UHFFFAOYSA-N,CHEMBL3809599,CCC(=O)CCCCCC(NC(=O)C12CCN(CC1)CC2)c1ncc(-c2ccc3ccccc3c2)[nH]1,8.853871964321762,1,0.0,36
MYIDUKTYJBIPIN-UHFFFAOYSA-N,CHEMBL3593408,CCCCCCCC(=O)SCCC=CC1CC(=O)NCc2cccc(n2)C2=NC(C)(CS2)C(=O)NC(C(C)C)C(=O)O1,6.691222226335279,1,0.0,42
MYNZGQDLFHVZAO-UHFFFAOYSA-N,CHEMBL1630208,Nc1cccc(-c2csc(NC(=O)CCCCCC(=O)NO)n2)c1,8.42021640338319,1,0.0,24
MYQSRLPEWMYXIC-UHFFFAOYSA-N,CHEMBL3648278,CN1CCN(CCCn2c(CCc3ccccc3)nc3cc(C=CC(=O)NO)ccc32)CC1,5.795880017344075,3,0.0,33
MYUMSTXWLOXCNA-UHFFFAOYSA-N,CHEMBL5404793,Nc1ccccc1NC(=O)c1ccc(COc2ccc(CNC(=O)C3CCCN3Cc3ccc(F)cc3)cc2)cc1,6.886056647693163,1,0.0,41
MYZPAEFNFJXMAN-UHFFFAOYSA-N,CHEMBL3317811,CC12CSC(=N1)c1csc(n1)CNC(=O)CC(C=CCCS)OC(=O)C(Cc1ccc(O)cc1)NC2=O,9.67778070526608,1,0.0,37
MZANSCGRZGFLKJ-UHFFFAOYSA-N,CHEMBL3692678,CCCN(CC)CC(C)NC(=O)c1ccc(-c2noc(C(F)(F)F)n2)cc1,5.619788758288394,1,0.0,27
MZBJROKNEHJCRA-UHFFFAOYSA-N,CHEMBL3664140,CC(=O)N(Cc1ccc(C(=O)Nc2cc(-c3cccs3)ccc2N)cc1)Cc1cn(C)nn1,8.022276394711152,1,0.0,33
MZBQXBVWLYYGJL-UHFFFAOYSA-N,CHEMBL5850964,CCc1ncc2c(n1)CN(C(=O)Nc1nc(-c3ccc(F)cc3F)ccc1N)C2,6.522878745280337,1,0.0,29
MZFRPAGQFCHYTI-UHFFFAOYSA-N,CHEMBL387224,CC(=O)CCCCCC(NC(=O)C1CCCN(C)C1)C(=O)NCCc1c(-c2ccccc2)[nH]c2ccccc12,6.698970004336019,3,1.0,39
MZKAWTJEZRTNAV-UHFFFAOYSA-N,CHEMBL4441774,CC(C)C1NC(=O)C2(C)CSC(=N2)c2csc(n2)CNC(=O)CC(C=C(F)CCS)OC1=O,9.337242168318426,1,0.0,33
MZLZUPIYRAFGRX-UHFFFAOYSA-N,CHEMBL5973438,Nc1ccc(-c2cccs2)cc1NC(=O)N1C2CCC1CC2,5.515700160653214,1,0.0,22
MZMRHGDCPYWCCN-UHFFFAOYSA-N,CHEMBL1085117,CCN(CC)CCn1cnc2cc(C(=O)NC(=O)NCCCCCC(=O)NO)ccc21,5.292429823902063,1,0.0,31
MZNJNQHQBXCJOK-UHFFFAOYSA-N,CHEMBL5794701,O=C1NCCCC1NCc1ccc(-c2noc(C(F)(F)F)n2)cn1,5.080921907623926,1,0.0,24
MZPHPQKWDVUIFD-UHFFFAOYSA-N,CHEMBL3689819,O=C(C=Cc1ccn2c(CNCC3CC3)c(-c3ccccc3)nc2c1)NO,7.096910013008056,1,0.0,27
MZSBUEFOZQDGFE-UHFFFAOYSA-N,CHEMBL4847471,Cn1c(SCCCCCC(=O)O)nnc1-c1ccncc1,5.049148541111453,1,0.0,21
MZVLQECJCSSXJD-UHFFFAOYSA-N,CHEMBL4437165,CN(C)c1cccc2c(S(=O)(=O)N(CCCCCC(=O)NO)CC(=O)NCc3ccccc3)cccc12,7.468521082957745,1,0.0,37
MZVXIBANHYWBKM-UHFFFAOYSA-N,CHEMBL3883560,Cc1ccc(-c2cc(C(=O)NCCCCCCCC(=O)NO)nn2-c2ccc(S(N)(=O)=O)cc2)cc1,7.221848749616356,1,0.0,36
MZYCHAQCSKIGFQ-UHFFFAOYSA-N,CHEMBL5401496,O=C(NO)c1ccc(CNC(=O)c2cncc(-c3ccccc3O)c2)cc1,8.388276691992658,1,0.0,27
NACIRZNEXPMXBY-UHFFFAOYSA-N,CHEMBL4538745,COc1ccc2c(=O)n(-c3ccccc3Cl)c(SCc3ccc(C(=O)Nc4ccccc4N)cc3)nc2c1,6.42021640338319,1,0.0,38
NADNYELKQFTDJV-UHFFFAOYSA-N,CHEMBL4237410,O=C(CCCCCn1cc(-c2ccc(Nc3c4ccccc4nc4ccccc34)cc2)nn1)NO,8.247560770294893,2,0.32274924535721716,35
NAHXAFPFZQPKFV-UHFFFAOYSA-N,CHEMBL5758351,O=C1CCC(c2nc3ccccc3o2)N1c1ccc(-c2noc(C(F)(F)F)n2)cc1F,7.494850021680094,1,0.0,31
NAMOJMZBPJZNOD-UHFFFAOYSA-N,CHEMBL2425968,CCc1nc2cc(F)c(C=CC(=O)NO)cc2c(=O)n1CCc1ccccc1,5.7121982700697735,1,0.0,28
NANFSUVFKXWLNV-UHFFFAOYSA-N,CHEMBL3648283,O=C(C=Cc1ccc2nc(CCc3cccnc3)[nH]c2c1)NO,6.286509456906058,3,0.0,23
NAPITKZRBKREJG-UHFFFAOYSA-N,CHEMBL5205120,O=C(CCCCOc1cccc(-c2nnc(-c3ccccc3)s2)c1)NO,6.747146969020107,1,0.0,26
NAUHIBGKLGCRKN-UHFFFAOYSA-N,CHEMBL5594944,CN1C(=O)CNC(=O)C1=Cc1ccc(C(=O)NCc2cccc(C(=O)NO)c2)cc1,6.557363474217768,1,0.0,30
NAWJHEYTCAIPAM-UHFFFAOYSA-N,CHEMBL2047687,O=C(NCCS)C(Cc1ccccc1)=NO,7.920818753952375,1,0.0,16
NAXDXJNQDIRWFV-UHFFFAOYSA-N,CHEMBL3664054,Nc1ccc(-c2ccccc2)cc1NC(=O)c1ccc(CNC(=O)C2CC2)cc1,7.823908740944319,1,0.0,29
NBDCUQRDSOBLEM-UHFFFAOYSA-N,CHEMBL3698521,O=C(Cc1ccc(CCCCc2ccc3[nH]ccc3c2)cc1)NO,6.42021640338319,1,0.0,24
NBFIAILYHAZJFH-UHFFFAOYSA-N,CHEMBL2381746,O=C(CCCCc1cn(Cc2ccccc2)nn1)NO,5.774690718274137,1,0.0,20
NBGFLVXOCJHUCJ-UHFFFAOYSA-N,CHEMBL5598116,CCCNNC(=O)c1ccc(Cn2cc(Nc3ncc(Cl)c(-c4cnc5ccccn45)n3)cn2)cc1,7.280668713016273,1,0.0,36
NBGUMAQVGBDBTA-UHFFFAOYSA-N,CHEMBL3664069,Nc1ccc(-c2cccs2)cc1NC(=O)c1ccc(CNC(=O)C2CCCC2)cc1,7.698970004336019,1,0.0,30
NBHIUHBQRKSJFW-UHFFFAOYSA-N,CHEMBL4649382,CN1CCC(C(=O)NC(CCCCCC(=O)c2ccccn2)c2ncc(-c3ccccc3)[nH]2)CC1,6.823908740944319,1,0.0,35
NBHWQUHEYOFBKG-UHFFFAOYSA-N,CHEMBL2048746,O=C(C=Cc1ccc2c(ccn2S(=O)(=O)c2ccccc2)c1)NO,7.910094888560602,1,0.0,24
NBIGOLIFFFVDOB-UHFFFAOYSA-N,CHEMBL5901037,O=S(=O)(N1CCN(C2COC2)CC1)N(Cc1ccc(-c2nnc(C(F)F)o2)cn1)c1ccc(F)c(Cl)c1,7.853871964321762,1,0.0,37
NBKPFBBNYBOQPN-UHFFFAOYSA-N,CHEMBL4752816,CCCCNNC(=O)c1cccnc1,4.838332587562264,1,0.0,14
NBLACBQGLOJGII-UHFFFAOYSA-N,CHEMBL5777001,Cc1ccc(NCc2ccc(-c3noc(C(F)(F)F)n3)cn2)cn1,6.366531544420413,1,0.0,24
NBLPZUIEJVLPOV-UHFFFAOYSA-N,CHEMBL5592570,Cn1c2c(c3ccccc31)CN(C(=O)OCc1ccc(C(=O)NO)cc1)CC2,5.670602120638957,1,0.0,28
NBRRUCHFMMREHL-UHFFFAOYSA-N,CHEMBL5089712,CCCNNC(=O)c1ccc(CNC(=O)c2cc3cc(Cl)ccc3o2)cc1,8.050122295963126,1,0.0,27
NBTIJTDAEXPUCZ-UHFFFAOYSA-N,CHEMBL5598054,N#CC1(CNc2cccc(-c3cc(Nc4cnn(Cc5ccc(C(=O)NO)cc5)c4)ncc3Cl)n2)CCOCC1,6.008330992620051,1,0.0,40
NBUJRTVDQYEPKP-UHFFFAOYSA-N,CHEMBL5182870,Nc1ccccc1NC(=O)c1ccc(CN2CCCC(=Cc3ccccn3)C2=O)cc1,7.071092309756047,1,0.0,31
NBVPHNBDESFHFB-UHFFFAOYSA-N,CHEMBL5282110,CCC(=O)CCCCCC(NC(=O)C12CCN(CC1)CC2)c1ncc(-c2cc3ccccc3nc2OC)o1,8.795880017344075,1,0.0,38
NBYWMEZLKSLXCD-UHFFFAOYSA-N,CHEMBL5969007,O=C(NO)c1ccc2sc(-c3ccc(F)cc3)nc2c1,5.823908740944319,1,0.0,20
NCBNNZIQLTWXDS-UHFFFAOYSA-N,CHEMBL2046618,O=C(NCCCCN1CCc2nc(C(=O)NO)sc2C1)c1ccc(-c2ccccc2)s1,5.216096420727265,1,0.0,31
NCCBODSVEHDUGR-UHFFFAOYSA-N,CHEMBL4068011,O=C(CCCCN1C(=O)C(CC(=O)NO)N=C(c2ccccc2)c2ccccc21)NO,5.000434511774017,1,0.0,31
NCISJBWLFTVHAQ-UHFFFAOYSA-N,CHEMBL2022832,O=C(NC(CCCCCCSSc1ccccn1)C(=O)OCc1ccc2ccccc2c1)OCc1ccccc1,7.185752404268079,1,0.0,40
NCLUKPQSAOTOJT-UHFFFAOYSA-N,CHEMBL5979588,CCCCc1ccc(-c2nc3ccc(C(=O)NO)cc3[nH]2)cc1,5.113509274827518,1,0.0,23
NCNDVUSSKZXMFT-UHFFFAOYSA-N,CHEMBL1767037,CNC(=O)C(CCCCCCC(=O)Nc1cccc(-c2ccc(C(=O)O)cc2)c1)=NO,4.049148541111453,1,0.0,31
NCQIXHZAOSUMFR-UHFFFAOYSA-N,CHEMBL5403602,O=C(NO)c1ccc(CNC(=O)c2ccnc(-c3ccc(O)cc3)c2)cc1,9.18045606445813,1,0.0,27
NCQSFVPBYTVJQF-UHFFFAOYSA-N,CHEMBL5800082,CC(Nc1ncc(-c2noc(C(F)(F)F)n2)cn1)c1ccccc1,5.455931955649724,1,0.0,24
NCSPHGFJEVIMLR-UHFFFAOYSA-N,CHEMBL6166026,CCCNNC(=O)c1cnc(NCCNCc2ccc(-c3cccc(-c4ccccc4)c3C)nc2OC)cn1,5.667157733005649,1,0.0,39
NCUSGLLQIUXYRH-UHFFFAOYSA-N,CHEMBL5752876,O=C1CCc2ccc(Br)cc2N1Cc1ccc(-c2noc(C(F)(F)F)n2)cc1,6.7447274948966935,1,0.0,28
NCUZLDZWYWPMHU-UHFFFAOYSA-N,CHEMBL3982710,COc1cc(Nc2ncnc3ccc(-c4cn(CCCCCCC(=O)NO)nn4)cc23)ccc1Oc1ccccc1,7.892790030352131,1,0.0,41
NCZDHTICXVSHLF-UHFFFAOYSA-N,CHEMBL5923626,O=C(NO)c1ccc(CN2CC[S+]([O-])c3ccccc32)cc1,5.585026652029182,1,0.0,22
NDBMIEDHAMWNTC-UHFFFAOYSA-N,CHEMBL5075736,CN1c2ccc(F)cc2C(=O)N2CCc3c([nH]c4ccc(OCCCCCCC(=O)Nc5ccccc5N)cc34)C21,7.6020599913279625,1,0.0,41
NDDLPGHISFUURP-UHFFFAOYSA-N,CHEMBL515292,Nc1ccccc1NC(=O)c1ccc(CNc2nccc(-c3cccc(OCCN4CCOCC4)c3)n2)cc1,6.853871964321762,1,0.0,39
NDFSNVFVPNHHLM-UHFFFAOYSA-N,CHEMBL5395816,Cc1ccc(C2CC(=O)N(CCCCCC(=O)NO)c3ccccc3S2(=O)=O)cc1,6.755970410969978,1,0.0,30
NDHRKGRNSZBPKD-UHFFFAOYSA-N,CHEMBL6036329,O=C1CCc2ncccc2N1Cc1ccc(-c2noc(C(F)(F)F)n2)cn1,6.236572006437063,1,0.0,27
NDKHMYBAMGWNKK-UHFFFAOYSA-N,CHEMBL5598502,COc1cc(F)ccc1-c1cc(Nc2cnn(CCCCCC(=O)Nc3ccccc3N)c2)ncc1F,5.591420874591332,1,0.0,37
NDMLEXAVXKGATA-UHFFFAOYSA-N,CHEMBL1085053,O=C(CCCCCNC(=O)NC(=O)c1ccc(NC(=O)Cc2ccccc2)cc1)NO,4.87942606879415,1,0.0,31
NDOWMQQXZGVXEW-UHFFFAOYSA-N,CHEMBL5279520,CCC(=O)CCCCCC(NC(=O)C1CN(C)C1)c1ncc(-c2cc3ccccc3[nH]c2=O)o1,8.67778070526608,1,0.0,34
NDRUASYWRNKBHK-UHFFFAOYSA-N,CHEMBL5207734,CCNNC(=O)c1ccc(NC(=O)Nc2cccc3cccnc23)cc1,5.844663962534938,1,0.0,26
NDWVAHMCNHGVBK-UHFFFAOYSA-N,CHEMBL4468802,COc1ccc(C=C(C)C(=O)c2cc(OC)c(OC)c(OC)c2)cc1OCCCCCCCC(=O)NO,7.818156412055227,1,0.0,37
NECGZTHDEZSWKN-UHFFFAOYSA-N,CHEMBL487778,CC(=O)CCCCCC(NC(=O)C1CCN(C)CC1)c1ncc(-c2ccc(C#N)cc2)[nH]1,6.920818753952375,1,0.0,32
NEDGKXJNXABVIK-UHFFFAOYSA-N,CHEMBL6011767,CN1CCC(C(=O)Nc2cc(C3=CCCCC3)ccc2N)CC1=O,4.755722879198157,1,0.0,24
NEFFFNZQJIYJPO-UHFFFAOYSA-N,CHEMBL5561315,CC(COCCC(=O)N1CCN(c2ccc(C(=O)NO)cn2)CC1)Nc1cn[nH]c(=O)c1C(F)(F)F,6.917214629683549,1,0.0,36
NEGLYSNZRMUEHF-UHFFFAOYSA-N,CHEMBL3356935,O=C1CCCC(C(=O)NC(CCCCCS)C(=O)NCc2cccc(OCc3ccccc3)c2)N1,6.297569463554474,1,0.0,35
NEIDBNGOZCZLEZ-UHFFFAOYSA-N,CHEMBL5431099,CCCNNC(=O)c1ccc(Nc2ncc(Cl)c(Nc3cccc(S(=O)(=O)NC(C)(C)C)c3)n2)cc1,6.552841968657781,1,0.0,36
NEKYOUJHXHUTDI-UHFFFAOYSA-N,CHEMBL6031788,COc1ccccc1NC(=O)NCc1ccc(C(N)=O)cc1,6.576754126063192,2,0.0,22
NEPQBBVCSCQBPQ-UHFFFAOYSA-N,CHEMBL3415970,Nc1nc2ncc(CNc3ccc(C(=O)NC(CCC(=O)NCCCCCCCCC(=O)NO)C(=O)O)cc3)nc2c(=O)[nH]1,5.559090917934782,1,0.0,44
NESNIDDWICBBQX-UHFFFAOYSA-N,CHEMBL4561073,Nc1cc(F)ccc1NC(=O)c1ccc(CNC(=O)C=C2NC(=O)c3ccccc32)cc1,7.186419011431808,1,0.0,32
NESVPAJHEDLVDV-UHFFFAOYSA-N,CHEMBL5612263,CCCNNC(=O)c1ccc(CN(CCC)CCC2c3ccccc3NC2C)cc1,6.771856392402258,1,0.0,30
NETVPFGKHLENEK-UHFFFAOYSA-N,CHEMBL3656001,O=C(NO)c1cnc(NC2(c3cc(F)cc(F)c3)CC2)nc1,7.022276394711152,1,0.0,22
NEUWQPUASIVOKC-UHFFFAOYSA-N,CHEMBL4856207,O=C(NO)c1ccc(CN2CCCCc3cc(Br)ccc32)cc1,5.798602875679549,1,0.0,23
NFDKSFRHUFVEBS-UHFFFAOYSA-N,CHEMBL4555545,CCCNNC(=O)c1ccc(CN(CCc2c(C)[nH]c3ccccc23)C(=O)OC(C)(C)C)cc1,7.540004743952609,1,0.0,34
NFEAFZINXHGOQE-UHFFFAOYSA-N,CHEMBL3800182,COc1ccc(C(=O)NO)cc1S(=O)(=O)Nc1ccc(C)cc1,4.698970004336019,1,0.0,23
NFGKPPMBCKKZQS-UHFFFAOYSA-N,CHEMBL5752169,COc1cnnc(OCc2ccc(-c3noc(C(F)(F)F)n3)c(F)c2)c1,5.229147988357855,1,0.0,26
NFKPWCASWRPWKO-UHFFFAOYSA-N,CHEMBL6167637,CCNC(=O)N1CCC2(CC1)C(=O)N(Cc1ccc(C(=O)NO)cc1F)CN2c1ccccc1,6.386263858738129,1,0.0,34
NFQREKHBSNHJAN-UHFFFAOYSA-N,CHEMBL470798,Nc1ccc(-c2cccs2)cc1NC(=O)c1ccc(N2CCC3(CC2)CCN(c2ncccn2)C3)nc1,7.552841968657781,1,0.0,37
NFUKCCHKXJDEGH-UHFFFAOYSA-N,CHEMBL523646,O=C(C=Cc1ccc2c(c1)nc(CCc1ccccc1)n2CCCN1CCCC1=O)NO,6.709965388637482,3,0.0,32
NFVVUJNRHLZQJQ-UHFFFAOYSA-N,CHEMBL5926095,O=C1NCCCCC1NCc1ccc(-c2noc(C(F)(F)F)n2)cn1,5.136677139879544,1,0.0,25
NGDONQQFQMVAKK-UHFFFAOYSA-N,CHEMBL5783720,Cc1ccc(-c2ccc(N)c(NC(=O)C3CCOCC3)c2)s1,6.255707016877324,1,0.0,22
NGLDDIIVHRYURD-UHFFFAOYSA-N,CHEMBL2375871,O=C(C=Cc1ccc(CNCC23CC4CC(CC(C4)C2)C3)cc1)NO,9.022276394711152,1,0.0,25
NGQRSPQNTMCIAK-UHFFFAOYSA-N,CHEMBL5200080,Nc1ccccc1NC(=O)c1ccc(CN2CCCC(=Cc3ccc(Cl)c(F)c3)C2=O)cc1,6.242831807785727,1,0.0,33
NGTLBSGOPOBCFZ-UHFFFAOYSA-N,CHEMBL5906819,O=C(C=Cc1ccc(CNCC2CCCCC2)c(F)c1)NO,8.785156151952302,1,0.0,22
NGUQTALSXMYZCZ-UHFFFAOYSA-N,CHEMBL4162826,CCCCN(Cc1ccc(C(=O)NO)cc1)C(=O)Nc1ncccn1,5.562249437179612,3,0.0,25
NHFNZFBCEYQJMW-UHFFFAOYSA-N,CHEMBL4860000,CCC(=O)CCCCCC1NC(=O)C2CC23CCN(CCCCCCCCn2ccc4cc(ccc4c2=O)-c2cnc1[nH]2)CC3,9.698970004336019,1,0.0,45
NHGNWJXVKSKUTQ-UHFFFAOYSA-N,CHEMBL2408694,O=C(CCCCCCC(=O)N1CCN=C(c2ccccc2)c2ccccc21)NO,6.6020599913279625,1,0.0,29
NHHIAZBCVUTFQI-UHFFFAOYSA-N,CHEMBL317718,Nc1ccccc1NC(=O)CCCCCCC(=O)c1cccc(-c2ccccc2)c1,6.0,1,0.0,30
NHIVVTDJMQAKAA-UHFFFAOYSA-N,CHEMBL4160579,CC(C)C(C(=O)Nc1ccc(C(=O)Nc2ccc(F)cc2N)cc1)c1ccccc1,5.920818753952375,1,0.0,30
NHJCCTCRMXGKKA-UHFFFAOYSA-N,CHEMBL2413319,CCCCN(Cc1ccccc1)Cc1ccc(C=CC(=O)NO)o1,5.328827157284916,1,0.0,24
NHLUFPGZCQCLFT-UHFFFAOYSA-N,CHEMBL3421738,Cc1ccc(-c2noc(CNCc3ccc(C(=O)Nc4ccccc4N)cc3)n2)cc1,6.6777807052660805,1,0.0,31
NHXGMOTURBJIGL-UHFFFAOYSA-N,CHEMBL5170140,C#Cc1nc(C=CC=CC(=O)NO)cs1,6.0,1,0.0,15
NIECGZBCOUQQHL-UHFFFAOYSA-N,CHEMBL3769938,O=C(NO)c1noc(-c2ccc(-c3ccccc3)cc2)n1,4.827689031478045,1,0.0,21
NIGGAQZXTHMKPL-UHFFFAOYSA-N,CHEMBL95990,COc1ccc(C(=O)CCCCCC(=O)NO)cc1,6.346787486224656,1,0.0,19
NIGXIHUCIANGDC-UHFFFAOYSA-N,CHEMBL5280359,O=C(CCCCCn1cc(-c2ccc3ncnc(Nc4ccc(Br)cc4F)c3c2)nn1)NO,8.958607314841775,1,0.0,33
NIIXCDBLHKNYDL-UHFFFAOYSA-N,CHEMBL2312466,Nc1ccccc1NC(=O)c1ccc(CNc2nccc(-c3cnc4ncccn34)n2)cc1,7.455931955649724,1,0.0,33
NIJJYAXOARWZEE-UHFFFAOYSA-N,CHEMBL109,CCCC(CCC)C(=O)O,4.3979400086720375,5,0.33429906032760215,10
NIJMJFICBBEJPP-UHFFFAOYSA-N,CHEMBL2047608,COc1ccc(NC(=O)C=Cc2cn(-c3ccccc3)nc2-c2ccc(C)cc2)cc1,5.392544976785331,1,0.0,31
NIJORMUROXRUCH-UHFFFAOYSA-N,CHEMBL5206736,COC1=CC(OCc2cccc(-c3ccc4c(c3)OCCO4)c2C)=CC(OC)C1CNCCCCCCC(=O)NO,7.096910013008056,1,0.0,41
NIKVEWZRPCAHDY-UHFFFAOYSA-N,CHEMBL6044369,Cc1ncc(CC(=O)N(Cc2ccc(-c3noc(C(F)(F)F)n3)cn2)c2cccc(F)c2)s1,6.136677139879544,1,0.0,33
NIMMEPTTWPPFDZ-UHFFFAOYSA-N,CHEMBL5883482,Fc1cc(COc2ccc3ncnn3c2)ccc1-c1noc(C(F)(F)F)n1,5.823908740944319,1,0.0,27
NIPBEOJRUSKLGA-UHFFFAOYSA-N,CHEMBL2401848,CCC(=C(c1ccccc1)c1ccc(OCCN(C)Cc2ccc(-c3cn(CCCCCC(=O)NO)nn3)cc2)cc1)c1ccccc1,6.280668713016274,1,0.0,48
NIQGUVXUIJDHKR-UHFFFAOYSA-N,CHEMBL3589356,Cc1ccccc1OS(=O)(=O)C1CC2OC1C(c1ccc(NC(=O)CCCCCCC(=O)O)cc1)=C2c1ccc(O)cc1,7.657577319177793,1,0.0,43
NIRHBZPDOKODLK-UHFFFAOYSA-N,CHEMBL5185511,Nc1ccccc1NC(=O)c1ccc(CN2CCCC(=Cc3ccc(Cl)cc3)C2=O)cc1,6.312203588618706,1,0.0,32
NIXOIBDALBDEAM-UHFFFAOYSA-N,CHEMBL4753019,O=C(NC(CCCCNC(=O)c1ccccc1O)c1ncc(-c2ccc3ccccc3c2)[nH]1)c1cncs1,8.050609993355087,1,0.0,38
NIYOZOBOWHJTCA-UHFFFAOYSA-N,CHEMBL5818870,CC(=O)NC1CCN(C(=O)Nc2cc(-c3cccs3)ccc2N)C1,7.301029995663981,2,0.0,24
NJBKJANCBPKJKY-UHFFFAOYSA-N,CHEMBL5927319,O=C(C1CCN(C2CC2)CC1)N(Cc1ccc(-c2noc(C(F)(F)F)n2)cn1)c1cccc(F)c1,6.568636235841012,1,0.0,35
NJEYLEUCEPGDMG-UHFFFAOYSA-N,CHEMBL513595,CCC1(C)NC(=O)C(CCCCCC(=O)C(C)O)NC(=O)C2CC(C)CN2C(=O)C(Cc2ccccc2)NC1=O,7.698970004336019,1,0.0,40
NJFOPBAYNBFSJI-UHFFFAOYSA-N,CHEMBL5803077,Fc1cccc(C2COCCN2c2ccc(-c3noc(C(F)(F)F)n3)cn2)c1,6.356547323513812,1,0.0,28
NJHDBTBFXGISFB-UHFFFAOYSA-N,CHEMBL5839240,CN1CCC(C(=O)N(Cc2ccc(-c3noc(C(F)(F)F)n3)cn2)c2cccc(F)c2)C1,6.6020599913279625,1,0.0,32
NJQFOUVHOGXLPQ-UHFFFAOYSA-N,CHEMBL5195323,Nc1nc(-c2ccco2)c2cnn(Cc3ccc(N)c(OCCCCCCC(=O)NO)c3)c2n1,7.431798275933005,1,0.0,34
NJVZZEMNCXUOEJ-UHFFFAOYSA-N,CHEMBL3262725,O=C(C=Cc1cccc(S(=O)(=O)n2ccc3ccncc32)c1)NO,5.314258261397736,1,0.0,24
NKBMBTJJIYPODH-UHFFFAOYSA-N,CHEMBL393827,CC(C)(C)OC(=O)NC(CCCCCS)C(=O)NC12CC3CC(CC(C3)C1)C2,5.42021640338319,1,0.0,28
NKGWWCVZTYBVCU-UHFFFAOYSA-N,CHEMBL3593414,CCCCCCCC(=O)SCCC=CC1CC(=O)NCc2cc(ccn2)C2=NC(C)(CS2)C(=O)NC(C(C)C)C(=O)N1,6.087831103940373,1,0.0,42
NKHSXSJACURIAJ-UHFFFAOYSA-N,CHEMBL5559591,CC(C)c1ccc(C=C2CC(=O)N(CCCCCCC(=O)NO)C2=O)cc1,7.543633966870956,1,0.0,27
NKIHQAYZTNJYNF-UHFFFAOYSA-N,CHEMBL4633944,O=C(CCCCCCCCC(=O)NCCCN1c2ccccc2CCc2ccc(Cl)cc21)NO,5.2636034977233574,1,0.0,34
NKJANSUNVHHIIX-UHFFFAOYSA-N,CHEMBL2012817,CCC(=O)CCCCCC1NC(=O)C(C)n2nncc2C(CC(C)C)NC(=O)C(Cc2c[nH]c3ccccc23)NC1=O,8.154901959985743,2,0.0,42
NKKKDBOYOQXCIJ-UHFFFAOYSA-N,CHEMBL3664043,O=C(NCc1ccc(C(=O)Nc2cc(-c3cccnc3)ccc2O)cc1)OCc1cccnc1,7.795880017344075,1,0.0,34
NKPBLIINRAAIGM-UHFFFAOYSA-N,CHEMBL3355256,O=C1C(=Cc2cccc(O)c2O)Oc2ccccc21,4.6777807052660805,1,0.0,19
NKRWVHJBZMYDSG-UHFFFAOYSA-N,CHEMBL5618128,COc1cccc(Nc2nc(Nc3ccc(NC(=O)CCCCCCC(=O)NO)cc3)ncc2C)c1,7.496209316942819,1,0.0,36
NKTFXUHLHFJQGO-UHFFFAOYSA-N,CHEMBL5274632,Cc1cccc(-c2ncn(Cc3ccc(C(=O)NO)cc3)n2)c1,6.775208043507318,1,0.0,23
NKUHCSUQMCHVMU-UHFFFAOYSA-N,CHEMBL4853358,O=C(NO)c1ccc(CN2CCCc3ccccc3C2)cc1,6.0,1,0.0,22
NKUPYUFUIQRZCX-UHFFFAOYSA-N,CHEMBL5568060,CC(COCCC(=O)N1CCN(c2ncc(-c3cnn(CCCCCCC(=O)NO)c3)cn2)CC1)Nc1cn[nH]c(=O)c1C(F)(F)F,8.455931955649724,1,0.0,47
NKYMWFAJXDAVHN-UHFFFAOYSA-N,CHEMBL5090893,CN1c2ccc(F)cc2C(=O)N2CCc3c([nH]c4ccc(OCc5ccccc5C(=O)NO)cc34)C21,5.214670164989233,1,0.0,36
NKZMKGOVUMGDTE-UHFFFAOYSA-N,CHEMBL5426798,Cc1ccc(N)c(NC(=O)c2ccc(C(C)n3nc(-c4ccc(CN(C)C)cc4)ccc3=O)cc2)c1,7.3487219860018556,1,0.0,36
NLBKEJAOECVNFC-UHFFFAOYSA-N,CHEMBL3288489,O=C(CCCCCCS)Nc1nc(-c2ccc(F)cc2)cs1,7.443697499232712,1,0.0,22
NLFOGCNUIMUZSG-UHFFFAOYSA-N,CHEMBL3098697,O=C(CCCCCC(NC(=O)C1CCCC(=O)N1)C(=O)NC1CCCC1)NO,5.838631997765026,1,0.0,28
NLGGKCSBKPXZNI-UHFFFAOYSA-N,CHEMBL4740842,CC(C)c1cc(C(=O)N2Cc3ccc(NC(=O)CCCC(=O)NO)cc3C2)c(O)cc1O,5.128952738694501,1,0.0,32
NLOPDNFVGBQPLK-UHFFFAOYSA-N,CHEMBL3797314,O=C(NO)c1cccc(NC(=O)c2ccccc2)c1,4.473660722610156,1,0.0,19
NLZHCAXGTKHUDH-UHFFFAOYSA-N,CHEMBL4299447,CCC1OC(=O)C(C)C(OC2CC(C)(OC)C(O)C(C)O2)C(C)C(OC2OC(C)CC(N(C)C)C2O)C(C)(O)CC(C)CN(Cc2ccc(-c3cn(CCCCCCC(=O)NO)nn3)cc2)C(C)C(O)C1(C)O,7.79317412396815,1,0.0,73
NMHZYDVFVXUHGB-UHFFFAOYSA-N,CHEMBL3655975,O=C(NO)c1cnc(NC2(c3cccs3)CC2)nc1,6.8326826652518236,1,0.0,19
NMIAETUCWFKGKM-UHFFFAOYSA-N,CHEMBL5396951,O=C(NO)c1ccc(Cn2c(=O)n(CCc3ccccc3O)c(=O)c3ccccc32)cc1,5.054039296422431,2,0.0,32
NMKAJPHALRXTLU-UHFFFAOYSA-N,CHEMBL5079449,Nc1nc2c(cnn2CCN2CCC(c3ccc(C(=O)NO)cc3)CC2)c2nc(-c3ccco3)nn12,7.075720713938118,1,0.0,36
NMNOHYVIIQFMLC-UHFFFAOYSA-N,CHEMBL269937,Nc1nc(NCc2ccc(C(=O)Nc3ccccc3N)cc2)nc(N2CCc3ccccc32)n1,7.0,1,0.0,34
NMNQNRGBYOMHQL-UHFFFAOYSA-N,CHEMBL5618277,COc1ccc(-c2cn(CCCCCC(=O)NO)c(C)c2C(C)=O)cc1,7.2839966563652006,1,0.0,26
NMUNYHDWBDTBOW-UHFFFAOYSA-N,CHEMBL5560731,Cc1nccn1CC1CCc2c(c3cc(F)ccc3n2Cc2ccc(C(=O)NO)cc2)C1=O,5.289882634888183,1,0.0,33
NMVCSCMUQUCKBT-UHFFFAOYSA-N,CHEMBL5172574,Nc1cc(F)ccc1NC(=O)c1ccc(CN2CCCC(=Cc3ccccc3)C2=O)cc1,5.656000930942838,1,0.0,32
NMYJHEVKOMVYHA-UHFFFAOYSA-N,CHEMBL472442,CC(=O)N1CCC2(CCN(c3ccc(C(=O)Nc4cc(-c5cccs5)ccc4N)cn3)C2)C1,7.920818753952375,1,0.0,33
NNCNCNUUHFTRQN-UHFFFAOYSA-N,CHEMBL4443548,CCC(Nc1ncnc2[nH]cnc12)c1nc2cccc(NCc3ccc(C(=O)NO)cn3)c2c(=O)n1-c1ccccc1,5.217026005055952,1,0.0,42
NNEJNQOEVVTDEY-UHFFFAOYSA-N,CHEMBL5911420,CN(C)CC(=O)N(Cc1ccc(-c2noc(C(F)(F)F)n2)cc1)c1cccc(C(F)(F)F)c1,5.920818753952375,1,0.0,33
NNGWSDOSGXOCJL-UHFFFAOYSA-N,CHEMBL5176595,O=C(NO)c1ccc(COC(=O)N2CCC(N3CC(c4ccccc4)(c4ccccc4)C3=O)CC2)cc1,5.3872161432802645,1,0.0,37
NNQAQGDSGCGFER-UHFFFAOYSA-N,CHEMBL2431901,Cn1cccc1C(=O)N1CCc2cc(C(=O)NO)ccc2C1,4.346787486224656,2,0.0,22
NNRSLYWHUKPYNM-UHFFFAOYSA-N,CHEMBL5399910,CC(C)C(C(=O)Nc1ccc(C(=O)Nc2ccccc2N)nc1)c1ccccc1,6.481486060122112,1,0.0,29
NNUMTNFZUOHXCX-UHFFFAOYSA-N,CHEMBL2047676,CSCCNC(=O)C(Cc1ccc(O)c(Br)c1)=NN,4.301029995663981,1,0.0,19
NNVFBEZKIQPVJI-UHFFFAOYSA-N,CHEMBL5597435,CN(C)CCCn1c(SCc2ccc(C=CC(=O)NO)cc2)nc2ccccc21,8.154901959985743,1,0.0,29
NNVWHVYCUKQCRA-UHFFFAOYSA-N,CHEMBL5086881,Cc1ccc(-c2cncc(C=Cc3ccc(C(=O)NO)cc3)c2)cc1,4.360513510731414,1,0.0,25
NODIYCZWVUUEMT-UHFFFAOYSA-N,CHEMBL3758457,O=C(C=Cc1ccc(C=C(CNC2CC2)c2ccc(F)cc2)cc1)NO,7.795880017344075,1,0.0,26
NOERBRZISCPNSE-UHFFFAOYSA-N,CHEMBL5436188,O=C(NO)c1ccc(CN2CCc3cccnc32)cc1,6.2636034977233574,1,0.0,20
NOFVMQNPTOZGPR-UHFFFAOYSA-N,CHEMBL6147435,CCCNNC(=O)CCCCCCCn1c2cc3c(cc2c2[nH]c(=O)c4ccccc4c21)OCO3,5.764471553092451,1,0.0,35
NOMNZURKZKOSBA-UHFFFAOYSA-N,CHEMBL6147630,CC(C)(C)c1cc(NC(=O)Nc2ccc(Oc3ccnc(-c4cnn(CCCCC(=O)NO)c4)c3)cc2)no1,6.602929450040591,1,0.0,39
NOPRTJIQQRZXCZ-UHFFFAOYSA-N,CHEMBL5093737,O=C(CCCCCCNc1nn2c(=O)c3cc(F)ccc3nc2c2ccccc12)NO,7.518557371497695,1,0.0,31
NOQOFLYOHWIEIX-UHFFFAOYSA-N,CHEMBL3884118,COc1ccc2c(c1)c(CC(=O)NCCCCCC(=O)NO)c(C)n2C(=O)c1ccc(Cl)cc1,5.7423214251308154,1,0.0,34
NOTPZVKOWTUJLF-UHFFFAOYSA-N,CHEMBL6074605,C=C1C(=O)OC2CC3(C)CCC(OC(=O)C(C)NC(=O)c4ccc(C(=O)NO)cc4)C(=C)C3CC12,6.185683966555892,2,0.11917112884070846,35
NOXAXIWAGSLHBX-UHFFFAOYSA-N,CHEMBL5203142,COc1cc(OCc2cccc(-c3ccccc3)c2C)cc(OC)c1CN(C)CCCC(=O)NO,5.899629454882437,1,0.0,35
NOZAWVIIVSQXGC-UHFFFAOYSA-N,CHEMBL5613057,CCCNNC(=O)c1ccc(CN(CCC2c3ccccc3NC2C)CC2CC2)cc1,6.556893543262734,1,0.0,31
NPCHIHUPNUCSFR-UHFFFAOYSA-N,CHEMBL6004526,O=C1CCC(c2ccccc2F)N1c1ccc(-c2noc(C(F)(F)F)n2)cc1F,6.2441251443275085,2,0.0,29
NPICYKHOEXQJGW-UHFFFAOYSA-N,CHEMBL4452333,CCCCCCCC(=O)SCCC=CC1CC(=O)NCc2nc(cs2)C2=NC(C)(CS2)C(=O)CC(C(C)C)C(=O)C1,7.943095148663527,1,0.0,41
NPNXQVWYDHCLHX-UHFFFAOYSA-N,CHEMBL5904614,CC(C)c1ccc(-c2nc3ccc(C(=O)NO)cc3[nH]2)cc1,5.481486060122112,1,0.0,22
NPWZMEXSTNQKPH-UHFFFAOYSA-N,CHEMBL5206239,O=C(CCCCCCn1cc(C(=O)NC2C3CC4CC(C3)CC2C4)c2ccccc21)NO,8.6903698325741,1,0.0,32
NQDXNOGEPFSYNO-UHFFFAOYSA-N,CHEMBL2018300,CN1CCc2c(c3cc(Cl)ccc3n2Cc2ccc(C(=O)NO)cc2)C1,5.991399828238082,1,0.0,26
NQGWNAPGXNVYHS-UHFFFAOYSA-N,CHEMBL4784336,Cn1cc(-c2cc(C(C)(C)O)ccc2OC2CC2)c2cc(C(=O)NCCCCCCC(=O)NO)[nH]c2c1=O,7.525783735923745,1,0.0,38
NQRJFGWIXSYDRE-UHFFFAOYSA-N,CHEMBL5284956,COc1ccccc1NC(=O)NC(C(=O)Nc1ccc(C(=O)NO)cc1)c1ccccc1,8.318758762624412,1,0.0,32
NRBAVBGZDITUNV-UHFFFAOYSA-N,CHEMBL5999337,NC(=O)c1ccnc(NCc2ccc(-c3noc(C(F)(F)F)n3)cn2)c1,6.552841968657781,1,0.0,26
NRCPKXNQDZLOCF-UHFFFAOYSA-N,CHEMBL3670673,Nc1ccccc1NC(=O)c1ccc(CNC(=O)c2[nH]c(-c3ccc(O)cc3)cc2-c2ccccc2)cc1,6.96657624451305,1,0.0,38
NREURQUIJSGJMZ-UHFFFAOYSA-N,CHEMBL209551,CC(C)(C)OC(=O)NC(CCCCCS)C(=O)NC1CCCCC1,5.896196279044043,2,0.0,24
NRFSZWVWPFGBDP-UHFFFAOYSA-N,CHEMBL6142790,Cc1ccc(C(=O)N(CC(=O)NC2CCCCC2)CC2CCN(c3ncc(C(=O)NO)cn3)CC2)c(C)c1,7.823908740944319,1,0.0,38
NRHCJWPPUOYVTE-UHFFFAOYSA-N,CHEMBL5416658,COc1ccc(-c2cc(N3CCN(Cc4ccc(C(=O)NO)cc4)CC3)ccn2)cc1,8.085656842880558,1,0.0,31
NRHLTNNRCQOFMH-UHFFFAOYSA-N,CHEMBL3800615,O=C(NO)c1ccc(Cl)c(NC(=O)c2ccc(Cl)cc2)c1,5.42021640338319,1,0.0,21
NRJRDICLAPALFB-UHFFFAOYSA-N,CHEMBL5761331,CCCCNNC(=O)c1ccc(CN=[N+]=[N-])cc1,6.494850021680094,1,0.0,18
NRSBNZBSENXZAA-UHFFFAOYSA-N,CHEMBL5560545,CN1CCN(CC2C(=O)c3c(n(Cc4ccc(C(=O)NO)cc4)c4ccc(F)cc34)CC2(C)C)CC1,6.437707135543525,1,0.0,36
NRSCFACIDOMYDO-UHFFFAOYSA-N,CHEMBL5885258,CC(C)(C)OC(=O)NC1CCN(C(=O)Nc2cc(-c3cccs3)ccc2N)C1,7.301029995663981,1,0.0,28
NRTQVEBKTMOYBI-UHFFFAOYSA-N,CHEMBL4514330,CC(C)c1cc(C(=O)N(C)c2ccc(NC(=O)CCCCCCC(=O)NO)cc2)c(O)cc1O,5.882728704344236,1,0.0,34
NRUNYCANELBGLE-UHFFFAOYSA-N,CHEMBL469513,COc1ccc(S(=O)(=O)NC(CCCCCC(C)=O)c2ncc(-c3ccccc3)[nH]2)cc1,6.6020599913279625,1,0.0,32
NRWPNQIDUYABAM-UHFFFAOYSA-N,CHEMBL6166879,O=C(NO)c1ccc(CN2CN(c3ccccc3)C3(CCN(Cc4cccnc4)CC3)C2=O)cc1,6.313363730737707,1,0.0,35
NRXMHGVXTYHHEY-UHFFFAOYSA-N,CHEMBL4644307,NC(CCCCCC(=O)c1ccon1)c1ncc(-c2ccccc2F)[nH]1,8.853871964321762,1,0.0,26
NRXPONNZUMLPQD-UHFFFAOYSA-N,CHEMBL4299468,CCC1OC(=O)C(C)C(OC2CC(C)(OC)C(O)(CN(C)C)C(C)O2)C(C)C(OC2OC(C)CC(N(C)Cc3ccc(-c4cn(CCCCCC(=O)NO)nn4)cc3)C2O)C(C)(O)CC(C)CN(C)C(C)C(O)C1(C)O,6.795880017344075,1,0.0,76
NRYKILDGMFMLEQ-UHFFFAOYSA-N,CHEMBL3809171,CNC(=O)CCCCCC(NC(=O)c1cncs1)c1ncc(-c2ccc3ccncc3c2)[nH]1,6.221848749616356,1,0.0,33
NRYKLRJVRBXJSZ-UHFFFAOYSA-N,CHEMBL5415232,Nc1nn(-c2ccccc2)nc1C(=O)NCc1ccc(C(=O)NO)cc1,8.577450979992872,2,0.04921802267018194,26
NSBKWJVKVLJBPD-UHFFFAOYSA-N,CHEMBL4635503,O=C(CCCCCCC(=O)Nc1cc(C(F)(F)F)ccc1Cl)NO,6.920818753952375,1,0.0,24
NSBUFYDETVPHMH-UHFFFAOYSA-N,CHEMBL5431412,Nc1ccccc1NC(=O)c1ccc(COc2ccc(CNC(=O)C3CCC(=O)N3Cc3ccc(F)cc3)cc2)cc1,6.665546248849069,1,0.0,42
NSGMWZSPFMVPLB-UHFFFAOYSA-N,CHEMBL4065864,Nc1ccccc1NC(=O)c1ccc(NC(=O)C=Cc2cccnc2)cc1,6.207608310501746,1,0.0,27
NSKNUBYLLYGFAI-UHFFFAOYSA-N,CHEMBL5563379,CCCNNC(=O)CCCCCCCNC(=O)C=Cc1cccnc1,6.617982957425132,1,0.0,25
NSNLRAKUIBYWMK-UHFFFAOYSA-N,CHEMBL474046,Cc1ccc(NC(=O)c2ccc(C(=O)Nc3ccccc3N)nc2)cc1Nc1ncc(-c2cccnc2)s1,6.508638306165727,1,0.0,38
NSNZLWGJNAGCHD-UHFFFAOYSA-N,CHEMBL5884451,Nc1ccc(-c2cccs2)cc1NC(=O)OCC1CCCC1,5.515700160653214,1,0.0,22
NSWNOFFOSSTHOH-UHFFFAOYSA-N,CHEMBL5420438,C=CS(=O)(=O)N1CCC(OC(=O)NCc2ccc(C(=O)Nc3ccccc3N)cc2)CC1,6.351639989019068,1,0.0,32
NSWXYHYGBYWCCU-UHFFFAOYSA-N,CHEMBL6003844,O=C(CCCCCCN(c1ccccn1)c1nccs1)NO,5.259637310505756,1,0.0,22
NSWZEZRLPBKYRH-UHFFFAOYSA-N,CHEMBL4440264,Nc1ccccc1NC(=O)c1ccc(C(=O)Nc2ccccc2)cc1,5.522878745280337,1,0.0,25
NSZAPXHDCWRWIL-UHFFFAOYSA-N,CHEMBL4075984,O=C(C=Cc1ccc(CCNC(=O)c2ccc3c(c2)OCCO3)cc1)NO,7.948076083953893,1,0.0,27
NTIKCCDQCCURKB-UHFFFAOYSA-N,CHEMBL4857331,Cc1cccc(-c2nc(CNc3ccc(C(=O)NO)cc3)n(-c3ccccc3)n2)c1,5.257903597696755,1,0.0,30
NTNMXIDBAABARF-UHFFFAOYSA-N,CHEMBL5866852,COc1cncc(OCc2ccc(-c3noc(C(F)(F)F)n3)c(F)c2)c1,5.920818753952375,1,0.0,26
NTQKBXORHTWVAT-UHFFFAOYSA-N,CHEMBL4074493,Nc1cccc(CNC(=S)Nc2ccc(C(=O)Nc3ccccc3N)cc2)c1,6.657577319177793,1,0.0,28
NTQSXOWFTQFYTI-UHFFFAOYSA-N,CHEMBL5087971,CCCNNC(=O)c1ccc(CNC(=O)c2cc3cc(Cl)ccc3[nH]2)cc1,7.8613815661005075,1,0.0,27
NTUCJWZWDDQYER-UHFFFAOYSA-N,CHEMBL4781177,COc1cc(OC)c2c(N3CCN(C)CC3)nc(-c3cc(C)c(OCCCCCC(=O)NO)c(C)c3)nc2c1,7.060830320374823,1,0.0,39
NTUSLJUNLHYLKC-UHFFFAOYSA-N,CHEMBL6004718,Cc1nc(C)n(CC(=O)N(Cc2ccc(-c3noc(C(F)(F)F)n3)cc2)c2cccc(C(F)(F)F)c2)n1,5.853871964321762,1,0.0,37
NTXYJHJHDBHIIJ-UHFFFAOYSA-N,CHEMBL6152078,CS(=O)(=O)Nc1ccc(-c2ccnc(Nc3ccc(-c4cn(CC(=O)NCCCCCC(=O)NO)nn4)cc3)n2)cc1,6.356547323513812,1,0.0,42
NUGADCXVLJGFRM-UHFFFAOYSA-N,CHEMBL6161033,CC(C)c1cc(NC(=O)Nc2ccc(Oc3ccnc(-c4cnn(CCCCCCC(=O)NO)c4)c3)cc2)on1,7.950781977329818,1,0.0,40
NUGUKNLWEMUADP-UHFFFAOYSA-N,CHEMBL3698498,O=C(C=Cc1ccc(NS(=O)(=O)c2cccs2)cc1)NO,6.221848749616356,1,0.0,21
NUIWWTJUSIMSHA-UHFFFAOYSA-N,CHEMBL6145924,Cc1c(F)c(N)cc(C(=O)Nc2cc(-c3ccc(C(=O)NCCCCCC(=O)NO)cc3)ccc2N2CCN(C)CC2)c1Cl,6.7121982700697735,1,0.0,44
NUJQZBBINFCTIV-UHFFFAOYSA-N,CHEMBL4757047,CCCCNNC(=O)c1ccc(CNC(=O)C=Cc2ccccc2)cc1,7.22051174862526,2,0.00021647976616900877,26
NUUAPTZQDCCEPP-UHFFFAOYSA-N,CHEMBL4456250,Cc1cc(C)cc(C(=O)N(CCCCCC(=O)Nc2ccccc2N)CC(=O)NC2CCCCC2)c1,5.255707016877324,1,0.0,36
NUVBVOUKGLEFEW-UHFFFAOYSA-N,CHEMBL3758334,O=C(NCCCCCCS)c1cc(-c2ccc(-c3ccccc3)cc2)n[nH]1,6.647817481888637,1,0.0,27
NUVDAMNLGKTMIT-UHFFFAOYSA-N,CHEMBL4752658,O=C(CCCCCCn1cnc2c(N3CCOCC3)nc(N3CCOCC3)nc21)NO,8.255707016877324,1,0.0,31
NVALQOKYFLEKOH-UHFFFAOYSA-N,CHEMBL2442792,COc1cc(C2c3cc4c(cc3C(Nc3cccc(OCCCC(=O)NO)c3)C3COC(=O)C23)OCO4)cc(OC)c1O,6.414539270491499,1,0.0,43
NVDNTDXEEMYBNR-UHFFFAOYSA-N,CHEMBL5404095,Cc1nn(-c2ccccc2)nc1C(=O)NCc1ccc(C(=O)NO)cc1,8.346787486224656,1,0.0,26
NVEBAMFLYZFKKW-UHFFFAOYSA-N,CHEMBL2425958,Cc1nc2cc(C=CC(=O)NO)ccc2c(=O)n1CCc1ccccc1,5.7258421507363195,1,0.0,26
NVEXGSNLIUWPBT-UHFFFAOYSA-N,CHEMBL6165445,CCCNNC(=O)c1ccc(CNC(=O)c2cnc(-c3ccc4occc4c3)[nH]2)cc1,5.400116927926312,1,0.0,31
NVFWVYMGEIBQMR-UHFFFAOYSA-N,CHEMBL4776974,COc1cccc(-c2ccc3c(NC(=O)CCCCCCC(=O)NO)n[nH]c3c2)c1F,8.508638306165727,1,0.0,31
NVHALBAGLRENOI-UHFFFAOYSA-N,CHEMBL489124,O=C(C=Cc1ccc2c(c1)nc(CCc1ccccc1)n2CCc1ccccc1)NO,6.05749589383192,3,0.0,31
NVKABCISIRNZDQ-UHFFFAOYSA-N,CHEMBL5417222,COc1ccc2c3c(oc2c1)CN(C(=O)COc1ccc(C(=O)NO)cc1)CC3,7.2262135550188065,1,0.0,29
NVLGGELOEPKOBR-UHFFFAOYSA-N,CHEMBL3920131,Nc1cc(F)ccc1NC(=O)CCCCCNC(=O)c1nccs1,4.7447274948966935,1,0.0,24
NVMPSFPDKONRPN-UHFFFAOYSA-N,CHEMBL4096845,CN(C)C(=O)c1cn(Cc2ccc(C(=O)NO)cc2)c2ccccc12,5.242603971206975,1,0.0,25
NVUXINMOHSPWBH-UHFFFAOYSA-N,CHEMBL5185697,COc1cc(C(=O)c2csc(-c3ccc(NC(=O)C=CC(=O)Nc4ccccc4N)cc3)n2)cc(OC)c1OC,4.841939206063395,1,0.0,40
NVXCNYOSHXXPBK-UHFFFAOYSA-N,CHEMBL5966626,O=C(CCCCCCCN(c1ccccn1)c1nc2ccccc2s1)NO,5.259637310505756,1,0.0,27
NWBBORLPBDEXPR-UHFFFAOYSA-N,CHEMBL5903919,Fc1cnc(OCc2ccc(-c3noc(C(F)(F)F)n3)c(F)c2)nc1,5.070581074285707,1,0.0,25
NWDGFYIDKSNNQH-UHFFFAOYSA-N,CHEMBL3098687,O=C(CCCCCC(NC(=O)C1CCCC(=O)N1)C(=O)NCCc1ccccc1)NO,6.991399828238082,1,0.0,31
NWFDFAGWBLMYBX-UHFFFAOYSA-N,CHEMBL5170820,COc1cc(OC)cc(N(CC2CC2)c2ccc3ncc(-c4cnn(CCCCCCC(=O)NO)c4)nc3c2)c1,7.657577319177793,1,0.0,40
NWGRUDOZZVARNF-UHFFFAOYSA-N,CHEMBL3689852,CCN(CCCSC)Cc1c(C(C)(C)C)nc2cc(C=CC(=O)NO)ccn12,7.045757490560675,1,0.0,28
NWHRMDIXMQBLHY-UHFFFAOYSA-N,CHEMBL5185866,COc1cc(OCc2cccc(-c3ccccc3)c2C)cc(OC)c1CNCCCCCCC(=O)NO,5.443697499232712,1,0.0,37
NWKORADIVJOWGD-UHFFFAOYSA-N,CHEMBL353658,COc1ccc(S(=O)(=O)Nc2ccc(C=CC(=O)Nc3ccccc3N)cc2)cc1,5.638272163982407,1,0.0,30
NWOAWPYSTZJWRK-UHFFFAOYSA-N,CHEMBL5187930,CCCNNC(=O)c1ccc(NC(=O)Cc2ccccc2)cc1,6.603277721496227,1,0.0,23
NWSMVLJLEXXRHR-UHFFFAOYSA-N,CHEMBL4637689,Cc1cc(C(=O)CCCCCC(NC(=O)C2CN(C)C2)c2ncc(-c3ccccc3F)[nH]2)no1,9.795880017344075,1,0.0,34
NWWUDZNYEKNBNJ-UHFFFAOYSA-N,CHEMBL5871557,O=C1CCc2ccccc2N1Cc1ccc(-c2noc(C(F)(F)F)n2)cn1,6.823908740944319,1,0.0,27
NWWVDTMFZKRSME-UHFFFAOYSA-N,CHEMBL5838191,O=S(=O)(N1CCC2(CC1)CN(C1CCC1)C2)N(Cc1ccc(-c2nnc(C(F)F)o2)cc1)c1ccccc1,6.913640169325252,1,0.0,38
NWWXWOFPOPUGQK-UHFFFAOYSA-N,CHEMBL3760074,O=C(NCCCCCCS)c1cc(-c2ccc(F)cc2)n(CCCO)n1,5.443697499232712,1,0.0,26
NWXDOQNZTBZUGU-UHFFFAOYSA-N,CHEMBL4648157,COc1ccc(-c2cc(N3CCOCC3)c3sc(CN(C)c4ncc(C(=O)NO)cn4)cc3c2)cn1,8.769551078621726,1,0.0,36
NWYFPRDRKWIVDM-UHFFFAOYSA-N,CHEMBL5080120,CN1c2ccc(F)cc2C(=O)N2CCc3c([nH]c4ccc(OCc5ccc(C(=O)NO)cc5)cc34)C21,7.494850021680094,1,0.0,36
NWZJVULBGFNRLY-UHFFFAOYSA-N,CHEMBL5558731,O=C(CCCCCN1C(=O)CC(=Cc2ccccc2)C1=O)NO,7.492144128304169,1,0.0,23
NXBDQDGEFPQVSI-UHFFFAOYSA-N,CHEMBL3774993,CN(c1ccc(OCCCCCC(=O)NO)cc1)c1ncnc2ccccc12,6.75448733218585,1,0.0,28
NXBKVLUVOQBPCG-UHFFFAOYSA-N,CHEMBL166883,Nc1ccccc1NC(=O)C=Cc1ccc(NS(=O)(=O)c2ccc(-c3ccccc3)cc2)nc1,5.42021640338319,1,0.0,34
NXCPBNLDBYSAEM-UHFFFAOYSA-N,CHEMBL5770515,Nc1ccc(-c2cccs2)cc1NC(=O)c1ccc(NC2CCN(C(=O)C3(O)CCCC3)CC2)cc1,8.154901959985743,1,0.0,36
NXJJIJDRIRMSCO-UHFFFAOYSA-N,CHEMBL5964075,O=C1COCC(c2nc3ccccc3o2)N1c1ccc(-c2noc(C(F)(F)F)n2)cc1,7.259637310505756,1,0.0,31
NXJWSNFSZYTHBC-UHFFFAOYSA-N,CHEMBL398617,CCC(=O)NCc1ccc(C(=O)Nc2cc(-c3ccccc3)ccc2N)cc1,7.884775539310863,2,0.2304489213782741,28
NXKIURPJALKRRH-UHFFFAOYSA-N,CHEMBL4860861,O=C(NO)c1ccc(NCc2nc(-c3ccccc3Cl)nn2-c2ccccc2)cc1,5.416687848016922,1,0.0,30
NXPKXZJAUAFUFI-UHFFFAOYSA-N,CHEMBL5197148,COc1cc(C2c3cc4c(cc3CC3COC(=O)C32)OCO4)cc(OC)c1OC(=O)CC(=O)NCc1ccc(C(=O)Nc2ccccc2N)cc1,4.95506845385084,1,0.0,51
NXPXTIKDUKRMJQ-UHFFFAOYSA-N,CHEMBL5178597,CCNc1nc(Cl)nc2c1ncn2Cc1ccc(C(=O)Nc2ccccc2N)cc1,7.029188389127482,1,0.0,30
NXTMDUWTQZXRRK-UHFFFAOYSA-N,CHEMBL2158745,CCC(C)C1NC(=O)C(Cc2ccc(OC)cc2)NC(=O)C(CCCCCC(=O)NO)NC(=O)C2CCCN2C1=O,9.397940008672037,1,0.0,41
NXTSCTJWXGEIIG-UHFFFAOYSA-N,CHEMBL4299406,CCC1OC(=O)C(C)C(OC2CC(C)(OC)C(O)C(C)O2)C(C)C(OC2OC(C)CC(N(C)Cc3ccc(-c4cn(CCCC(=O)NO)nn4)cc3)C2O)C(C)(OC)CC(C)C(=O)C(C)C(O)C1(C)O,5.003926345514724,1,0.0,70
NXWFBAOQDZQMOX-UHFFFAOYSA-N,CHEMBL4580600,COc1ccc(-c2cc(OCCCCC(=O)NO)c3ncnc(C)c3c2)cn1,7.075720713938118,1,0.0,28
NXYRQQOKODFMOD-UHFFFAOYSA-N,CHEMBL5179735,O=C(CCCCCCOc1ccc(-c2nnc(-c3ccccc3)s2)cc1)NO,7.086186147616283,1,0.0,28
NYAPVWGUAUDHRY-UHFFFAOYSA-N,CHEMBL2336751,COc1cc(C2Oc3c(OC)cc(CCCO)cc3C2CO)ccc1OC1OC(CO)C(O)C(O)C1O,5.443697499232712,1,0.0,37
NYBMEUCDJUHMPJ-UHFFFAOYSA-N,CHEMBL5218535,CCC(=O)CCCCCC(NC(=O)C1CC12CCN(C)CC2)c1ncc(-c2ccc3ncccc3c2)[nH]1,9.275724130399212,1,0.0,37
NYBYLHAKGMXBDP-UHFFFAOYSA-N,CHEMBL4753670,O=C(CNC(=O)C(Cc1ccc(O)c(Br)c1)=NO)NO,5.53313237964589,1,0.0,20
NYDFDOYGLBMQBE-UHFFFAOYSA-N,CHEMBL2057820,[N-]=[N+]=Nc1cccc(COC(=O)NCc2ccc(C(=O)Nc3cc(-c4ccccc4)ccc3N)cc2)c1,5.7640609003463545,2,0.6876889939263293,37
NYJOCLMLIASQTH-UHFFFAOYSA-N,CHEMBL3356523,O=C1CCCC(C(=O)NC(CCCCCS)C(=O)Nc2ccccc2)N1,7.911954370472159,2,0.17609125905568135,26
NYLVODBIQNLOCF-UHFFFAOYSA-N,CHEMBL5433627,O=C(NO)c1ccc(CNC(=O)c2cc(-c3ccc(N4CCOCC4)cc3)nc3ccccc23)cc1,7.4089353929735005,1,0.0,36
NYQPMKWFUHNIMV-UHFFFAOYSA-N,CHEMBL4102475,Nc1ccccc1NC(=O)c1ccc(NC(=O)CN2C(=O)C3(OCCO3)c3cc(Br)ccc32)cc1,7.337242168318426,1,0.0,35
NYRDYZRDWPRECI-UHFFFAOYSA-N,CHEMBL3689784,CCCCCCc1nc2cc(C=CC(=O)NO)ccn2c1NCCC(=O)NCCOC,6.886056647693163,1,0.0,31
NYVGGKFRRZZNIW-UHFFFAOYSA-N,CHEMBL5977835,Fc1ccc(C2COCCN2c2ccc(-c3noc(C(F)(F)F)n3)cn2)cc1,6.301029995663981,1,0.0,28
NYWGKQVIROBAQG-UHFFFAOYSA-N,CHEMBL4173566,Nc1cc(F)ccc1NC(=O)c1ccc(NC(=O)C2CC2c2ccccc2)cn1,5.920818753952375,1,0.0,29
NYYMSVYTUYTODA-UHFFFAOYSA-N,CHEMBL4759072,C=CC(=O)Nc1cc2c(Nc3ccc(F)c(Cl)c3)ncnc2cc1OCc1cn(CCCC(=O)NO)nn1,7.1249387366083,1,0.0,38
NZADVEIGDKAMHR-UHFFFAOYSA-N,CHEMBL5186206,COc1cc(OC)cc(N(CCCCC(=O)NO)c2ccc3ncc(-c4cnn(C)c4)nc3c2)c1,6.804100347590767,1,0.0,35
NZBHFBGHVBAHOW-UHFFFAOYSA-N,CHEMBL3605493,Nc1ccccc1NC(=O)c1ccc(CSC2=NC(Cc3ccccc3)CO2)cc1,6.154901959985743,1,0.0,30
NZDJAZHCXJRHDE-UHFFFAOYSA-N,CHEMBL4163345,CC(C)CCN(CCCCCC(=O)NO)c1ncc(C(=O)NCCCn2ccnc2)s1,7.221848749616356,1,0.0,31
NZLZYELRPTWEOZ-UHFFFAOYSA-N,CHEMBL5974061,Nc1ccc(-c2cccs2)cc1NC(=O)OCC1CCOCC1,6.255707016877324,1,0.0,23
NZMHRXJSGRRBAI-UHFFFAOYSA-N,CHEMBL6188894,CCCNNC(=O)CCCCCCNC(=O)c1cnc(-c2ccc3ccccc3c2)s1,5.486782399932061,1,0.0,31
NZMKLSKDPIRQSD-UHFFFAOYSA-N,CHEMBL3589696,Cc1ccccc1OS(=O)(=O)C1CC2OC1C(c1ccc(NC(=O)CCCCCCC(=O)NO)cc1)=C2c1ccc(O)cc1,7.657577319177793,1,0.0,44
NZMWPDHOFLWFSH-UHFFFAOYSA-N,CHEMBL3335369,COc1cc(C=Cc2ccc(OC)c(NC(=O)CCCCCCC(=O)NO)c2)cc(OC)c1,5.887345359137068,2,0.41912930774197577,33
NZOPUKCDUUUXJV-UHFFFAOYSA-N,CHEMBL211694,CN(C)c1ccc(CNc2ccc(C=CC(=O)Nc3ccccc3N)cn2)cc1,5.3979400086720375,1,0.0,29
NZPNDRAJSSSGPL-UHFFFAOYSA-N,CHEMBL4786063,COc1ccccc1-c1ccc2c(NC(=O)CCCCCCC(=O)NO)n[nH]c2c1,8.337242168318426,1,0.0,30
NZQMQRRJBGZTCU-UHFFFAOYSA-N,CHEMBL5856839,O=C(CCCCCCN(c1ccccn1)c1nc2ccccc2s1)NO,5.259637310505756,1,0.0,26
NZVBOWXXZGVTAP-UHFFFAOYSA-N,CHEMBL4551620,O=C(NO)c1cc(CCCCN2CCCc3cc(Cl)ccc32)on1,4.950781977329818,1,0.0,24
NZVOKXQPGIDGBV-UHFFFAOYSA-N,CHEMBL1800241,CC(=O)Nc1ccc(C(=O)CSc2nc(C)cc(O)n2)cc1,4.785156151952302,1,0.0,22
NZYAYVLISSRYRK-UHFFFAOYSA-N,CHEMBL3689795,CCCCCCc1nc2cc(C=CC(=O)NO)ccn2c1NCCC(=O)NCC(C)(C)CN(C)C,6.853871964321762,1,0.0,35
NZZFFQIDCSSYQF-UHFFFAOYSA-N,CHEMBL5855531,O=C(CC1COC1)N(Cc1ccc(-c2noc(C(F)(F)F)n2)cc1)c1cccc(C(F)(F)F)c1,5.795880017344075,1,0.0,34
OAAMYQXWVBCJOH-UHFFFAOYSA-N,CHEMBL375409,Nc1ccccc1NC(=O)C=Cc1ccc(NCc2ccccc2)nc1,5.522878745280337,1,0.0,26
OABQDWQBXSGEDG-UHFFFAOYSA-N,CHEMBL5405779,COc1cc2c(cc1-c1c(C)noc1C)[nH]c1ncnc(NCCCCCCC(=O)NO)c12,8.0,1,0.0,33
OAEKUDSJACGENX-UHFFFAOYSA-N,CHEMBL5631734,Nc1ccccc1NC(=O)CCCCCOc1no[n+]([O-])c1S(=O)(=O)c1ccccc1,6.327902142064282,1,0.0,31
OAFCECCDOLQMML-UHFFFAOYSA-N,CHEMBL4244419,COc1ccc2nc3cc(Cl)ccc3c(Nc3cccc(-c4cn(CCCCCC(=O)NO)nn4)c3)c2c1,6.649170726417032,1,0.0,38
OAHXCGZZQBKUGR-UHFFFAOYSA-N,CHEMBL4787120,O=C(CCCCCCn1cnc2c(N3CCOCC3)nc(-c3ccc(F)c(O)c3)nc21)NO,9.309803919971486,1,0.0,33
OAIPADPNBXPRRA-UHFFFAOYSA-N,CHEMBL4090647,Cc1cc(C)cc(C(=O)N(CCCCCC(=O)NO)CC(=O)NCc2ccccc2)c1,7.607303046740334,1,0.0,31
OAMKHZBWJKQTBS-UHFFFAOYSA-N,CHEMBL5947327,CC(C(=O)N(Cc1ccc(-c2noc(C(F)(F)F)n2)cc1)c1cccc(C(F)(F)F)c1)n1cncn1,6.142667503568731,1,0.0,36
OAXNHVQYSZKJAU-UHFFFAOYSA-N,CHEMBL5200217,Nc1ccccc1NC(=O)c1ccc(CN2CCCC(=Cc3ccccc3Cl)C2=O)cc1,6.401756808346377,1,0.0,32
OAYMDQYASRZPRZ-UHFFFAOYSA-N,CHEMBL257632,Nc1nc(NCc2ccc(C(=O)Nc3ccccc3N)cc2)nc(N2CCOCC2)n1,6.698970004336019,1,0.0,31
OBBSJJGVJVLEEI-UHFFFAOYSA-N,CHEMBL3664114,CN1CCN(Cc2ccc(C(=O)Nc3cc(-c4ccccc4)ccc3O)cc2)CC1,5.619788758288394,1,0.0,30
OBGGIZOKLXPFBG-UHFFFAOYSA-N,CHEMBL6014159,O=C1Nc2ccc(F)cc2C1Cc1ccc(-c2noc(C(F)(F)F)n2)cc1,6.1487416512809245,1,0.0,27
OBJZEJYAHAWEPJ-UHFFFAOYSA-N,CHEMBL3692676,CCCN(C)CC(C)NC(=O)c1ccc(-c2noc(C(F)(F)F)n2)cc1F,5.236572006437063,1,0.0,27
OBKXEAXTFZPCHS-UHFFFAOYSA-N,CHEMBL1469,O=C(O)CCCc1ccccc1,4.1938200260161125,1,0.0,12
OBLYOUHZDXWOHW-UHFFFAOYSA-N,CHEMBL4228293,Cc1cn(C2CC(C3(c4ccc(NC(=O)CCCCCCC(=O)NO)cc4)SCCCS3)C(CO[Si](C)(C)C(C)(C)C)O2)c(=O)[nH]c1=O,6.04764222736066,2,0.17806982503776947,48
OBPIFZZWWPVGNI-UHFFFAOYSA-N,CHEMBL5613673,CCCNNC(=O)C=Cc1ccc(CN(CCc2c(C)[nH]c3ccccc23)CC2CCC2)cc1,7.330683119433887,1,0.0,34
OBPWCZPIDYIVKD-UHFFFAOYSA-N,CHEMBL6024145,Nc1ccc(-c2cccnc2)cc1NC(=O)c1ccc(N2CCNCC2)nc1,6.5934598195660445,2,0.0,28
OBQXNVXJMUPSRH-UHFFFAOYSA-N,CHEMBL3098693,O=C(CCCCCC(NC(=O)C1CCNC1=O)C(=O)Nc1ccccc1)NO,7.142667503568731,1,0.0,28
OBVIXKUIQHYXKO-UHFFFAOYSA-N,CHEMBL4753648,CCC(=O)CCCCCC(NC(=O)C1CC12CCN(CC)CC2)c1ncc(-c2cccc(Cl)c2OC)[nH]1,8.187086643357144,1,0.0,37
OBVOKTHKAHOXAF-UHFFFAOYSA-N,CHEMBL5399990,Nc1nn(-c2cccc(Cl)c2)nc1C(=O)NCc1ccc(C(=O)NO)cc1,8.494850021680094,1,0.0,27
OBXDPJWJEONRBU-UHFFFAOYSA-N,CHEMBL5285433,CCC(=O)CCCCCC(NC(=O)C1CNC(=O)C1)c1ncc(-c2cc3ccccc3nc2OC)o1,8.494850021680094,1,0.0,36
OBXQIMLTFUZZIK-UHFFFAOYSA-N,CHEMBL6013755,Nc1ccc(-c2ccc(F)cc2)cc1NC(=O)OCC1CCOCC1,6.255707016877324,1,0.0,25
OBZKXYPZHKMZMG-UHFFFAOYSA-N,CHEMBL2023527,COc1cccc2c1C(=O)c1c(O)c3c(c(O)c1C2=O)CC(O)(C(C)=O)CC3OC1CC(NCc2ccc(-c3cn(CCCCC(=O)NO)nn3)cc2)C(O)C(C)O1,5.337242168318426,1,0.0,58
OCAWVGMTAAVTPN-UHFFFAOYSA-N,CHEMBL3655910,O=C(NO)c1cnc(Nc2cc(Cl)cc(OC(F)(F)F)c2)nc1,6.379863945026242,1,0.0,23
OCDWGMQVMSIDIU-UHFFFAOYSA-N,CHEMBL3664106,CC(C)CCNCc1ccc(C(=O)Nc2cc(-c3ccccc3)ccc2O)cc1,7.0,1,0.0,29
OCDYJMLRANQSFF-UHFFFAOYSA-N,CHEMBL4080570,O=C(CCCCN1C(=O)CN=C(c2ccccc2)c2ccccc21)NO,5.415668775632469,1,0.0,26
OCEYRAXLYFYSEZ-UHFFFAOYSA-N,CHEMBL4793832,CCC(=O)CCCCCC(NC(=O)C1CC12CCN(CC)CC2)c1ncc(-c2cc(F)c(F)cc2OC)[nH]1,8.366531544420413,1,0.0,38
OCGWCWUUXSMEJO-UHFFFAOYSA-N,CHEMBL3628320,CCCCCCCCSSCCC=CC1CC(=O)NC(C(C)C)C(=O)NC(C)C(=O)NC(C(C)C)C(=O)NCC(=O)O1,6.086186147616283,1,0.0,42
OCKCKDNCRASFDK-UHFFFAOYSA-N,CHEMBL5414898,Nc1nn(-c2ccc3ccccc3c2)nc1C(=O)NCc1ccc(C(=O)NO)cc1,8.886056647693163,1,0.0,30
OCODNUMUVSCWSG-UHFFFAOYSA-N,CHEMBL3664121,NCCNCc1ccc(C(=O)Nc2cc(-c3ccccc3)ccc2O)cc1,7.142667503568731,1,0.0,27
OCROHDYYXHJDLC-UHFFFAOYSA-N,CHEMBL5795585,FC(F)(F)c1nc(-c2ccc(CNc3c[nH]nn3)nc2)no1,5.366531544420413,1,0.0,22
OCUXEFWCUPHQES-UHFFFAOYSA-N,CHEMBL3664046,CCCOC(=O)NCc1ccc(C(=O)Nc2cc(-c3ccccc3)ccc2N)cc1,7.537602002101044,1,0.0,30
OCVYWWSLZGQEHY-UHFFFAOYSA-N,CHEMBL4878570,O=C(NO)C1CCN(CC(O)COC(Cn2c3ccccc3c3ccccc32)Cn2c3ccccc3c3ccccc32)CC1,5.380906669373257,2,0.0,44
OCYDUZIKEHTCLH-UHFFFAOYSA-N,CHEMBL6147548,O=C(NO)c1ccc2ncc(Nc3ccccc3)cc2c1,5.710634048479968,1,0.0,21
ODAHKZVTGCELCP-UHFFFAOYSA-N,CHEMBL5405823,CC(c1ccc(C(=O)Nc2cc(F)ccc2N)cc1)n1nc(-c2ccc(CN(C)C)cc2)ccc1=O,7.504455662453552,1,0.0,36
ODCJFPOGXDCLCK-UHFFFAOYSA-N,CHEMBL5598550,N#CC1(CNc2cccc(-c3cc(Nc4cnn(CCCCCCC(=O)NO)c4)ncc3Cl)n2)CCOCC1,5.938547520912807,1,0.0,39
ODDZJSGIPIWFAU-UHFFFAOYSA-N,CHEMBL5612510,CCc1c(C#N)c(SC(C(N)=O)c2ccccc2)nc(N2CCC(CNCc3ccc(C=CC(=O)NO)cc3)CC2)c1C#N,7.301029995663981,1,0.0,44
ODGPDTHYRQCSNH-UHFFFAOYSA-N,CHEMBL4797194,CCC(=O)CCCCCC(NC(=O)C1CC12CCN(C)CC2)c1[nH]c(-c2ccc(F)cc2F)nc1C#N,7.453457336521869,1,0.0,37
ODHVUSPRDGLBDO-UHFFFAOYSA-N,CHEMBL4227717,Cc1ccc(-c2cc(C(F)(F)F)nn2CCc2ccc(C(=O)NO)cc2)cc1,5.970210529168144,1,0.0,28
ODMAGXZOJNLPBL-UHFFFAOYSA-N,CHEMBL4163675,CCOc1cc(C(C)(C)C)ccc1C1=NC(c2ccc(Cl)cc2)C(c2ccc(Cl)cc2)N1C(=O)N1CCN(CCCCCCC(=O)NO)CC1,6.050609993355087,3,0.04522753993737716,50
ODMBSJLKYGMCQA-UHFFFAOYSA-N,CHEMBL4468076,O=C(CCCCCCn1cc(-c2ccc(C(=O)c3c(-c4ccc(O)cc4)sc4cc(O)ccc34)cc2)nn1)NO,5.987162775294828,1,0.0,40
ODNZVHKLFZQYDP-UHFFFAOYSA-N,CHEMBL2047607,Cc1ccc(-c2nn(-c3ccccc3)cc2C=CC(=O)Nc2ccc(Br)cc2)cc1,5.47755576649368,1,0.0,30
ODOKPTUWMSGFKA-UHFFFAOYSA-N,CHEMBL4476425,Nc1ccccc1NC(=O)CCCCCN1C(=O)c2cccc3c(N4CCOCC4)ccc(c23)C1=O,6.366531544420413,1,0.0,36
OEBYRDHGFUDTDM-UHFFFAOYSA-N,CHEMBL5532409,CCCNNC(=O)c1ccc(NC(=O)CCCCCCCNC(=O)C=Cc2cccnc2)cc1,6.207608310501746,1,0.0,34
OEDVYFRGPGFJIZ-UHFFFAOYSA-N,CHEMBL3648306,Cn1c(CNCc2ccccc2)nc2cc(C=CC(=O)NO)ccc21,6.935542010773082,3,0.0,25
OEHABLKFQZZGAJ-UHFFFAOYSA-N,CHEMBL4762615,Nc1ncc(-c2nc(N3CCOCC3)c3ncn(CCNCc4ccc(C=CC(=O)NO)cc4)c3n2)cn1,6.866461091629782,1,0.0,38
OEIWOBHSMWRABY-UHFFFAOYSA-N,CHEMBL3421739,COc1ccc(-c2noc(CNCc3ccc(C(=O)Nc4ccccc4N)cc3)n2)cc1,6.7447274948966935,1,0.0,32
OEKUHJTTWMORFC-UHFFFAOYSA-O,CHEMBL4754489,CC[N+]1=C(C=CC2=C3Oc4cc(O)cc(OCCCCCCCC(=O)O)c4C=C3CCC2)C(C)(C)c2ccccc21,5.013676222949234,1,0.0,41
OELIVNXEBZGJGO-UHFFFAOYSA-N,CHEMBL5407947,COc1ccc(-c2cc(C(=O)NCc3ccc(C(=O)NO)cc3)cnc2-c2ccc(OC)cc2)cc1,7.73471037413917,1,0.0,36
OEMGJZQIDXYGFV-UHFFFAOYSA-N,CHEMBL4794499,Cc1cc(F)cc(C)c1Oc1ccc(C(C)(C)O)cc1-c1cn(C)c(=O)c2[nH]c(C(=O)NCCCCCCC(=O)NO)cc12,6.641494088509765,1,0.0,44
OEOIWMTTYKVUJA-UHFFFAOYSA-N,CHEMBL3415452,O=C(NO)c1ccc(NC2CCN(CCc3ccccc3)C2=O)cc1,5.051587034221399,1,0.0,25
OEQQELYWLWKXKU-UHFFFAOYSA-N,CHEMBL3311473,CC1(C)CC(=O)Nc2ccc(C(=O)NCCCCCCC(=O)NO)cc21,7.522878745280337,1,0.0,26
OETVIHXIGVZQPR-UHFFFAOYSA-N,CHEMBL3664057,CC(C)CC(=O)NCc1ccc(C(=O)Nc2cc(-c3ccccc3)ccc2N)cc1,7.853871964321762,1,0.0,30
OEVNYXUGKVJBIX-UHFFFAOYSA-N,CHEMBL4647458,CN1CCC(C(=O)NC(CCCCCC(=O)c2nccs2)c2ncc(-c3ccc(F)cc3)[nH]2)CC1,8.236572006437063,1,0.0,35
OEXRLJIEPZXNQN-UHFFFAOYSA-N,CHEMBL4852256,Nc1ncc(C(=O)NO)cn1,5.513711239039434,1,0.0,11
OEYVMSVPGDDTHP-UHFFFAOYSA-N,CHEMBL6064557,Cc1n[nH]c2c1CC(NCc1ccc(-c3noc(C(F)(F)F)n3)cn1)CC2,6.3979400086720375,1,0.0,27
OEZGHUBBUPGXJE-UHFFFAOYSA-N,CHEMBL4279657,O=C(CCCCCCn1cc(-c2ccc(C(=O)NCCNc3nonc3C(=NO)Nc3ccc(F)c(Br)c3)cc2)nn1)NO,7.628932137728263,1,0.0,44
OEZSNGIQMOKVLE-UHFFFAOYSA-N,CHEMBL2063396,CCCC1NC(=O)C(C)NC(=O)CC(CC(C)C)NC(=O)C(Cc2cn(CN(C)C)c3ccccc23)NC1=O,6.167491087293763,2,0.0,39
OFBDGAQBNICAOH-UHFFFAOYSA-N,CHEMBL5425472,Nc1ccccc1NC(=O)c1ccc(CNC(=O)c2nn(-c3cccc4cccnc34)nc2N)cc1,7.366531544420414,1,0.0,36
OFJFTKCOTYLIRE-UHFFFAOYSA-N,CHEMBL5594197,O=C(NO)c1ccc(CNC(=O)C2Cc3c([nH]c4ccccc34)C(C3CC3)N2)cc1,7.174167198038532,2,0.4920984106893158,30
OFMCPEFBZVKEIY-UHFFFAOYSA-N,CHEMBL5909646,CC(=O)NC1C2CN(C(=O)Nc3cc(-c4cccs4)ccc3N)CC21,7.301029995663981,1,0.0,25
OFNZEWQMINRXML-UHFFFAOYSA-N,CHEMBL5283887,CN(C)Cc1ccc(C(=O)Nc2cc(-c3ccccc3)ccc2N)cc1,8.0,1,0.0,26
OFOCUZOOTYLYIC-UHFFFAOYSA-N,CHEMBL4743004,COc1cc2c(Oc3ccc(NC(=O)Nc4ccccc4)cc3)ccnc2cc1OCCCCCCC(=O)NO,7.124765053549835,1,0.0,40
OFVVEEGKXCCFDK-UHFFFAOYSA-N,CHEMBL2047684,O=C(CCNC(=O)C(Cc1ccc(O)c(Br)c1)=NO)NO,8.221848749616356,2,0.9542425094393252,21
OFYHDTYBZYOAHQ-UHFFFAOYSA-N,CHEMBL4453484,COc1cccc(-c2nc(NCc3cccc(C=CC(=O)NO)c3)cc3c2[nH]c2ccccc23)c1,8.2839966563652,1,0.0,35
OFYZASFFQIIGSQ-UHFFFAOYSA-N,CHEMBL5802645,Cn1nccc1OCc1ccc(-c2noc(C(F)(F)F)n2)c(F)c1,5.431798275933005,1,0.0,24
OGDATKAZVUTESS-UHFFFAOYSA-N,CHEMBL428577,O=C(CCCCCC(NC(=O)c1ccc2ccccc2n1)C(=O)Nc1ccc2ncccc2c1)NO,7.267606240177031,1,0.0,36
OGHPCRCMIOOYQK-UHFFFAOYSA-N,CHEMBL5219048,CN(Cc1ccc(C(=O)NO)cc1)C(=O)OC1CC(c2nc3cccc(Cl)c3c(=O)n2C)N(c2nc(N)nc(N)c2C#N)C1,6.585026652029182,1,0.0,44
OGJOCFPURGELIS-UHFFFAOYSA-N,CHEMBL95553,COc1ccc(S(=O)(=O)Nc2ccc(C=CC(=O)NO)cc2)cc1,6.9604093769761874,2,0.5228787452803374,24
OGJRGWPKYVXPJS-UHFFFAOYSA-N,CHEMBL253870,Nc1ccc(-c2ccccc2)cc1NC(=O)c1ccc(CNC(=O)OCc2ccccn2)cc1,7.8979400086720375,2,0.3979400086720375,34
OGNNCXBBCAIXRH-UHFFFAOYSA-N,CHEMBL4206571,COc1cccc(C2c3ccccc3CCN2CCC(=O)NO)c1,4.886056647693163,1,0.0,24
OGOUVFOKYOKPNY-UHFFFAOYSA-N,CHEMBL5424224,O=C(NO)c1ccc(Cn2ccc3cc(C(=O)NCC45CC6CC(CC(C6)C4)C5)ccc32)cc1,6.055517327849831,1,0.0,34
OGPNRIPZGRWELK-UHFFFAOYSA-N,CHEMBL3645368,COc1ccc(-c2nc3cc(C=CC(=O)NO)ccc3n2CCO)cc1,5.364516253185088,3,0.0,26
OGQQJAWBKVRPGO-UHFFFAOYSA-N,CHEMBL442585,O=C(C=Cc1ccc2c(c1)nc(COCc1ccccc1)n2CCCO)NO,6.782516055786093,3,0.0,28
OGTSPZALNZIJOM-UHFFFAOYSA-N,CHEMBL5087466,O=C(NO)c1ccc(C=Cc2ccnc(-c3cccc(CO)c3)c2)cc1,6.552841968657781,1,0.0,26
OGZRMDYDYUYDBD-UHFFFAOYSA-N,CHEMBL3775539,Cc1nc(N(C)c2cccc(OCCCCCC(=O)NO)c2)c2ccccc2n1,7.136677139879544,1,0.0,29
OHAZRQGCWWXQDW-UHFFFAOYSA-N,CHEMBL6162546,CCc1cc(NC(=O)Nc2ccc(Oc3ccnc(-c4cnn(CCCCCCC(=O)NO)c4)c3)cc2)on1,8.214670164989233,1,0.0,39
OHFSXIKHOCGMKB-UHFFFAOYSA-N,CHEMBL1093042,CCc1ccc(NC(=O)CCCCC(=O)NO)cc1,6.826813731587726,1,0.0,19
OHHKIRZGQVDOQY-UHFFFAOYSA-N,CHEMBL4446236,COc1ccc(SCc2ccc(C(=O)Nc3ccccc3N)cc2)cc1,7.795880017344075,1,0.0,26
OHILJLFYAQLWHB-UHFFFAOYSA-N,CHEMBL5568339,Nc1ccccc1NC(=O)C=Cc1ccc(CNC(=O)c2ccc(-c3ncc(CNc4ccccc4)s3)cc2)cc1,6.142667503568731,1,0.0,41
OHIUPIMOMLQZKN-UHFFFAOYSA-N,CHEMBL3692663,CC(CN1CCCCC1)NC(=O)c1ccc(-c2noc(C(F)(F)F)n2)cc1F,5.043351420794797,1,0.0,28
OHIVLDZJOUAGMQ-UHFFFAOYSA-N,CHEMBL3417214,COc1cc2c(c(OC)c1OC)-c1ccc(OC)c(=O)cc1C(NCc1ccc(C(=O)Nc3cc(-c4cccs4)ccc3N)cc1)CC2,5.478861916295964,1,0.0,48
OHPNDMZPFBTMSQ-UHFFFAOYSA-N,CHEMBL2047544,CON=C(Cc1ccc(O)c(Br)c1)C(=O)NCCSSCCNC(=O)C(Cc1ccc(O)c(Br)c1)=NOC,6.42021640338319,1,0.0,38
OHQKAWNURSNFSJ-UHFFFAOYSA-N,CHEMBL6146363,COc1ccc(NC(=O)Nc2ccc(Oc3ccnc(-c4cnn(CCCCCCC(=O)NO)c4)c3)cc2)cc1,8.1249387366083,1,0.0,40
OHROLPNQMXRXGC-UHFFFAOYSA-N,CHEMBL5431600,COc1ccc(-c2cnc(C(=O)NCCCCCC(=O)NO)s2)cc1,6.389765824665611,1,0.0,25
OHRUWOKDVPCLPC-UHFFFAOYSA-N,CHEMBL3770287,O=C(NCCCCC(=O)C(F)(F)F)c1nc(-c2nccs2)sc1C1CC1,7.580374639112257,1,0.0,26
OHUJWVADTAZIJO-UHFFFAOYSA-N,CHEMBL5632861,O=C(CCCCCC(=O)Nc1cc(-c2ccc3ncn(Cc4ccccc4)c3c2)[nH]n1)NO,7.088842391260023,1,0.0,33
OHXFPFILJOIWSE-UHFFFAOYSA-N,CHEMBL5083922,COc1ccc(CNc2nc(SCc3ccc(C(=O)Nc4ccc(F)cc4N)cc3)nn3cccc23)cc1,5.297569463554474,1,0.0,38
OIAFJHJHFMRPHJ-UHFFFAOYSA-N,CHEMBL2442697,COc1cc(C2c3cc4c(cc3C(Nc3ccc(NC(=O)CCCCCC(=O)NO)cc3)C3COC(=O)C23)OCO4)cc(OC)c1O,6.229147988357855,1,0.0,47
OICBIYUMFIKTLO-UHFFFAOYSA-N,CHEMBL3745788,COc1ccc(-c2nc(C(=O)NCCCC(=O)NO)cc3c2[nH]c2ccccc23)cc1,6.886056647693163,1,0.0,31
OICJGSRYMGXHMH-UHFFFAOYSA-N,CHEMBL5922698,CS(=O)(=O)N1CCN(S(=O)(=O)N(Cc2ccc(-c3nnc(C(F)(F)F)o3)cc2F)c2cccc(F)c2)CC1,7.119186407719209,1,0.0,38
OICURQWOFDGPNS-UHFFFAOYSA-N,CHEMBL3098694,O=C(CCCCCC(NC(=O)C1C(=O)NCC1c1ccccc1)C(=O)Nc1ccccc1)NO,7.481486060122112,1,0.0,34
OIFBAVMEUGCUFZ-UHFFFAOYSA-N,CHEMBL5784501,Nc1ccc(-c2cccs2)cc1NC(=O)C1CCOCC1,7.301029995663981,1,0.0,21
OIFWZSQDVZIEMH-UHFFFAOYSA-N,CHEMBL2442795,COc1cc(C2c3cc4c(cc3C(Nc3cccc(OCCCCC(=O)NO)c3)C3COC(=O)C23)OCO4)cc(OC)c1O,7.031517051446065,1,0.0,44
OIHAWFCPBDLPLR-UHFFFAOYSA-N,CHEMBL5187697,COc1cc2nc(NCCCCCCC(=O)NO)nc(NC3CCN(C)CC3)c2cc1OC,8.236572006437063,1,0.0,33
OIHNXOWCTRYOLV-UHFFFAOYSA-N,CHEMBL5791981,O=c1ccc2ccc(F)cc2n1Cc1ccc(-c2noc(C(F)(F)F)n2)cc1,6.585026652029182,1,0.0,28
OIHYBQGTJQNKEO-UHFFFAOYSA-N,CHEMBL5867705,CCCCNNC(=O)c1ccc(OC)cc1OC,4.653647025549361,1,0.0,18
OIKDXNZYJAWKRS-UHFFFAOYSA-N,CHEMBL520601,Nc1ccccc1NC(=O)c1ccc(CNc2nccc(-c3cc(CO)no3)n2)cc1,6.6777807052660805,1,0.0,31
OILQXXBPDUYXAW-UHFFFAOYSA-N,CHEMBL4848938,Nc1ccc(-c2cccs2)cc1NC(=O)c1ccc2c(c1)CC(=O)N2CCN1CCOCC1,9.0,1,0.0,33
OINCRSHJNMRVSX-UHFFFAOYSA-N,CHEMBL1080580,Cc1ccc(NC(=O)c2ccc(C=CC(=O)NO)cc2)cc1Nc1nc(-c2cccnc2)cs1,7.096910013008056,1,0.0,34
OINLVYRUBHWYKM-UHFFFAOYSA-N,CHEMBL5188338,O=C(NO)c1ccc(Cn2cc(C(=O)NC3C4CC5CC(C4)CC3C5)c3ccccc32)cc1,6.938547520912807,1,0.0,33
OIQKYEYWVXPNRN-UHFFFAOYSA-N,CHEMBL2381731,O=C(CCCCc1cn(Cc2ccc(-c3ccccc3)cc2)nn1)NO,6.694648630553376,1,0.0,26
OIRORUAGZMWOAR-UHFFFAOYSA-N,CHEMBL5192423,Cc1cc(C)c(CNC(=O)c2cc(-c3ccc(N4CCN(C(=O)CCCCCCC(=O)NO)CC4)nc3)cc3c2cnn3C(C)C)c(=O)[nH]1,6.026872146400301,1,0.0,49
OIYDWQZMUWFTLG-UHFFFAOYSA-N,CHEMBL5879974,O=c1ccc2ccccc2n1Cc1ncc(-c2noc(C(F)(F)F)n2)cn1,6.657577319177793,1,0.0,27
OIZQGEDKMRNFOC-UHFFFAOYSA-N,CHEMBL5276052,O=C(NO)c1ccc(CN2CCN(C(=O)c3c[nH]c4ccccc34)CC2)cc1,5.901356274182943,1,0.0,28
OJBKBTKOMAPVTG-UHFFFAOYSA-N,CHEMBL2381753,CC(C)(C)c1ccc(Cn2cc(CCCCC(=O)NO)nn2)cc1,6.221125527997261,1,0.0,24
OJFAACXBCHKCGE-UHFFFAOYSA-N,CHEMBL5430751,Nc1ccccc1NC(=O)c1ccc(Cn2nc(-c3cccc(C(F)(F)F)c3)ccc2=O)cc1,7.051587034221399,1,0.0,34
OJIBZKCCZAUUJU-UHFFFAOYSA-N,CHEMBL3233687,O=C(C=Cc1ccc(OCC(Cc2c[nH]c3ccccc23)NC(=O)c2ccccc2)cc1)NO,7.987162775294828,1,0.0,34
OJIFXIMEUNDVIC-UHFFFAOYSA-N,CHEMBL4166471,CCOc1cc(C(C)(C)C)ccc1C1=NC(c2ccc(Cl)cc2)C(c2ccc(Cl)cc2)N1C(=O)NCCCCC(=O)NO,5.534617148551582,1,0.0,43
OJQALHBLSWWPHJ-UHFFFAOYSA-N,CHEMBL3759941,O=C(NCCCCCCS)c1ccn[nH]1,6.279014255846261,1,0.0,15
OJQNFXZXVAXQCA-UHFFFAOYSA-N,CHEMBL4758756,Cn1cc(-c2ccc(Cl)cc2)c2cc(C(=O)NCc3ccc(C(=O)Nc4ccccc4N)cc3)[nH]c2c1=O,7.226945306635738,1,0.0,38
OJRNZGDFYZRJBM-UHFFFAOYSA-N,CHEMBL5271319,O=C(C=Cc1cccc(Nc2ncnc3cc4c(cc23)OCCO4)c1)NO,6.537602002101044,1,0.0,27
OJSWNBSTDSTLPO-UHFFFAOYSA-N,CHEMBL5088875,Nc1cc(F)ccc1NC(=O)c1ccc(CCNc2nc(N)n3nc(-c4ccco4)nc3n2)cc1,6.760700520873108,1,0.0,35
OJUXFIZWAIWWEJ-UHFFFAOYSA-N,CHEMBL6103352,CS(=O)(=O)Nc1ccc(-c2ccnc(Nc3ccc(N4CCN(CC(=O)NCCCCCCCC(=O)NO)CC4)cc3)n2)cc1,7.337242168318426,1,0.0,45
OKCRUJWBHZZHCO-UHFFFAOYSA-N,CHEMBL4284388,CC(=O)Nc1ccc(-c2ccnc(Nc3cccc(NC(=O)CCCCC(=O)NO)c3)n2)cc1,6.415668775632469,1,0.0,34
OKEDSYBCCUZHHP-UHFFFAOYSA-N,CHEMBL5193360,O=C(CCCCCCOc1cccc(-c2nnc(-c3ccccc3)s2)c1)NO,7.721246399047171,1,0.0,28
OKFWXHZWCVPTON-UHFFFAOYSA-N,CHEMBL5083395,O=C(NO)c1ccc(C=Cc2ccnc(-c3cccnc3)c2)cc1,6.236572006437063,1,0.0,24
OKMUNVLPDJTEGE-UHFFFAOYSA-N,CHEMBL3577704,CN1c2ccc(NC(=O)CCCCCCC(=O)NO)cc2C(=O)N2CCc3c([nH]c4ccc(O)cc34)C21,7.1938200260161125,1,0.0,37
OKQNHJGRXGVJQM-UHFFFAOYSA-N,CHEMBL4471212,O=C(C=Cc1cccc(CNc2cc3c(cn2)[nH]c2ccccc23)c1)NO,6.79317412396815,1,0.0,27
OKQXRQPKLCDNQW-UHFFFAOYSA-N,CHEMBL6147653,Cc1cc(C(=O)Nc2ccccc2)nn1Cc1ccc(C(=O)NO)cc1,6.006123085058789,1,0.0,26
OKSBMDVBJZOVIV-UHFFFAOYSA-N,CHEMBL4642831,Nc1ccc(C2(C(=O)Nc3ccc(C(=O)NO)cc3)CCOCC2)cc1,7.657577319177793,1,0.0,26
OKTJLBYZTOJQFR-UHFFFAOYSA-N,CHEMBL5611904,CCCNNC(=O)C=Cc1ccc(CN(CCc2c(C)[nH]c3ccccc23)Cc2ccc3cc[nH]c3c2)cc1,6.237846807696405,1,0.0,39
OKYOGYUMGOCADK-UHFFFAOYSA-N,CHEMBL5086693,Nc1nc2c(cnn2CCc2ccc(OCCCCCC(=O)NO)cc2)c2nc(-c3ccco3)nn12,7.0915149811213505,1,0.0,36
OLAXIWBBXURIFU-UHFFFAOYSA-N,CHEMBL6004594,FC(F)(F)c1nc(-c2ccnc(OCc3nccnc3Cl)c2Cl)no1,4.920818753952375,1,0.0,25
OLCXAEIIBZFJFX-UHFFFAOYSA-N,CHEMBL4852895,C=Cc1c(C)c2cc3nc(c(C(=O)OC)c4[nH]c(cc5nc(cc1[nH]2)C(C)=C5CC)c(C)c4C(=O)OC)C(CCC(=O)Nc1ccc(C(=O)Nc2ccccc2N)cc1)C3C,4.568636235841013,1,0.0,61
OLERVUUNEGIAOP-UHFFFAOYSA-N,CHEMBL4213856,COc1ccc(C(=O)c2ccc3c(ccn3S(=O)(=O)c3cccc(C=CC(=O)NO)c3)c2)cc1,5.835647144215563,1,0.0,34
OLETVVCRMWHMFJ-UHFFFAOYSA-N,CHEMBL3648276,C=CCn1c(CCc2ccccc2)nc2cc(C=CC(=O)NO)ccc21,5.899629454882437,3,0.0,26
OLUMCBYQNVOFLW-UHFFFAOYSA-N,CHEMBL4516095,CCC(Nc1ncnc2[nH]cnc12)c1nc2cccc(NCc3ccc(C(=O)NO)cc3)c2c(=O)n1-c1ccccc1,5.4061603389187285,1,0.0,42
OMAMSROYDMGKBV-UHFFFAOYSA-N,CHEMBL5740369,Cc1n[nH]c(CC(=O)N(Cc2ccc(-c3noc(C(F)(F)F)n3)cn2)c2cccc(F)c2)n1,6.3872161432802645,1,0.0,33
OMBRCPAADNUBFL-UHFFFAOYSA-N,CHEMBL5169915,CCNNC(=O)c1ccc(CN2c3ccccc3C=Cc3ccc(C)cc32)cc1,5.6439741428068775,1,0.0,29
OMCLYZTYBSTRFQ-UHFFFAOYSA-N,CHEMBL4475018,CCCN(CC)NC(=O)C=Cc1ccc(CNCCc2c(C)[nH]c3ccccc23)cc1,5.5338741295818,1,0.0,31
OMDIMUNNILCRHX-UHFFFAOYSA-N,CHEMBL3335010,O=C(NO)c1ccc(N2CCN(CCCN3CCOCC3)C2=O)cc1,6.903089986991944,1,0.0,25
OMEMORTXMDILLA-UHFFFAOYSA-N,CHEMBL4438404,O=C(NC(CCCCCSSCCO)C(=O)Nc1cccc2cccnc12)OCc1ccccc1,8.309803919971486,1,0.0,35
OMIWXFMPPYEWJD-UHFFFAOYSA-N,CHEMBL5890164,Cc1nsc(N(CCCCCCC(=O)NO)c2ccccn2)n1,6.645891560852599,1,0.0,23
OMIYZJDPQDKKLI-UHFFFAOYSA-N,CHEMBL6148413,Cc1c(F)c(N)cc(C(=O)Nc2cc(-c3ccc(NC(=O)CCCC(=O)NO)cc3)ccc2N2CCN(C)CC2)c1Cl,5.503070351926786,1,0.0,42
OMJUQONVNINAJG-UHFFFAOYSA-N,CHEMBL487143,CCCC(=O)CCCCCC(NC(=O)C1CCN(C)CC1)c1ncc(-c2ccc3ccccc3c2)[nH]1,7.795880017344075,1,0.0,36
OMLSOCAVLHFVRA-UHFFFAOYSA-N,CHEMBL4166281,CCCCN(Cc1ccc(C(=O)NO)cc1)C(=O)Nc1cccc(N(C)C)c1,6.218963061378869,3,0.0,28
OMNSMDKNUMOYAR-UHFFFAOYSA-N,CHEMBL2417782,CC(C)(C)OC(=O)Nc1cccc(-c2csc(NC(=O)CCCCCCC(=O)NO)n2)c1,8.397940008672037,1,0.0,32
OMOXBIORXCIFMM-UHFFFAOYSA-N,CHEMBL1099096,O=C(C=Cc1cccc(-c2nc3ccccc3n2CCc2ccccc2)c1)NO,8.102372908709558,1,0.0,29
OMPHAFHZEBBOGW-UHFFFAOYSA-N,CHEMBL5856247,Cc1cc(C(C)Nc2ncc(-c3noc(C(F)(F)F)n3)cn2)ccn1,5.795880017344075,1,0.0,25
OMPKMRAERQQDRQ-UHFFFAOYSA-N,CHEMBL1094648,Cc1c(-c2ccccc2)nc(-c2cccc(C=CC(=O)NO)c2)n1C1CCCN(C)C1,8.301029995663981,1,0.0,31
OMTXCPOBTKYTBJ-UHFFFAOYSA-N,CHEMBL2018294,Cc1cccc2c3c(n(Cc4ccc(C(=O)NO)cc4)c12)CCN(C)C3,4.655607726314889,1,0.0,26
OMVSNPJJYBMIKK-UHFFFAOYSA-N,CHEMBL5559175,Cc1c2c(n(Cc3ccc(C(=O)NO)cc3)c1C)CCCC2=O,5.549750891680639,1,0.0,23
OMWKLIAWIVALKF-UHFFFAOYSA-N,CHEMBL5595677,CN1C(=O)CNC(=O)C1=Cc1ccc(C(=O)NCCCCCCC(=O)NO)cc1,8.91721462968355,1,0.0,29
OMXHGQOOQBESNZ-UHFFFAOYSA-N,CHEMBL6016332,O=C(NO)c1ccc2oc(-c3ccc(OC(F)(F)F)cc3)nc2c1,5.221848749616356,1,0.0,24
OMXWHCRTGLPBDQ-UHFFFAOYSA-N,CHEMBL2381749,Cc1ccccc1Cn1cc(CCCCC(=O)NO)nn1,5.978810700930062,1,0.0,21
OMYCWMZHYWUJMH-UHFFFAOYSA-N,CHEMBL394309,O=C(CCCCCC(NC(=O)c1ccc2ccccc2n1)C(=O)NCc1ccccc1)NO,7.289882634888183,1,0.0,33
ONEANNCATZSITO-UHFFFAOYSA-N,CHEMBL5813018,Fc1cc(COc2cccc(Cl)n2)ccc1-c1noc(C(F)(F)F)n1,5.568636235841012,1,0.0,25
ONEHGRSVCWEICS-UHFFFAOYSA-N,CHEMBL4863325,CCC(=O)CCCCCC1NC(=O)C2CC23CCN(CCCCCn2c(=O)ccc4cc(ccc42)-c2cnc1o2)CC3,7.795880017344075,1,0.0,42
ONFQWSIVWHLHLS-UHFFFAOYSA-N,CHEMBL3645367,COc1cc(-c2nc3cc(C=CC(=O)NO)ccc3n2C)ccc1OCc1ccccc1,5.863279432843593,3,0.0,32
ONNBAIYKHCDJOC-UHFFFAOYSA-N,CHEMBL4639495,Cc1cc(C)c(CNC(=O)c2cnn(-c3cccc(NC(=O)CCCCCCC(=O)NO)c3)c2C)c(=O)[nH]1,6.080921907623926,2,0.0,38
ONODKKVQHKQFFX-UHFFFAOYSA-N,CHEMBL4748500,O=C(NO)c1ccc(CN2C(=O)c3ccccc3C2=O)cc1-c1ccccc1,4.494850021680094,1,0.0,28
ONWKDUMXJKGCKY-UHFFFAOYSA-N,CHEMBL5187516,Nc1ccccc1NC(=O)c1ccc(CN2CCCC(=Cc3ccncc3)C2=O)cc1,6.568475415812549,1,0.0,31
ONXZCTJYOFXBKU-UHFFFAOYSA-N,CHEMBL5077916,Nc1ccccc1NC(=O)c1ccc(CCCn2ncc3c2nc(N)n2nc(-c4ccco4)nc32)cc1,6.691435586438761,1,0.0,37
OOBQUUPIPHONFN-UHFFFAOYSA-N,CHEMBL251145,N#Cc1cccc(NC(=O)C(C(=O)Nc2cccc(C#N)c2)c2ccc(C(=O)Nc3ccccc3N)cc2)c1,7.468521082957745,1,0.0,39
OOCKURIWKBNILJ-UHFFFAOYSA-N,CHEMBL4862419,O=C(NO)c1ccc(CN2CCCCc3ccc(C4CC4)cc32)cc1,6.293282217663242,1,0.0,25
OOGDOIHBGKKMQF-UHFFFAOYSA-N,CHEMBL4753908,CC(C)Oc1ccc(C(C)(C)O)cc1-c1cn(C)c(=O)c2[nH]c(C(=O)NCc3ccc(C(=O)NO)cc3)cc12,7.443697499232712,1,0.0,39
OOGFXKQPKBAVOW-UHFFFAOYSA-N,CHEMBL5204177,CC1(C)C(=O)N(c2ccc(C#N)c(C(F)(F)F)c2)C(=S)N1CCCC(=O)NO,4.347753658996677,1,0.0,28
OOKJDHZZKFMPMK-UHFFFAOYSA-N,CHEMBL5597636,O=C(CCCCCCC(=O)Nc1ccc(Nc2ncc(Cl)c(OC3CCCCC3)n2)cc1)NO,6.138047625078548,1,0.0,34
OONGOCHJMMTGRJ-UHFFFAOYSA-N,CHEMBL4227275,O=C(CCCCNC(=O)c1cc(-c2ccc(F)cc2)[nH]n1)NO,5.983384452442823,1,0.0,23
OOQCHWCVVLEIKT-UHFFFAOYSA-N,CHEMBL5880794,CCC(=O)N(Cc1ccc(-c2noc(C(F)(F)F)n2)cc1)c1cccc(C(F)(F)F)c1,5.638272163982407,1,0.0,31
OORNVHIHPJVBPA-UHFFFAOYSA-N,CHEMBL4089517,Nc1ccccc1NC(=O)c1ccc(CNC(=O)c2cc3cccnc3[nH]2)cc1,7.481486060122112,1,0.0,29
OOSZZQBEFWYMCV-UHFFFAOYSA-N,CHEMBL5220745,CN(C)c1nc2c(Br)c(Br)c(Br)c(Br)c2n1CCCCCC(=O)NO,5.835647144215563,1,0.0,25
OOTIAXHAXWKZSL-UHFFFAOYSA-N,CHEMBL5785810,Nc1ccc(-c2cccs2)cc1NC(=O)c1cnc(NC2CCN(c3ccccc3)CC2)nc1,6.917214629683549,1,0.0,34
OOTLBIRBZZTHQA-UHFFFAOYSA-N,CHEMBL2436594,CCCCCCCC(=O)SCCC=CC1CC(=O)NCc2nc(co2)C2=NC(C)(CS2)C(=O)NC(C(C)C)C(=O)O1,6.022276394711152,1,0.0,41
OOVWIGJALHRLOV-UHFFFAOYSA-N,CHEMBL4644987,CCC(CC)(C(=O)Nc1ccc(C(=O)NO)cc1)c1ccccc1,6.366531544420413,1,0.0,24
OPGJYOJXMZIXKB-UHFFFAOYSA-N,CHEMBL251817,CCCC(=O)NCc1ccc(C(=O)Nc2cc(-c3cccs3)ccc2N)cc1,7.920818753952375,1,0.0,28
OPJGEYOLHRADBC-UHFFFAOYSA-N,CHEMBL5092849,CCc1c(C(=O)Nc2cc(S(=O)(=O)Nc3cccc(C=CC(=O)NO)c3)ccc2OC)[nH]c(C)c1C(C)=O,7.013228265733755,1,0.0,38
OPPDFJJHYRWMHD-UHFFFAOYSA-N,CHEMBL5611957,COc1ccc2c(ccn2S(=O)(=O)c2ccc(C(=O)NO)cc2)c1,5.4692881620183424,1,0.0,24
OPRZNPTUNATDOE-UHFFFAOYSA-N,CHEMBL5398814,Nc1ccccc1NC(=O)c1ccc(COc2ccc(NC(=O)C3CCC(=O)N3Cc3ccccc3)cc2)cc1,6.366531544420413,1,0.0,40
OPVGERYXUJNWTG-UHFFFAOYSA-N,CHEMBL3664063,CC(=O)NCc1ccc(C(=O)Nc2cc(-c3cccs3)ccc2N)cc1,7.958607314841775,1,0.0,26
OPWHKCBRLDVXPT-UHFFFAOYSA-N,CHEMBL2448575,CCC(=O)CCCCCC(NC(=O)C1CN(C)C1)c1ncc(-c2cc3ccccc3nc2F)[nH]1,8.096910013008056,1,0.0,34
OPWTVTBUZVZKAV-UHFFFAOYSA-N,CHEMBL5834123,Nc1ccc(-c2cccs2)cc1NC(=O)OCC1CC1,5.515700160653214,1,0.0,20
OQBSIHZZDFOOQC-UHFFFAOYSA-N,CHEMBL5901538,O=C1COCC(c2ccccc2)N1c1ccc(-c2noc(C(F)(F)F)n2)nc1,5.619788758288394,1,0.0,28
OQBTZGWJYHJXRO-UHFFFAOYSA-N,CHEMBL519625,CN(C)C(=O)c1ccc(-c2ccnc(NCc3ccc(C(=O)Nc4ccccc4N)cc3)n2)cn1,6.376750709602099,1,0.0,35
OQBZXGUSLLAINL-UHFFFAOYSA-N,CHEMBL6054410,Fc1cc(COc2ccc3cncnc3c2)ccc1-c1noc(C(F)(F)F)n1,5.468521082957745,1,0.0,28
OQDQSWQELXRROW-UHFFFAOYSA-N,CHEMBL3585988,O=C(CCCCCCc1nc(-c2cccs2)no1)C(F)(F)F,5.286509456906058,1,0.0,22
OQJLZBKTZKJKQG-UHFFFAOYSA-N,CHEMBL6001056,FC(F)(F)c1nc(-c2ccc(CNc3cccc(-n4cncn4)c3)nc2)no1,7.221848749616356,1,0.0,28
OQKZYTUPMGUCDP-UHFFFAOYSA-N,CHEMBL4788954,COc1ccc(-c2ccc3c(NC(=O)CCCCCCC(=O)NO)n[nH]c3c2)cc1,8.568636235841012,3,0.13033376849500655,30
OQSPBZDFXPNCDB-UHFFFAOYSA-N,CHEMBL3689864,CCC(CC)CN(C)Cc1c(C(C)(C)C)nc2cc(C=CC(=O)NO)ccn12,6.3872161432802645,1,0.0,28
OQUHEOGMDDNVOX-UHFFFAOYSA-N,CHEMBL399494,CCOC(=O)NCc1ccc(C(=O)Nc2cc(-c3cccs3)ccc2N)cc1,7.920818753952375,1,0.0,28
OQWYUSYVASSTHM-UHFFFAOYSA-N,CHEMBL4644409,CC1COc2c(N3CCN(C)CC3)c(F)cc3c(=O)c(C(=O)NCc4cn(CCCCCCCC(=O)NO)nn4)cn1c23,7.42021640338319,1,0.0,43
OQXGDFSYMGTLHG-UHFFFAOYSA-N,CHEMBL4850606,COc1cc2c(NCC3CCC(C(=O)NO)CC3)cc(-c3ccc(C)o3)nc2cc1OCCCN1CCCC1,7.657577319177793,1,0.0,39
ORASIVRCDJRBPE-UHFFFAOYSA-N,CHEMBL5976823,Fc1cc(COc2cc(C(F)F)ncn2)ccc1-c1noc(C(F)(F)F)n1,5.537602002101044,1,0.0,27
ORBROSOKRMTEGI-UHFFFAOYSA-N,CHEMBL248718,CC(C(=O)Nc1ccccc1)(C(=O)Nc1ccccc1)c1ccc(C(=O)Nc2ccccc2N)cc1,6.703334809738469,1,0.0,36
ORBZNZMAUGFHCQ-UHFFFAOYSA-N,CHEMBL5901397,Cn1ccc(COc2nccc(-c3noc(C(F)(F)F)n3)c2Cl)n1,5.075720713938118,1,0.0,24
ORIALYNXPGIZQH-UHFFFAOYSA-N,CHEMBL6192587,CCCNNC(=O)CCCCCCNC(=O)c1cnc(-c2ccc(F)cc2F)s1,6.050609993355087,1,0.0,29
ORIBHNNMIXHHJW-UHFFFAOYSA-N,CHEMBL475391,NS(=O)(=O)NCCCCC(NC(=O)OCc1ccccc1)C(=O)Nc1nc(-c2ccc(Cl)cc2)cs1,6.823908740944319,1,0.0,36
ORSOHXUGUMCRLB-UHFFFAOYSA-N,CHEMBL5091641,Nc1ccccc1NC(=O)CCCCCCCNc1nn2c(=O)c3cc(Br)ccc3nc2c2ccccc12,6.508638306165727,1,0.0,38
ORVNABUSERWYLG-UHFFFAOYSA-N,CHEMBL4639703,Nc1cc(F)ccc1NC(=O)CCCCNC(=O)c1cc(Cc2n[nH]c(=O)c3ccccc23)ccc1F,6.0,1,0.0,37
ORYJSCZSOMBCKS-UHFFFAOYSA-N,CHEMBL218129,CC(=O)CCCCCC(NC(=O)C1CCCCN1C)C(=O)NCCc1c(-c2ccccc2)[nH]c2ccccc12,6.267606240177031,3,0.6655462488490684,39
OSESKYOKQSXMFJ-UHFFFAOYSA-N,CHEMBL5190554,Cc1ccccc1C(=O)N(CC(=O)NC1CCCCC1)Cc1ccc(C(=O)NO)cc1F,6.027797161620935,1,0.0,32
OSEXFOGLXSNWSM-UHFFFAOYSA-N,CHEMBL5746456,CC(Cn1cncn1)C(=O)N(Cc1ccc(-c2noc(C(F)(F)F)n2)cc1)c1cccc(C(F)(F)F)c1,5.886056647693163,1,0.0,37
OSGRTKLGYQMZMK-UHFFFAOYSA-N,CHEMBL5846082,COc1c(C)cc(-c2nc3cc(C(=O)NO)ccc3n2C)cc1C,5.698970004336019,1,0.0,24
OSGSDDYIACXJCX-UHFFFAOYSA-N,CHEMBL2425962,CCc1nc2cc(C=CC(=O)NO)ccc2c(=O)n1CCCc1ccccc1,5.494850021680094,1,0.0,28
OSINRMKTBBRGTB-UHFFFAOYSA-N,CHEMBL5960991,Cn1c(N(CCCCCCCC(=O)NO)c2ccccn2)nc2ccccc21,5.259637310505756,1,0.0,28
OSJWOCFXGRWZRK-UHFFFAOYSA-N,CHEMBL3808864,CNC(=O)CCCCCC(NC(=O)c1cncs1)c1ncc(-c2ccc3[nH]ncc3c2)[nH]1,5.673664139071249,1,0.0,32
OSLCXRHTDASFII-UHFFFAOYSA-N,CHEMBL1094041,O=C(C=Cc1ccc(CN2CCCC(c3c(-c4ccccc4)[nH]c4ccccc34)C2)cc1)NO,8.221848749616356,1,0.0,34
OSMWAXQPRFRCGL-UHFFFAOYSA-N,CHEMBL5904780,Nc1ccc(C2CC2)cc1NC(=O)N1CCCC1,4.755722879198157,1,0.0,18
OSNDNPZBDQJQLJ-UHFFFAOYSA-N,CHEMBL6003932,Nc1ccc(C2=CCCC2)cc1NC(=O)N1CCCC1,7.301029995663981,1,0.0,20
OSQKWTZHYXRTBG-UHFFFAOYSA-N,CHEMBL6037578,CCCCNNC(=O)c1ccc(-c2cccc(F)c2F)cc1,6.886056647693163,1,0.0,22
OSWSSQHHRGDJRU-UHFFFAOYSA-N,CHEMBL318431,Nc1ccccc1NC(=O)CCCCCN1C(=O)c2cc(O)c(CN3CCCCC3)cc2C1=O,5.522878745280337,1,0.0,34
OTDRPXYPNVACGD-UHFFFAOYSA-N,CHEMBL5220408,CCC(=O)CCCCCC(NC(=O)C1CC12CCN(C)CC2)c1ncc(-c2cc3ccc(C)nc3cc2F)o1,8.886056647693163,1,0.0,39
OTHBGAGRQLSYFV-UHFFFAOYSA-N,CHEMBL5268631,CCCNNC(=O)c1ccc(Br)cc1,5.769551078621726,2,0.0,14
OTLGXGPWFGYDIA-UHFFFAOYSA-N,CHEMBL4781490,Nc1nc(Cl)c2ncn(Cc3ccc(C(=O)Nc4ccccc4N)cc3)c2n1,6.567030709125595,1,0.0,28
OTMQZZKEUSAHFR-UHFFFAOYSA-N,CHEMBL3689797,CCCCCCc1nc2cc(C=CC(=O)NO)ccn2c1NCCC(=O)N(C)C(C)C,6.229147988357855,1,0.0,31
OTNRKMPLSYGKDL-UHFFFAOYSA-N,CHEMBL2047542,CON=C(Cc1ccc(O)c(Br)c1)C(=O)NCCSC,4.958607314841775,1,0.0,20
OTYRNPNVFNEIMA-UHFFFAOYSA-N,CHEMBL4437028,Cc1ccc(-c2nc(NCc3cccc(C=CC(=O)NO)c3)cc3c2[nH]c2ccccc23)cc1,7.0915149811213505,1,0.0,34
OUCUIXBBQQPXIS-UHFFFAOYSA-N,CHEMBL5285879,O=C(NO)c1ccc(Cn2cnc(-c3cccc(OC(F)(F)F)c3)n2)cc1,6.673664139071249,1,0.0,27
OUDIFHGFTNXHBD-UHFFFAOYSA-N,CHEMBL3664097,O=C(Nc1cc(-c2ccccc2)ccc1O)c1ccc(CNCCCN2CCCC2)cc1,7.040958607678906,1,0.0,32
OUFDENCCUPKHBQ-UHFFFAOYSA-N,CHEMBL507008,O=C(C=Cc1ccc2c(c1)ncn2CCCO)NO,5.962573502059376,2,0.0,19
OUFJXJJAONPLLU-UHFFFAOYSA-N,CHEMBL3670661,O=C(NO)c1ccc(CNC(=O)c2[nH]c(-c3ccc(O)cc3)cc2-c2ccoc2)cc1,6.128135297911805,1,0.0,31
OUKAWAWYISJJLW-UHFFFAOYSA-N,CHEMBL4104572,CN(C)C(=O)c1cn(S(=O)(=O)c2ccc(C=CC(=O)NO)cc2)c2ccccc12,5.6968039425795105,1,0.0,29
OULIGAYAPLLJJB-UHFFFAOYSA-N,CHEMBL255245,Nc1ccccc1NC(=O)c1ccc(-c2ncc(CN3CCC3)cc2Cl)cc1,7.730020323354676,1,0.0,28
OULSIHHTRUOOAW-UHFFFAOYSA-N,CHEMBL2047616,COc1ccc(NC(=O)C=Cc2cn(-c3ccccc3)nc2-c2ccc(Br)cc2)cc1,5.480172006224281,1,0.0,31
OUMGKBMNFIMSGR-UHFFFAOYSA-N,CHEMBL3689774,CC(C)Nc1c(C(C)C)nc2ccc(C=CC(=O)NO)cn12,5.568636235841012,1,0.0,22
OUNUFMBOZWVXIF-UHFFFAOYSA-N,CHEMBL5869954,CC(=O)NCCC(=O)N(Cc1ccc(-c2noc(C(F)(F)F)n2)cc1)c1cccc(C(F)(F)F)c1,6.050609993355087,1,0.0,35
OUPCVYHSLZBNIZ-UHFFFAOYSA-N,CHEMBL4249598,CCc1c2c(nc3ccc(OC(=O)N4CCN(C(=O)CCCCCCCCCC(=O)NO)CC4)cc13)-c1cc3c(c(=O)n1C2)COC(=O)C3(O)CC,4.7594507517174005,1,0.0,52
OUQUPVCKTGEABI-UHFFFAOYSA-N,CHEMBL5934650,COc1ccc(-c2cc(-c3ccsc3)c(C(=O)NCc3ccc(C(=O)NO)cc3)[nH]2)cc1,6.735182176990463,1,0.0,32
OUWGVHNEPISDJV-UHFFFAOYSA-N,CHEMBL5179716,Cc1ccc(-c2nc(N)nc3c2cnn3Cc2cccc(OCCCCC(=O)NO)n2)o1,6.241466577762713,1,0.0,32
OUXTXYJFLXSRIU-UHFFFAOYSA-N,CHEMBL4575045,O=C(CCCCNC(=S)Nc1ccc2c(c1)C(=O)NC2=O)NO,5.29929628285498,1,0.0,23
OUYSNAWEAJMUBG-UHFFFAOYSA-N,CHEMBL4471993,CCNC(=O)c1cc(Oc2ccc(NC(=O)c3ccc(Cl)c(C(F)(F)F)c3)cc2)ccc1N,5.790484985457369,1,0.0,33
OVIRGOKERAMMCN-UHFFFAOYSA-N,CHEMBL5902890,Nc1ccc(-c2cccs2)cc1NC(=O)OCc1cccnc1,6.255707016877324,1,0.0,23
OVOYFFMFJBJCRU-UHFFFAOYSA-N,CHEMBL5562739,Cc1ccccc1N(CC(=O)NC1CCCCC1)C(=O)Cc1ccc(C(=O)NO)cc1F,6.642065152999546,1,0.0,32
OVPVRACGCKJHBT-UHFFFAOYSA-N,CHEMBL5742789,FC(F)(F)c1nc(-c2ccc(CNC3CCc4ncccc4C3)nc2)no1,6.346787486224656,1,0.0,27
OVUUBMMQUPSVRE-UHFFFAOYSA-N,CHEMBL4070388,CCCNNC(=O)CCCCCNC(=O)C(Cc1c[nH]c2ccccc12)NC(=O)c1ccc(OC)cc1,7.095879786523801,1,0.0,37
OVZAWYCZMBECJI-UHFFFAOYSA-N,CHEMBL4517099,O=C(CCCOc1ccccc1N1C(=O)CSC1c1cccc(Br)c1)NO,5.730487055782083,1,0.0,27
OWCADRNHAYPANU-UHFFFAOYSA-N,CHEMBL5559454,Cc1c2c(n(Cc3ccc(C(=O)NO)cc3)c1C)CC(C)(C)CC2=O,5.291579099865287,1,0.0,25
OWCYPDSTRXGFRA-UHFFFAOYSA-N,CHEMBL3689868,CCN(Cc1c(C(C)(C)C)nc2cc(C=CC(=O)NO)ccn12)CC(C)(C)C,7.301029995663981,1,0.0,28
OWFBNLPOAJDIGI-UHFFFAOYSA-N,CHEMBL4094507,CN(C)C(=O)c1cc2cnc(Nc3ccc(C(=O)NCCCCCC(=O)NO)cc3)nc2n1C1CCCC1,9.275724130399212,1,0.0,38
OWHBIYPVUQYBPR-UHFFFAOYSA-N,CHEMBL2046608,C=CCCC(=O)Nc1ccc(C(=O)N2CCc3nc(C(=O)NO)sc3C2)cc1,5.013228265733755,1,0.0,28
OWJKGRAHBHBTQN-UHFFFAOYSA-N,CHEMBL400419,Nc1ccccc1NC(=O)c1ccc(Cn2c(=O)oc3ccccc3c2=O)cc1,7.0,1,0.0,29
OWJWCGCZPHLOMP-UHFFFAOYSA-N,CHEMBL6172391,O=C(NO)c1ccc(CN2CN(c3ccccc3)C3(CCN(C(=O)C4CCCO4)CC3)C2=O)c(F)c1,5.606266900170992,1,0.0,36
OWKDEFFZOXCPBB-UHFFFAOYSA-N,CHEMBL5818738,O=S(=O)(N1CCN(C2COC2)CC1)N(Cc1ccc(-c2nnc(C(F)F)o2)cc1)c1ccc(F)c(Cl)c1,7.366531544420414,1,0.0,37
OWMZGLVMABQUAQ-UHFFFAOYSA-N,CHEMBL5438457,O=C(NO)c1ccc(Cn2c(=O)[nH]c(=O)c3cccc(Cl)c32)cc1,6.721246399047171,1,0.0,24
OWPKDIYLFYNLSD-UHFFFAOYSA-N,CHEMBL1095400,Cc1nc(-c2ccccc2)n(CCc2ccccc2)c1-c1cccc(C=CC(=O)NO)c1,7.102372908709558,1,0.0,32
OWRWWZPPGBTXSS-UHFFFAOYSA-N,CHEMBL4071741,CC(C)(C)OCC1N=C(c2ccccc2)c2ccccc2N(CCCCC(=O)NO)C1=O,5.045757490560675,1,0.0,32
OWSBKDHIXQTIHF-UHFFFAOYSA-N,CHEMBL3818389,Cc1noc(C)c1-c1cc(OCCCCC(=O)NO)cc(C(=O)c2ccccc2)c1,5.2636034977233574,1,0.0,30
OWTPWQUSKAAQEF-UHFFFAOYSA-N,CHEMBL4204322,Cn1cc(-c2ccc(=O)n(CCOc3ccnc4cc(Nc5ccc(C(=O)Nc6ccccc6N)nc5)ccc34)n2)cn1,6.889410289700751,1,0.0,43
OWXFJLMMOHBNLY-UHFFFAOYSA-N,CHEMBL6152564,CC(=O)N(CC1CCN(c2ncc(C(=O)NO)cn2)CC1)C1(C(=O)NC(C)(C)C)CCNC1,6.853871964321762,1,0.0,33
OWYVFAYACGNDLE-UHFFFAOYSA-N,CHEMBL4866346,O=C(NO)c1ccc(NCc2nc(-c3cc4ccccc4s3)nn2-c2ccccc2)cc1,5.83654044823001,1,0.0,32
OXEVGGGODZSGHA-UHFFFAOYSA-N,CHEMBL3605497,Nc1ccccc1NC(=O)c1ccc(CNC2=NC(c3cccc(F)c3)CO2)cc1,6.619788758288394,1,0.0,30
OXFUIBNYBJAUQD-UHFFFAOYSA-N,CHEMBL2381737,O=C(CCCCc1cn(Cc2ccc(F)cc2F)nn1)NO,5.913640169325252,1,0.0,22
OXHFTHPBPIHUHY-UHFFFAOYSA-N,CHEMBL6000644,Fc1cc(COc2cccc3[nH]nnc23)ccc1-c1noc(C(F)(F)F)n1,5.823908740944319,1,0.0,27
OXNCBLKNFUGWJR-UHFFFAOYSA-N,CHEMBL3287019,Cc1nc(-c2nc(C(=O)NC(C(=O)NCCC(=O)NO)C(C)C)cs2)cs1,5.575118363368933,1,0.0,27
OXPDHROAVUORPJ-UHFFFAOYSA-N,CHEMBL1094085,O=C(C=Cc1cccc(-c2nc3ccccc3n2-c2ccccc2)c1)NO,7.200659450546418,1,0.0,27
OXPJGPURVBXIAP-UHFFFAOYSA-N,CHEMBL3262727,O=C(C=Cc1cccc(S(=O)(=O)n2ccc3cccnc32)c1)NO,6.508638306165727,2,0.0,24
OXTBVDQJIRSABZ-UHFFFAOYSA-N,CHEMBL5633576,COc1ccc2[nH]c3c(c2c1)CCN1C(=O)c2cc(NCc4ccc(C(=O)Nc5ccccc5N)cc4)ccc2N(C)C31,5.575118363368933,1,0.0,43
OXTGKJVSGASAGR-UHFFFAOYSA-N,CHEMBL6058803,CS(=O)(=O)N1CCN(S(=O)(=O)N(Cc2ccc(-c3nnc(C(F)F)o3)cc2F)c2cccc(F)c2)CC1,7.481486060122112,1,0.0,37
OXWJYPZJWHSXBJ-UHFFFAOYSA-N,CHEMBL4208780,O=C(CCN1CCc2ccccc2C1c1ccc(-c2ccccc2)cc1)NO,5.136677139879544,1,0.0,28
OYEVRSQASWQZFH-UHFFFAOYSA-N,CHEMBL5092089,CC(C)(C)OC(=O)N1CCC(Nc2nc(SCc3ccc(C(=O)Nc4ccccc4N)cc3)nn3cccc23)CC1,6.059981844992336,1,0.0,41
OYEWMAMNRZKRSA-UHFFFAOYSA-N,CHEMBL4218789,O=C(C=Cc1cccc(S(=O)(=O)n2ccc3cc(C(=O)c4ccc(F)cc4)ccc32)c1)NO,6.638272163982407,1,0.0,33
OYKBQNOPCSXWBL-UHFFFAOYSA-N,CHEMBL4060412,O=C(C=Cc1cccc(C(=O)NO)c1)NO,8.0,1,0.0,16
OYPJEYZKKZABKM-UHFFFAOYSA-N,CHEMBL472064,CC(=O)CCCCCC(NS(=O)(=O)c1ccc(C#N)cc1)c1ncc(-c2ccccc2)[nH]1,6.7447274948966935,1,0.0,32
OYPZLONUGJGMDS-UHFFFAOYSA-N,CHEMBL5073322,CN1c2ccc(F)cc2C(=O)N2CCc3c([nH]c4ccc(OCc5ccc(C=CC(=O)NO)cc5)cc34)C21,7.443697499232712,1,0.0,38
OYQJWPBKHXGDCV-UHFFFAOYSA-N,CHEMBL3335006,CCN(CC)Cc1ccc2cc(CN3CCN(c4ccc(C(=O)NO)cc4)C3=O)ccc2c1,8.568636235841012,1,0.0,33
OYSCDGIQONZRML-UHFFFAOYSA-N,CHEMBL4101744,O=C(CCCCCCC(=O)Nc1cc2ncnc(Nc3ccc(F)cc3F)c2s1)NO,7.036259381142116,1,0.0,31
OYXZWMMZHHQZSI-UHFFFAOYSA-N,CHEMBL6161475,COc1ccc(C=C2Sc3cccc(C(=O)NO)c3C2=O)cc1,5.522878745280337,1,0.0,23
OYYLVIRWYJWNIM-UHFFFAOYSA-N,CHEMBL4860287,CC12CC3CC(C)(C1)CC(NCc1ccc(NCc4ccc(C(=O)NO)cc4)cc1)(C3)C2,4.958607314841775,1,0.0,32
OYYPQADPXQGLIL-UHFFFAOYSA-N,CHEMBL569447,CC(=O)NCCCCC1NC(=O)CC(Cc2ccc(O)cc2)NC(=O)C(Cc2cccc3ccccc23)NC(=O)C(CCCCCC(=O)O)NC1=O,6.5406075122407685,1,0.0,52
OYYRRTVDCDBRLF-UHFFFAOYSA-N,CHEMBL5423136,O=C(CCCCCCNC(=O)c1ncc(-c2ccc(Cl)cc2)s1)NO,6.667157733005649,1,0.0,25
OYZJKGCJRDUUDT-UHFFFAOYSA-N,CHEMBL5752322,CC(=O)N1C(C)CN(S(=O)(=O)N(Cc2ccc(-c3nnc(C(F)F)o3)cc2)c2cccnc2)CC1C,7.200659450546418,1,0.0,36
OYZRBANGKNWYNU-UHFFFAOYSA-N,CHEMBL3828492,CN(Cc1nc2c(N3CCOCC3)nc(-c3cccc(O)c3)nc2n1C)c1ncc(C(=O)NO)cn1,9.259637310505756,1,0.0,36
OZCIKCIEWVNHSK-UHFFFAOYSA-N,CHEMBL5933411,O=C1CCc2cc(C(F)(F)F)ccc2N1Cc1ccc(-c2noc(C(F)(F)F)n2)cn1,6.522878745280337,1,0.0,31
OZDCJUMRPCRCIW-UHFFFAOYSA-N,CHEMBL4847270,Nc1nc2cc(-c3nn(CC4CCN(C(=O)CCCCC(=O)NO)CC4)c4ncnc(N)c34)ccc2o1,7.187086643357144,1,0.0,37
OZKTZUXQFQDGJS-UHFFFAOYSA-N,CHEMBL3339024,Cc1ccc(Nc2ncnc3sc(NC(=O)CCCCCCC(=O)NO)cc23)cc1,8.69680394257951,1,0.0,30
OZLFJKZKCHAKGJ-UHFFFAOYSA-N,CHEMBL4866683,O=C(NO)c1ccc(CN2C(=O)C(Cc3ccccc3)N(Cc3cccnc3)C2=O)cc1,4.9338605071293005,1,0.0,32
OZMQFVDHUFFRTA-UHFFFAOYSA-N,CHEMBL316457,CC(C)c1cc(C(C)C)c(S(=O)(=O)Nc2ccc(C=CC(=O)NO)cc2)cc1C(C)C,6.221848749616356,1,0.0,31
OZNZDDRIRCWDJE-UHFFFAOYSA-N,CHEMBL4072925,NC(=O)CC1N=C(c2ccccc2)c2ccccc2N(CCCCC(=O)NO)C1=O,4.647238808276169,1,0.0,30
OZOFTINWBPTHFB-UHFFFAOYSA-N,CHEMBL5424360,Nc1ccccc1NC(=O)c1ccc(CNc2ccnn(-c3ccccc3)c2=O)cc1,6.814174640387038,1,0.0,31
OZQXCGAIIGNFTB-UHFFFAOYSA-N,CHEMBL4227185,CC(C=CC(=O)NO)=CC(C)C(=O)c1ccc(C2(C3CC(=O)OC3CO[Si](C)(C)C(C)(C)C)SCCCS2)cc1,5.920818753952375,1,0.0,40
OZRNOOQSHLVGKW-UHFFFAOYSA-N,CHEMBL2381750,O=C(CCCCc1cn(Cc2ccc(Cl)cc2)nn1)NO,5.655607726314889,1,0.0,21
OZVTYJMZSKNRDF-UHFFFAOYSA-N,CHEMBL6147372,O=C(CCCCCCn1cc(-c2cc(Oc3ccc(NC(=O)Nc4cc(C(F)(F)F)on4)cc3)ccn2)cn1)NO,7.709965388637482,1,0.0,41
OZWCKQYBEFXDQE-UHFFFAOYSA-N,CHEMBL4862781,COc1cc2nc(-c3ccc(C)o3)cc(NCC3CCC(C(=O)NO)CC3)c2cc1OC,7.42021640338319,1,0.0,32
PABUBUHCFAQDCC-UHFFFAOYSA-N,CHEMBL4438378,O=C(CCCCCCC(=O)Nc1ccc(Nc2nc(NC3CCN(Cc4ccccc4)CC3)c3sccc3n2)cc1)NO,6.632644078973981,1,0.0,43
PABZOVIMTKKTIE-UHFFFAOYSA-N,CHEMBL3827548,CC(C)n1c(CN(C)c2ncc(C(=O)NO)cn2)nc2c(N3CCOCC3)nc(-c3cnc(N)nc3)nc21,6.619788758288394,1,0.0,38
PACHKDZLOQGLDD-UHFFFAOYSA-N,CHEMBL5597266,N#CC1(CNc2cccc(-c3cc(Nc4cnn(Cc5ccc(C(=O)Nc6ccccc6N)cc5)c4)ncc3Cl)n2)CCOCC1,6.772370350428991,1,0.0,46
PADLTQZREGKSNE-UHFFFAOYSA-N,CHEMBL5092482,O=C(NO)c1ccc(C=Cc2cccc(-c3cccc(O)c3)c2)cc1,5.906578314837764,1,0.0,25
PANIUKDSNUOBOH-UHFFFAOYSA-N,CHEMBL4758971,Nc1ncc(-c2nc(N3CCOCC3)nc3c2ncn3CCCCCC(=O)NO)cn1,7.221848749616356,1,0.0,31
PANMZVOPZWWAGR-UHFFFAOYSA-N,CHEMBL4225914,O=C(NO)c1ccc(CNC(=O)c2cc(-c3ccc(F)cc3)[nH]n2)cc1,7.42021640338319,1,0.0,26
PAOPWNUFHBHBRD-UHFFFAOYSA-N,CHEMBL317570,Cc1ccc(S(=O)(=O)Nc2ccc(C=CC(=O)NO)cc2)cc1,6.522878745280337,2,0.0,23
PAPCJCGIRQZAGN-UHFFFAOYSA-N,CHEMBL2047696,COc1cc(CC(=NO)C(=O)NCCS)cc(Br)c1OC,9.0,1,0.0,21
PATZESAYVOMUCF-UHFFFAOYSA-N,CHEMBL4239495,CCc1c2c(nc3ccc(OC(=O)N4CCN(C(=O)CCCCCCCCCCC(=O)NO)CC4)cc13)-c1cc3c(c(=O)n1C2)COC(=O)C3(O)CC,4.9582126810282485,1,0.0,53
PAUPMTHLUJKJIO-UHFFFAOYSA-N,CHEMBL5205553,NC1=C(CCCc2ccccc2)C(=O)N(Cc2ccc(C(=O)Nc3ccc(F)cc3N)cc2)C2=NCCN21,6.384049948343598,1,0.0,38
PAWOJDGKGBUWRO-UHFFFAOYSA-N,CHEMBL5971717,CS(=O)(=O)NC(Cc1ccc(-c2noc(C(F)(F)F)n2)cn1)c1cccc(C(F)(F)F)c1,6.3872161432802645,1,0.0,32
PBBTYDPOODYLAA-UHFFFAOYSA-N,CHEMBL4097132,CC(C)c1cn(CCCCCCNC(=O)CS)c2cc(Cl)c(Cl)cc12,4.542118103266008,1,0.0,25
PBCHBJALYWYEAP-UHFFFAOYSA-N,CHEMBL4457162,O=C(NO)c1ccc(CN2c3ccccc3Sc3cccnc32)cc1,5.570247719997592,2,0.0,25
PBCYKCOIPVXISI-UHFFFAOYSA-N,CHEMBL2047704,CN(C)c1ccc(CC(=NO)C(=O)NCCS)cc1Br,8.397940008672037,1,0.0,20
PBEFMIZHXNLOLO-UHFFFAOYSA-N,CHEMBL5219798,Cn1c(C2CC(OC(=O)NCc3ccc(C(=O)NO)cc3)CN2c2nc(N)nc(N)c2C#N)nc2cccc(Cl)c2c1=O,6.991399828238082,1,0.0,43
PBEJGRPYTBRDRK-UHFFFAOYSA-N,CHEMBL260740,Nc1ccccc1NC(=O)CCCCCCNC(=O)c1ccc(-c2ccccc2)cc1,5.698970004336019,1,0.0,31
PBHSOTYDKKWYQD-UHFFFAOYSA-N,CHEMBL6147016,COc1ccc(-c2cn(CCCCCCC(=O)NO)c3ccc(C#N)cc23)cc1OC,9.259637310505756,1,0.0,31
PBIGREVGMNJQFD-UHFFFAOYSA-N,CHEMBL5597417,CCCNNC(=O)CCCCCn1cc(Nc2ncc(Cl)c(-c3cnc4ccccn34)n2)cn1,6.168130225719498,1,0.0,34
PBMXSWXNOLAVJN-UHFFFAOYSA-N,CHEMBL4633594,CC(C)C(C(=O)Nc1ccc(C(=O)NO)cn1)c1ccccc1,7.657577319177793,1,0.0,23
PBNSXNPWZLUYLX-UHFFFAOYSA-N,CHEMBL5832241,CC(Nc1cnc(-c2noc(C(F)(F)F)n2)nc1)c1ccccc1,5.3979400086720375,1,0.0,24
PBPPCJHSWQCENE-UHFFFAOYSA-N,CHEMBL5861794,CN(C)CCOc1ccc2c(c1)C(c1ccc(C(=O)NO)cc1)=Nc1ccccc1O2,6.568636235841012,1,0.0,31
PBQDGEKTDHPEJT-UHFFFAOYSA-N,CHEMBL4447617,CNC(=O)c1cc(Oc2ccc(NC(=O)c3ccc(OC)cc3)cc2)ccc1N,5.609064892896621,1,0.0,29
PBQSLUYWKMMNQB-UHFFFAOYSA-N,CHEMBL4448939,CCCCCCN(CCC)NC(=O)C=Cc1ccc(CNCCc2c(C)[nH]c3ccccc23)cc1,5.5406075122407685,1,0.0,35
PBXSHTDPCBWYPE-UHFFFAOYSA-N,CHEMBL3759880,O=C(NCCCCCCS)c1cc(-c2ccc(F)cc2)on1,6.070581074285707,1,0.0,22
PCCXLPHXFBWWQW-UHFFFAOYSA-N,CHEMBL4443876,O=C(CCNC(=S)Nc1ccc2c(c1)C(=O)NC2=O)NO,5.425968732272281,1,0.0,21
PCJOVMYAXWJZSI-UHFFFAOYSA-N,CHEMBL4787271,CCCCNNC(=O)c1ccc(CNC(=O)c2ccccc2)cc1,7.723538195826756,1,0.0,24
PCKCQQLBJXBCNU-UHFFFAOYSA-N,CHEMBL3930620,O=C(CCCCCCn1cc(-c2ccc3ncnc(Nc4cccc(Cl)c4F)c3c2)nn1)NO,9.142667503568731,1,0.0,34
PCLUMHNNEPPCSE-UHFFFAOYSA-N,CHEMBL5781246,O=C1COCC(CNCc2ccc(-c3noc(C(F)(F)F)n3)cn2)N1,5.5774509799928715,2,0.04921802267018194,25
PCLVYCVVWYEUSB-UHFFFAOYSA-N,CHEMBL486152,Nc1ccc(-c2cccs2)cc1NC(=O)c1ccc(N2CCC3(CC2)CNC(=O)N3)nc1,8.154901959985743,1,0.0,32
PCLXEVPBERFERU-UHFFFAOYSA-N,CHEMBL5968864,COC(=O)NC(Cc1ccc(-c2noc(C(F)(F)F)n2)cn1)c1cccc(C(F)(F)F)c1,6.187086643357144,1,0.0,32
PCQHVKPOXPTMOB-UHFFFAOYSA-N,CHEMBL270098,O=C(Nc1ccc2cc(C(=O)NO)sc2c1)c1ccc2ccccc2c1,7.102372908709558,1,0.0,26
PCVNESMTNLXHLQ-UHFFFAOYSA-N,CHEMBL5209383,CCCNNC(=O)c1ccc(Nc2ccccc2)cc1,6.53985418250825,1,0.0,20
PCXGOLKJYZHJAB-UHFFFAOYSA-N,CHEMBL1085051,O=C(CCCCCNC(=O)NC(=O)c1c(Cl)cccc1Cl)NO,5.530177984021837,1,0.0,23
PCYQTUOAMLWLBY-UHFFFAOYSA-N,CHEMBL2046613,COc1ccc(C=CC(=O)NCCCN2CCc3nc(C(=O)NO)sc3C2)cc1,4.986320302708807,1,0.0,29
PCZOHLXUXFIOCF-UHFFFAOYSA-N,CHEMBL503,CCC(C)C(=O)OC1CC(C)C=C2C=CC(C)C(CCC3CC(O)CC(=O)O3)C21,4.924051775355965,2,0.0,29
PDCLLGDACURYDE-UHFFFAOYSA-N,CHEMBL5174143,CC(C)c1cc(C(=O)N(C)Cc2ccc(C(=O)NO)cc2)c(O)cc1O,6.184090349113225,2,0.0,26
PDIYZRMQLKPNAP-UHFFFAOYSA-N,CHEMBL95195,O=C(C=Cc1ccc(NS(=O)(=O)c2cccc(C(F)(F)F)c2)cc1)NO,7.0,2,0.0,26
PDJURBSVOZANDU-UHFFFAOYSA-N,CHEMBL4467713,CC(C)C1NC(=O)C2(C)CSC(=N2)c2csc(n2)CNC(=O)CC(C=CC(F)(F)CS)OC1=O,7.923723744595782,1,0.0,34
PDRHOJIVDMXSPA-UHFFFAOYSA-N,CHEMBL4280303,CCC1(O)C(=O)OCc2c1cc1n(c2=O)Cc2c-1nc1ccc(O)cc1c2C=NOCCCCCC(=O)NCCSSCCNC(=O)C(Cc1ccc(O)c(Br)c1)=NO,6.596879478824182,1,0.0,59
PDUVJXRAGKLQSQ-UHFFFAOYSA-N,CHEMBL5558234,Cc1ncsc1-c1ccc(NC(=O)C2CC(O)CN2C(=O)C(NC(=O)C2(F)CC2)C(C)(C)C)c(CCCCCCCCCCCCC(=O)Nc2ccc(C(=O)Nc3ccccc3N)cc2)c1,4.2097852297560205,1,0.0,66
PDWGHKTZSKXPIH-UHFFFAOYSA-N,CHEMBL5828069,CC(C)N1CCN(S(=O)(=O)N(Cc2ccc(-c3nnc(C(F)F)o3)cn2)c2ccc(F)c(Cl)c2)CC1,7.6777807052660805,1,0.0,36
PDXAHHVULTXUPS-UHFFFAOYSA-N,CHEMBL5788528,CC1(Nc2ncc(C(=O)Nc3cc(-c4cccs4)ccc3N)cn2)CCN(C(=O)Oc2ccccc2)CC1,6.928117992693874,1,0.0,38
PDXLOUMORQVBME-UHFFFAOYSA-N,CHEMBL5073909,CCCNNC(=O)c1ccc(CNC(=O)c2ccc3ccccc3n2)cc1,7.969400278034049,1,0.0,27
PDYFOAWXTIQBJS-UHFFFAOYSA-N,CHEMBL5400623,Cc1cc(C)nc(SCC(=O)Nc2ncc(Cc3cccc(OCc4cn(Cc5ccc(C(=O)NO)cc5)nn4)c3)s2)n1,6.207608310501746,1,0.0,43
PDYHIKSHFSUUOS-UHFFFAOYSA-N,CHEMBL6120508,CCOc1ccc2c(c1)c1[nH]c(=O)c3ccccc3c1n2CCCCC(=O)NO,6.638272163982407,1,0.0,29
PDYUCROPIXYTFV-UHFFFAOYSA-N,CHEMBL5913418,Nc1ccc(-c2cccnc2)cc1NC(=O)N1CCCC1,6.255707016877324,1,0.0,21
PDYXUWCKMGIVKJ-UHFFFAOYSA-N,CHEMBL5786656,O=S(=O)(N1CCNCC1)N(Cc1ccc(-c2nnc(C(F)F)o2)cc1F)c1cccc(F)c1,7.619788758288394,1,0.0,33
PEBVIFGQEKFTBE-UHFFFAOYSA-N,CHEMBL3664079,Nc1ccc(-c2cccs2)cc1NC(=O)c1ccc(CNC(=O)C2CCCN2)cc1,7.7447274948966935,1,0.0,30
PEDLNYIPTFYEHK-UHFFFAOYSA-N,CHEMBL99671,COc1ccc(C(=O)CCCCCCC(=O)Nc2ccccc2N)cc1,5.301029995663981,1,0.0,26
PEGRGVWESMESQM-UHFFFAOYSA-N,CHEMBL5559669,O=C(CN(C(=O)Cc1ccc(C(=O)NO)cc1)c1ccccc1)NC1CCCCC1,6.53313237964589,1,0.0,30
PEKBCRRAUAKSES-UHFFFAOYSA-N,CHEMBL211942,Nc1ccccc1NC(=O)C=Cc1ccc(NCc2ccncc2)cc1,5.0,1,0.0,26
PEKYQMGJZIOWPR-UHFFFAOYSA-N,CHEMBL6023783,O=S(=O)(N1CCN(C2COC2)CC1)N(Cc1ccc(-c2nnc(C(F)F)o2)cc1F)c1ccccc1,7.585026652029182,1,0.0,36
PESSDQDERPAVNH-UHFFFAOYSA-N,CHEMBL4796066,O=C(NO)c1ccc(Nc2c3ccccc3nc3ccc(Br)cc23)cc1,7.045757490560675,2,0.0,26
PEVAMLQOWPYPBU-UHFFFAOYSA-N,CHEMBL400921,Nc1ccccc1NC(=O)c1ccc(C(C(=O)Nc2cccc3cccnc23)C(=O)Nc2cccc3cccnc23)cc1,6.987162775294828,1,0.0,43
PEVVAQSQBIORGB-UHFFFAOYSA-N,CHEMBL5592317,O=C(NO)c1ccc(CC(=O)N2CCc3c(c4ccccc4n3Cc3ccccc3)C2)cc1,5.919734372660155,1,0.0,33
PEXHLUNLFNEHCV-UHFFFAOYSA-N,CHEMBL3689886,CCCCCc1nc2cc(C=CC(=O)NO)ccn2c1CN(CC)CCC(C)C,7.522878745280337,1,0.0,29
PEXKZGDNGWXGSQ-UHFFFAOYSA-N,CHEMBL4173361,Cc1cc(C)cc(C(=O)N(CC(=O)NC2CCCCC2)Cc2ccc(C(=O)NO)cc2)c1,6.586218444372638,2,0.03516441706325146,32
PEXZTPMOHOQYCZ-UHFFFAOYSA-N,CHEMBL5433467,CN(Cc1ccccc1)c1cc(NCCC(=O)NO)nc(-c2ccccn2)n1,5.3310552655422665,1,0.0,28
PFADLOXEKLDOIQ-UHFFFAOYSA-N,CHEMBL4532304,O=C(CCCCCN1C(=O)c2cccc3c(NCc4ccccc4)ccc(c23)C1=O)NO,5.703334809738469,1,0.0,32
PFBPNIBNORWODE-UHFFFAOYSA-N,CHEMBL4862139,O=C(NO)c1ccc(CN2CCCCc3ccc(F)cc32)cc1,6.118615343229427,1,0.0,23
PFCFDLMMOWZLPP-UHFFFAOYSA-N,CHEMBL2417785,COC(=O)C(Cc1ccccn1)NC(=O)CCCCCCCC(=O)NO,4.1275024442278205,2,0.08896498309640499,26
PFENCIHWAXWJGC-UHFFFAOYSA-N,CHEMBL569446,CC(C)CC1CC(=O)NC(C)(C)C(=O)NC(CCCCCC(=O)O)C(=O)NC(Cc2cccc3ccccc23)C(=O)N1,6.866461091629782,1,0.0,42
PFEPTMLZZLNMAC-UHFFFAOYSA-N,CHEMBL4280540,CC(=O)Nc1ccc(-c2ccnc(Nc3cccc(OCCCCCC(=O)NO)c3)n2)cc1,6.195860567664649,1,0.0,33
PFEWRCHYOZKKDK-UHFFFAOYSA-N,CHEMBL4078522,O=C(CCNCc1ccccc1)NO,4.301029995663981,1,0.0,14
PFHGIFRDCPUONW-UHFFFAOYSA-N,CHEMBL4747757,CC(C)c1cc(C(=O)N2Cc3ccc(C=CC(=O)NO)cc3C2)c(O)cc1O,5.501689446210399,1,0.0,28
PFMDDIUTOACPOG-UHFFFAOYSA-N,CHEMBL400929,Nc1ccc(-c2cccs2)cc1NC(=O)c1ccc(CNC(=O)C2CCCCC2)cc1,7.468521082957745,1,0.0,31
PFMPKMYQXOCJMI-UHFFFAOYSA-N,CHEMBL468513,CC(=O)CCCCCC(NC(=O)C1CCN(C)CC1)c1ncc(-c2ccc3ccccc3c2)[nH]1,7.958607314841775,2,0.0,34
PFPUXRWWYPANOO-UHFFFAOYSA-N,CHEMBL4763062,COc1ccccc1-c1cn(C)c(=O)c2[nH]c(C(=O)NCc3ccc(C(=O)Nc4ccccc4N)cc3)cc12,7.239577516576788,1,0.0,39
PFUCFTFEIRIYHF-UHFFFAOYSA-N,CHEMBL5998021,O=C1CNCC(c2ccccc2)N1c1ccc(-c2noc(C(F)(F)F)n2)cc1,6.259637310505756,1,0.0,28
PFWJROBANCEKNL-UHFFFAOYSA-N,CHEMBL2011673,CC(C=CC(=O)NCCS(=O)(=O)O)=CC(C)C(=O)c1ccc(N(C)C)cc1,4.130768280269024,1,0.0,27
PFWXMUCRDDIYGQ-UHFFFAOYSA-N,CHEMBL2018450,O=C(NO)c1ccc(Cn2c3c(c4ccccc42)CCNC3)cc1,5.013228265733755,1,0.0,24
PFXMQZVRILDSDW-UHFFFAOYSA-N,CHEMBL3593413,CC(C)C1NC(=O)C2(C)CSC(=N2)c2cccc(n2)CNC(=O)CC(C=CCCS)NC1=O,7.376750709602099,1,0.0,33
PFZFRKQHHZWYNL-UHFFFAOYSA-N,CHEMBL217314,CC(=O)CCCCCC(NC(=O)C1CCCCN1C)C(=O)Nc1cccc(-c2ccccc2)c1,7.102372908709558,1,0.0,34
PGGPUSMJSOKMEA-UHFFFAOYSA-N,CHEMBL451182,O=C(CCCCCC=Cc1ccc2ccccc2c1)NO,8.221848749616356,1,0.0,21
PGHNCIMZMFKLQY-UHFFFAOYSA-N,CHEMBL5408688,CCC(C(=O)Nc1ccc(C=CC(=O)NO)nc1)c1ccccc1,7.113509274827518,1,0.0,24
PGHPHBXMFGBLAR-UHFFFAOYSA-N,CHEMBL3287265,CC(C)(O)Cc1sc(-c2nccs2)nc1C(=O)NCCCCC(=O)NO,5.804100347590767,1,0.0,26
PGPBWWAWYKVTCS-UHFFFAOYSA-N,CHEMBL3664032,Nc1ccccc1NC(=O)c1cc2ccc(N3CCNCC3)c(C3CC3)c2cn1,6.642065152999546,1,0.0,29
PGRROERLKGRQKE-UHFFFAOYSA-N,CHEMBL5437604,CN1CCN(c2ccc(-c3cc(C(=O)NCc4ccc(C(=O)NO)cc4)ccn3)cc2)CC1,8.79317412396815,1,0.0,33
PGSOKWJTRRIJSY-UHFFFAOYSA-N,CHEMBL3698523,O=C(Cc1ccc(CCCCc2ccccc2C(F)(F)F)cc1)NO,6.075720713938118,1,0.0,25
PGTVKKLHFBLXOX-UHFFFAOYSA-N,CHEMBL4638264,CCC(=O)CCCCCC(NC(=O)C1CCC12CCN(CC)CC2)c1ncc(-c2cc3ccccc3nc2OC)[nH]1,9.118286003218532,2,0.8386319977650256,41
PGWVWMQPVNCSBB-UHFFFAOYSA-N,CHEMBL2408695,CN1C(=O)C(NC(=O)CCCCCCC(=O)NO)N=C(c2ccccc2)c2ccccc21,6.2072696352457495,2,0.10473535052001282,32
PHBUZSRHEMGYBM-UHFFFAOYSA-N,CHEMBL6164524,CC1CN(Cc2ccc(CC(=O)CNO)cc2)CC1c1nc2c(cnn2C2CCOCC2)c(=O)[nH]1,6.860120913598763,1,0.0,35
PHHZWODLWXOTTF-UHFFFAOYSA-N,CHEMBL4875074,C=Cc1c(C)c2cc3nc(c(C(=O)OC)c4[nH]c(cc5nc(cc1[nH]2)C(C)=C5CC)c(C)c4C(=O)OC)C(CCC(=O)NCCCC(=O)NO)C3C,4.3979400086720375,1,0.0,52
PHMUPNSOJBUPKT-UHFFFAOYSA-N,CHEMBL4871535,O=C(NO)c1ccc(NCc2nc(-c3cccc(Cl)c3)nn2-c2ccccc2)cc1,5.727462222624762,1,0.0,30
PHNRBFPKQBTCAT-UHFFFAOYSA-N,CHEMBL6150869,CCCCc1cc(-c2ccccc2)nn1Cc1ccc(C(=O)NO)cc1,5.628193541492584,1,0.0,26
PHNUPEDOQIENBU-UHFFFAOYSA-N,CHEMBL471344,Cc1noc(-c2ccc(C(=O)C(F)(F)F)s2)n1,5.119186407719209,1,0.0,17
PHRHYTULSVTRHY-UHFFFAOYSA-N,CHEMBL5785273,Nc1ccc(-c2cccs2)cc1NC(=O)OC1CCCCC1,4.755722879198157,1,0.0,22
PHSSOBIELRALSX-UHFFFAOYSA-N,CHEMBL3689786,C#CCNC(=O)CCNc1c(CCCCCC)nc2cc(C=CC(=O)NO)ccn12,6.853871964321762,1,0.0,30
PIAKRGUNXVVLPK-UHFFFAOYSA-N,CHEMBL378855,Nc1ccccc1NC(=O)C=Cc1ccc(CNc2ccccc2)cc1,4.769551078621726,1,0.0,26
PIFBJHJKSNNKCE-UHFFFAOYSA-N,CHEMBL5280669,O=C(NO)c1ccc(Cn2cnc(-c3c(F)cccc3F)n2)cc1,6.432973633840939,1,0.0,24
PIGNSYDOCOOONY-UHFFFAOYSA-N,CHEMBL5423557,O=C(NO)c1ccc(C=Cc2nc3ccccc3c(=O)[nH]2)cc1,4.790484985457369,1,0.0,23
PIGOQJKXERKEJZ-UHFFFAOYSA-N,CHEMBL4283418,O=C(CCC(CCCC(=O)Nc1ccccc1)Cc1ccccc1)NO,4.5376020021010435,3,0.20411998265592501,26
PIJUUVKCHQHHIX-UHFFFAOYSA-N,CHEMBL214153,Nc1ccccc1NC(=O)C=Cc1ccc(NCCCc2ccccc2)nc1,5.522878745280337,1,0.0,28
PILUXIJYFKKUDT-UHFFFAOYSA-N,CHEMBL5291493,Cc1c(NC(=O)CN2C(=O)SC(=Cc3ccc(Br)cc3)C2=O)c(=O)n(-c2ccccc2)n1C,6.339134521996131,1,0.0,33
PISWEKNIEFKPFI-UHFFFAOYSA-N,CHEMBL5816297,Nc1ccc(C2CCCC2)cc1NC(=O)N1CC(F)C1,6.255707016877324,1,0.0,20
PIYSBPSZGFDECL-UHFFFAOYSA-N,CHEMBL3689889,CC(C)Cc1nc2cc(C=CC(=O)NO)ccn2c1CNC(C)(C)C,7.301029995663981,1,0.0,25
PIZFJOANGXRUNT-UHFFFAOYSA-N,CHEMBL6134313,Cc1c(F)c(N)cc(C(=O)Nc2cc(-c3ccc(NC(=O)Cc4ccc(C=CC(=O)NO)cc4)cc3)ccc2N2CCN(C)CC2)c1Cl,6.080398976215889,1,0.0,48
PJELLURCDOQCAG-UHFFFAOYSA-N,CHEMBL3689894,CCCCN(CC)Cc1c(CC)nc2cc(C=CC(=O)NO)ccn12,7.301029995663981,1,0.0,25
PJIOFZYORUSHOR-UHFFFAOYSA-N,CHEMBL4794128,CN(C)c1ccccc1C(=O)NCCCCC(NC(=O)c1cncs1)c1ncc(-c2ccc3ccccc3c2)[nH]1,4.6020599913279625,1,0.0,40
PJNUGWFLZYJQDS-UHFFFAOYSA-N,CHEMBL5080901,Nc1nc(NCCOc2ccc(C(=O)NO)cc2)nc2nc(-c3ccco3)nn12,8.130768280269024,1,0.0,29
PJRDOAZAXZZNAM-UHFFFAOYSA-N,CHEMBL3955013,CC1(C)C(=O)N(c2ccc(C#N)c(C(F)(F)F)c2)C(=S)N1c1ccc(C(=O)Nc2ccccc2N)c(F)c1,5.375971658925419,2,0.335324615891075,38
PJRJBKFEYSAAPC-UHFFFAOYSA-N,CHEMBL6150434,COc1ccc2c(CNC3CCC(Nc4ncc(C(=O)NO)cn4)CC3)cn(C)c2c1,8.040958607678906,1,0.0,31
PKCJSFYDCXQFAP-UHFFFAOYSA-N,CHEMBL5994421,O=C(C1CCS(=O)(=O)C1)N(Cc1ccc(-c2noc(C(F)(F)F)n2)cn1)c1cccc(F)c1,6.568636235841012,1,0.0,33
PKDQVEFMHITZOD-UHFFFAOYSA-N,CHEMBL5597185,O=C(CCCCCCCN1C(=O)C2CCC(=O)N2Cc2ccccc21)NO,6.1029670339516295,1,0.0,27
PKFJHSNYEZYYGI-UHFFFAOYSA-N,CHEMBL2408821,CN1C(=O)C(N)N=C(c2ccccc2)c2cc(C#CCCCC(=O)NO)ccc21,5.962573502059376,1,0.0,29
PKGSNZSUSOFAJI-UHFFFAOYSA-N,CHEMBL4791832,CC(=NNC(=S)NCCCCCC(=O)NO)c1cccc(Br)c1,7.2626483041962855,1,0.0,23
PKHMYTSCIJZQGT-UHFFFAOYSA-N,CHEMBL5594548,O=C(NO)c1ccc(CN2CCc3c([nH]c4ccccc34)C2)cc1,4.782516055786093,1,0.0,24
PKJAFZBRNFLMBT-UHFFFAOYSA-N,CHEMBL4875748,COc1ccc2c(c1)N(Cc1ccc(C(=O)NO)cc1)CCCC2,6.531652669587842,1,0.0,24
PKJAJLSDHXPRTC-UHFFFAOYSA-N,CHEMBL1084796,O=C(CCCCCCN(Cc1ccccn1)C(=O)NC(=O)c1ccccc1)NO,5.042871802323187,1,0.0,29
PKKKXJULINTEGW-UHFFFAOYSA-N,CHEMBL400044,Nc1ccc(-c2ccccc2)cc1NC(=O)c1ccc(CNC(=O)Oc2ccccc2)cc1,6.494850021680094,1,0.0,33
PKLYMUKSAKDKOL-UHFFFAOYSA-N,CHEMBL6049725,Cc1csc(-c2ccc(N)c(NC(=O)N3CCCC3)c2)c1,6.255707016877324,1,0.0,21
PKMZUAXESPQESL-UHFFFAOYSA-N,CHEMBL4647720,O=C(CCCCC(=O)NCCCN1c2ccccc2CCc2ccc(Cl)cc21)NO,5.167491087293763,1,0.0,30
PKOCJUBUNIOWOL-UHFFFAOYSA-N,CHEMBL5619541,COc1ccc2c3ccnc(C)c3n(CC3CCN(c4ncc(C(=O)NO)cn4)CC3)c2c1,7.657577319177793,2,0.0,33
PKQLAXVKQYUVLB-UHFFFAOYSA-N,CHEMBL5598390,O=C(CCCCCCn1cc(Nc2ncc(Cl)c(OC3CCCCC3)n2)cn1)NO,6.2860057323393566,1,0.0,30
PKTRJBHHHJTIKB-UHFFFAOYSA-N,CHEMBL515452,NS(=O)(=O)NCCCCC(NC(=O)OCc1cccnc1)C(=O)Nc1nc(-c2ccccc2)cs1,5.823908740944319,1,0.0,35
PKTYWCZLVZZUAK-UHFFFAOYSA-N,CHEMBL4549502,COc1ccc(C(=O)N(CCC(=O)NCc2ccccc2)Cc2ccc(C(=O)NO)cc2)cc1,7.377785977033705,1,0.0,34
PKWQVPMUGMNEBZ-UHFFFAOYSA-N,CHEMBL5270568,COc1cccc2ccc(C(=O)NCc3ccc(C(=O)NO)cc3)nc12,7.008773924307505,1,0.0,26
PKYJPGFWSVTRGQ-UHFFFAOYSA-N,CHEMBL3689832,CCCCc1nc2cc(C=CC(=O)NO)ccn2c1CN(CC)CC,6.7447274948966935,1,0.0,25
PLALVIFUNPLNTF-UHFFFAOYSA-N,CHEMBL3648308,Cn1c(CNC(=O)Cc2ccc(F)cc2)nc2cc(C=CC(=O)NO)ccc21,6.835647144215563,3,0.0,28
PLECCKPJQAXIMA-UHFFFAOYSA-N,CHEMBL4786332,O=C(NO)c1ccc(CN(Cc2nnnn2Cc2ccccc2)C(=O)c2ccccc2)cc1,5.906578314837764,1,0.0,33
PLHIZHDQYPUMEN-UHFFFAOYSA-N,CHEMBL4782188,CCC(=O)CCCCCC(NC(=O)c1cncs1)c1[nH]c(-c2ccccc2)nc1C(=O)NC,7.559090917934782,1,0.0,33
PLIVFNIUGLLCEK-UHFFFAOYSA-N,CHEMBL598797,C#Cc1cccc(Nc2ncnc3cc(OC)c(OCCCCCCC(=O)NO)cc23)c1,8.346787486224656,1,0.0,32
PLJACKNVABMCDJ-UHFFFAOYSA-N,CHEMBL3809530,CNC(=O)CCCCCC(NC(=O)c1cncs1)c1ncc(-c2ccc3cc(C(F)(F)F)ncc3c2)[nH]1,6.537602002101044,1,0.0,37
PLKNQFMUAVGVMU-UHFFFAOYSA-N,CHEMBL5976345,CC(C)C(=O)N1CCN(S(=O)(=O)N(Cc2ccc(-c3nnc(C(F)F)o3)cc2F)c2ccccc2)CC1,7.2839966563652006,1,0.0,37
PLLGTIGWEAXLNW-UHFFFAOYSA-N,CHEMBL5192285,CN(C)CCCNC(=O)c1ccc(C=C2CCn3c2nc2cc(N4CCN(CCCCCCCC(=O)NO)CC4)c(F)cc2c3=O)cc1,5.899629454882437,1,0.0,48
PLLHVTPDCUZFDP-UHFFFAOYSA-N,CHEMBL5197839,Nc1nc(-c2ccco2)c2cnn(CCCCCCC(=O)NO)c2n1,8.619788758288394,1,0.0,25
PLMLXVWSKONFFN-UHFFFAOYSA-N,CHEMBL513027,Nc1ccc(-c2cccs2)cc1NC(=O)c1ccc(N2CCC3(CC2)NC(=O)NC3=O)nc1,7.795880017344075,1,0.0,33
PLPJAVVYFQLJMH-UHFFFAOYSA-N,CHEMBL4855240,COc1nc2ccccc2cc1-c1cnc(CNC(=O)C2CN(C)C2)[nH]1,4.3872161432802645,1,0.0,26
PLQCVHVDTRDRRT-UHFFFAOYSA-N,CHEMBL5830752,CC(C)C(=O)NC(Cc1ccc(-c2noc(C(F)(F)F)n2)cn1)c1cccc(C(F)(F)F)c1,6.167491087293763,1,0.0,33
PLVJFQLTLNVOKN-UHFFFAOYSA-N,CHEMBL5436930,COc1cc2c(cc1OC)C(=O)C(CC1CCN(S(=O)(=O)c3cccc(C=CC(=O)NO)c3)CC1)C2,5.777283528852417,1,0.0,36
PLWBVDLCWWJINE-UHFFFAOYSA-N,CHEMBL4869000,CCC(=O)CCCCCC1NC(=O)C2CC23CCN(CCCOCCCn2ccc4cc(ccc4c2=O)-c2cnc1[nH]2)CC3,9.481486060122112,1,0.0,44
PLWFKMKFFURSPO-UHFFFAOYSA-N,CHEMBL3356526,CN1C(=O)CCCC1C(=O)NC(CCCCCS)C(=O)Nc1ccccc1,7.958607314841775,1,0.0,27
PLZZBEPLVKUVRZ-UHFFFAOYSA-N,CHEMBL480430,Nc1ccccc1NC(=O)c1ccc(CNc2nccc(-c3ccc(C(=O)N4CCOCC4)nc3)n2)cc1,6.6020599913279625,1,0.0,38
PMDDNEBMDQLEAA-UHFFFAOYSA-N,CHEMBL5837291,CC(Nc1ccc(-c2noc(C(F)(F)F)n2)cn1)c1ccccc1,5.207608310501746,1,0.0,24
PMDOCJVIMYUDCP-UHFFFAOYSA-N,CHEMBL257631,Nc1ccccc1NC(=O)c1ccc(CNc2nc(NC3CC3)nc(NC3Cc4ccccc4C3)n2)cc1,7.522878745280337,1,0.0,38
PMDYDEFWMFQBMT-UHFFFAOYSA-N,CHEMBL5816080,O=C1c2cc(F)ccc2CCN1Cc1ccc(-c2noc(C(F)(F)F)n2)cn1,6.1938200260161125,1,0.0,28
PMFDRULHDRRWFP-UHFFFAOYSA-N,CHEMBL3338404,O=C(NO)c1ccc2c(c1)CN(Cc1ccc(-c3cccc([N+](=O)[O-])c3)o1)CC2,4.671620396561262,1,0.0,29
PMHARNDBRDSPAO-UHFFFAOYSA-N,CHEMBL4453121,O=C(NO)c1ccc(Cn2nnc(-c3ncccn3)n2)cc1,6.031517051446064,1,0.0,22
PMIZYURGFFXNMZ-UHFFFAOYSA-N,CHEMBL5791632,CCCC(=O)NC(Cc1ccc(-c2noc(C(F)(F)F)n2)cn1)c1cccc(C(F)(F)F)c1,6.214670164989233,1,0.0,33
PMKNIAHGNJYPNY-UHFFFAOYSA-N,CHEMBL3621297,Nc1ccccc1NC(=O)CCCCC(=O)Nc1ccc2c(c1)C(=Cc1ccc[nH]1)C(=O)N2,5.899629454882437,1,0.0,33
PMMDMWAIIZBNPJ-UHFFFAOYSA-N,CHEMBL4170975,CCOc1cc(C(C)(C)C)ccc1C1=NC(c2ccc(Cl)cc2)C(c2ccc(Cl)cc2)N1C(=O)N1CCN(c2ncc(C(=O)NO)cn2)CC1,6.508638306165727,1,0.0,50
PMMVDYHPOHPNFB-UHFFFAOYSA-N,CHEMBL5556839,CC(C)(C)OC(=O)N1CCN(CC2CCc3c(c4cc(F)ccc4n3Cc3ccc(C(=O)NO)cc3)C2=O)CC1,5.075720713938118,1,0.0,40
PNAXKQULYKYSHF-UHFFFAOYSA-N,CHEMBL2047689,O=C(NCCS)C(Cc1ccc(F)cc1)=NO,8.154901959985743,1,0.0,17
PNFHXTSCXQDAOI-UHFFFAOYSA-N,CHEMBL5632762,O=C(CCCCCC(=O)Nc1cc(-c2ccc3ncn(Cc4c(F)cccc4Cl)c3c2)[nH]n1)NO,7.835647144215563,1,0.0,35
PNISZNNEPJHZEF-UHFFFAOYSA-N,CHEMBL4863515,O=C(NO)c1ccc(CN2CCCc3cc(-c4cc[nH]n4)ccc32)cc1,6.735182176990463,1,0.0,26
PNKYZJDJXHWFGE-UHFFFAOYSA-N,CHEMBL5079150,COc1ccc(CNc2nc(SCc3ccc(C(=O)Nc4ccccc4N)cc3)nn3cccc23)cc1OC,6.391473966422806,1,0.0,39
PNOJELYFZBJMEM-UHFFFAOYSA-N,CHEMBL6167626,COc1ccc(-c2ccc3cc(OCCCCCC(=O)NO)ccc3n2)cc1,7.92299567320665,1,0.0,28
PNQLQTCPBHMQBA-UHFFFAOYSA-N,CHEMBL4070033,Nc1ccccc1NC(=O)c1ccc(CNC(=O)c2ccc3cncn3c2)cc1,7.031517051446065,1,0.0,29
PNSPJBGBDBYYIC-UHFFFAOYSA-N,CHEMBL5747448,FC(F)(F)c1nc(-c2ccnc(OCc3c(Cl)nc4sccn34)c2)no1,5.508638306165727,1,0.0,26
PNUKOPQWBFRNSA-UHFFFAOYSA-N,CHEMBL451205,O=C(Nc1cc(F)ccc1O)c1ccc(CNc2ccncc2)cc1,5.696156225111345,1,0.0,25
PNVDDSYVPTVEAJ-UHFFFAOYSA-N,CHEMBL5430331,Nc1ccccc1NC(=O)c1ccc(CNC(=O)c2nn(-c3cccnc3)nc2N)cc1,7.130768280269024,1,0.0,32
PNZUZIUHKWWOSE-UHFFFAOYSA-N,CHEMBL6025944,Nc1ccccc1NC(=O)c1ccc(NC(=O)CC=Cc2cccnc2)cn1,6.853871964321762,1,0.0,28
POGGTLCDYHYSIH-UHFFFAOYSA-N,CHEMBL5785199,Nc1ccc(-c2ccccc2)cc1NC(=O)c1cnc(NC2CCNc3ccccc32)nc1,6.995678626217357,1,0.0,33
PONOMMJXJQRWSX-UHFFFAOYSA-N,CHEMBL5583643,COc1ncc(-c2cc(OCCCCCCCCCC(=O)Nc3ccccc3N)c3ncnc(C)c3c2)cc1F,5.513994813637758,1,0.0,40
POPITJXFXOAKHG-UHFFFAOYSA-N,CHEMBL472861,O=C(NO)c1ccc(CNCCc2cccc(Cl)c2)cc1,5.997402019280091,1,0.0,21
POQZOSIVILGXKN-UHFFFAOYSA-N,CHEMBL4633692,O=C(NO)c1ccc(NC(=O)C2(c3ccc(Cl)cc3)CCCC2)cc1,7.920818753952375,1,0.0,25
POVGYCDNSJRTOJ-UHFFFAOYSA-N,CHEMBL5564563,CC(COCCC(=O)N1CCN(c2ncc(NC(=O)CCCCCCC(=O)NO)cn2)CC1)Nc1cn[nH]c(=O)c1C(F)(F)F,7.494850021680094,1,0.0,45
PPAPPIJCDNZARX-UHFFFAOYSA-N,CHEMBL515906,O=C(C=Cc1ccc2nc(CCc3ccccc3)[nH]c2c1)NO,6.761953896871205,3,0.0,23
PPCBFPVRIUFRPQ-UHFFFAOYSA-N,CHEMBL216414,COc1ccc2[nH]c(C)c(CC(=O)NC(CCCCCC(C)=O)C(=O)Nc3ccccc3Cl)c2c1,5.481486060122112,1,0.0,35
PPGBIYORCGHNJI-UHFFFAOYSA-N,CHEMBL3689789,CCCCCCc1nc2cc(C=CC(=O)NO)ccn2c1NCCC(=O)NCC,6.42021640338319,1,0.0,29
PPHDDGXHLVJUMN-UHFFFAOYSA-N,CHEMBL5414056,O=C(CCCCCCNC(=O)c1ncc(-c2ccc(F)cc2)o1)NO,7.220115036807356,1,0.0,25
PPIFUYCFGJGTGQ-UHFFFAOYSA-N,CHEMBL264961,CNC(=O)c1ccc(CN2CCC(c3ccc(C(=O)Nc4ccccc4N)cc3)CC2)cc1,7.510041520575165,1,0.0,33
PPNPWAYKEYBAKA-UHFFFAOYSA-N,CHEMBL217025,COc1ccc2[nH]c(C)c(CC(=O)NC(CCCCCC(N)=O)C(=O)NCCc3c(-c4ccccc4)[nH]c4ccccc34)c2c1,5.75448733218585,1,0.0,45
PPPARVLSJMJCDP-UHFFFAOYSA-N,CHEMBL6037501,Cc1cccc(N(Cc2ccc(-c3nnc(C(F)F)o3)cn2)S(=O)(=O)N2CCN(C3COC3)CC2)c1,7.309803919971486,1,0.0,36
PPPFTXGZZMYUJQ-UHFFFAOYSA-N,CHEMBL6145619,O=C(CCCCCCC(=O)NC1CC1c1ccccc1)NO,9.978810700930062,1,0.0,22
PPQJHNSZKLTCLY-UHFFFAOYSA-N,CHEMBL5932729,Fc1ccc(NCc2ccc(-c3noc(C(F)(F)F)n3)cc2)cc1,5.6777807052660805,1,0.0,24
PPRDAGKLSBUUQV-UHFFFAOYSA-N,CHEMBL6166888,Cn1cccc1C(=O)N1CCC2(CC1)C(=O)N(Cc1ccc(C(=O)NO)cc1F)CN2c1ccccc1,5.741147299357697,1,0.0,37
PPWZJWBTTSZJNT-UHFFFAOYSA-N,CHEMBL521652,Cc1ccc(NC(=O)c2ccc(C(=O)NO)cc2)cc1Nc1ncc(-c2cccnc2)s1,6.769551078621726,1,0.0,32
PPXJBXNWKBRGTA-UHFFFAOYSA-N,CHEMBL5631238,O=C(CCCCCC(=O)Nc1cc(-c2ccc3ncn(Cc4ccccc4Cl)c3c2)[nH]n1)NO,7.75448733218585,1,0.0,34
PPXTXDUSJLDZRW-UHFFFAOYSA-N,CHEMBL3339015,O=C(CCCCCCC(=O)Nc1cc2c(Nc3ccc(F)cc3F)ncnc2s1)NO,7.996970529446382,1,0.0,31
PQBSIJBZIHNQIM-UHFFFAOYSA-N,CHEMBL251144,Nc1ccccc1NC(=O)c1ccc(C(C(=O)Nc2ccccc2)C(=O)Nc2ccccc2)cc1,7.443697499232712,1,0.0,35
PQDHGOUWCDEQQL-UHFFFAOYSA-N,CHEMBL5436704,COc1cccc(-c2cnc(C(=O)NCCCCCCC(=O)NO)o2)c1,7.07242434530889,1,0.0,26
PQINGOHEJWBSSY-UHFFFAOYSA-N,CHEMBL3339019,O=C(CCCCCCC(=O)Nc1cc2c(Nc3cccc(Cl)c3F)ncnc2s1)NO,8.10902040301031,1,0.0,31
PQLSOSKDLAENJC-UHFFFAOYSA-N,CHEMBL6003322,COc1ccc2c(c1)C(=O)N(CCCCCC(=O)NO)c1ccccc1S2,8.920818753952375,1,0.0,27
PRACZKROELLVMQ-UHFFFAOYSA-N,CHEMBL3098696,O=C(CCCCCCC(=O)NC1CCCC1)NO,5.747146969020107,1,0.0,18
PRDFOWYARLTLQV-UHFFFAOYSA-N,CHEMBL6176726,CN1CCC2(CC1)C(=O)N(Cc1ccc(C(=O)NO)cc1)CN2c1ccccc1,6.0798766737092755,1,0.0,29
PRFVRQDWLLQIJO-UHFFFAOYSA-N,CHEMBL1095075,O=C(C=Cc1cccc(-c2nc3ccccc3n2CCN2CCOCC2)c1)NO,7.301029995663981,1,0.0,29
PRFVWFPEHMJFER-UHFFFAOYSA-N,CHEMBL4067088,CN(C)C(=O)c1cc2cnc(Nc3cccc(NC(=O)CCCCCCC(=O)NO)c3)nc2n1C1CCCC1,8.508638306165727,1,0.0,39
PRMCYDAZMXCAIR-UHFFFAOYSA-N,CHEMBL5916341,O=C1CCc2cccnc2N1Cc1ccc(-c2noc(C(F)(F)F)n2)cn1,5.431798275933005,1,0.0,27
PRMXPZIOPNPPCX-UHFFFAOYSA-N,CHEMBL3793310,Cc1[nH]c2ccccc2c1C=Cc1ccccc1-c1ccc(C=CC(=O)NO)cc1,5.267606240177031,1,0.0,30
PRPVKRNLBYLMIC-UHFFFAOYSA-N,CHEMBL3828070,CN(Cc1nc2c(N3CCOCC3)nc(-c3ccc(C(C)(C)C)cc3)nc2n1C)c1ncc(C(=O)NO)cn1,7.999565922520682,1,0.0,39
PRQPGABYCRFTSQ-UHFFFAOYSA-N,CHEMBL5744588,CC(Nc1ncc(-c2noc(C(F)(F)F)n2)cn1)c1ccncc1,5.3872161432802645,1,0.0,24
PRRBYAHHMORAEN-UHFFFAOYSA-N,CHEMBL4167286,CS(=O)(=O)Nc1ccc(-c2ccnc(Nc3ccc(N4CCC(C(=O)NCCCCCCC(=O)NO)CC4)cc3)n2)cc1,6.6020599913279625,1,0.0,43
PRTZUBACELMNIC-UHFFFAOYSA-N,CHEMBL3421752,O=C(NO)c1ccc(CNCc2nc(-c3ccc([N+](=O)[O-])cc3)no2)cc1,5.573488738635424,1,0.0,27
PRUSOIAYYLOJFN-UHFFFAOYSA-N,CHEMBL5414925,Nc1nn(-c2cc(Cl)cc(Cl)c2)nc1C(=O)NCc1ccc(C(=O)NO)cc1,8.008773924307505,1,0.0,28
PRVFLAJYZAQPNR-UHFFFAOYSA-N,CHEMBL4247128,C=CCCn1cc(-c2nc(Nc3ccc(NC(=O)CCCCCCC(=O)NO)cc3)nc3[nH]ccc23)cn1,7.080921907623926,1,0.0,38
PRWNDWJOZUOTNQ-UHFFFAOYSA-N,CHEMBL5401106,O=C(C=Cc1ccc(NC(=O)Cc2ccc3ccccc3c2)cn1)NO,6.424812155072339,1,0.0,26
PRXXXHCKGRNFLJ-UHFFFAOYSA-N,CHEMBL5181688,COc1cc(OC)cc(N(CCNC(C)C)c2ccc3ncc(-c4cnn(CCOc5ccc(C(=O)NO)cc5)c4)nc3c2)c1,8.229147988357855,1,0.0,45
PRZBFAAXMYGVBG-UHFFFAOYSA-N,CHEMBL6149218,O=C(C=Cc1cccc(S(=O)(=O)NCC2CN(c3ccc(N4CCOCC4)c(F)c3)C(=O)O2)c1)NO,6.133712660915805,1,0.0,36
PRZBJUILXUMYPA-UHFFFAOYSA-N,CHEMBL3656005,O=C(NO)c1cnc(NC2(c3ccc(Cl)cc3)CC2)nc1,7.346787486224656,1,0.0,21
PSAHVPHAZLQMKM-UHFFFAOYSA-N,CHEMBL2413295,O=C(C=Cc1ccc(CN(CCCOc2ccccc2)Cc2ccccc2)o1)NO,5.188424994129407,1,0.0,30
PSDULCGBSAPYKD-UHFFFAOYSA-N,CHEMBL4534621,Nc1ccccc1NC(=O)CCCCNC(=O)c1ccccc1,5.376750709602099,1,0.0,23
PSHCLCHBWFLYPZ-UHFFFAOYSA-N,CHEMBL3335009,CC(C)CN1CCN(c2ccc(C(=O)NO)cc2)C1=O,6.6020599913279625,1,0.0,20
PSLBYNPIDJYPNR-UHFFFAOYSA-N,CHEMBL4475613,O=C(C=Cc1ccc(CNc2cc3c([nH]c4ccccc43)c(-c3ccc([N+](=O)[O-])cc3)n2)cc1)NO,7.698970004336019,1,0.0,36
PSPFIERZLSJDCS-UHFFFAOYSA-N,CHEMBL4086409,CCCCC(CCCC(=O)NO)CCC(=O)Nc1ccccc1,5.958607314841775,1,0.0,23
PSPFXIHXOUHMCY-UHFFFAOYSA-N,CHEMBL5647403,CCCNNC(=O)CCCCCCNC(=O)C(CC(C)C)NC(=O)C(O)C(N)Cc1ccccc1,6.6777807052660805,1,0.0,35
PSXLEUCXTBRTSO-UHFFFAOYSA-N,CHEMBL5200063,CCNNC(=O)c1ccc(CN2c3ccccc3C=Cc3ccc(F)cc32)cc1,5.598599459218455,1,0.0,29
PSYQFKVOPBGHPQ-UHFFFAOYSA-N,CHEMBL5440032,Cc1ccc(-c2cncc(C(=O)NCc3ccc(C(=O)NO)cc3)c2)c(F)c1,8.229884705212898,1,0.0,28
PSZVSGYNQFTAQI-UHFFFAOYSA-N,CHEMBL4765072,CCC(=O)CCCCCC(NC(=O)C1CC12CCN(C)CC2)c1ncc(-c2cnc(-n3cc(C)cn3)nc2)[nH]1,6.991399828238082,1,0.0,39
PTAPHTPWYBPKRT-UHFFFAOYSA-N,CHEMBL4865197,COc1ccc(-c2nc(CNc3ccc(C(=O)NO)cc3)n(-c3ccccc3)n2)cc1,5.543633966870956,1,0.0,31
PTFFMSKYSLJXBT-UHFFFAOYSA-N,CHEMBL5568268,CCCC(CCC)C(=O)NC(Cc1ccccc1)C(=O)NNc1ccccc1,6.4089353929735005,1,0.0,28
PTJNYVXLFRBJGN-UHFFFAOYSA-N,CHEMBL5169821,O=C(CCCCCCNC(=O)c1ccc(NC(=O)COCCOCCNC(=O)COc2cccc3c2C(=O)N(C2CCC(=O)NC2=O)C3=O)cc1)NO,6.7594507517174005,2,0.0,53
PTKWEPZZDJSNBS-UHFFFAOYSA-N,CHEMBL5218487,CCC(=O)CCCCCC(NC(=O)C1CC12CCN(CC)CC2)c1ncc(-c2cc3cn(C)nc3cc2OC)o1,8.136677139879545,1,0.0,40
PTPYOCUPCYUHTG-UHFFFAOYSA-N,CHEMBL5092046,Cc1ccc2nc3c4ccccc4c(NCCCCCCCC(=O)NO)nn3c(=O)c2c1,7.860120913598763,1,0.0,32
PTRCFTREZVFSJL-UHFFFAOYSA-N,CHEMBL6192933,CCCNNC(=O)c1ccc(NC(=O)c2cnc(-c3cc4ccc5cccc6ccc(c3)c4c56)s2)cc1,5.866461091629782,1,0.0,37
PTTHXWHSGFRYLP-UHFFFAOYSA-N,CHEMBL5221068,CCC(=O)CCCCCC(NC(=O)C1CC12CCN(C)CC2)c1ncc(C2=CC3OC=NC3C=C2)[nH]1,8.443697499232712,1,0.0,36
PTVAPCSSHBNHPR-UHFFFAOYSA-N,CHEMBL6141736,CCCn1c2c(c3ccccc31)CCN(C(=O)CCCCCCC(=O)NO)C2,7.769551078621726,1,0.0,28
PTVNFJFTCMFJGK-UHFFFAOYSA-N,CHEMBL4568168,COc1ccc(C=CC(=O)c2cc(OC)c(OC)c(OC)c2)cc1OCCCCCCC(=O)NO,7.440093374963888,1,0.0,35
PTVWHQIQOVJYBE-UHFFFAOYSA-N,CHEMBL4518616,CC(C)CCc1c(OCCCCOc2ccc(C=CC(=O)NO)cc2)ccc2c1OC(=O)CC2,6.690987651224573,1,0.0,34
PUAFWFXPLQZEMV-UHFFFAOYSA-N,CHEMBL6092079,CCCCc1cc(C(=O)Nc2ccccc2)nn1Cc1ccc(C(=O)NO)cc1,5.830031826003108,1,0.0,29
PUFWYPJNFHBIRO-UHFFFAOYSA-N,CHEMBL3314866,Nc1ccccc1NC(=O)C=Cc1ccc(-c2nnc(Cc3c[nH]c4ccccc34)o2)cc1,5.823908740944319,1,0.0,33
PUNQWCKAEICRST-UHFFFAOYSA-N,CHEMBL1093713,Cc1cc(C)cc(NC(=O)CCCCC(=O)NO)c1,7.769551078621726,1,0.0,19
PUOYVRKIQWZKMS-UHFFFAOYSA-N,CHEMBL464719,COc1cc(Cn2c(CCc3ccccc3)nc3cc(CCC(=O)NO)ccc32)cc(OC)c1OC,6.777283528852417,2,0.0,36
PUQQLJRQMBGCFT-UHFFFAOYSA-N,CHEMBL4755945,CCC(=O)CCCCCC(NC(=O)C1CC12CCN(CC)CC2)c1ncc(-c2c(F)cccc2OC)[nH]1,7.142667503568731,1,0.0,37
PUQUQDNYYZVVCI-UHFFFAOYSA-N,CHEMBL6147918,CC(C)(C)c1cc(NC(=O)Nc2ccc(Oc3ccnc(-c4cnn(CCCCCCCCC(=O)NO)c4)c3)cc2)no1,6.139362583226245,1,0.0,43
PURTYFIQUYZYMN-UHFFFAOYSA-N,CHEMBL5173348,COc1cc(OC)cc(N(CCNC(C)C)c2ccc3ncc(-c4cnn(CCCCOc5ccc(C(=O)NO)cc5)c4)nc3c2)c1,6.795880017344075,1,0.0,47
PUVZCXWHNDJBCX-UHFFFAOYSA-N,CHEMBL4757429,Cc1ccc(-c2cn(C)c(=O)c3[nH]c(C(=O)NCc4ccc(C(=O)Nc5ccccc5N)cc4)cc23)cc1,7.026872146400302,1,0.0,38
PUXBZAHYRIRUHS-UHFFFAOYSA-N,CHEMBL6134634,CS(=O)(=O)Nc1ccc(-c2ccnc(Nc3ccc(N4CCN(CC(=O)Nc5ccc(C=CC(=O)NO)cc5)CC4)cc3)n2)cc1,7.008773924307505,1,0.0,46
PVBPRGHNOXNJHJ-UHFFFAOYSA-N,CHEMBL5631367,Nc1ccccc1NC(=O)c1ccc(NC(=O)Cc2ccc(N3Cc4ccc(O)cc4OC3=O)cc2)cc1,6.698970004336019,1,0.0,38
PVCBHRYFZHGKKN-UHFFFAOYSA-N,CHEMBL5429127,CC(C)(C)OC(=O)N1CCC(COc2ccc(-c3cc(C(=O)NCc4ccc(C(=O)NO)cc4)ccn3)cc2)CC1,8.195179321278838,1,0.0,41
PVCYOXALUMITDY-UHFFFAOYSA-N,CHEMBL5781550,Cc1ccc(CNc2ncc(-c3noc(C(F)(F)F)n3)cn2)cn1,5.522878745280337,1,0.0,24
PVGYQUZZDZYXGN-UHFFFAOYSA-N,CHEMBL6120638,O=C(CCCCCCn1c2cc3c(cc2c2nc(Cl)c4ccccc4c21)OCO3)NO,8.397940008672037,1,0.0,31
PVIBJXUTUATJGL-UHFFFAOYSA-N,CHEMBL3689833,CCCCc1nc2cc(C=CC(=O)NO)ccn2c1CN(C)CCCC,7.154901959985743,1,0.0,26
PVKMPODTVXGHOZ-UHFFFAOYSA-N,CHEMBL5437164,CN(C)c1cc(Cl)c(N=Nc2c(Cl)cc(C=CC(=O)Nc3ccccc3N)cc2Cl)c(Cl)c1,5.301029995663981,1,0.0,33
PVNSNCSGKMVGSM-UHFFFAOYSA-N,CHEMBL5076728,O=C(CCCCCCn1cc(Nc2ncc3ccn(Cc4ccccc4F)c3n2)cn1)NO,7.465973893943865,1,0.0,33
PVOSCHGFJJXMIX-UHFFFAOYSA-N,CHEMBL4465475,COc1ncc(-c2cc(OCCCCCCCCC(=O)NO)c3ncnc(C)c3c2)cc1NS(=O)(=O)c1ccc(F)cc1F,8.050609993355087,1,0.0,44
PVOSRCQGYUSIRG-UHFFFAOYSA-N,CHEMBL3356917,Cc1ccc(NC(=O)C(CCCCCS)NC(=O)C2CCCC(=O)N2)cc1,8.096910013008056,1,0.0,27
PVSRINUVASRROG-UHFFFAOYSA-N,CHEMBL5830383,O=C(NC(Cc1ccc(-c2noc(C(F)(F)F)n2)cn1)c1cccc(C(F)(F)F)c1)c1ncccn1,6.221848749616356,1,0.0,36
PVURKGUNMSWKCM-UHFFFAOYSA-N,CHEMBL5839229,CC(C)(N)C(=O)Nc1cc(-c2cccs2)ccc1N,5.515700160653214,1,0.0,19
PVVOHMUKMHUBPH-UHFFFAOYSA-N,CHEMBL6171060,CC(C)(C)c1cc(NC(=O)Nc2ccc(Oc3ccnc(-c4cnn(CCCCCCCC(=O)NO)c4)c3)cc2)no1,6.462180904926726,1,0.0,42
PVWRCAZTXZIOII-UHFFFAOYSA-N,CHEMBL2018296,Cc1ccc2c(c1)c1c(n2Cc2ccc(C(=O)NO)cc2)CCN(C)C1,5.684029654543082,1,0.0,26
PVZJLPGZMRIHCQ-UHFFFAOYSA-N,CHEMBL5923399,Cc1cccc(NC(=O)Nc2ccc(-c3nn(CCCCCCCC(=O)NO)c4ncnc(N)c34)cc2)c1,8.962573502059376,1,0.0,38
PWHXQHXPOVQAEY-UHFFFAOYSA-N,CHEMBL514485,NS(=O)(=O)NCCCCC(NC(=O)Cc1ccccc1)C(=O)Nc1nc(-c2ccccc2)cs1,6.154901959985743,1,0.0,34
PWOJZVLZASVBIJ-UHFFFAOYSA-N,CHEMBL5185205,CCCCNNC(=O)c1ccc(-c2ccc(CNC(C)=O)cc2)cc1,6.207608310501746,1,0.0,25
PWOYGNLEMBIIES-UHFFFAOYSA-N,CHEMBL3622729,CC=C1NC(=O)c2csc(n2)CNC(=O)CC(C=CCCS)OC(=O)C(C(C)C)NC1=O,8.555955204081924,1,0.0,32
PWRHENYVJGZKCT-UHFFFAOYSA-N,CHEMBL473484,Nc1ccc(-c2ccccc2)cc1NC(=O)c1ccc(C(=O)N2CCC3(CCCN3)CC2)cc1,8.096910013008056,1,0.0,34
PWSVAZFLMDNRFH-UHFFFAOYSA-N,CHEMBL5941097,Nc1ccc(-c2cccs2)cc1NC(=O)c1cnc(NC2CCN(C(=O)N3CCOCC3)CC2)nc1,7.823908740944319,1,0.0,36
PWTZHTPEIMCHHH-UHFFFAOYSA-N,CHEMBL4463160,COc1ccccc1N1C(=O)CSC1c1cccc(NC(=O)CCC(=O)NO)c1,6.455931955649724,1,0.0,29
PWUOLJLDIZJJPB-UHFFFAOYSA-N,CHEMBL4462263,O=C(NO)c1ccc(Cn2c(=O)n(CCc3ccc(O)cc3)c(=O)c3ccccc32)cc1,5.041914151478915,1,0.0,32
PWWHZKRNBPXWKY-UHFFFAOYSA-N,CHEMBL4640304,O=C(NO)c1ccc(NC(=O)C2(c3ccc(-c4cn[nH]c4)cc3)CCOCC2)cc1,8.698970004336019,1,0.0,30
PXBKFXDPVCGEAM-UHFFFAOYSA-N,CHEMBL3605496,Nc1ccccc1NC(=O)c1ccc(CNC2=NC(c3ccc(F)cc3)CO2)cc1,6.721246399047171,1,0.0,30
PXEWZGVZHBQFDU-UHFFFAOYSA-N,CHEMBL521193,Nc1ccc(-c2cccs2)cc1NC(=O)c1ccc(N2CCC3(CC2)C(=O)NCN3c2ccccc2)nc1,7.568636235841012,1,0.0,38
PXGHHURYNZAHQP-UHFFFAOYSA-N,CHEMBL4094664,O=C(CS)NCCCCCNc1c(Cl)cc(Cl)c2cccnc12,5.18243463044022,1,0.0,23
PXIJPTJWEUFJKI-UHFFFAOYSA-N,CHEMBL5561998,O=C(CN(C(=O)Cc1ccc(C(=O)NO)cc1F)c1ccccc1C(F)(F)F)NC1CCCCC1,6.576754126063192,1,0.0,35
PXJSYQWAMWAEEN-UHFFFAOYSA-N,CHEMBL4473451,O=C(NO)c1ccc(CN2c3ccccc3[S+]([O-])c3ccccc32)cc1,5.166852888087215,1,0.0,26
PXKOJFPEVTZSRJ-UHFFFAOYSA-N,CHEMBL3689820,O=C(C=Cc1ccn2c(CNC3CC3)c(-c3ccccc3)nc2c1)NO,6.508638306165727,1,0.0,26
PXMKFYBKHKHQQR-UHFFFAOYSA-N,CHEMBL5884740,O=C1CCC(c2nc(-c3ccccn3)no2)N1c1ccc(-c2noc(C(F)(F)F)n2)cc1,7.013228265733755,1,0.0,32
PXPOKLHJJGXFKJ-UHFFFAOYSA-N,CHEMBL5740096,CC(Nc1ncc(-c2noc(C(F)(F)F)n2)cc1Cl)c1ccncc1,6.065501548756432,1,0.0,25
PXSRDDRJTSWYSP-UHFFFAOYSA-N,CHEMBL3656015,O=C(NO)c1cnc(NC2(c3cc(Cl)cc(Cl)c3)CC2)nc1,7.795880017344075,1,0.0,22
PXSXCOJDFYVRBV-UHFFFAOYSA-N,CHEMBL5205415,O=C(C=Cc1ccc(CNc2ccc3nc4n(c(=O)c3c2)CCCCC4)cc1)NO,7.30189945437661,1,0.0,30
PXUBYCVDCQSMFL-UHFFFAOYSA-N,CHEMBL4088276,COc1cc(NC(=O)NOCCCCCC(=O)NO)c2nccc(C)c2c1,7.111820506081675,1,0.0,27
PXVNZGGLKJLEOS-UHFFFAOYSA-N,CHEMBL4249238,CCc1c2c(nc3ccc(O)cc13)-c1cc3c(c(=O)n1C2)COC(=O)C3(CC)OC(=O)CNC(=O)CCCCCCC(=O)O,4.558147824226708,1,0.0,44
PXXPZRNJBWKSPX-UHFFFAOYSA-N,CHEMBL5944397,O=C(NO)c1ccc(Nc2nc3ccccc3n2CC2CCCCC2)cc1,6.886056647693163,1,0.0,27
PXXQNLGVMOAXCB-UHFFFAOYSA-N,CHEMBL2048749,COc1ccc(S(=O)(=O)n2ccc3cc(C=CC(=O)NO)ccc32)cc1,6.903785414653594,1,0.0,26
PYBVBLKHLKTINB-UHFFFAOYSA-N,CHEMBL3655967,O=C(NO)c1cnc(NC2(c3ccccc3Cl)CC2)nc1,7.568636235841012,1,0.0,21
PYGBKVMUDQGWPV-UHFFFAOYSA-N,CHEMBL6174765,O=C(NO)c1ccc(CN2CN(c3ccccc3)C3(CCN(C(=O)c4cccnc4)CC3)C2=O)cc1,5.777986249828641,1,0.0,36
PYGNUGPDMKZMBH-UHFFFAOYSA-N,CHEMBL4740648,CCc1cn(-c2ccccc2)nc(C(=O)Nc2ccc(Oc3ccnc4cc(OCCCCCCC(=O)NO)c(OC)cc34)cc2)c1=O,7.4579218536643745,1,0.0,48
PYMZRZVUSFUQNE-UHFFFAOYSA-N,CHEMBL3689871,CCCCc1nc2cc(C=CC(=O)NO)ccn2c1CN(CC)CCC(C)C,7.698970004336019,1,0.0,28
PYOTXVJVEPUUQB-UHFFFAOYSA-N,CHEMBL2047605,Cc1ccc(-c2nn(-c3ccccc3)cc2C=CC(=O)Nc2ccccc2)cc1,5.391473966422806,1,0.0,29
PYPXUOKMBOKMBQ-UHFFFAOYSA-N,CHEMBL3655963,CC(C)(Nc1ncc(C(=O)NO)cn1)c1ccc(C(F)(F)F)cc1F,6.103473782510445,1,0.0,25
PYQMGVXDFBHWSS-UHFFFAOYSA-N,CHEMBL5437991,O=C(CCCNc1cc(N2CCc3ccccc3CC2)nc(-c2ccccn2)n1)NO,5.667763584508556,1,0.0,31
PYWCXCBMYMFPTR-UHFFFAOYSA-N,CHEMBL3110021,O=C(NO)C1C(c2ccccc2)C1c1ccc(-c2cnco2)cc1,4.494850021680094,1,0.0,24
PYWFANCSAVFFLU-UHFFFAOYSA-N,CHEMBL3827477,COc1ccc(-c2nc(N3CCOCC3)c3nc(CN(C)c4ncc(C(=O)NO)cn4)n(C(C)C)c3n2)cc1,6.958607314841775,1,0.0,39
PYYJNATZXUGPIJ-UHFFFAOYSA-N,CHEMBL4470654,O=C(NO)c1ccc(Cn2c(=O)n(CCc3ccccc3)c(=O)c3cc(F)ccc32)cc1,4.872571222148401,2,0.0,32
PYZKRYQFSYSEQK-UHFFFAOYSA-N,CHEMBL2425959,Cc1nc2cc(C=CC(=O)NO)ccc2c(=O)n1CCc1c[nH]c2ccccc12,6.120330794367947,1,0.0,29
PZAVITOFPPUOOH-UHFFFAOYSA-N,CHEMBL3692688,CCN(CC)CCNC(=O)c1ccc(-c2noc(C(F)(F)F)n2)cc1,5.466687974508288,2,0.14182805518551422,25
PZBCVPLLUVMUQC-UHFFFAOYSA-N,CHEMBL4083750,Cc1cc(F)ccc1Nc1ncnc2cc(NC(=O)CCCCCCC(=O)NO)sc12,6.6080597648328645,1,0.0,31
PZDLZYKAFWFSSD-UHFFFAOYSA-N,CHEMBL6142584,O=C(CCCCn1c2ccc(OC(F)F)cc2c2[nH]c(=O)c3ccccc3c21)NO,6.7447274948966935,1,0.0,30
PZFYWPRLDKIIHM-UHFFFAOYSA-N,CHEMBL4760412,Nc1ccccc1NC(=O)c1ccc(NC(=O)CCCCCNc2cccc3c2C(=O)N(C2CCC(=O)NC2=O)C3=O)cc1,6.657577319177793,1,0.0,44
PZHJFCSWCOJMME-UHFFFAOYSA-N,CHEMBL5557863,O=C(CCCCCCN1C(=O)CC(=Cc2cccc(Cl)c2)C1=O)NO,7.72584215073632,1,0.0,25
PZHMEFBKSLGDIS-UHFFFAOYSA-N,CHEMBL5171820,COc1cc2nc(N3CCN(CCCCCC(=O)NO)CC3)nc(NC3CCN(C(C)C)CC3)c2cc1OC,7.292429823902063,1,0.0,39
PZHNGGRHGCCBDL-UHFFFAOYSA-N,CHEMBL5909155,CN1CCC(C(=O)Nc2cc(-c3cccs3)ccc2N)CC1,5.515700160653214,1,0.0,22
PZIIJSJPBSABPW-UHFFFAOYSA-N,CHEMBL4863879,O=C(NO)c1ccc(NCc2nc(-c3sccc3Br)nn2-c2ccccc2)cc1,5.681102285372513,1,0.0,29
PZPZSJUSIRGINC-UHFFFAOYSA-N,CHEMBL5948434,Nc1ccc(-c2ccc(F)cc2)cc1NC(=O)N1CCCC1,7.301029995663981,1,0.0,22
PZTWTGQZMZZEOJ-UHFFFAOYSA-N,CHEMBL2047668,CON=C(Cc1ccc(OC)c(Br)c1)C(=O)NCCSSCCNC(=O)C(Cc1ccc(OC)c(Br)c1)=NOC,6.657577319177793,1,0.0,40
PZUVXTINZATZEB-UHFFFAOYSA-N,CHEMBL5178565,COc1ccc(CNC(=O)c2cc(F)ccc2N2CCOCC2)cc1OCC(=O)NO,5.052811434473906,1,0.0,31
PZZNYQXMSCXZEE-UHFFFAOYSA-N,CHEMBL4086093,O=C(CCCCCCC(=O)Nc1ccccc1CN1CCC(O)C1)NO,6.3819519032879075,1,0.0,26
PZZQUIPGBCNVDD-UHFFFAOYSA-N,CHEMBL5884342,Fc1cc(COc2cnc3[nH]ccc3c2)ccc1-c1noc(C(F)(F)F)n1,5.376750709602099,1,0.0,27
QAAVMDJOBPIAGN-UHFFFAOYSA-N,CHEMBL3648267,O=C(C=Cc1ccc2c(c1)nc(CCc1ccccc1)n2CCc1cccnc1)NO,7.036212172654444,3,0.0,31
QACAZOXLXGVJMQ-UHFFFAOYSA-N,CHEMBL5831128,CC(=O)Nc1ccc(C(=O)Nc2ccc(Cl)cc2N)cc1,5.341035157335565,1,0.0,21
QACGNCHRUGGRDV-UHFFFAOYSA-N,CHEMBL3593304,Nc1ccccc1NC(=O)c1ccc(CCNC(=O)C=Cc2cnc3cccnn23)cc1,6.8124792791635365,1,0.0,32
QAGAFOZDNIQYCO-UHFFFAOYSA-N,CHEMBL4637098,CCC(=O)CCCCCC(Oc1ccc2ccccc2c1)c1ncc(Cc2ccccc2)[nH]1,5.356547323513812,1,0.0,33
QAGVTWHQXWRSFS-UHFFFAOYSA-N,CHEMBL4209005,Cn1cc(-c2ccc(=O)n(CCOc3ccnc4cc(OCCCCCC(=O)Nc5ccccc5N)ccc34)n2)cn1,6.655607726314889,1,0.0,42
QAJDWPQGDOKRRH-UHFFFAOYSA-N,CHEMBL4863909,Nc1nc2cc(-c3nn(CCCCC(=O)NO)c4ncnc(N)c34)ccc2o1,7.080921907623926,1,0.0,28
QANFVEVZXYUNSY-UHFFFAOYSA-N,CHEMBL4102833,O=C(CCCC(CCC(=O)Nc1ccccc1)Cc1ccccc1)NO,5.537602002101044,1,0.0,26
QANLZMZKZIPVPD-UHFFFAOYSA-N,CHEMBL5557773,Cc1ncsc1-c1ccc(CNC(=O)C2CC(O)CN2C(=O)C(NC(=O)CCCCCCCCOCC(=O)Nc2ccc(C(=O)Nc3ccccc3N)cc2)C(C)(C)C)cc1,6.657577319177793,1,0.0,61
QAQXTNHOYJTPGB-UHFFFAOYSA-N,CHEMBL1630110,O=C(C=Cc1ccc(-c2ccc3ncnc(Nc4ccc(OCc5cccc(F)c5)c(Cl)c4)c3c2)cc1)NO,6.187086643357144,1,0.0,39
QAQYDEZWNNDIDK-UHFFFAOYSA-N,CHEMBL496108,CN1C(=O)CN=C(c2ccccc2)c2cc(C#CCCCC(=O)NO)ccc21,5.667561540084394,1,0.0,28
QASVOZNRTMBUBO-UHFFFAOYSA-N,CHEMBL5194907,CCCNNC(=O)c1ccc(-c2ccc(CNC(C)=O)cc2)cc1,5.795880017344075,1,0.0,24
QATCENZWWPFVSN-UHFFFAOYSA-N,CHEMBL5826185,Nc1ccc(-c2cccs2)cc1NC(=O)OCC1CCNCC1,6.255707016877324,1,0.0,23
QAXZYFCMHHCIBX-UHFFFAOYSA-N,CHEMBL5187023,O=C(CCCCc1nnc(-c2cc3c([nH]c4ccccc43)c(-c3ccc(C(F)(F)F)cc3)n2)o1)NO,8.657577319177793,1,0.0,36
QBADAEPPWBHATR-UHFFFAOYSA-N,CHEMBL3664111,O=C(Nc1cc(-c2ccccc2)ccc1O)c1ccc(CNCCNc2ccccc2)cc1,6.585026652029182,1,0.0,33
QBDDQMSJFDUJPX-UHFFFAOYSA-N,CHEMBL5756061,CC(C)(C)OC(=O)N1CC(=O)N(c2ccc(-c3noc(C(F)(F)F)n3)cc2)C(c2ccccc2)C1,5.769551078621726,1,0.0,35
QBEUTNOGJIPQFR-UHFFFAOYSA-N,CHEMBL2047695,COc1cc(CC(=NO)C(=O)NCCS)cc(I)c1OC,9.0,1,0.0,21
QBFBUPPMGQDWQW-UHFFFAOYSA-N,CHEMBL5191436,CCNNC(=O)c1ccc(CN2c3ccccc3Sc3cccnc32)cc1,5.399027104313252,1,0.0,27
QBJVRSBTDLZUQK-UHFFFAOYSA-N,CHEMBL4633750,COc1ccc(C2(C(=O)Nc3ccc(C(=O)NO)cc3)CCCCC2)cc1OC,7.537602002101044,1,0.0,29
QBKLIARRJUTMTQ-UHFFFAOYSA-N,CHEMBL4872188,COc1cc2c(NCc3ccc(C(=O)NO)cc3)cc(-c3ccc(C)o3)nc2cc1OCCCN1CCCC1,8.045757490560675,1,0.0,39
QBLCTUDIQMFGIS-UHFFFAOYSA-N,CHEMBL6133279,Cc1cc(NC(=O)Nc2ccc(Oc3ccnc(-c4cnn(CCCCCCC(=O)NO)c4)c3)cc2)no1,8.3767507096021,1,0.0,38
QBNHWYMXPFCZTH-UHFFFAOYSA-N,CHEMBL6172451,CN1CCC2(CC1)C(=O)N(Cc1ccc(C(=O)NO)cc1F)CN2c1ccccc1,5.674074044228534,1,0.0,30
QBUISKDCOZPQPI-UHFFFAOYSA-N,CHEMBL4097225,Nc1ccccc1NC(=O)c1ccc(CNC(=O)c2cnc3cn[nH]c3c2)cc1,6.619788758288394,1,0.0,29
QBVCDTAHPQAPDK-UHFFFAOYSA-N,CHEMBL3664031,Nc1ccccc1NC(=O)c1cc2ccc(N3CCNCC3)cc2cn1,6.52432881167557,1,0.0,26
QBZHGWVJIIGZNU-UHFFFAOYSA-N,CHEMBL409493,Nc1ccccc1NC(=O)c1ccc(C2CCN(Cc3ccc(C(=O)NC4CC4)cc3)CC2)cc1,7.2400301424456925,1,0.0,35
QBZPQGOBWSRFBA-UHFFFAOYSA-N,CHEMBL6147765,O=C(CCCCCCC(=O)N1CCc2c(n(CC3CCCCC3)c3ccccc23)C1)NO,8.602059991327963,1,0.0,32
QCFSACJNUVQLRL-UHFFFAOYSA-N,CHEMBL3689831,CCCCc1nc2cc(C=CC(=O)NO)ccn2c1CN(CCC)CCC,6.698970004336019,1,0.0,27
QCIILIUXBDRWQV-UHFFFAOYSA-N,CHEMBL4525665,Nc1cc(F)ccc1NC(=O)CCCCCCNC(=O)C=C1NC(=O)c2ccccc21,5.795880017344075,1,0.0,31
QCJPJGDJMUSMQL-UHFFFAOYSA-N,CHEMBL1818136,CSCCNC(=O)C(Cc1ccc(O)c(Br)c1)=NO,5.113509274827518,1,0.0,19
QCJWJZWCXOMETA-UHFFFAOYSA-N,CHEMBL3621293,O=C(CCCCCCNC(=O)Cn1cnc2c(Nc3ccccc3)nc(Nc3ccccc3)nc21)NO,7.200659450546418,1,0.0,37
QCPBJKRCLFMXLT-UHFFFAOYSA-N,CHEMBL3759059,COc1ccc(Br)c(C=NNC(=O)CCCCCC(=O)NO)c1,9.221848749616356,1,0.0,23
QCQWCUMFGJQXIM-UHFFFAOYSA-N,CHEMBL2436596,CC(C)C1NC(=O)C2(C)CSC(=N2)c2coc(n2)CNC(=O)CC(C=CCCSSCCC=CC2CC(=O)NCc3nc(co3)C3=NC(C)(CS3)C(=O)NC(C(C)C)C(=O)O2)OC1=O,6.823908740944319,1,0.0,64
QCRAMTOFBDZBRZ-UHFFFAOYSA-N,CHEMBL474446,NS(=O)(=O)NCCCCC(NC(=O)Nc1ccccc1)C(=O)Nc1nc(-c2ccccc2)cs1,5.638272163982407,1,0.0,34
QCRYHEUPFNGKNB-UHFFFAOYSA-N,CHEMBL5907483,Cc1nsc(N(CCCCCCC(=O)NO)c2cc(-c3ccc(F)cc3)ccn2)n1,5.259637310505756,1,0.0,30
QCUDMKUXQZMWTF-UHFFFAOYSA-N,CHEMBL3577693,CN1c2ccc(NCc3ccc(-c4noc(CCCCC(=O)NO)n4)cc3)cc2C(=O)N2CCc3c([nH]c4ccc(O)cc34)C21,6.721246399047171,1,0.0,45
QCVCOCOMJLADHP-UHFFFAOYSA-N,CHEMBL4649487,CCc1nc(N)nc(N)c1-c1ccc(-c2cn(CCCCCC(=O)NO)nn2)cc1,6.585026652029182,1,0.0,30
QDEKZBBQXAWJKX-UHFFFAOYSA-N,CHEMBL4752600,Cn1cc(-c2ccccc2C(F)(F)F)c2cc(C(=O)NCc3ccc(C(=O)Nc4ccccc4N)cc3)[nH]c2c1=O,6.678401569534657,1,0.0,41
QDFVQOVVUKEKOW-UHFFFAOYSA-N,CHEMBL3689890,CCCCN(CC)Cc1c(CC(C)C)nc2cc(C=CC(=O)NO)ccn12,7.3979400086720375,1,0.0,27
QDGAIJLWNSWLIL-UHFFFAOYSA-N,CHEMBL4092530,Nc1ccccc1NC(=O)c1ccc(NC(=S)NCc2cccc(F)c2)cc1,6.769551078621726,1,0.0,28
QDIHCKDMTZABNW-UHFFFAOYSA-N,CHEMBL3664119,O=C(Nc1cc(-c2ccccc2)ccc1O)c1ccc(CNCCc2cccnc2)cc1,5.6020599913279625,1,0.0,32
QDOBHUNTMOPFIO-UHFFFAOYSA-N,CHEMBL3648309,CN(C)CCCCN1c2ccc(C=CC(=O)NO)cc2NC1CCc1ccccc1,6.815308569182401,1,0.0,30
QEADHPNYEASZRQ-UHFFFAOYSA-N,CHEMBL4785376,CCC(=O)CCCCCC(NC(=O)C1CC12CCN(CC)CC2)c1[nH]c(-c2ccc(F)cc2)nc1C(N)=O,9.397940008672037,2,0.0,38
QEBWBZFGKQWPKE-UHFFFAOYSA-N,CHEMBL3689850,CCC(CC)CN(CC)Cc1c(C(C)(C)C)nc2cc(C=CC(=O)NO)ccn12,6.721246399047171,1,0.0,29
QECLOIUZLJFLMY-UHFFFAOYSA-N,CHEMBL6174424,CC(C)C1NC(=O)C2(C)CSC(=N2)c2csc(n2)CNC(=O)CC(C=CCCC(=O)Nc2ccccc2N)OC1=O,6.568636235841012,1,0.0,41
QECNCFYZCWMCJF-UHFFFAOYSA-N,CHEMBL5863398,NNC(=O)Nc1cc(-c2cccs2)ccc1N,7.301029995663981,1,0.0,17
QEIVEKWJCSKAMJ-UHFFFAOYSA-N,CHEMBL5841100,CCC(=O)N1CCN(S(=O)(=O)N(Cc2ccc(-c3nnc(C(F)(F)F)o3)cc2F)c2ccccc2)CC1,6.876148359032914,1,0.0,37
QELGYXJGYBLQLW-UHFFFAOYSA-N,CHEMBL5944854,COC(=O)N(Cc1ccc(-c2noc(C(F)(F)F)n2)cc1)c1cccc(C(F)(F)F)c1,5.481486060122112,1,0.0,31
QENNQMRQBJHCDY-UHFFFAOYSA-N,CHEMBL5285266,CCC(=O)CCCCCC(NC(=O)Cc1c(C)[nH]c2ccc(OC)cc12)c1ncc(-c2ccc3ccccc3c2)o1,7.707743928643524,1,0.0,41
QEORVQAJDKFCHH-UHFFFAOYSA-N,CHEMBL3698524,O=C(Cc1ccc(CCCCc2ccc3c(c2)OCO3)cc1)NO,6.698970004336019,1,0.0,24
QEQWSYQESDBZGK-UHFFFAOYSA-N,CHEMBL5081353,CCCNNC(=O)c1ccc(CNC(=O)c2nc3ccccc3[nH]2)cc1,7.947690900352677,1,0.0,26
QESHSTSDTADUOW-UHFFFAOYSA-N,CHEMBL4580363,O=C(CCCOc1ccccc1N1C(=O)CSC1c1ccc(Br)s1)NO,7.136677139879544,1,0.0,26
QEULZAPKCPGNFD-UHFFFAOYSA-N,CHEMBL5197066,CC(C)(C)NC(=O)CN(Cc1ccc(C(=O)NO)cc1F)C(=O)c1ccccc1Cl,5.459670525209127,1,0.0,30
QEWPAYFJDUFZNG-UHFFFAOYSA-N,CHEMBL6150484,O=C(C=Cc1ccc(CNCC2CN(c3ccc(N4CCOCC4)c(F)c3)C(=O)O2)cc1)NO,5.962573502059376,1,0.0,34
QFABLNFHUNZFGI-UHFFFAOYSA-N,CHEMBL3655994,O=C(NO)c1cnc(NC2(c3cccc(OC(F)(F)F)c3)CC2)nc1,7.7447274948966935,1,0.0,25
QFBXJZMIADUOHG-UHFFFAOYSA-N,CHEMBL4592197,Nc1ccccc1NC(=O)CCCCCNC(=O)C=C1NC(=O)c2ccccc21,6.059483515067432,1,0.0,29
QFGJDTYOGDTBIL-UHFFFAOYSA-N,CHEMBL4862880,C=Cc1c(C)c2cc3nc(c(C(=O)OC)c4[nH]c(cc5nc(cc1[nH]2)C(C)=C5CC)c(C)c4C(=O)OC)C(CCC(=O)NO)C3C,4.102372908709558,1,0.0,46
QFHORASEKSYIIP-UHFFFAOYSA-N,CHEMBL251146,Nc1ccccc1NC(=O)c1ccc(C(C(=O)Nc2ccc(F)cc2)C(=O)Nc2ccc(F)cc2)cc1,7.200659450546418,1,0.0,37
QFKKPGNSPFXZMV-UHFFFAOYSA-N,CHEMBL4240012,O=C(CCCCCCC(=O)Nc1ccc(Nc2nc(-c3cnn(CCCCOc4ccccc4)c3)c3cc[nH]c3n2)cc1)NO,5.76421912967244,1,0.0,45
QFOMWGAGFNLCLG-UHFFFAOYSA-N,CHEMBL6159992,COc1ccc2c3[nH]c(=O)c4ccccc4c3n(CCCCC(=O)NO)c2c1,6.853871964321762,1,0.0,28
QFQWEVFFMQSVCM-UHFFFAOYSA-N,CHEMBL6102569,O=C(CCCCCCCn1c2c(c3ccccc31)CCN(C(=O)c1ccccc1)C2)NO,7.3979400086720375,1,0.0,32
QFRUDNXYCJGWKZ-UHFFFAOYSA-N,CHEMBL3655955,Cc1cc(C(C)(C)Nc2ncc(C(=O)NO)cn2)ccc1F,6.223298816011589,1,0.0,22
QFSDOCQHMXOYPM-UHFFFAOYSA-N,CHEMBL5620189,O=C(CN(Cc1ccc(C(=O)NO)cc1)C(=O)c1cc2ccccc2[nH]1)NCc1ccccc1,8.045757490560675,1,0.0,34
QFUVOWCWLWLPLV-UHFFFAOYSA-N,CHEMBL4455552,CC(C)c1[nH]c2ccccc2c1C1CCCN(Cc2ccc(C=CC(=O)NO)cc2)C1,8.221848749616356,1,0.0,31
QFWBPAULPSOGQI-UHFFFAOYSA-N,CHEMBL4781216,Cc1ccccc1C(=O)N(Cc1ccc(C(=O)NO)cc1)Cc1nnnn1C1CCCCC1,5.518557371497695,1,0.0,33
QGIYEQYJTDMZOH-UHFFFAOYSA-N,CHEMBL2047612,COc1ccc(NC(=O)C=Cc2cn(-c3ccccc3)nc2-c2ccc(OC)cc2)cc1,5.761953896871205,1,0.0,32
QGJAXQRDBPWXDD-UHFFFAOYSA-N,CHEMBL565112,Cc1ccc(C(=O)NC(CCCNC(=N)N)C(=O)NCCC(=O)Nc2ccccc2N)cc1,5.036212172654444,1,0.0,33
QGJOQSWDMMVMFK-UHFFFAOYSA-N,CHEMBL5399337,Nc1ccccc1NC(=O)c1ccc(COc2ccc(CNC(=O)C3CCC(=O)N3Cc3ccccc3)cc2)cc1,7.018106086327222,2,0.03621217265444443,41
QGKHHXAOFVBTOH-UHFFFAOYSA-N,CHEMBL5911830,FC(COc1cc(-c2noc(C(F)(F)F)n2)ccn1)CN1CCOCC1,5.292429823902063,1,0.0,26
QGOMDKIQRWVQTK-UHFFFAOYSA-N,CHEMBL5188854,Cc1cc(C)c(CNC(=O)c2cc(-c3ccc(N4CCN(CCCCCCCCCC(=O)NO)CC4)nc3)cc3c2cnn3C(C)C)c(=O)[nH]1,5.220403508742176,1,0.0,50
QGROKNMQSZHVLB-UHFFFAOYSA-N,CHEMBL5073020,COc1ccc(CNc2nc(SCc3ccc(C(=O)Nc4ccc(F)cc4N)cc3)nn3cccc23)cc1OC,5.088309841246138,1,0.0,40
QGRVCAFJSTZTGB-UHFFFAOYSA-N,CHEMBL5218549,CCC(Nc1ncnc2[nH]cnc12)c1nc2cccc(F)c2c(=O)n1Cc1ccc(C(=O)NO)cc1,6.61261017366127,1,0.0,36
QGTOZPWGTMDFQM-UHFFFAOYSA-N,CHEMBL6053174,Cc1ncc(COc2nccc(-c3noc(C(F)(F)F)n3)c2Cl)c(C)n1,5.187086643357144,1,0.0,26
QHABILYKHPOUFD-UHFFFAOYSA-N,CHEMBL4777009,COc1ccc(S(=O)(=O)Nc2ccccc2OCc2ccc(C(=O)Nc3ccccc3N)cc2)cc1,5.2636034977233574,1,0.0,36
QHCRWOYXPXJUJS-UHFFFAOYSA-N,CHEMBL3110015,O=C(NO)C1C(c2ccccc2)C1c1ccc(-c2ncc(F)cn2)cc1,4.6777807052660805,2,0.0,26
QHCZQBPIZLCCPM-UHFFFAOYSA-N,CHEMBL5565366,O=C(CCCCCc1ccc(-c2sc3cc(O)ccc3c2C(=O)c2ccc(OCCN3CCCCC3)cc2)cc1)NO,7.920818753952375,1,0.0,42
QHERGPYYNCCIJX-UHFFFAOYSA-N,CHEMBL493749,Cn1nc(C(CCCCNS(N)(=O)=O)NC(=O)OCc2ccccc2)nc1-c1ccccc1,5.366531544420413,1,0.0,33
QHGRPFQQBLEIQD-UHFFFAOYSA-N,CHEMBL6061762,FC(F)(F)c1nc(-c2cnc(NCc3ccccn3)c(Cl)c2)no1,5.6020599913279625,1,0.0,24
QHHRUDQCXSYOAH-UHFFFAOYSA-N,CHEMBL5801725,CC(C(=O)N(Cc1ccc(-c2noc(C(F)(F)F)n2)cc1)c1cccc(C(F)(F)F)c1)c1ncccn1,5.920818753952375,1,0.0,37
QHHUXNDUTCMUPI-UHFFFAOYSA-N,CHEMBL5557716,CCCNNC(=O)c1ccc(NC(=O)CCCCCCNC(=O)C=Cc2cccnc2)cc1,7.268411234813261,1,0.0,33
QHQNHXOXGVNNQA-UHFFFAOYSA-N,CHEMBL3689781,CCCCCCc1nc2cc(C=CC(=O)NO)ccn2c1NCCC(=O)NCCCC,6.886056647693163,1,0.0,31
QHTPOQUUKBIFDA-UHFFFAOYSA-N,CHEMBL1835419,NC(Cc1ccc(O)cc1)C(=O)N1CC2(CC1C(=O)NCCCCCC(=O)NO)SCCS2,6.346787486224656,1,0.0,33
QHYVUXHAPSTTDP-UHFFFAOYSA-N,CHEMBL3827056,CN(Cc1nc2c(N3CCOCC3)nc(-c3cc(C(F)(F)F)cc(C(F)(F)F)c3)nc2n1C)c1ncc(C(=O)NO)cn1,7.521433504406157,1,0.0,43
QIAFMKQJWAZOHG-UHFFFAOYSA-N,CHEMBL5565952,CCCNNC(=O)c1ccc(Nc2nccc(N(C)c3ccc4c(C)n(C)cc4c3)n2)cc1,9.3767507096021,1,0.0,33
QIGGJMQSVPHSJB-UHFFFAOYSA-N,CHEMBL1630107,O=C(C=Cc1ccc(-c2ccc3ncnc(Nc4ccc(OCc5cccc(F)c5)c(Cl)c4)c3c2)o1)NO,6.214670164989233,1,0.0,38
QIHUEGAGTWCAOJ-UHFFFAOYSA-N,CHEMBL5559747,O=C(CN(C(=O)Cc1ccc(C(=O)NO)cc1)c1ccccc1C(F)(F)F)NC1CCCCC1,6.638272163982407,1,0.0,34
QILRMOLYOFBOTF-UHFFFAOYSA-N,CHEMBL5280477,CN1CCC2(CC1)c1ccccc1N(Cc1ccc(C(=O)NO)cc1)C2c1ccc(F)cc1,5.210419287835574,1,0.0,33
QIRMNOBUBADDTJ-UHFFFAOYSA-N,CHEMBL4790152,CC(C)c1cc(C(=O)N2Cc3ccc(NC(=O)CCCCCCCC(=O)NO)cc3C2)c(O)cc1O,5.968591535748375,1,0.0,36
QISBFEKHFJGYOB-UHFFFAOYSA-N,CHEMBL5194391,COc1ncc(-c2cc(OCCCCCCC(=O)NO)c3nc(N)nc(C)c3c2)cc1F,8.853871964321762,1,0.0,32
QIWPWLPMBPFJIZ-UHFFFAOYSA-N,CHEMBL5985186,O=C1CC(NCc2ccc(-c3noc(C(F)(F)F)n3)cn2)CCN1,5.267606240177031,1,0.0,24
QJGGEUHIPSSJGP-UHFFFAOYSA-N,CHEMBL3415965,Nc1nc2ncc(CNc3ccc(C(=O)NCCCCCCCCC(=O)NO)cc3)nc2c(=O)[nH]1,6.280668713016274,1,0.0,35
QJHZANZKPYWQHQ-UHFFFAOYSA-N,CHEMBL4435503,Cc1cnc(-c2nc(C(=O)NC(C)c3ccc(C(=O)NO)cc3)c(C3CC3)s2)s1,7.701802132890185,1,0.0,29
QJLWKNGLLBHDQP-UHFFFAOYSA-N,CHEMBL245556,O=C(Nc1ccc2cc(C(=O)NO)sc2c1)c1ccccc1,6.691435586438761,1,0.0,22
QJRBRLFSXAZASV-UHFFFAOYSA-N,CHEMBL4162254,N#CCNC(=O)c1ccc(-c2ccnc(Nc3ccc(N4CCC(C(=O)NO)CC4)cc3)n2)cc1,5.568636235841012,1,0.0,35
QJSROQKJUVLPRM-UHFFFAOYSA-N,CHEMBL1089339,Cc1cccc(NC(=O)CCCCC(=O)NO)c1,7.2441251443275085,1,0.0,18
QJUZUPMAKNUHRU-UHFFFAOYSA-N,CHEMBL4216233,O=C(CCCCNCc1ccccc1)NO,4.853871964321762,1,0.0,16
QJXVLXFGOHGSRH-UHFFFAOYSA-N,CHEMBL4214018,Cn1cc(-c2ccc(=O)n(CCOc3ccnc4cc(OCc5ccc(C(=O)Nc6ccccc6N)cc5)ccc34)n2)cn1,6.806875401645538,1,0.0,44
QKAIEKINBUOVEW-UHFFFAOYSA-N,CHEMBL6038167,FC(F)(F)c1nc(-c2ccc(CNC3CCc4[nH]nc(C(F)(F)F)c4C3)cc2)no1,6.3872161432802645,1,0.0,30
QKEIJNZWIGKNBT-UHFFFAOYSA-N,CHEMBL2323285,CCCCCCCC(=O)SCCC=CC1CC(=O)NCc2nc(cs2)-c2nnn(n2)CC(=O)NC(C(C)C)C(=O)O1,5.1295960947209736,1,0.0,41
QKEXFMRKBSPBHQ-UHFFFAOYSA-N,CHEMBL3689856,CCCCN(CC)Cc1c(C)nc2cc(C=CC(=O)NO)ccn12,7.522878745280337,1,0.0,24
QKHLYUBYWUGYQM-UHFFFAOYSA-N,CHEMBL5218525,Cn1c(C2CC(OCc3ccc(C(=O)NO)cc3)CN2c2nc(N)nc(N)c2C#N)nc2cccc(Cl)c2c1=O,7.142667503568731,1,0.0,40
QKHNNJBLQYMGKB-UHFFFAOYSA-N,CHEMBL3675760,O=C(CCCCCCN(c1ccccn1)c1cc(-c2ccccc2)ccn1)NO,6.935542010773082,1,0.0,29
QKHSPOZLSODGTA-UHFFFAOYSA-N,CHEMBL213068,COc1ccc(CNc2ccc(C(=O)Nc3ccccc3N)cc2)cc1,5.698970004336019,1,0.0,26
QKLYKBNYYOYMKY-UHFFFAOYSA-N,CHEMBL6060295,CC1CN(S(=O)(=O)N(Cc2ccc(-c3nnc(C(F)F)o3)cc2)c2cccnc2)CC(C)N1C,7.327902142064282,1,0.0,34
QKLZKZMEYYUYGO-UHFFFAOYSA-N,CHEMBL6141695,CS(=O)(=O)Nc1ccc(-c2ccnc(Nc3ccc(-c4cn(CC(=O)NCCCCC(=O)NO)nn4)cc3)n2)cc1,6.167491087293763,1,0.0,41
QKNOLJBQLJGNKI-UHFFFAOYSA-N,CHEMBL257972,CC1NC(=O)C(C(C)C)NC(=O)C(C)C(CC=CCCC(=O)O)NC(=O)C(Cc2ccc(O)cc2)NC1=O,5.931814138253838,1,0.0,38
QKNVRQTZRVTMDR-UHFFFAOYSA-N,CHEMBL4573172,Nc1cc(F)ccc1NC(=O)c1ccc(CNC(=O)C=C2NC(=O)c3ccc(F)cc32)cc1,6.777283528852417,1,0.0,33
QKOREFCBYAJEKR-UHFFFAOYSA-N,CHEMBL5415687,O=C(c1ccc(C(=O)C(F)(F)C(F)(F)F)s1)N1CCc2ccccc21,5.376750709602099,1,0.0,25
QKSUTOWWQPDMED-UHFFFAOYSA-N,CHEMBL3585974,Nc1ccccc1NC(=O)CCCCCCc1nc(-c2ccc(Cl)cc2)no1,5.806875401645538,1,0.0,28
QKTORDWLHYWRJF-UHFFFAOYSA-N,CHEMBL3675757,O=C(CCCCCCN(c1ccccn1)c1ccccn1)NO,6.339134521996131,1,0.0,23
QKUDOSDKWKWTLE-UHFFFAOYSA-N,CHEMBL4785327,CC(=NNC(=S)NCCCCCC(=O)NO)c1ccc(Br)cc1,7.413750361133959,1,0.0,23
QLCOEJYICBXAED-UHFFFAOYSA-N,CHEMBL3664107,CN(CCc1ccccc1)Cc1ccc(C(=O)Nc2cc(-c3ccccc3)ccc2O)cc1,6.468521082957745,1,0.0,33
QLCZIIXOTCUYJO-UHFFFAOYSA-N,CHEMBL5898733,Cc1noc(C2CCC(=O)N2c2ccc(-c3noc(C(F)(F)F)n3)c(F)c2F)n1,5.698970004336019,1,0.0,29
QLJIGRZNVRDVNW-UHFFFAOYSA-N,CHEMBL3601335,Cc1ccc(Nc2nccc3ccc(NC(=O)CCCCCCC(=O)NO)cc23)c(F)c1,7.450874073241889,1,0.0,32
QLOPWQMEFQZFEZ-UHFFFAOYSA-N,CHEMBL3110001,O=C(NO)C1C(c2ccccc2)C1c1ccc2nccnc2c1,4.657577319177793,1,0.0,23
QLRMAMBVXWCJDE-UHFFFAOYSA-N,CHEMBL4854659,COc1cc2nc(-c3ccc(C)o3)cc(NCC3CCN(c4ccc(C(=O)NO)cn4)CC3)c2cc1OC,6.84163750790475,1,0.0,38
QLRRIESOGZTMDR-UHFFFAOYSA-N,CHEMBL398420,COC(=O)NCc1ccc(C(=O)Nc2cc(-c3ccccc3)ccc2N)cc1,7.884775539310863,2,0.2304489213782741,28
QLZIGDJCZXPNRE-UHFFFAOYSA-N,CHEMBL4464542,COc1ncc(-c2cc(OCCN(c3ncc(C(=O)NO)cn3)C(C)C)c3ncnc(C)c3c2)cc1F,8.698970004336019,1,0.0,37
QMDGRZGTYIOOPD-UHFFFAOYSA-N,CHEMBL4069283,O=C(CCCCCCCn1cc(-c2ncnc3[nH]ccc23)cn1)NO,7.443697499232712,1,0.0,25
QMGDCUHFYVMSBA-UHFFFAOYSA-N,CHEMBL3098690,O=C(CCCCCC(NC(=O)C1CCC(=O)N1)C(=O)Nc1ccccc1)NO,7.366531544420414,3,0.2393730945998893,28
QMIYTBVVEXLKCW-UHFFFAOYSA-N,CHEMBL2401849,CCC(=C(c1ccccc1)c1ccc(OCCN(C)Cc2ccc(NC(=O)CCCCCCC(=O)NO)cc2)cc1)c1ccccc1,5.568636235841012,3,0.0,47
QMKQBWBMFNHWCC-UHFFFAOYSA-N,CHEMBL5188941,CCNNC(=O)c1ccc(Cn2c(=O)n(CCc3ccccc3)c(=O)c3ccccc32)cc1,5.772113295386326,1,0.0,33
QMKQQRSNQKDANL-UHFFFAOYSA-N,CHEMBL4646266,O=C(C=Cc1ccc2cc(Oc3ccc([N+](=O)[O-])cc3)ccc2n1)NO,5.2182446253475305,1,0.0,26
QMKZKPHUXAXYLU-UHFFFAOYSA-N,CHEMBL256711,Nc1ccccc1NC(=O)c1ccc(-c2nccs2)cc1,6.909988975992853,1,0.0,21
QMNQZAGWTHTDTF-UHFFFAOYSA-N,CHEMBL235413,COc1ccc(NCc2ccc(C(=O)Nc3cc(-c4cccs4)ccc3O)cc2)cc1OC,7.3979400086720375,1,0.0,33
QMVLDDIBAIRUIH-UHFFFAOYSA-N,CHEMBL5202576,COc1cc(OC)cc(N(CCNC(C)C)c2ccc3ncc(-c4cnn(CCCCCCCC(=O)NO)c4)nc3c2)c1,8.200659450546418,1,0.0,43
QMWATNHBLZEORZ-UHFFFAOYSA-N,CHEMBL5568360,CN1CCN(CC2CCc3c(c4ccccc4n3Cc3ccc(C(=O)NO)cc3)C2=O)CC1,5.3829996588791005,1,0.0,33
QMWBNAPGTBMABS-UHFFFAOYSA-N,CHEMBL5595178,O=C(NO)c1ccc(CNC(=O)C2Cc3c([nH]c4ccccc34)C(C3CC3)N2Cc2ccccc2)cc1,5.769551078621726,1,0.0,37
QMZKPCZBIVCDNK-UHFFFAOYSA-N,CHEMBL5898587,Cc1ccc(CNc2ncc(-c3noc(C(F)(F)F)n3)cc2Cl)cn1,5.853871964321762,1,0.0,25
QNCUBQATMINDNK-UHFFFAOYSA-N,CHEMBL3622728,CC=C1NC(=O)c2csc(n2)C(C(C)C)NC(=O)CC(C=CCCSC(=O)CCCCCCC)OC(=O)C(C(C)C)NC1=O,6.782516055786093,1,0.0,44
QNCXKDYQAJKKNH-UHFFFAOYSA-N,CHEMBL4524198,COc1ccc(-c2cc(OCCCN(C)c3ncc(C(=O)NO)cn3)c3ncnc(C)c3c2)cn1,8.602059991327963,1,0.0,35
QNDUGSJDIKUKHC-UHFFFAOYSA-N,CHEMBL2408818,CN1C(=O)C(NC(=O)CCCCCCCC(=O)NO)N=C(c2ccccc2)c2ccccc21,6.318758762624412,1,0.0,33
QNGGTGHMURBNHO-UHFFFAOYSA-N,CHEMBL2442789,COc1cc(C2c3cc4c(cc3C(Nc3cccc(NC(=O)CCCCCC(=O)NO)c3)C3COC(=O)C23)OCO4)cc(OC)c1O,6.42021640338319,1,0.0,47
QNGKCBSKIZPABO-UHFFFAOYSA-N,CHEMBL3689838,CCCCN(CCCC)Cc1c(C)nc2cc(C=CC(=O)NO)ccn12,7.096910013008056,1,0.0,26
QNJCPEYHBKCISJ-UHFFFAOYSA-N,CHEMBL3356937,Cc1cccc(CCNC(=O)C(CCCCCS)NC(=O)C2CCCC(=O)N2)c1,7.036212172654444,1,0.0,29
QNKFAFLRGQUIPR-UHFFFAOYSA-N,CHEMBL472252,Cn1cnc(-c2ccc(N)c(NC(=O)c3ccc(N4CCC5(CCNC5)CC4)nc3)c2)c1,7.657577319177793,1,0.0,32
QNLMYRBFOJIBQX-UHFFFAOYSA-N,CHEMBL4515793,CCCN(CCC)NC(=O)C=Cc1ccc(CNCCc2c(C)[nH]c3ccccc23)cc1,6.384260311380845,1,0.0,32
QNNIRKKWAIUNTQ-UHFFFAOYSA-N,CHEMBL6064722,Nc1ccc(-c2cccs2)cc1NC(=O)OCC1COC1,6.255707016877324,1,0.0,21
QNQHJPVWXIDHSZ-UHFFFAOYSA-N,CHEMBL4858289,O=C(NO)c1ccc(CN2C(=O)C(Cc3ccccc3)N(Cc3ccccn3)C2=O)cc1,5.465719994794918,1,0.0,32
QNTUMPLRWDMGID-UHFFFAOYSA-N,CHEMBL4247905,CC(C)c1cc(C(=O)N2CCc3cc(NC(=O)CCCCCCCC(=O)NO)ccc32)c(O)cc1O,5.709965388637482,1,0.0,36
QNVKGFZSFOHBKI-UHFFFAOYSA-N,CHEMBL5858384,Cn1nccc1COc1cc(-c2noc(C(F)(F)F)n2)ccn1,5.552841968657781,1,0.0,23
QNXRAIMDOJFMKD-UHFFFAOYSA-N,CHEMBL3601337,Cc1ccc(Nc2nccc3ccc(NC(=O)CCCCCCC(=O)NO)cc23)c(Br)c1,7.811634073936852,1,0.0,32
QOAILXRFAOINKV-UHFFFAOYSA-N,CHEMBL5788535,FC(F)(F)c1nc(-c2ccnc(OCCc3cccc4cn[nH]c34)c2)no1,5.6020599913279625,1,0.0,27
QOASUWXLPXZDDR-UHFFFAOYSA-N,CHEMBL4777182,COc1cccc(-c2ccc3c(NC(=O)CCCCCCC(=O)NO)n[nH]c3n2)c1,8.619788758288394,1,0.0,30
QOBAMCAMCSCFMK-UHFFFAOYSA-N,CHEMBL5204152,COc1cc2nc(NCCCCCCC(=O)NO)nc(NC3CCN(C(C)C)CC3)c2cc1OC,8.3767507096021,1,0.0,35
QOEJRHVNEAVQSB-UHFFFAOYSA-N,CHEMBL3605499,Nc1ccccc1NC(=O)c1ccc(CNC2=NC(c3ccc(O)cc3)CO2)cc1,6.537602002101044,1,0.0,30
QOFBBEQAYYIXPI-UHFFFAOYSA-N,CHEMBL3415968,Nc1nc2ncc(CNc3ccc(C(=O)NC(CCC(=O)NCCCCCCC(=O)NO)C(=O)O)cc3)nc2c(=O)[nH]1,5.752026733638193,1,0.0,42
QOGFDJDFEHCOPU-UHFFFAOYSA-N,CHEMBL4282456,CC(=O)Nc1ccc(-c2ccnc(Nc3cccc(NC(=O)CCCCCCC(=O)NO)c3)n2)cc1,7.489454989793388,1,0.0,36
QOKAHFFPOVFSKD-UHFFFAOYSA-N,CHEMBL3585970,Cc1ccc(-c2noc(CCCCCCC(=O)Nc3ccccc3N)n2)cc1,6.853871964321762,1,0.0,28
QOKNQGZUAGLUCJ-UHFFFAOYSA-N,CHEMBL4225230,Cc1cc(-c2ccc(F)cc2)n(Cc2ccc(C(=O)NO)cc2)n1,5.694433686484696,1,0.0,24
QOKZTCUJJXJNPS-UHFFFAOYSA-N,CHEMBL2417781,O=C(CCCCCCC(=O)Nc1ccc(-c2ccccc2NC(=O)C2CCCN2)cc1)NO,7.2839966563652006,1,0.0,33
QOLVKRURYSCNMO-UHFFFAOYSA-N,CHEMBL3885174,COC(=O)Cc1c(C)n(Cc2ccc(-c3cn(CCCCCCC(=O)NO)nn3)cc2)c2ccc(OC)cc12,7.050609993355087,1,0.0,39
QOXDPHKBAHJSPC-UHFFFAOYSA-N,CHEMBL3827251,Nc1ccc(-c2ccncc2)cc1NC(=O)C1CCOCC1,5.515700160653214,1,0.0,22
QOXLRWMTGBTFSF-UHFFFAOYSA-N,CHEMBL3356931,O=C1CCCC(C(=O)NC(CCCCCS)C(=O)NC2CCCC2)N1,6.795880017344075,1,0.0,25
QOYGMFSRUKDDBE-UHFFFAOYSA-N,CHEMBL5962733,Nc1ccc(-c2cccs2)cc1NC(=O)c1ccc(NC2CCN(C(=O)N3CCCC3)CC2)cc1,8.327902142064282,1,0.0,35
QPBKWWNMNUELRA-UHFFFAOYSA-N,CHEMBL3421743,Nc1ccccc1NC(=O)c1ccc(CNCc2nc(-c3ccc(F)cc3)no2)cc1,6.958607314841775,1,0.0,31
QPEMRMQDDAVANT-UHFFFAOYSA-N,CHEMBL6017328,CNC(=O)c1ccccc1OCc1ccc(-c2noc(C(F)(F)F)n2)c(F)c1,5.657577319177793,1,0.0,28
QPIJNQANXMLLAL-UHFFFAOYSA-N,CHEMBL3287258,O=C(CCCCNC(=O)c1nc(-c2nccs2)sc1-c1ccc(F)cc1)NO,6.698970004336019,1,0.0,28
QPJJHFXCAQXJRK-UHFFFAOYSA-N,CHEMBL4639206,CCC(=O)CCCCCC(NC(=O)C1CC12CCN(Cc1cccnc1)CC2)c1ncc(-c2cc3ccccc3nc2OC)[nH]1,9.337242168318426,1,0.0,45
QPOXAHHWWQYERQ-UHFFFAOYSA-N,CHEMBL241129,Nc1ccccc1NC(=O)c1ccc(CN2C(=O)c3ccccc3C2=O)cc1,6.698970004336019,1,0.0,28
QPPILBUZQLHSJK-UHFFFAOYSA-N,CHEMBL5422313,COc1ccc(N=Nc2ccc(C(=O)NO)cc2)cc1,5.957176355851572,2,0.8391487075010549,20
QPPPFYWKAIBCMJ-UHFFFAOYSA-N,CHEMBL4171605,CCOc1cc(C(C)(C)C)ccc1C1=NC(c2ccc(Cl)cc2)C(c2ccc(Cl)cc2)N1C(=O)NCCCCCCC(=O)Nc1ccccc1N,5.2168113089247425,1,0.0,51
QPTPYIONUCBQKO-UHFFFAOYSA-N,CHEMBL6164053,COc1cc(-c2ccc3cc(OCCCCCC(=O)NO)ccc3n2)cc(OC)c1OC,7.355069292086412,1,0.0,32
QPUMRJLDXUWBMO-UHFFFAOYSA-N,CHEMBL3675761,Cc1ccc(N(CCCCCCC(=O)NO)c2ccccn2)nc1,6.343901797987169,1,0.0,24
QQCGTHWTWNTKKA-UHFFFAOYSA-N,CHEMBL3648318,COc1ccc(CNCc2nc3cc(C=CC(=O)NO)ccc3n2C)cc1,6.630784142589857,3,0.0,27
QQCTUYKCCDOKGS-UHFFFAOYSA-N,CHEMBL5859935,CN1CC(=O)N(c2ccc(-c3noc(C(F)(F)F)n3)cc2)C(c2ccccc2)C1,6.070581074285707,1,0.0,29
QQGKDRSESGQPHS-UHFFFAOYSA-N,CHEMBL4754763,CCC(=O)CCCCCC(NC(=O)C1CN(C)C1)c1[nH]c(-c2ccc(F)cc2)nc1C#N,7.586700235918748,1,0.0,32
QQJQVZANYFVJOH-UHFFFAOYSA-N,CHEMBL5409565,COc1cc2oc3c(c2cc1F)CCN(C(Cc1ccccc1)C(=O)Nc1ccc(C(=O)NO)cc1)C3,8.267606240177031,1,0.0,37
QQRFMJJLLFBVLU-UHFFFAOYSA-N,CHEMBL4794290,O=C(NO)c1ccc(CNC(=O)c2ccc(-c3csc(N4N=C(c5ccccc5)C(=NNc5nccs5)C4=O)n3)cc2)cc1,7.180456064458131,1,0.0,44
QQSAYNBSBOASON-UHFFFAOYSA-N,CHEMBL5407011,COc1ccc2c3c(oc2c1)CN(Cc1ccc(C(=O)NO)cc1)CC3,6.756961951313706,1,0.0,26
QQUIELKEKZKGMG-UHFFFAOYSA-N,CHEMBL5093179,CCN(CC)CCNC(=O)c1ccc(NC(=O)CCCCCCC(=O)NO)cc1,7.154901959985743,1,0.0,29
QQUOMDUNWILLTB-UHFFFAOYSA-N,CHEMBL4170056,CCOc1cc(C(C)(C)C)ccc1C1=NC(c2ccc(Cl)cc2)C(c2ccc(Cl)cc2)N1C(=O)N1CCC(C(=O)NO)CC1,5.012333735073725,1,0.0,44
QQVATUGPLDQVGU-UHFFFAOYSA-N,CHEMBL4761763,Cc1noc(C)c1-c1ccc2c(c1)c(CCc1ccccc1)cn2CCCCCCC(=O)NO,6.619788758288394,1,0.0,34
QQVVOADCFISQEO-UHFFFAOYSA-N,CHEMBL3335286,O=C(CCCCc1ccc2n1Cc1ccccc1-2)NO,5.75448733218585,1,0.0,20
QQYKARLNLVCETR-UHFFFAOYSA-N,CHEMBL4796562,O=C(CCCCCCn1ccc2c(N3CCOCC3)nc(-c3cccc(O)c3)nc21)NO,8.795880017344075,1,0.0,32
QRGHOAATPOLDPF-UHFFFAOYSA-N,CHEMBL1801250,O=C(NO)c1cnc(N2CC3C(C2)C3NCc2ccc3cc(F)ccc3n2)nc1,8.522878745280337,1,0.0,29
QRJCYDQKIHFVQC-UHFFFAOYSA-N,CHEMBL5564852,CC(COCCC(=O)N1CCN(c2ncc(OCCCCCC(=O)NO)cn2)CC1)Nc1cn[nH]c(=O)c1C(F)(F)F,6.510885630621081,1,0.0,42
QRKNKMQPFMCAIP-UHFFFAOYSA-N,CHEMBL5860094,CC(=O)NCC1CN(C(=O)Nc2cc(-c3cccs3)ccc2N)C1,7.301029995663981,1,0.0,24
QRMCHNOPLYXGOT-UHFFFAOYSA-N,CHEMBL4299467,CCC1OC(=O)C(C)C(OC2CC(C)(OC)C(O)(CN(C)C)C(C)O2)C(C)C(OC2OC(C)CC(N(C)Cc3ccc(-c4cn(CCCCCCC(=O)NO)nn4)cc3)C2O)C(C)(O)CC(C)CN(C)C(C)C(O)C1(C)O,7.0996328713435295,1,0.0,77
QRQWDDMPTYZQIC-UHFFFAOYSA-N,CHEMBL4856212,COc1ccc(-n2nc(-c3ccccc3)nc2CNc2ccc(C(=O)NO)cc2)cc1,6.054137675510383,1,0.0,31
QRSFERRIHNOBEC-UHFFFAOYSA-N,CHEMBL5440638,O=C(CCCCCN1C(=O)CC(c2ccccc2)S(=O)(=O)c2ccccc21)NO,6.938547520912807,1,0.0,29
QRUSZVPTAHHJJO-UHFFFAOYSA-N,CHEMBL5555399,O=C(NO)c1ccc(Cn2cnc3c(Nc4ccc(F)c(Cl)c4)ncnc32)cc1,6.724688645458189,1,0.0,29
QRYILJVNTYJYEU-UHFFFAOYSA-N,CHEMBL5198411,O=C(CCCCCCNC(=O)c1ccc(NC(=O)COCCNC(=O)COc2cccc3c2C(=O)N(C2CCC(=O)NC2=O)C3=O)cc1)NO,6.808269606637143,1,0.0,50
QRYIMDQWSRUOOR-UHFFFAOYSA-N,CHEMBL5567526,CCCCNC(=O)CN(C(=O)Cc1ccc(C(=O)NO)cc1)c1ccccc1,6.346787486224656,1,0.0,28
QSAPXBCUKYHAFP-UHFFFAOYSA-N,CHEMBL4797893,CCC(=O)CCCCCC(NC(=O)C1CC12CCN(C)CC2)c1[nH]c(-c2ccc(C(F)(F)F)cc2)nc1C#N,8.431798275933005,1,0.0,39
QSCNEPJIZHYDFO-UHFFFAOYSA-N,CHEMBL5561590,Nc1ccccc1NC(=O)C=Cc1ccc(-c2ncc(CNc3ccccc3)s2)cc1,6.508638306165727,1,0.0,31
QSHJEWGPAMBTEV-UHFFFAOYSA-N,CHEMBL5920612,Nc1ccc(-c2cccs2)cc1NC(=O)N1CCOCC1,7.301029995663981,1,0.0,21
QSQOFJBBFWLGER-UHFFFAOYSA-N,CHEMBL6168514,N#Cc1ccc2c(c1)c(-c1ccc(N)c(F)c1)cn2-c1ccc(OCCCCCCC(=O)NO)cc1,8.318758762624412,1,0.0,36
QSQSVNQIIWPPPI-UHFFFAOYSA-N,CHEMBL3655919,O=C(NO)c1cnc(NCc2ccc(Cl)cc2)nc1,7.3979400086720375,1,0.0,19
QSRDMFWIKLRMOW-UHFFFAOYSA-N,CHEMBL4527868,S=C1Sc2cccc(Br)c2C2=NCCN12,4.42021640338319,1,0.0,15
QSUBJXJSCCQULC-UHFFFAOYSA-N,CHEMBL4443074,CCCNNC(=O)c1cccc(CNCCc2c(C)[nH]c3ccccc23)c1,5.776244546342759,1,0.0,27
QSXWWYTVHKKCFL-UHFFFAOYSA-N,CHEMBL5863188,CCn1cnc2cc(C=CC(=O)NO)ccc21,5.913640169325252,2,0.0,17
QSYWGDMGBBKVNH-UHFFFAOYSA-N,CHEMBL4858368,Nc1nc2cc(-c3nn(Cc4ccc(C(=O)NO)cc4)c4ncnc(N)c34)ccc2o1,8.301029995663981,1,0.0,31
QSYYRWXQKANXFE-UHFFFAOYSA-N,CHEMBL4746691,O=C(NCC[Se][Se]CCNC(=O)C(Cc1ccc(O)c(Br)c1)=NO)C(Cc1ccc(O)c(Br)c1)=NO,6.769551078621726,1,0.0,36
QTCSXAUJBQZZSN-UHFFFAOYSA-N,CHEMBL4751615,CC(C)(CNC(=O)c1cccc(-c2noc(C(F)(F)F)n2)c1)c1coc(-c2ccccc2)n1,4.346787486224656,1,0.0,33
QTEGSROUXYZYDG-UHFFFAOYSA-N,CHEMBL5598168,CCCCNNC(=O)c1ccc(Cn2cc(Nc3cc(-c4cccc(NCC5(C#N)CCOCC5)n4)c(Cl)cn3)cn2)cc1,6.253599355508439,1,0.0,44
QTFSRHBXPUCDKN-UHFFFAOYSA-N,CHEMBL3655988,O=C(NO)c1cnc(NC2c3ccccc3-c3ccccc32)nc1,6.040481623027002,1,0.0,24
QTFSTBMIPPVQGH-UHFFFAOYSA-N,CHEMBL4476049,CN(C)c1ccc(C(=O)N(CCC(=O)NCc2ccccc2)Cc2ccc(C(=O)NO)cc2)cc1,7.8326826652518236,1,0.0,35
QTGKKPFIZBGFGS-UHFFFAOYSA-N,CHEMBL472251,Nc1ccc(-c2cc[nH]n2)cc1NC(=O)c1ccc(N2CCC3(CCNC3)CC2)nc1,7.7447274948966935,1,0.0,31
QTGNRLSYSXVWSS-UHFFFAOYSA-N,CHEMBL3664134,Nc1ccc(-c2cccs2)cc1NC(=O)c1ccc(CN2C(=O)OCC2Cc2ccccc2)cc1,7.075720713938118,1,0.0,35
QTGOHAXPKMWFGL-UHFFFAOYSA-N,CHEMBL5869187,CN(c1ncc(C(=O)Nc2cc(-c3ccccc3)ccc2N)cn1)C1CCN(C(=O)Cc2c[nH]c3ccccc23)CC1,7.318758762624412,1,0.0,42
QTIHZRQNFPNCHT-UHFFFAOYSA-N,CHEMBL5556008,CCCNNC(=O)c1ccc(Nc2nccc(N(C)c3ccc4c(C)n(C)nc4c3)n2)cc1,6.376750709602099,2,0.0,33
QTJRTUWSBZMZMT-UHFFFAOYSA-N,CHEMBL3759322,O=C(NCCCCCCS)c1cc(-c2c[nH]c3ccccc23)n[nH]1,6.823908740944319,1,0.0,24
QTKZIXCRPIHNTI-UHFFFAOYSA-N,CHEMBL5618858,O=C(CCCCCCC(=O)N1CCC(C(=O)Nc2ccc(C3C4CSCN4C4(C(=O)Nc5cc(Cl)ccc54)C3C(=O)c3ccccc3)cc2)CC1)NO,7.236572006437063,1,0.0,53
QTPYAODLDLIYCI-UHFFFAOYSA-N,CHEMBL5218518,CCN1CCN(c2cc(Nc3ncc(C(=O)Nc4ccc(F)cc4N)s3)nc(C)n2)CC1,6.09151498112135,1,0.0,32
QTTOOGKEYKXSNK-UHFFFAOYSA-N,CHEMBL5177842,CCC(C)n1cc(C)c2c(C(=O)NCc3c(C)cc(C)[nH]c3=O)cc(-c3ccc(N4CCN(c5ncc(C(=O)NO)cn5)CC4)nc3)cc21,5.818156412055227,1,0.0,49
QTUPYHUZPOAUCM-UHFFFAOYSA-N,CHEMBL6152630,O=C(NO)c1cnc(N2CCC(CNCc3nnnn3C3CCCCC3)CC2)nc1,7.2441251443275085,1,0.0,30
QTVQDIBSOXHIPS-UHFFFAOYSA-N,CHEMBL5559467,O=C(CCCCCCN1C(=O)CC(=Cc2cccs2)C1=O)NO,7.600326278518962,1,0.0,23
QTWOCPYZWGOXQH-UHFFFAOYSA-N,CHEMBL6046617,Fc1cc(COc2ccc(Cl)nc2)ccc1-c1noc(C(F)(F)F)n1,4.346787486224656,1,0.0,25
QTZAWOHWWBCUIO-UHFFFAOYSA-N,CHEMBL4562808,COc1cc(OC)cc(C(=O)N(CCC(=O)NCc2ccccc2)Cc2ccc(C(=O)NO)cc2)c1,6.831207979685818,1,0.0,36
QTZFGINQJZVBCI-UHFFFAOYSA-N,CHEMBL5393893,Nc1nn(-c2ccc(Br)cc2)nc1C(=O)NCc1ccc(C(=O)NO)cc1,8.657577319177793,1,0.0,27
QUBMXRRMOBLEGI-UHFFFAOYSA-N,CHEMBL5809219,Nc1ccc(-c2cccs2)cc1NC(=O)C1CCCCO1,7.301029995663981,1,0.0,21
QUHGIWQRVMFMSR-UHFFFAOYSA-N,CHEMBL5194453,Nc1ccccc1NC(=O)c1ccc(CN2CCCC(=Cc3cccnc3)C2=O)cc1,6.658961368322477,1,0.0,31
QUKRZEBFEQTYJK-UHFFFAOYSA-N,CHEMBL6169315,O=C(C=Cc1ccc(S(=O)(=O)NC2CC2c2ccccc2)cc1)NO,9.935542010773082,1,0.0,25
QUONJWHHYGIQCS-UHFFFAOYSA-N,CHEMBL3310511,CC(C)C1NC(=O)C2Cc3ccccc3CN2C(=O)C2CCCCCSSCCCCCC(NC1=O)C(=O)N2,7.568636235841012,1,0.0,39
QUOUBSKMLIAEFX-UHFFFAOYSA-N,CHEMBL6147271,CC(=O)N(CC1CCN(c2ncc(C(=O)NO)cn2)CC1)C1(C(=O)NCCc2c[nH]c3ccccc23)CCNC1,6.958607314841775,1,0.0,40
QURCFBSXDFHEQT-UHFFFAOYSA-N,CHEMBL6043067,Cc1ncc(OCc2ccc(-c3noc(C(F)(F)F)n3)c(F)c2)cn1,5.3979400086720375,1,0.0,25
QUZUWQSKIBQGSL-UHFFFAOYSA-N,CHEMBL5206603,O=C(NO)c1ccc(CNC(=O)N2CCC(N3C(=O)CC3c3cccc(Cl)c3)CC2)cc1,4.82102305270683,1,0.0,32
QVFFSKXKUJVVFF-UHFFFAOYSA-N,CHEMBL491490,O=C(C=Cc1ccc2c(c1)nc(CCc1ccccc1)n2CCCN1CCOCC1)NO,6.609064892896621,3,0.0,32
QVHKENDYYOPWET-UHFFFAOYSA-N,CHEMBL3356933,O=C1CCCC(C(=O)NC(CCCCCS)C(=O)NCc2ccc(C(F)(F)F)cc2)N1,6.413412695328245,1,0.0,31
QVNOMDVPZFALHN-UHFFFAOYSA-N,CHEMBL4299445,CCC1OC(=O)C(C)C(OC2CC(C)(OC)C(O)C(C)O2)C(C)C(OC2OC(C)CC(N(C)Cc3ccc(-c4cn(CCCCC(=O)NO)nn4)cc3)C2O)C(C)(O)CC(C)CN(C)C(C)C(O)C1(C)O,5.782516055786093,1,0.0,71
QVOLRHFIVLLKJX-UHFFFAOYSA-N,CHEMBL5633538,COc1ccc(CN2C(C(=O)NCc3ccc(C(=O)NO)cc3)Cc3c([nH]c4ccccc34)C2C)cc1,6.903089986991944,1,0.0,37
QWCIDQYVYURRSR-UHFFFAOYSA-N,CHEMBL4635130,COc1nc2ccccc2cc1-c1cnc(C(N)CCCCCC(=O)c2ncc[nH]2)[nH]1,5.795880017344075,1,0.0,31
QWCISVWXSDZQTF-UHFFFAOYSA-N,CHEMBL4061360,Nc1ccccc1NC(=O)c1ccc(CNC(=O)c2cc3cnccc3[nH]2)cc1,7.075720713938118,1,0.0,29
QWIISSFUUDDVFV-UHFFFAOYSA-N,CHEMBL6007126,Cc1cccc(NC(=O)Nc2ccc(-c3nn(CCCN(C)CCCC(=O)NO)c4ncnc(N)c34)cc2)c1,7.860120913598763,1,0.0,39
QWQYKXGWANPMRS-UHFFFAOYSA-N,CHEMBL3664090,Cc1nc(-c2ccccc2)sc1CNCc1ccc(C(=O)Nc2cc(-c3ccccc3)ccc2O)cc1,6.161150909262744,1,0.0,37
QWRHSAULEQECGC-UHFFFAOYSA-N,CHEMBL5865589,FC(F)(F)c1nc(-c2ccc(CNc3ccc4ccncc4c3)nc2)no1,7.167491087293763,1,0.0,27
QWYLMBJILJFWTP-UHFFFAOYSA-N,CHEMBL3648269,CC(C)Cc1nc2cc(C=CC(=O)NO)ccc2n1Cc1ccccc1,5.835647144215563,3,0.0,26
QWZJNXJVYUHWSD-UHFFFAOYSA-N,CHEMBL5815633,Cc1nonc1CC(=O)N(Cc1ccc(-c2noc(C(F)(F)F)n2)cn1)c1cccc(F)c1,6.318758762624412,1,0.0,33
QXCVRGPGGNCEIU-UHFFFAOYSA-N,CHEMBL3655984,O=C(NO)c1cnc(NCc2ccc(-c3ccccc3)cc2)nc1,7.221848749616356,1,0.0,24
QXGDTBMYGOOZOG-UHFFFAOYSA-N,CHEMBL4873778,CCCc1ccc2c(c1)CCC(=O)N2Cc1ccc(C(=O)NO)cc1,6.514278573518419,1,0.0,25
QXIIXGYKPYLMDY-UHFFFAOYSA-N,CHEMBL5283088,CN(C)c1cccc2c(S(=O)(=O)NC(C(=O)Nc3ccc(C(=O)NO)cc3)c3ccccc3)cccc12,7.607303046740334,1,0.0,37
QXKKHHVEYVFRGJ-UHFFFAOYSA-N,CHEMBL5613949,CCCNNC(=O)C=Cc1ccc(CN(CCc2c(C)[nH]c3ccccc23)Cc2cc(Cl)ccc2O)cc1,5.9222688203476075,1,0.0,38
QXMVYSCRIRLZNR-UHFFFAOYSA-N,CHEMBL4781191,CCC(=O)CCCCCC(NC(=O)C1CN(C)C1)c1[nH]c(-c2ccc(F)cc2)nc1C(N)=O,8.455931955649724,1,0.0,33
QXRLGMWYTMNWST-UHFFFAOYSA-N,CHEMBL5397433,COc1cc(F)c(N=Nc2c(F)cc(C(=O)Nc3ccccc3N)cc2F)c(F)c1,5.384775539310863,2,0.7695510786217259,30
QXSPAIMRIBLJSS-UHFFFAOYSA-N,CHEMBL5569630,COc1ncc(-c2cc(OCCc3ccc(C(=O)Nc4ccccc4N)cc3)c3ncnc(C)c3c2)cc1F,6.818156412055227,1,0.0,39
QXWLVFNVNDEOHZ-UHFFFAOYSA-N,CHEMBL5847851,Nc1ccc(-c2cccs2)cc1NC(=O)OCC1CCCOC1,6.255707016877324,1,0.0,23
QXYMMOVSPDCPIX-UHFFFAOYSA-N,CHEMBL491688,COc1cc(Cn2c(CCc3ccccc3)nc3cc(C=CC(=O)NO)ccc32)cc(OC)c1OC,7.585026652029182,3,0.0,36
QXYZANPMQXKHKD-UHFFFAOYSA-N,CHEMBL5753166,O=C(NO)c1ccc2sc(-c3cccnc3)cc2c1,5.013228265733755,1,0.0,19
QXZSEWQISCJIAB-UHFFFAOYSA-N,CHEMBL5888700,CC(C)(C)OC(=O)C1COCC(=O)N1c1ccc(-c2noc(C(F)(F)F)n2)c(F)c1,6.043676446890841,2,0.03360860098108098,30
QXZZDGKAEIAULG-UHFFFAOYSA-N,CHEMBL5406671,COc1ccc(-c2cncc(C(=O)NCc3ccc(C(=O)NO)cc3)c2)cc1,8.429457060118102,1,0.0,28
QYAUSNMYLJZYSM-UHFFFAOYSA-N,CHEMBL5266902,COc1ccc(NC(=O)CCCCCCNC(=O)C(O)(O)C(F)(F)F)cc1,4.0,1,0.0,27
QYGMMAXPTRPJTK-UHFFFAOYSA-N,CHEMBL5090940,CC(C)(F)CN1CCc2cc(O)ccc2C1c1ccc(OCCCCCCC(=O)NO)cc1,6.234778633695019,1,0.0,33
QYJANBGLOGFJLV-UHFFFAOYSA-N,CHEMBL1091487,COc1ccc(NC(=O)CCCCC(=O)NO)cc1,7.1487416512809245,1,0.0,19
QYNCCBBQZDWNDI-UHFFFAOYSA-N,CHEMBL491687,O=C(C=Cc1ccc2c(c1)nc(CCc1ccccc1)n2Cc1ccccc1)NO,6.347753658996677,3,0.0,30
QYNJVRUBTKSLBX-UHFFFAOYSA-N,CHEMBL4794998,C=CC(=O)Nc1cc2c(Nc3cccc(Cl)c3F)ncnc2cc1OCc1cn(CCCC(=O)NO)nn1,7.468521082957745,1,0.0,38
QYSQJDJJPWAQEH-UHFFFAOYSA-N,CHEMBL3664058,Nc1ccc(-c2ccccc2)cc1NC(=O)c1ccc(CNC(=O)C2CCC2)cc1,7.638272163982407,1,0.0,30
QYSTWDXXJHBMGG-UHFFFAOYSA-N,CHEMBL3664125,O=C(Nc1cc(-c2ccccc2)ccc1O)c1ccc(CNCCn2cccn2)cc1,7.481486060122112,1,0.0,31
QYUJOFDYFDOOEV-UHFFFAOYSA-N,CHEMBL5646735,CC(NCc1ccccc1)c1nc2cc(C(=O)NO)ccc2n1C,6.075204004202088,1,0.0,24
QZBVZNKZPACUDP-UHFFFAOYSA-N,CHEMBL4862510,NC(=O)c1ccc2c(c1)N(Cc1ccc(C(=O)NO)cc1)c1ccccc1S2,6.698970004336019,1,0.0,28
QZDMBRPWYIXSBH-UHFFFAOYSA-N,CHEMBL5802697,NC(=O)c1ccccc1NCc1ccc(-c2noc(C(F)(F)F)n2)cc1,5.259637310505756,1,0.0,26
QZHPNAKQERGIOM-UHFFFAOYSA-N,CHEMBL4749433,Cn1cc(-c2ccccc2F)c2cc(C(=O)NCc3ccc(C(=O)Nc4ccccc4N)cc3)[nH]c2c1=O,7.681936665037238,1,0.0,38
QZRIMERBYFIJBL-UHFFFAOYSA-N,CHEMBL4461015,O=C(CCCCCCCOc1ccccc1N1C(=O)CSC1c1cccc(Br)c1)NO,7.537602002101044,1,0.0,31
QZTFVJIMSKRWIC-UHFFFAOYSA-N,CHEMBL3655914,Cc1cc(Nc2ncc(C(=O)NO)cn2)ccn1,6.686132779630847,1,0.0,18
QZUOMSDDYTXEPH-UHFFFAOYSA-N,CHEMBL2312463,Cc1nc2ccccn2c1-c1ccnc(NCc2ccc(C(=O)Nc3ccc(F)cc3N)cc2)n1,6.8696662315049934,1,0.0,35
QZWGCUOYMDOLSY-UHFFFAOYSA-N,CHEMBL5596479,O=C(CCCCCCn1cc(Nc2cc(-c3cccc(NCC4CCOCC4)n3)c(Cl)cn2)cn1)NO,6.261060968796521,1,0.0,37
QZXWNGRYPWSPIT-UHFFFAOYSA-N,CHEMBL6134299,CN(C)c1ccc(C(=O)N(CC(=O)NCc2ccccc2)CC2CCN(c3ncc(C(=O)NO)cn3)CC2)cc1,7.795880017344075,1,0.0,40
QZYCWYJTPKJHJD-UHFFFAOYSA-N,CHEMBL5087823,O=C(NO)c1ccc(C=Cc2cccc(-c3cc(F)ccc3O)c2)cc1,5.673664139071249,1,0.0,26
QZYGGSWWGQVIME-UHFFFAOYSA-N,CHEMBL3233696,O=C(C=Cc1ccc(OCC(Cc2c[nH]c3ccccc23)NC(=O)Cc2ccccc2)cc1)NO,7.87942606879415,1,0.0,35
RADDPPXLTJFYNZ-UHFFFAOYSA-N,CHEMBL5571753,COc1ncc(-c2cc(OCc3ccc(C(=O)Nc4ccccc4N)cc3)c3ncnc(C)c3c2)cc1NS(=O)(=O)c1ccc(F)cc1F,7.070581074285707,1,0.0,49
RAJDPDRTHFGZDV-UHFFFAOYSA-N,CHEMBL3593306,Nc1ccccc1NC(=O)c1ccc(CCNC(=O)C=Cc2cnc3ccccn23)cc1,6.66354026615147,1,0.0,32
RAJXTGVDLBIWMD-UHFFFAOYSA-N,CHEMBL255805,Nc1ccc(-c2ccccc2)cc1NC(=O)c1cccnc1,7.318758762624412,1,0.0,22
RALPPESOHBXWNC-UHFFFAOYSA-N,CHEMBL3605417,Nc1ccccc1NC(=O)c1ccc(CSC2=NC(c3ccccc3)CO2)cc1,5.920818753952375,1,0.0,29
RAMGUXIHYDQDFX-UHFFFAOYSA-N,CHEMBL5409269,COc1ccc(-n2nc(N)c(C(=O)NCc3ccc(C(=O)NO)cc3)n2)cc1,8.568636235841012,1,0.0,28
RASYOKNLFDNVTL-UHFFFAOYSA-N,CHEMBL4084222,CN1CCc2c(c3ccccc3n2Cc2ccc(C=CC(=O)NO)cc2)C1,5.795880017344075,1,0.0,27
RBELYUYLMZWVHU-UHFFFAOYSA-N,CHEMBL5942190,CC(C)(C)OC(=O)N(Cc1ccc(-c2noc(C(F)(F)F)n2)cn1)c1cccc(F)c1,5.886056647693163,1,0.0,31
RBESUUPNLTTXDN-UHFFFAOYSA-N,CHEMBL4082059,CC(C)(C)c1cccc(Nc2ncnc3cc(NC(=O)CCCCCCC(=O)NO)sc23)c1,6.911899365357341,1,0.0,33
RBHBHBHVVOZJLM-UHFFFAOYSA-N,CHEMBL4634443,O=C(NO)c1ccc(COc2ccc(CNC(=O)C3CCC(=O)N3Cc3ccccc3)cc2)cc1,5.703115524461452,1,0.0,35
RBRJZIMEHHQSQY-UHFFFAOYSA-N,CHEMBL5438694,O=C(CCCCCCNC(=O)c1ncc(-c2ccc(F)cc2)s1)NO,7.185286387304023,1,0.0,25
RBRVAPYZVJKIJI-UHFFFAOYSA-N,CHEMBL400920,Nc1ccccc1NC(=O)c1ccc(C(C(=O)Nc2cccc(N3CCOCC3)c2)C(=O)Nc2cccc(N3CCOCC3)c2)cc1,7.346787486224656,1,0.0,47
RBSHAWCOAAORSM-UHFFFAOYSA-N,CHEMBL3890261,Cc1cc(NC(=O)NCc2ccc(C(=O)NO)cc2)no1,6.0,3,0.0,21
RBVBJTJVVRISMW-UHFFFAOYSA-N,CHEMBL5413316,Cc1ccc(-c2cncc(C(=O)NCc3ccc(C(=O)NO)cc3)c2)c(C)c1,8.143875555757699,1,0.0,28
RBVNSTORMBQZHN-UHFFFAOYSA-N,CHEMBL5189051,Nc1nc(-c2ccco2)c2cnn(Cc3cccc(OCCCCCC(=O)NO)c3)c2n1,7.0655015487564325,1,0.0,32
RBVOLVRZLYKTAA-UHFFFAOYSA-N,CHEMBL5564939,Nc1ccccc1NC(=O)c1ccc(-c2ncc(CNc3ccccc3)s2)cc1,6.292429823902063,1,0.0,29
RBVSKBDEAXWXGR-UHFFFAOYSA-N,CHEMBL4170617,CC(C)CCN(CCCCCCC(=O)NO)c1ncc(C(=O)NCCCn2ccnc2)s1,8.698970004336019,1,0.0,32
RBYNLDMNBXNZMS-UHFFFAOYSA-N,CHEMBL4849606,CC(C)S(=O)(=O)c1ccccc1Nc1nc(Nc2ccc(C(=O)NCCCCCCC(=O)NO)cc2)ncc1Cl,7.920818753952375,1,0.0,40
RCASSTFEWXEOHP-UHFFFAOYSA-N,CHEMBL5597651,COc1cc(F)ccc1-c1cc(Nc2cnn(CCCCCCC(=O)NO)c2)ncc1F,5.925549281045409,1,0.0,32
RCDIZKAYZBEALO-UHFFFAOYSA-N,CHEMBL491316,O=C(C=Cc1ccc2c(c1)nc(CCc1ccccc1)n2CCN1CCCC1)NO,7.2839966563652006,3,0.0,30
RCHSCTGFXSOIJV-UHFFFAOYSA-N,CHEMBL100035,CC(=Cc1ccc(NS(=O)(=O)c2ccccc2)cc1)C(=O)NO,5.698970004336019,2,0.0,23
RCMJXOWHNPWZBG-UHFFFAOYSA-N,CHEMBL4862563,O=C(NO)c1cc(F)c(Cn2nnnc2-c2cccs2)c(F)c1,5.1491700401514695,1,0.0,23
RCQDHDRLCNSWAD-UHFFFAOYSA-N,CHEMBL2047703,CN(C)c1ccc(CC(=NO)C(=O)NCCS)cc1,9.0,1,0.0,19
RCTFWBRKYUQTHJ-UHFFFAOYSA-N,CHEMBL3921933,Nc1ccc(F)cc1NC(=O)CCCCCNC(=O)c1ccc(F)cc1,5.2441251443275085,1,0.0,26
RCUQAWPRGPXNIW-UHFFFAOYSA-N,CHEMBL6145722,CS(=O)(=O)Nc1ccc(-c2ccnc(Nc3ccc(-c4cn(CC(=O)NCCCCCCC(=O)NO)nn4)cc3)n2)cc1,4.552841968657781,1,0.0,43
RCWSPOVVBSQSGN-UHFFFAOYSA-N,CHEMBL5090035,CN1c2ccc(F)cc2C(=O)N2CCc3c([nH]c4ccc(OCCCCCC(=O)Nc5ccccc5N)cc34)C21,6.494850021680094,1,0.0,40
RDBKADMHALBYIF-UHFFFAOYSA-N,CHEMBL5208175,Nc1cc(F)ccc1NC(=O)c1ccc(CN2CCCC(=Cc3cccnc3)C2=O)cc1,5.630784142589857,1,0.0,32
RDCWDIGHSNQTQV-UHFFFAOYSA-N,CHEMBL5194109,Nc1nc(-c2ccco2)c2cnn(CCCCC(=O)NO)c2n1,6.404503778174426,1,0.0,23
RDDZIUQONLHGRC-UHFFFAOYSA-N,CHEMBL6161337,O=C(CCCCCCn1cc(-c2cc(Oc3ccc(NC(=O)NC4CC4)cc3)ccn2)cn1)NO,8.431798275933005,1,0.0,35
RDENZOCZCDMMTB-UHFFFAOYSA-N,CHEMBL247184,O=C(Cc1ccccc1)Nc1ccc2sc(C(=O)NO)cc2c1,7.508638306165727,1,0.0,23
RDGIJPKCUSIDDC-UHFFFAOYSA-N,CHEMBL5619923,CC(C)(C)NC(=O)CN(Cc1ccc(C(=O)NO)cc1)C(=O)c1c[nH]c2ccccc12,6.920818753952375,1,0.0,31
RDHSLZUUTQWAGA-UHFFFAOYSA-N,CHEMBL5434895,O=C(CCCCCCNC(=O)c1ccc(NC(=O)CNC(=O)CC2c3ccccc3-c3ccccc32)cc1)NO,7.063486257521107,1,0.0,40
RDKOJWPLMOJKIU-UHFFFAOYSA-N,CHEMBL5183285,COc1ccccc1C(=O)N(CC(=O)NC1CCCCC1)Cc1ccc(C(=O)NO)cc1F,5.823908740944319,1,0.0,33
RDOWSBWCNULCQW-UHFFFAOYSA-N,CHEMBL3689763,O=C(C=Cc1ccc2nc(CCc3ccccc3)c(Nc3ccc4c(c3)OCO4)n2c1)NO,6.168243764792422,2,0.05115252244738144,33
RDQXAQYEABCNQH-UHFFFAOYSA-N,CHEMBL5282062,Nc1ccccc1NC(=O)c1ccc(COc2cccc3c2CN(C2CCC(=O)NC2=O)C3=O)cc1,5.795880017344075,1,0.0,36
RDVCZEIDSLKGPN-UHFFFAOYSA-N,CHEMBL6102243,CS(=O)(=O)Nc1ccc(-c2ccnc(Nc3ccc(-c4cn(CC(=O)NCCCC(=O)NO)nn4)cc3)n2)cc1,6.107905397309519,1,0.0,40
RDYLEVRHTUDZCQ-UHFFFAOYSA-N,CHEMBL473270,O=C(CCCCCCC(=O)Nc1cccc(-c2ccccc2)c1)NO,8.045757490560675,1,0.0,25
RDZIAFQYBJYCHW-UHFFFAOYSA-N,CHEMBL6103338,C=C1C(=O)OC2CC3(C)CCC(OC(=O)CNC(=O)c4ccc(C(=O)NO)cc4)C(=C)C3CC12,6.695294101787235,1,0.0,34
REHHQXJAWXFUSZ-UHFFFAOYSA-N,CHEMBL4749756,Cn1cc(-c2cc(C(C)(C)O)ccc2Oc2ccc(F)cc2F)c2cc(C(=O)NCCCCCCC(=O)NO)[nH]c2c1=O,7.2839966563652006,1,0.0,43
REHRELLCWDTQPD-UHFFFAOYSA-N,CHEMBL5598107,O=C(NO)c1ccc(Cn2cc(Nc3cc(-c4cccc(NCc5cccc(F)c5)n4)c(Cl)cn3)cn2)cc1,5.768530409569319,1,0.0,39
REJIPFWBCXKIMB-UHFFFAOYSA-N,CHEMBL5079065,Nc1nc(NCCc2ccc(OCCCCCC(=O)NO)cc2)nc2nc(-c3ccco3)nn12,7.061980902523789,1,0.0,34
REJMYEDZDBQOLZ-UHFFFAOYSA-N,CHEMBL3655931,O=C(NO)c1cnc(NCc2c(Cl)cccc2Cl)nc1,6.440093374963888,1,0.0,20
REKPBEKUNFMZNT-UHFFFAOYSA-N,CHEMBL2442799,COc1cc(C2c3cc4c(cc3C(Nc3ccccc3OCCCCCC(=O)NO)C3COC(=O)C23)OCO4)cc(OC)c1O,6.838631997765026,1,0.0,45
RELJJJHPPLUJSV-UHFFFAOYSA-N,CHEMBL4748516,CCC(=O)CCCCCC(NC(=O)C1CC12CCN(C)CC2)c1ncc(-c2ccc(C)nc2OC)[nH]1,8.46332414880655,2,0.06305174574708872,36
REODOHNAKYZRRD-UHFFFAOYSA-N,CHEMBL5897740,Nc1ccc(-c2cccs2)cc1NC(=O)C1CCC1,7.301029995663981,1,0.0,19
REOGGGRQBBOXAW-UHFFFAOYSA-N,CHEMBL5595114,COc1cc(C=C2C(=O)NCC(=O)N2C)ccc1C=CC(=O)NO,5.886046625628451,1,0.0,24
RESDVUQVZOJNSO-UHFFFAOYSA-N,CHEMBL3692689,CC(CN(C)Cc1ccccc1)NC(=O)c1ccc(-c2noc(C(F)(F)F)n2)cc1,5.537602002101044,1,0.0,30
RFAQCOWVLBCWRX-UHFFFAOYSA-N,CHEMBL5556211,Nc1cc(F)ccc1NC(=O)CCCCN1C(=O)CC(=Cc2ccccc2)C1=O,6.761452112318672,1,0.0,29
RFAZNTABYJYOAR-UHFFFAOYSA-N,CHEMBL4066043,O=C(NO)c1ccc(CC(=O)N(CCO)c2ccccc2)cc1,5.537602002101044,14,0.5370859063993061,23
RFBNEOPIDVFHNJ-UHFFFAOYSA-N,CHEMBL4207448,COc1ccc2[nH]cc(Cn3cc(COc4ccc(C=CC(=O)NO)cc4OC)nn3)c2c1,7.107905397309519,2,0.0,33
RFCMYVDDZHDRFF-UHFFFAOYSA-N,CHEMBL4745834,O=C(NC(CCCCNC(=O)c1ccccc1S)c1ncc(-c2ccc3ccccc3c2)[nH]1)c1cncs1,4.823908740944319,1,0.0,38
RFEHWHSWGYDBTJ-UHFFFAOYSA-N,CHEMBL3655912,O=C(NO)c1cnc(Nc2cccc(N3CCOCC3)c2)nc1,6.333482019445119,1,0.0,23
RFGAANHNJBCQAS-UHFFFAOYSA-N,CHEMBL402727,CC1NC(=O)C(C(C)C)NC(=O)C(C)C(CC=CCCC(N)=O)NC(=O)C(Cc2ccc(O)cc2)NC1=O,5.73754891026957,1,0.0,38
RFGRVPIGCXCSIK-UHFFFAOYSA-N,CHEMBL5939902,O=C(NO)c1ccc2oc(COc3cccc(F)c3)cc2c1,6.259637310505756,1,0.0,22
RFJMOVGFHYYREM-UHFFFAOYSA-N,CHEMBL3698504,CC(C)c1cc(C(C)C)c(S(=O)(=O)Nc2ccc(C=CC(=O)NO)cc2)c(C(C)C)c1,6.259637310505756,1,0.0,31
RFLHBLWLFUFFDZ-UHFFFAOYSA-N,CHEMBL324053,Nc1ccccc1NC(=O)CCCCCCC(=O)Nc1ccccc1,5.998589399607106,6,0.167470096236368,25
RFMNSSZOADXOBU-UHFFFAOYSA-N,CHEMBL4747272,CCCCNNC(=O)c1ccc(OC)cc1,5.718966632752272,2,0.0,16
RFMSICJJTYCBRL-UHFFFAOYSA-N,CHEMBL4863455,Cc1c(F)cc(C(=O)NO)cc1F,4.859743430322584,1,0.0,13
RFVRRMDAAMTTPP-UHFFFAOYSA-N,CHEMBL6147726,CCNNC(=O)c1ccc(CNC(=O)c2ccc(NC(=O)CCCCCCC(=O)NC(C(=O)N3CC(O)CC3C(=O)NCc3ccc(-c4scnc4C)cc3)C(C)(C)C)cc2)cc1,5.84163750790475,1,0.0,63
RFYYZRFJBNAHCG-UHFFFAOYSA-N,CHEMBL319070,O=C(CCCCCCC(=O)c1ccc(Br)cc1)NO,7.346787486224656,1,0.0,19
RFZCNTRPTAESFB-UHFFFAOYSA-N,CHEMBL5404317,O=C(NO)c1ccc(CNC(=O)c2ccccc2)cc1,6.058962678847046,2,0.06510460454860656,20
RGBCEGOCWPBOJQ-UHFFFAOYSA-N,CHEMBL2170174,COc1cc(COc2ccc(NC(=O)CCCCCCC(=O)OCc3ccc(CN=[N+]=[N-])cc3)cc2)cc(N=[N+]=[N-])c1,4.0655015487564325,1,0.0,42
RGDLRSRILADNDQ-UHFFFAOYSA-N,CHEMBL1095437,Cc1c(Cc2ccccc2)nc(-c2cccc(C=CC(=O)NO)c2)n1CCN1CCOCC1,7.920818753952375,1,0.0,33
RGFHQOBYPUOLEW-UHFFFAOYSA-N,CHEMBL3689865,CC(C)CCN(C)Cc1c(C(C)(C)C)nc2cc(C=CC(=O)NO)ccn12,6.455931955649724,1,0.0,27
RGHXCHLVSIEODJ-UHFFFAOYSA-N,CHEMBL1835420,CC(C)(C)OC(=O)NC(Cc1c[nH]c2ccccc12)C(=O)N1CC2(CC1C(=O)NCCCCCC(=O)NO)SCCS2,6.1249387366083,1,0.0,42
RGIXMSXCHQWNPC-UHFFFAOYSA-N,CHEMBL3217993,Nc1ccccc1NC(=O)c1ccc(COc2ccc3ncnc(Nc4cccc(Br)c4)c3c2)cc1,7.130768280269024,1,0.0,36
RGJJJKIMWOXSNE-UHFFFAOYSA-N,CHEMBL3664088,Cc1cscc1-c1ccc(N)c(NC(=O)c2ccc(CNc3ccncc3)cc2)c1,6.7447274948966935,1,0.0,30
RGKDACUEVSPDNA-UHFFFAOYSA-N,CHEMBL2425967,CCc1nc2cc(C=CC(=O)NO)c(F)cc2c(=O)n1CCc1ccccc1,5.522878745280337,1,0.0,28
RGNQNFZOMAIYEK-UHFFFAOYSA-N,CHEMBL4474250,COc1ccc(CNC(=O)CN(CCCCCC(=O)Nc2ccccc2N)C(=O)c2cc(C)cc(C)c2)cc1,5.681936665037238,1,0.0,39
RGYRFFZKDSCXCT-UHFFFAOYSA-N,CHEMBL6149363,CC(C)(C)c1cc(NC(=O)Nc2ccc(Oc3ccnc(-c4cnn(CCCCCCC(=O)NO)c4)c3)cc2)no1,7.511449283499555,1,0.0,41
RGZPGGRAWSKJOG-UHFFFAOYSA-N,CHEMBL4793958,COCCOc1cc2ncnc(Nc3ccc(C=CC(=O)NO)cc3)c2cc1OCCOC,6.795880017344075,1,0.0,33
RGZUDRIVUNALGI-UHFFFAOYSA-N,CHEMBL2179248,COc1ccccc1NC(=O)N(CCCN(C)C)Cc1ccc(C(=O)NO)cc1,5.5934598195660445,4,0.0,29
RHDGWSUWHOVZFS-UHFFFAOYSA-N,CHEMBL4782216,O=C(NC(CCCCNC(=O)c1ncccc1O)c1ncc(-c2ccc3ccccc3c2)[nH]1)c1cncs1,7.2839966563652006,1,0.0,38
RHGPUIOPSDWMQN-UHFFFAOYSA-N,CHEMBL3648264,O=C(C=Cc1ccc2c(c1)nc(CCc1ccccc1)n2CCc1ccccn1)NO,6.3585258894959,3,0.0,31
RHGZKRZZDBBXMP-UHFFFAOYSA-N,CHEMBL4554511,CC(C)(C)OC(=O)Nc1ccc(-c2cc(C(=O)NCCc3cc(C(=O)NO)no3)no2)cc1,4.772113295386326,1,0.0,33
RHNOVWAOVXYOMM-UHFFFAOYSA-N,CHEMBL5917068,O=C(NO)c1ccc2nc(-c3ccccc3-c3ccccc3)[nH]c2c1,5.3979400086720375,1,0.0,25
RHXATVCQVLJMCL-UHFFFAOYSA-N,CHEMBL5639599,Nc1ccccc1NC(=O)CCCCCCCNC(=O)c1ccc(NC(=O)Nc2ccc(-c3nc(N4CCOCC4)nc(N4CCOCC4)n3)cc2)cc1,6.46167766676856,1,0.0,54
RIBPIJSYAFHOJA-UHFFFAOYSA-N,CHEMBL3233711,O=C(C=Cc1cccc(OCC(Cc2c[nH]c3ccccc23)NC(=O)c2ccc(Cl)cc2)c1)NO,6.4816176844546565,1,0.0,35
RILOBLOUHFZQRQ-UHFFFAOYSA-N,CHEMBL1095135,CCN1CCCC(n2c(-c3cccc(C=CC(=O)NO)c3)nc3ccccc32)C1,7.698970004336019,3,0.4913616938342731,29
RIMQPVFCYZAMOP-UHFFFAOYSA-N,CHEMBL5830605,CC(C)(C)CC(=O)NC(Cc1ccc(-c2noc(C(F)(F)F)n2)cn1)c1cccc(C(F)(F)F)c1,5.958607314841775,1,0.0,35
RIWCSEUOIPXWOB-UHFFFAOYSA-N,CHEMBL2047702,COc1cc(CC(=NO)C(=O)NCCS)ccc1SC,9.221848749616356,1,0.0,20
RJAMNODUHLUDOA-UHFFFAOYSA-N,CHEMBL3287006,CC(C)C1NC(=O)c2csc(n2)-c2csc(n2)CNC(=O)CC(C=CCCS)OC1=O,7.113509274827518,1,0.0,31
RJBJXZBRVYLMOY-UHFFFAOYSA-N,CHEMBL4632914,O=C(NO)c1ccc(NC(=O)C2(c3ccc(F)cc3)CCCC2)cc1,7.3872161432802645,1,0.0,25
RJFPFHKFYMNRQP-UHFFFAOYSA-N,CHEMBL5200566,C#CCN(C)CCCOc1cc(NC(=O)CCCCCCCCC(=O)NO)ccc1Cl,5.847711655616944,1,0.0,31
RJFQGJRGMDZGTD-UHFFFAOYSA-N,CHEMBL4229123,Cc1ccc(-c2cc(C(F)(F)F)n(CCc3ccc(C(=O)NO)cc3)n2)cc1,6.453457336521868,1,0.0,28
RJHWBWWGFQOMQF-UHFFFAOYSA-N,CHEMBL4749697,Cc1noc(C)c1-c1ccc2c(c1)c(Cc1ccc(F)cc1)cn2CCCCCC(=O)NO,6.467245621007502,1,0.0,33
RJLOHWUSSDUKRN-UHFFFAOYSA-N,CHEMBL4070891,COc1ccc(C(=O)NC(COc2ccc(C=CC(=O)NO)cc2OC)Cc2c[nH]c3ccccc23)cc1,7.756961951313706,1,0.0,38
RJRQOGNJBGCGQE-UHFFFAOYSA-N,CHEMBL5781031,O=C(CCCCCCCN(c1ccccn1)c1nccs1)NO,5.259637310505756,1,0.0,23
RJTKRDKFRKYRMG-UHFFFAOYSA-N,CHEMBL6160694,O=C(CCCCCCn1cc(-c2cc(Oc3ccc(NC(=O)NC4CCCCC4)cc3)ccn2)cn1)NO,8.455931955649724,1,0.0,38
RJVQHAQNRWHJSX-UHFFFAOYSA-N,CHEMBL4877954,Nc1nc2cc(-c3nn(Cc4ccc(C(=O)NO)s4)c4ncnc(N)c34)ccc2o1,7.920818753952375,1,0.0,30
RJXGNFOJIHGPSK-UHFFFAOYSA-N,CHEMBL3655980,O=C(NO)c1cnc(NC2CCCCC2)nc1,6.2380721615794705,1,0.0,17
RJYURYWSGJNWRR-UHFFFAOYSA-N,CHEMBL5192364,COc1cc(-c2nc(-c3nnc(CCCCC(=O)NO)o3)cc3c2[nH]c2ccccc23)cc(OC)c1OC,8.853871964321762,1,0.0,38
RKBZIMVVOGYUSL-UHFFFAOYSA-N,CHEMBL3827660,CN(Cc1nc2c(N3CCOCC3)nc(-c3ccc(N)nc3)nc2n1C)c1ncc(C(=O)NO)cn1,8.954677021213342,1,0.0,36
RKDDEGABLQYMCZ-UHFFFAOYSA-N,CHEMBL4764799,Nc1ncc(-c2nc(N3CCC(CO)CC3)c3ncn(CCCCCCC(=O)NO)c3n2)cn1,9.00436480540245,1,0.0,34
RKDSFEZOQXKQOR-UHFFFAOYSA-N,CHEMBL260200,CN(C)C(=O)c1ccc(CN2CCC(c3ccc(C(=O)Nc4ccccc4N)cc3)CC2)cc1,7.070019409484486,1,0.0,34
RKDWFTFCSKLONE-UHFFFAOYSA-N,CHEMBL5195956,Nc1ccccc1NC(=O)c1ccc2ncccc2c1,4.726998727936262,1,0.0,20
RKDXFSHFQNWESJ-UHFFFAOYSA-N,CHEMBL97108,CC(Cc1ccc(NS(=O)(=O)c2ccccc2)cc1)C(=O)NO,4.769551078621726,2,0.0,23
RKFQLKMCQAUMBQ-UHFFFAOYSA-N,CHEMBL5410667,COc1ccc(-c2cnc(C(=O)NCCCCCCCC(=O)NO)s2)cc1,6.5052889747947376,1,0.0,27
RKKAAKVIUVYFTF-UHFFFAOYSA-N,CHEMBL4176214,COc1cc2ccn(CCOc3ccc(NC(=O)CCCCCCC(=O)NO)cc3)c2cc1OC,8.4089353929735,1,0.0,35
RKLDLQANLIKPNV-UHFFFAOYSA-N,CHEMBL3339034,O=C(CCCCCCC(=O)Nc1cc2c(Cl)ncnc2s1)NO,7.592949185195749,1,0.0,23
RKOIKQJKAURNHQ-UHFFFAOYSA-N,CHEMBL6103029,N#CCCN(C(=O)CCl)c1ccc2c(c1)OCCN2CC(=O)NCC(=O)Nc1ccc(C(=O)NCCCCCCC(=O)NO)cc1,7.130768280269024,1,0.0,46
RKRHQUPEWJEDMI-UHFFFAOYSA-N,CHEMBL1086548,O=C(CCCCCNC(=O)NC(=O)c1ccc2c(c1)ncn2CCc1ccccc1)NO,5.013228265733755,1,0.0,32
RKZORBYVFSJNHI-UHFFFAOYSA-N,CHEMBL394261,CC1NC(=O)C2(Cc3ccccc3C2)NC(=O)C(CCCCCSSc2ccccn2)NC(=O)C2CCCN2C1=O,8.698970004336019,1,0.0,41
RLCALZAUCODYMU-UHFFFAOYSA-N,CHEMBL5879371,CCCNNC(=O)c1ccc2ccccc2c1,5.455931955649724,1,0.0,17
RLGILGRWYTZJEA-UHFFFAOYSA-N,CHEMBL6032358,CCc1ncc2c(n1)CN(C(=O)Nc1nc(-c3cccs3)ccc1N)C2,6.212984366136141,2,0.6197887582883936,26
RLHZOVXEQYQILL-UHFFFAOYSA-N,CHEMBL95960,Nc1ccccc1NC(=O)CCCCCCC(=O)c1ccc(Br)cc1,5.221848749616356,1,0.0,25
RLMVEFXIYBNCAX-UHFFFAOYSA-N,CHEMBL3621287,O=C(CCCCCNC(=O)Cn1cnc2c(N3CCOCC3)nc(Nc3ccccc3)nc21)NO,7.455931955649724,1,0.0,35
RLNCISDDCDFAHS-UHFFFAOYSA-N,CHEMBL497332,CN(Cc1ccc2nccnc2c1)C(=O)c1ccc(C(=O)C(F)(F)F)s1,6.236572006437063,1,0.0,26
RLSFZSKEFTVCOR-UHFFFAOYSA-N,CHEMBL3689790,CCCCCCc1nc2cc(C=CC(=O)NO)ccn2c1NCCC(=O)N(C)C,6.055517327849831,1,0.0,29
RLTCKGIEOKUCSQ-UHFFFAOYSA-N,CHEMBL5190225,Cc1nc2c(F)cc(-c3nc(Nc4ccc(CNC(=O)CCCCCCC(=O)NO)cc4)ncc3F)cc2n1C(C)C,7.585026652029182,1,0.0,42
RLVHHMUTZQQOFZ-UHFFFAOYSA-N,CHEMBL258177,CC(C)N1CCN(Cc2cnc(-c3ccc(C(=O)Nc4ccccc4N)cc3)c(C#N)c2)CC1,7.980053318321158,1,0.0,34
RLVKBWCJGUWUHI-UHFFFAOYSA-N,CHEMBL5632450,Cc1cccc(Cl)c1Cn1cnc2ccc(-c3cc(NC(=O)CCCCCC(=O)NO)n[nH]3)cc21,7.500312917381596,1,0.0,35
RLZROBMWZRHTER-UHFFFAOYSA-N,CHEMBL4649511,O=C(CCCCCCCNc1nc2cc(C(=O)O)ccc2c2cnccc12)NO,8.481486060122112,1,0.0,29
RMJLRSRWJYESIB-UHFFFAOYSA-N,CHEMBL5409731,Nc1ccccc1NC(=O)c1ccc(Cn2nc(-c3ccccc3)ccc2=O)cc1,7.2716462179787715,1,0.0,30
RMJVKZFRLDEYOS-UHFFFAOYSA-N,CHEMBL3415624,O=C(NO)c1ccc(NC2CCN(c3ccc(Cl)cc3)C2=O)c(Cl)c1,4.531652669587842,1,0.0,25
RMLTYADWPTYXJV-UHFFFAOYSA-N,CHEMBL327146,O=C(CCCCCC(C(=O)Nc1ccc2ncccc2c1)C(=O)Nc1ccc2ncccc2c1)NO,9.0,1,0.0,36
RMNSKKUFRXPOEG-UHFFFAOYSA-N,CHEMBL4438474,Nc1ccccc1NC(=O)CCCCCNc1ccccc1,5.920818753952375,1,0.0,22
RMUZEQHUFXOWEH-UHFFFAOYSA-N,CHEMBL2047698,COc1ccc(CC(=NO)C(=O)NCCS)cc1OC,8.522878745280337,1,0.0,20
RMYRHIWBNXQFNP-UHFFFAOYSA-N,CHEMBL4635479,CCc1nc(N)nc(N)c1-c1ccc(-c2cn(CCCCCCC(=O)NO)nn2)cc1,7.346787486224656,2,0.0,31
RNFHRPRUPRPMND-UHFFFAOYSA-N,CHEMBL5189667,CC(C)(C)NC(=O)CN(Cc1ccc(C(=O)NO)cc1F)C(=O)c1ccccc1F,5.928117992693874,1,0.0,30
RNFVYARGVCWPOE-UHFFFAOYSA-N,CHEMBL5749440,FC(F)(F)c1nc(-c2cnc(NCc3ccncc3)nc2)no1,6.207608310501746,1,0.0,23
RNGSAWKSEBQCHM-UHFFFAOYSA-N,CHEMBL4060602,O=C(CCCCCn1cc(-c2ncnc3[nH]ccc23)cn1)NO,6.860120913598763,1,0.0,23
RNGSNPYDWJQCJY-UHFFFAOYSA-N,CHEMBL5911617,Cc1cccc(N(Cc2ccc(-c3nnc(C(F)F)o3)cn2)S(=O)(=O)N2CCN(C3COC3)C(C)C2)c1,7.33889035263304,2,0.07572071393811797,37
RNHTWMJDLDLLGM-UHFFFAOYSA-N,CHEMBL3771206,CC(=O)SCCC=CC1CC(=O)NCc2ccc(cc2)C2=NC(C)(CS2)C(=O)NC(C(C)C)C(=O)O1,5.458420756053419,1,0.0,36
RNLWMHMIIOVFIO-UHFFFAOYSA-N,CHEMBL4084779,Nc1ccccc1NC(=O)c1ccc(NC(=S)NCc2cccc(Cl)c2)cc1,6.7447274948966935,1,0.0,28
RNXFXOKURDMGIR-UHFFFAOYSA-N,CHEMBL2179245,COCCCN(C(=O)NCc1ccc(C(=O)NO)cc1)c1ccccc1,5.866461091629782,4,0.0,26
ROCSVJSPJGRGIX-UHFFFAOYSA-N,CHEMBL4444211,Nc1cc(F)ccc1NC(=O)c1ccc(CNC(=O)C=Cc2ccccc2)cc1,7.585026652029182,1,0.0,29
ROEDEHJYQJQQNG-UHFFFAOYSA-N,CHEMBL4163059,CCOc1cc(C(C)(C)C)ccc1C1=NC(c2ccc(Cl)cc2)C(c2ccc(Cl)cc2)N1C(=O)N1CCC(Nc2ncc(C(=O)NO)cn2)CC1,5.995678626217357,1,0.0,51
ROEMHMBUZFUQJZ-UHFFFAOYSA-N,CHEMBL3655997,O=C(NO)c1cnc(NC2(c3ccc4c(c3)OCO4)CC2)nc1,7.795880017344075,1,0.0,23
ROEPGCSNAWAJRM-UHFFFAOYSA-N,CHEMBL4162202,O=C(NO)c1ccc(CN(Cc2ccc(F)cc2)c2ncc(C(=O)NCCCn3ccnc3)s2)cc1,7.337242168318426,1,0.0,36
RONKKHNZUKLQDK-UHFFFAOYSA-N,CHEMBL4869419,COc1cc2nc(-c3ccc(C)o3)cc(NCC3CCN(Cc4ccc(C(=O)NO)s4)CC3)c2cc1OC,6.518557371497695,1,0.0,38
ROPFJSRYPUWNQK-UHFFFAOYSA-N,CHEMBL5218513,Cn1cc(-c2ccnc(Nc3ccc(NC(=O)CCCCCC(=O)NO)cc3)n2)c2ccccc21,7.638272163982407,1,0.0,35
RORJSWDCBLFIPA-UHFFFAOYSA-N,CHEMBL5194678,Nc1cc(F)ccc1NC(=O)c1ccc(CN2CCC(=Cc3ccccc3)C2=O)cc1,6.372839047625224,1,0.0,31
ROSRRDJERPUPIN-UHFFFAOYSA-N,CHEMBL5590322,CC(NC(=O)C(CC(=O)NCC(C)(C)C)NC(=O)CCC(=O)Nc1ccc(C(=O)NO)cc1)C(=O)NCc1ccc(F)cc1F,7.661543506395395,1,0.0,45
ROUUBSJJXNNNTL-UHFFFAOYSA-N,CHEMBL3655969,CC(C)(Nc1ncc(C(=O)NO)cn1)c1cc(C(F)(F)F)cc(C(F)(F)F)c1,5.866780543267506,1,0.0,28
ROVKUEFHZPOYAM-UHFFFAOYSA-N,CHEMBL3309290,CC1(C)CC(=O)Nc2ccc(C(=O)NCc3cccc(C=CC(=O)NO)c3)cc21,6.173925197299173,1,0.0,29
ROYNQMDXPFEFHJ-UHFFFAOYSA-N,CHEMBL3797597,Cc1ccc(C(=O)NO)cc1NC(=O)c1ccccc1,5.075720713938118,1,0.0,20
ROYPGEHCQOEDBY-UHFFFAOYSA-N,CHEMBL5084347,CCCNNC(=O)c1ccc(CNC(=O)c2ccc3ccccc3c2)cc1,8.09799710864927,1,0.0,27
ROZBFMPOSLSNNH-UHFFFAOYSA-N,CHEMBL5208585,Nc1cc(F)ccc1NC(=O)c1ccc(CN2CCCC(=Cc3ccco3)C2=O)cc1,5.920456992597094,1,0.0,31
RPQYFZYWAIJJSH-UHFFFAOYSA-N,CHEMBL4539071,CC(C)(NC(=O)c1nc(-c2nccs2)sc1C1CC1)c1ccc(C(=O)NO)cc1,6.786747947803603,1,0.0,29
RPSNRTZHECIRFN-UHFFFAOYSA-N,CHEMBL3335287,O=C(CCCCc1ccn(Cc2ccccc2)n1)NO,6.494850021680094,1,0.0,20
RPSZPZFGQILPOD-UHFFFAOYSA-N,CHEMBL4241658,CCc1c2c(nc3ccc(O)cc13)-c1cc3c(c(=O)n1C2)COC(=O)C3(CC)OC(=O)CCCCCCC(=O)NO,7.045757490560675,1,0.0,41
RPTKJTVPMGPUGF-UHFFFAOYSA-N,CHEMBL5405258,COc1cc2c(cc1-c1c(C)noc1C)[nH]c1nc(C)nc(NCCCCCCCC(=O)NO)c12,6.698970004336019,1,0.0,35
RPWGAGSAMOSCDJ-UHFFFAOYSA-N,CHEMBL260957,Nc1ccccc1NC(=O)CCCCCCNC(=O)c1ccc(-c2ccccc2)nc1,5.522878745280337,1,0.0,31
RPWRDYIMQCEIAX-UHFFFAOYSA-N,CHEMBL3339031,O=C(CCCCCCC(=O)Nc1cc2c(Nc3ccc(N4CCCCC4)c(F)c3)ncnc2s1)NO,8.26841123481326,1,0.0,36
RPZCUCSHYBAEFW-UHFFFAOYSA-N,CHEMBL3287266,CC=Cc1sc(-c2nccs2)nc1C(=O)NCCCCC(=O)NO,7.698970004336019,1,0.0,24
RQCBYDHIYYOKAZ-UHFFFAOYSA-N,CHEMBL3577697,CN1c2ccc(NCc3ccc(-c4nnc(CCCCCCC(=O)NO)o4)cc3)cc2C(=O)N2CCc3c([nH]c4ccc(O)cc34)C21,7.050609993355087,1,0.0,47
RQDWUHDIGLJGCG-UHFFFAOYSA-N,CHEMBL5188801,Nc1nc(-c2ccco2)c2cnn(Cc3cccc(OCCCCCCC(=O)NO)n3)c2n1,7.638272163982407,1,0.0,33
RQFQDZYLIRMRMV-UHFFFAOYSA-N,CHEMBL5960561,Cn1cc2c(n1)CN(C(=O)Nc1nc(-c3cccnc3)ccc1N)C2,5.560667306169737,1,0.0,25
RQFSMVRUJADDKC-UHFFFAOYSA-N,CHEMBL5886220,O=C(NCc1ccc(-c2noc(C(F)(F)F)n2)cc1)c1cccc(O)c1,6.142667503568731,1,0.0,26
RQNHKLGJJUHCQN-UHFFFAOYSA-N,CHEMBL1099049,Cc1c(Cc2ccccc2)nc(-c2cccc(C=CC(=O)NO)c2)n1C1CCCN(C)C1,8.200659450546418,1,0.0,32
RQNKLRPNWLIDAS-UHFFFAOYSA-N,CHEMBL3758692,O=C(NCCCCCCS)c1cc(-c2ccc(F)cc2)nn1CCCCO,6.6020599913279625,1,0.0,27
RQNUUDSNIYAPPO-UHFFFAOYSA-N,CHEMBL4580907,CCCNNC(=O)C=Cc1ccc(CN(CCc2c(C)[nH]c3ccccc23)C(=O)OC(C)(C)C)cc1,6.742561433140186,1,0.0,36
RQNYNPQSFZHGLT-UHFFFAOYSA-N,CHEMBL5090769,CN(CCOc1ccc(C(=O)NO)cc1)c1nc(N)n2nc(-c3ccco3)nc2n1,7.667561540084394,1,0.0,30
RQPLGBGTFISBSA-UHFFFAOYSA-N,CHEMBL5566842,CN(C)c1ccc(C=C2CC(=O)N(CCCCCCC(=O)NO)C2=O)cc1,7.573488738635425,1,0.0,27
RQSWNVADTUTBIA-UHFFFAOYSA-N,CHEMBL5563748,COc1ccc(C=CC(=O)c2ccc(Br)c3c2OC(C)(C)C=C3)cc1OCC(=O)NO,6.236572006437063,1,0.0,31
RQYNXNGSTYGHRK-UHFFFAOYSA-N,CHEMBL4454646,Cc1noc(C)c1-c1ccc2c(c1)c(Cc1ccc(F)cc1)cn2CCCCCCC(=O)NO,6.743524460013754,4,0.0815873158135032,34
RREMAKLSNSMREF-UHFFFAOYSA-N,CHEMBL4209843,O=C(CCCCN1CCc2ccccc2C1c1ccccc1)NO,6.113509274827518,1,0.0,24
RRJDFENBXIEAPD-UHFFFAOYSA-N,CHEMBL4293858,CC(=O)Nc1ccc(C(=O)Nc2ccc(F)cc2N)cc1,5.96657624451305,7,0.10037054511756338,21
RRKBNXXLNHGLGX-UHFFFAOYSA-N,CHEMBL4545275,Cc1[nH]c2ccccc2c1CCNCc1ccc(C=CC(=O)NN(C)C)cc1,4.958607314841775,1,0.0,28
RRNIVHIUPWXEQA-UHFFFAOYSA-N,CHEMBL4462904,Nc1ccccc1NC(=O)CCCCCN(CC(=O)NC1CCCCC1)C(=O)c1ccccc1,5.262807357295262,1,0.0,34
RRQWEXVQTHBHNH-UHFFFAOYSA-N,CHEMBL3698502,O=C(C=Cc1ccc(NS(=O)(=O)c2ccc3oc4ccccc4c3c2)cc1)NO,7.3979400086720375,1,0.0,29
RRSOMHWPOGYOKM-UHFFFAOYSA-N,CHEMBL3356921,CN1C(=O)CCC1C(=O)NC(CCCCCS)C(=O)Nc1ccccc1,7.236572006437063,1,0.0,26
RRVJMQQNYIECNQ-UHFFFAOYSA-N,CHEMBL3689806,CCCN(CCO)Cc1c(-c2ccccc2)nc2cc(C=CC(=O)NO)ccn12,6.0,1,0.0,29
RSBCERVMBISRML-UHFFFAOYSA-N,CHEMBL3421744,Nc1ccccc1NC(=O)c1ccc(CNCc2nc(-c3cccs3)no2)cc1,5.414539270491499,1,0.0,29
RSBWQRJDIHARHV-UHFFFAOYSA-N,CHEMBL6021502,CN1CCN(S(=O)(=O)N(Cc2ccc(-c3nnc(C(F)(F)F)o3)cc2F)c2ccccc2)CC1,7.1249387366083,1,0.0,34
RSCCJCHEZJEYKQ-UHFFFAOYSA-N,CHEMBL3775654,COc1ccc(N(C)c2nc(C)nc3ccccc23)cc1OCCCCC(=O)NO,6.596879478824182,1,0.0,30
RSGFYZCTBZEMGX-UHFFFAOYSA-N,CHEMBL489331,CN(C)CCCn1c(CCc2ccccc2)nc2cc(C=CC(=O)NO)ccc21,6.790484985457369,3,0.0,29
RSHKUDAKRMLDCT-UHFFFAOYSA-N,CHEMBL4549278,CCn1cnc2c(NCc3cccc(C=CC(=O)NO)c3)nc(N3CCOCC3)nc21,8.236572006437063,1,0.0,31
RSINDEPMPIBCKB-UHFFFAOYSA-N,CHEMBL4637423,O=C(CCCCCNc1nc2cc(C(=O)O)ccc2c2cnccc12)NO,6.721246399047171,1,0.0,27
RSKIXUXUCRJFFV-UHFFFAOYSA-N,CHEMBL3415628,CC1(Nc2ccc(C(=O)NO)cc2)CCN(c2ccc3ncccc3c2)C1=O,5.220403508742176,1,0.0,28
RSMBEQVAYLDHQV-UHFFFAOYSA-N,CHEMBL6053817,O=C(NC(Cc1ccc(-c2noc(C(F)(F)F)n2)cn1)c1cccc(C(F)(F)F)c1)C1CCOCC1,6.200659450546418,1,0.0,36
RSMGBZPONOKBDP-UHFFFAOYSA-N,CHEMBL4445862,Cc1ccc(CN2C(=O)N(c3ccc(Cl)cc3)C(=O)C2CCC(=O)Nc2ccc(C(=O)NO)cc2)cc1,6.018181392829336,1,0.0,37
RSRIYMGPCMRJBW-UHFFFAOYSA-N,CHEMBL5186043,Cc1c(COc2ccc(CNCCCCCC(=O)NO)c(F)c2)cccc1-c1ccccc1,5.175874166083451,1,0.0,33
RSSAPDUETMNSKF-UHFFFAOYSA-N,CHEMBL471414,CC(=O)N1CCC2(CCN(c3ccc(C(=O)Nc4cc(-c5cccs5)ccc4N)cn3)CC2)C1,8.045757490560675,1,0.0,34
RSTTVCLDERVLTG-UHFFFAOYSA-N,CHEMBL216427,COc1ccc2[nH]c(C)c(CC(=O)NC(CCCCCC(C)=O)C(=O)Nc3ccc(Cl)cc3)c2c1,6.638272163982407,1,0.0,35
RSYATZXLFFCCRX-UHFFFAOYSA-N,CHEMBL5556234,CCN1CCN(CC2CCc3c(c4ccccc4n3Cc3ccc(C(=O)NO)cc3)C2=O)CC1,5.336299074610352,1,0.0,34
RTEHDWCEVNBWHB-UHFFFAOYSA-N,CHEMBL4094909,O=C(CS)NCCCCCCn1ccc2cc(F)c(Cl)cc21,4.533132379645891,1,0.0,22
RTHOMIJNOJGNEL-UHFFFAOYSA-N,CHEMBL5804151,O=C(NO)c1ccc2oc(-c3ccc(-c4ccccc4F)cc3)nc2c1,5.251811972993799,1,0.0,26
RTJNYFHKEXRKTF-UHFFFAOYSA-N,CHEMBL5171670,Cc1cc(C)c(CNC(=O)c2cc(-c3ccc(N4CCN(C(=O)CCCCC(=O)NO)CC4)nc3)cc3c2cnn3C(C)C)c(=O)[nH]1,5.121478204498794,1,0.0,47
RTLKDFQWSQARBW-UHFFFAOYSA-N,CHEMBL4095596,CC(CCCCCC(=O)NO)n1cc(-c2ncnc3[nH]ccc23)cn1,8.221848749616356,1,0.0,25
RTMAXSBQQUOJCK-UHFFFAOYSA-N,CHEMBL4283574,O=C(CCCCCCC(=O)NCCNc1nonc1C(=NO)Nc1ccc(F)c(Br)c1)NO,7.3214816209598865,1,0.0,33
RTNLYODALOPJJQ-UHFFFAOYSA-N,CHEMBL4639985,Nc1ccccc1NC(=O)C1CCN(C(=O)c2cc(Cc3n[nH]c(=O)c4ccccc34)ccc2F)CC1,6.086186147616283,1,0.0,37
RTVMPAGMFUPGRI-UHFFFAOYSA-N,CHEMBL379049,CC(C)(C)OC(=O)NC(CCCCCS)C(=O)NC1CCCCCC1,6.045757490560675,2,0.0,25
RUAMBLROXOJUCR-UHFFFAOYSA-N,CHEMBL4789871,CCC(=O)CCCCCC(NC(=O)C1CC12CCN(CC)CC2)c1ncc(-c2c(F)cc(C(=O)Nc3cc(C(F)(F)F)ccn3)cc2OC)[nH]1,7.657577319177793,1,0.0,50
RUCVFOIOCBMGFY-UHFFFAOYSA-N,CHEMBL5768068,O=S(=O)(N1CCN(C2COC2)CC1)N(Cc1ccc(-c2nnc(C(F)(F)F)o2)cn1)c1ccccc1,7.102372908709558,1,0.0,36
RUDWKSXJHGIFRL-UHFFFAOYSA-N,CHEMBL5207247,Nc1nc(-c2ccco2)c2cnn(Cc3ccc(C=CC(=O)Nc4ccccc4N)cc3)c2n1,6.933674074637962,1,0.0,34
RUGSZKOQAROHTP-UHFFFAOYSA-N,CHEMBL5866359,Cc1nsc(N(CCCCCCC(=O)NO)c2ccc(F)cn2)n1,6.1249387366083,1,0.0,24
RUKULXRBEIBRSQ-UHFFFAOYSA-N,CHEMBL6144295,Cc1cc(C(=O)Nc2cccc(F)c2)nn1Cc1ccc(C(=O)NO)cc1,6.485452247339714,1,0.0,27
RUMBZHMQOHZVCH-UHFFFAOYSA-N,CHEMBL4449658,O=C(C=C1NC(=O)c2ccccc21)NCCCCCC(=O)NO,7.2373214362725635,1,0.0,23
RUNQJCATTVNHCC-UHFFFAOYSA-N,CHEMBL3652230,O=C(NO)c1cnc(Nc2ccc(Cl)cc2)nc1,6.694648630553376,1,0.0,18
RUPUCNUDLOUZCM-UHFFFAOYSA-N,CHEMBL5839429,CNc1ccccc1NC(=O)C1CCC(=O)N1c1ccc(-c2noc(C(F)(F)F)n2)cc1,6.0,1,0.0,32
RUZISCYMEUSGBU-UHFFFAOYSA-N,CHEMBL5191354,COc1cc(C2c3cc4c(cc3CC3COC(=O)C32)OCO4)cc(OC)c1OC(=O)CC(=O)Nc1ccc(C(=O)Nc2ccccc2N)cc1,4.96018944585165,1,0.0,50
RUZXVBRXLWFADZ-UHFFFAOYSA-N,CHEMBL5438435,CCCCC(=O)N(CCCC)Cc1ccc(C(=O)NO)cc1,5.508638306165727,1,0.0,22
RVAXMEGASLCQQV-UHFFFAOYSA-N,CHEMBL3689830,CCCCc1nc2cc(C=CC(=O)NO)ccn2c1CNC(C)(C)C,7.698970004336019,1,0.0,25
RVBGFRCCTOHYCF-UHFFFAOYSA-N,CHEMBL4437428,Nc1cc(F)ccc1NC(=O)c1ccc(CNC(=O)C=Cc2ccncc2)cc1,7.481486060122112,1,0.0,29
RVCYQLGPRQTUAS-UHFFFAOYSA-N,CHEMBL6174016,O=C(CCCCCCC(=O)Nc1cccc(C(=O)Nc2cccc(Nc3ncc(Cl)c(-c4c[nH]c5ccccc45)n3)c2)c1)NO,6.605548319173783,1,0.0,45
RVHNCNVISIEAPB-UHFFFAOYSA-N,CHEMBL4438063,CC1(C)NCC(CCCCCC(=O)C2CO2)NC(=O)C2CCCN2C(=O)C(Cc2ccccc2)NC1=O,9.823908740944319,1,0.0,37
RVIWUTJJROOEMJ-UHFFFAOYSA-N,CHEMBL5631737,O=C(CCCCCCC(=O)Nc1cc(-c2ccc3ncn(Cc4cccc(F)c4Cl)c3c2)[nH]n1)NO,7.29929628285498,1,0.0,36
RVKXWOMJNUCYIC-UHFFFAOYSA-N,CHEMBL6173091,O=C(CCCCCC(=O)NC1CC1c1ccccc1)NO,9.09963287134353,1,0.0,21
RVPBGXMIWLAEPK-UHFFFAOYSA-N,CHEMBL5859614,CCCCNNC(=O)c1ccc(-c2cc(C)cc(F)c2)cc1,6.119186407719209,1,0.0,22
RVTNNRIMDKEUHN-UHFFFAOYSA-N,CHEMBL237584,COc1ccc(NCc2ccc(C(=O)Nc3cc(-c4cccs4)ccc3N)cc2)cc1OC,7.301029995663981,1,0.0,33
RVTQYDDCOIFTGY-UHFFFAOYSA-N,CHEMBL4639586,COc1nc2ccccc2cc1-c1cnc(C(N)CCCCCC(=O)c2cnoc2C)[nH]1,6.684029654543082,1,0.0,32
RVUSPCANNSXLPJ-UHFFFAOYSA-N,CHEMBL5431673,COc1ccc(C2CC(=O)N(CCCCCC(=O)NO)c3ccccc3S2(=O)=O)cc1,6.605023280445436,1,0.0,31
RVWKGSCHYRXCNC-UHFFFAOYSA-N,CHEMBL1083086,O=C(CCCCCNC(=O)NC(=O)c1ccc(Br)cc1)NO,6.060480747381382,1,0.0,22
RVZPEXMXOYSXID-UHFFFAOYSA-N,CHEMBL5084865,O=C(CCCCCCCNc1nn2c(=O)c3ccccc3nc2c2ccccc12)NO,7.853871964321762,1,0.0,31
RWDHYOTUXSNONL-UHFFFAOYSA-N,CHEMBL5921288,COCC(=O)NC(Cc1ccc(-c2noc(C(F)(F)F)n2)cn1)c1cccc(C(F)(F)F)c1,6.173925197299173,1,0.0,33
RWDIFWLNAIKKCY-UHFFFAOYSA-N,CHEMBL1098379,Cn1c(-c2cccc(C=CC(=O)NO)c2)nc2ccccc21,6.920818753952375,1,0.0,22
RWEQXDHETZJNGR-UHFFFAOYSA-N,CHEMBL5888879,CN(C(=O)C1CCC(=O)N1c1ccc(-c2noc(C(F)(F)F)n2)c(F)c1)C(C)(C)C,4.508638306165727,1,0.0,30
RWESWSXTEMTXOL-UHFFFAOYSA-N,CHEMBL5208258,COc1cc(C(=O)c2csc(-c3ccc(OC=Cc4ccc(CC(=O)NO)cc4)cc3)n2)cc(OC)c1OC,5.163675884293248,1,0.0,39
RWIIOYBVKNFELH-UHFFFAOYSA-N,CHEMBL4088824,O=C(CCCCn1cc(-c2ncnc3[nH]ccc23)cn1)NO,6.068542129310995,1,0.0,22
RWMCODKVQIQYDV-UHFFFAOYSA-N,CHEMBL2442801,COc1cc(C2c3cc4c(cc3C(Nc3cccc(OCCCCCCC(=O)NO)c3)C3COC(=O)C23)OCO4)cc(OC)c1O,7.958607314841775,1,0.0,46
RWPSAJVRHXBADZ-UHFFFAOYSA-N,CHEMBL4740074,Nc1ncc(-c2nc(N3CCOCC3)nc3c2ncn3CCCCCCC(=O)NO)cn1,7.769551078621726,1,0.0,32
RWVYOOGEJQIBOP-UHFFFAOYSA-N,CHEMBL5555580,O=C(CCCCCCN1C(=O)CC(=Cc2ccc(C(F)(F)F)cc2)C1=O)NO,7.471083299722345,1,0.0,28
RXBALWDUSRVLFZ-UHFFFAOYSA-N,CHEMBL2046621,COc1ccc(C=CC(=O)Nc2ccc(C(C)N3CCc4nc(C(=O)NO)sc4C3)cn2)cc1,5.167491087293763,1,0.0,34
RXFAEAGZQHBTJE-UHFFFAOYSA-N,CHEMBL6013927,COc1ncccc1-c1ccc(-c2nc3cc(C(=O)NO)ccc3o2)cc1,5.251811972993799,1,0.0,27
RXIWHWGDUAVETL-UHFFFAOYSA-N,CHEMBL2046623,CC(C)N(C(=O)C=Cc1ccccc1)c1cccc(CN2CCc3nc(C(=O)NO)sc3C2)c1,4.9396799713117145,1,0.0,34
RXKMPURCWVNUEU-UHFFFAOYSA-N,CHEMBL3648281,O=C(C=Cc1ccc2nc(CCc3ccc(F)cc3)[nH]c2c1)NO,6.882728704344236,3,0.0,24
RXMOHINJKGQKDQ-UHFFFAOYSA-N,CHEMBL5218660,CN1c2ccccc2C(=O)N2C(C(=O)Nc3ccc(C(=O)Nc4ccccc4N)cc3)Cc3c([nH]c4ccccc34)C12,6.795880017344075,1,0.0,42
RXPBVZUTMFSAEV-UHFFFAOYSA-N,CHEMBL3585980,O=C(CCCCCCc1nc(-c2ccccc2)no1)C(F)(F)F,5.274088367704952,1,0.0,23
RXSBPIFCCGAVSB-UHFFFAOYSA-N,CHEMBL6175415,COc1ccc2c(C(=O)c3cc(OC)c(OC)c(OO)c3)cn(Cc3ccc(C(=O)NO)cc3)c2c1,6.24184537803261,1,0.0,36
RXTCNBJGZKHXQT-UHFFFAOYSA-N,CHEMBL5195924,CCNNC(=O)c1ccc(Cn2ccc3cc(C(=O)c4ccc(OC)cc4)ccc32)cc1,6.265200170411153,1,0.0,32
RXVPAYBMKVXTLL-UHFFFAOYSA-N,CHEMBL2047609,COc1ccc(-c2nn(-c3ccccc3)cc2C=CC(=O)Nc2ccccc2)cc1,5.75448733218585,1,0.0,30
RXZWNENIWFABET-UHFFFAOYSA-N,CHEMBL409847,O=C(CCCCCC(=O)N(CC(=O)Nc1ccc2[nH]ncc2c1)CC(=O)Nc1ccc2[nH]ncc2c1)NO,9.0,1,0.0,38
RYDDDQFTVJBBMF-UHFFFAOYSA-N,CHEMBL6163196,CCC1(O)C(=O)OCc2c1cc1n(c2=O)Cc2c-1nc1ccccc1c2C=NOCCCCCCC(=O)NO,8.279014255846262,1,0.0,39
RYFHRSBVYHHCEC-UHFFFAOYSA-N,CHEMBL4567942,CC1CCCC2(C1)NC(=O)C(CCCCCC(=O)NO)NC(=O)C1CCCN1C(=O)C(Cc1ccccc1)NC2=O,7.823908740944319,1,0.0,41
RYJVQXRRTHIVGC-UHFFFAOYSA-N,CHEMBL1084624,CCCCc1nc2cc(C(=O)NC(=O)NCCCCCC(=O)NO)ccc2n1CCN1CCCC1,5.536107011014092,1,0.0,35
RYLMKDHVXMFXIM-UHFFFAOYSA-N,CHEMBL4088425,COc1ccc(C=CC(=O)N2CCN(c3ccc(C(=O)Nc4ccccc4N)cc3)CC2)cc1,6.044312249686494,1,0.0,34
RYNHSBLKUCGSBK-UHFFFAOYSA-N,CHEMBL4470989,COc1ccc(-c2cc(OCC(=O)NO)c3ncnc(C)c3c2)cn1,6.779891911959945,1,0.0,25
RYVFVEVKVPAEFS-UHFFFAOYSA-N,CHEMBL6002677,C=Cc1ccc(N)c(NC(=O)N2CCCC2)c1,5.515700160653214,1,0.0,17
RYXBGOSVEBUJFX-UHFFFAOYSA-N,CHEMBL6055385,Cn1cnc(C=CC(=O)Nc2ccccc2N)c1,5.522878745280337,2,0.0,18
RYYDWFXFHFUPRT-UHFFFAOYSA-N,CHEMBL6058785,CC(=O)Nc1ccc(C(=O)Nc2cc(F)ccc2N)cc1,6.815308569182401,1,0.0,21
RYYGSXXWQSXKRP-UHFFFAOYSA-N,CHEMBL2333346,O=C(NO)C1=CCCC1,6.195179321278838,1,0.0,9
RYYSFLYMIIWLMK-UHFFFAOYSA-N,CHEMBL5542610,O=C(NO)c1ccc(CN(Cc2ccccc2)C(=O)c2ccccc2)cc1,6.070581074285707,1,0.0,27
RYYXLRFVCKTODM-UHFFFAOYSA-N,CHEMBL5071788,CN1c2ccc(F)cc2C(=O)N2CCc3c([nH]c4ccc(OCc5cccc(C(=O)NO)c5)cc34)C21,5.721246399047171,1,0.0,36
RZBKGDSTLKCOCW-UHFFFAOYSA-N,CHEMBL3893822,Cc1ccc(Oc2ccc(Nc3ncnc4ccc(-c5cn(CCCCCCC(=O)NO)nn5)cc34)cc2C)cn1,8.2839966563652,1,0.0,41
RZEKVGVHFLEQIL-UHFFFAOYSA-N,CHEMBL118,Cc1ccc(-c2cc(C(F)(F)F)nn2-c2ccc(S(N)(=O)=O)cc2)cc1,5.926281649653877,1,0.0,26
RZPJUWCDCDTEMF-UHFFFAOYSA-N,CHEMBL2047694,CSc1ccc(CC(=NO)C(=O)NCCS)cc1Br,9.318758762624412,1,0.0,19
RZQMLTKBWRSHHE-UHFFFAOYSA-N,CHEMBL5182385,COc1cc2nc(NCCCCCC(=O)NO)nc(NC3CCN(C)CC3)c2cc1OC,8.886056647693163,1,0.0,32
RZSIJWVTQUWZQN-UHFFFAOYSA-N,CHEMBL5754429,Nc1ccc(-c2cccs2)cc1NC(=O)C1CC(=O)C1,6.255707016877324,1,0.0,20
RZSPCZCEYFAKGF-UHFFFAOYSA-N,CHEMBL481211,Nc1ccccc1NC(=O)c1ccc(CNc2cncc(-c3cccnc3)n2)cc1,6.958607314841775,1,0.0,30
RZTXYPVRZUAXEW-UHFFFAOYSA-N,CHEMBL3648317,CN1CNc2cc(C=CC(=O)NO)ccc21,5.853871964321762,1,0.0,16
RZUFVMUYNQBONC-UHFFFAOYSA-N,CHEMBL3670675,Nc1ccccc1NC(=O)c1ccc(CNC(=O)c2[nH]c(-c3ccc(O)cc3)cc2-c2ccoc2)cc1,6.478861916295964,1,0.0,37
RZVYEZFQIVSQNF-UHFFFAOYSA-N,CHEMBL4455057,Cc1nn2ccccc2c1CCN1CCCC1c1ccc(C=CC(=O)NO)cc1,9.221848749616356,1,0.0,29
RZYYRNCRJHLOOR-UHFFFAOYSA-N,CHEMBL4744442,Cc1cccc(Cc2cn(CCCCCC(=O)NO)c3ccc(-c4c(C)noc4C)cc23)c1,6.653647025549361,1,0.0,33
SAESERORIVMSPN-UHFFFAOYSA-N,CHEMBL3287253,CC(C)c1sc(-c2nccs2)nc1C(=O)NCCCCC(=O)NO,6.468521082957745,1,0.0,24
SAGBQJSHALQUTJ-UHFFFAOYSA-N,CHEMBL5841822,Cc1cc(NCc2ccc(-c3noc(C(F)(F)F)n3)cn2)on1,6.031517051446064,1,0.0,23
SAJWMIHNHHGFQV-UHFFFAOYSA-N,CHEMBL4748244,CCC(=O)CCCCCC(NC(=O)C1CC12CCN(C)CC2)c1[nH]c(-c2ccc(F)cc2)nc1C(N)=O,9.221848749616356,1,0.0,37
SAMAUVZSGFBMKG-UHFFFAOYSA-N,CHEMBL3593309,Nc1ccccc1NC(=O)c1ccc(CCNC(=O)C=Cc2c[nH]c3ccccc23)cc1,6.772113295386326,1,0.0,32
SANFIDZQPFQQAK-UHFFFAOYSA-N,CHEMBL5423629,Nc1nn(-c2cccnc2)nc1C(=O)NCc1ccc(C(=O)NO)cc1,7.958607314841775,1,0.0,26
SARHXDDKSAAZIO-UHFFFAOYSA-N,CHEMBL5989242,CS(=O)(=O)N1CC(C(=O)N(Cc2ccc(-c3noc(C(F)(F)F)n3)cn2)c2cccc(F)c2)C1,6.552841968657781,1,0.0,34
SARITOSNTXOTTR-UHFFFAOYSA-N,CHEMBL3689785,CCCCCCc1nc2cc(C=CC(=O)NO)ccn2c1NCCC(=O)NCCSC,7.136677139879544,1,0.0,31
SARXQRPLWDIZLZ-UHFFFAOYSA-N,CHEMBL5618912,CNCCOc1ccc(-c2cc(=O)c3cc(OCCCCCC(=O)NO)cc(O)c3o2)cc1,7.522878745280337,1,0.0,33
SASWVDSNDIXBIU-UHFFFAOYSA-N,CHEMBL4176702,Nc1ccccc1NC(=O)C=Cc1ccc(CNC2CC2c2ccccc2)cc1,6.503070351926786,1,0.0,29
SAVUDVYKBKFKRL-UHFFFAOYSA-N,CHEMBL4782066,O=C(CCCCCCC(=O)Nc1n[nH]c2cc(-c3cccc(C(F)(F)F)c3)ccc12)NO,8.602059991327963,1,0.0,32
SAWJBDKOKXSARH-UHFFFAOYSA-N,CHEMBL6133433,CCCNNC(=O)c1ccc(Cn2c3ccccc3c3c(-c4ccccn4)nc4ccccc4c32)cc1,5.167491087293763,1,0.0,37
SAXRXUSVNKFNJC-UHFFFAOYSA-N,CHEMBL4464003,CCC(Nc1ncnc2[nH]cnc12)c1nc2cccc(CNC(=O)c3ccc(C(=O)NO)cc3)c2c(=O)n1-c1ccccc1,5.073966403321156,1,0.0,44
SAYCIHPRHGPSJI-UHFFFAOYSA-N,CHEMBL5923179,Cc1ccc(CCCC(=O)Nc2ccc(C(=O)Nc3ccc(F)cc3N)nc2)cn1,6.431798275933005,1,0.0,30
SAYYBXPMTQQSCX-UHFFFAOYSA-N,CHEMBL3698525,O=C(Cc1ccc(CCCCc2ccc(C(F)(F)F)cc2)cc1)NO,6.154901959985743,1,0.0,25
SAZKVZYUJRPYFI-UHFFFAOYSA-N,CHEMBL3769820,O=C(NO)c1coc(-c2ccc3ccccc3c2)n1,4.913284336055118,1,0.0,19
SAZYUSNRLANPTC-UHFFFAOYSA-N,CHEMBL4288220,CCC(CCCC(=O)Nc1ccccc1)CCC(=O)NO,5.356547323513812,1,0.0,21
SBDPIFKTWGXZSE-UHFFFAOYSA-N,CHEMBL6013392,O=C(COc1cc(-c2noc(C(F)(F)F)n2)ccn1)N1CCOCC1,5.657577319177793,1,0.0,25
SBDYWGJLVKTMOT-UHFFFAOYSA-N,CHEMBL6133082,O=C(CCCCCCCC(=O)NC1CC1c1ccccc1)NO,10.086186147616283,1,0.0,23
SBEQYIIXOJFYBD-UHFFFAOYSA-N,CHEMBL5923575,Nc1ccc(-c2ccc(Cl)s2)cc1NC(=O)N1CCCC1,7.301029995663981,1,0.0,21
SBFYCTBUKVTFCR-UHFFFAOYSA-N,CHEMBL5930611,CC(=O)N1CCCCC1COC(=O)Nc1cc(-c2cccs2)ccc1N,4.755722879198157,1,0.0,26
SBKCBHGSQFRBLA-UHFFFAOYSA-N,CHEMBL3287263,O=C(CCCCNC(=O)c1nc(-c2nccs2)sc1CCOCc1ccccc1)NO,7.301029995663981,1,0.0,31
SBKJRDAJADZOCH-UHFFFAOYSA-N,CHEMBL3827055,Nc1ccc(-c2ccc(F)cc2)cc1NC(=O)C1CC2CCC(C1)O2,6.277665384530738,2,0.8780667735314243,25
SBLNQDAYHCHDTN-UHFFFAOYSA-N,CHEMBL5270048,OC1(c2ccccc2)C=C(c2ccccc2)CO1,5.562249437179612,1,0.0,18
SBMGJAVTUPAYSP-UHFFFAOYSA-N,CHEMBL406650,O=C(CCCCCC(=O)N(CC(=O)Nc1cccc2cccnc12)CC(=O)Nc1cccc2cccnc12)NO,7.576754126063192,1,0.0,40
SBNOWXXHMKPULR-UHFFFAOYSA-N,CHEMBL4862662,COc1cc2nc(-c3ccc(C)o3)cc(NC3CCN(c4ncc(C(=O)NO)cn4)CC3)c2cc1OC,7.200659450546418,1,0.0,37
SBNXXJTYVPQBQZ-UHFFFAOYSA-N,CHEMBL6024151,Nc1ccc(C2=CCCCC2)cc1NC(=O)C1CCOCC1,4.755722879198157,1,0.0,22
SBQJLLWAAWPJEA-UHFFFAOYSA-N,CHEMBL6165696,CCNNC(=O)c1ccc(CNC(=O)c2ccc(OCc3cn(CCCCCCNc4cc5c(cc4F)C(=O)N(C4CCC(=O)N(C)C4=O)C5=O)nn3)cc2)cc1,5.630784142589857,1,0.0,57
SBSXFASFHOVIDA-UHFFFAOYSA-N,CHEMBL4522149,Cc1ccc(NC(=O)CCN(Cc2ccc(C(=O)NO)cc2)C(=O)c2ccc(N(C)C)cc2)cc1,7.889410289700751,1,0.0,35
SBTGNYZKHDYVIO-UHFFFAOYSA-N,CHEMBL4748203,O=C(NC(CCCCNC(=O)c1ccccc1-n1cccc1)c1ncc(-c2ccc3ccccc3c2)[nH]1)c1cncs1,4.585026652029182,1,0.0,42
SBVUMVNNMLZQMY-UHFFFAOYSA-N,CHEMBL3417211,COc1cc2c(c(OC)c1OC)-c1ccc(OC)c(=O)cc1C(NC(=O)c1cccc(C(=O)Nc3ccccc3N)c1)CC2,5.016824927962187,1,0.0,44
SCAMUXWFQPVTJA-UHFFFAOYSA-N,CHEMBL4786837,CCNNC(=O)c1ccc(CNC(=O)C=Cc2ccccc2)cc1,7.530251605735019,2,0.00014724342636540655,24
SCBZGKBGTYYBPQ-UHFFFAOYSA-N,CHEMBL3689848,CCCC(C)CN(CC)Cc1c(C(C)(C)C)nc2cc(C=CC(=O)NO)ccn12,6.327902142064282,1,0.0,29
SCCJOEOENYEKKI-UHFFFAOYSA-N,CHEMBL5406191,O=C(NO)c1ccc(CNC(=O)c2ccnc(-c3ccc(N4CCOCC4)c(Cl)c3)c2)cc1,8.718966632752272,1,0.0,33
SCDNMWMDUGGGSO-UHFFFAOYSA-N,CHEMBL5178339,NC1=C(CCCc2ccccc2)C(=O)N(Cc2ccc(C(=O)Nc3ccccc3N)cc2)C2=NCCN21,7.174573882232177,1,0.0,37
SCENVWOPYPGNEC-UHFFFAOYSA-N,CHEMBL5440015,CN(C)c1ccc(-n2nc(N)c(C(=O)NCc3ccc(C(=O)Nc4ccccc4N)cc3)n2)cc1,7.1938200260161125,1,0.0,35
SCESJGHIRHHUMV-UHFFFAOYSA-N,CHEMBL5170598,C#CCN(C)CCCOc1cc(NC(=O)CCCCCCC(=O)NO)ccc1Cl,7.522878745280337,1,0.0,29
SCHKQNOMUHQIJH-UHFFFAOYSA-N,CHEMBL4454331,COc1ccccc1CNCc1ccc(C=CC(=O)NO)cc1,6.214670164989233,1,0.0,23
SCJHIANVXFDJFN-UHFFFAOYSA-N,CHEMBL2385958,COc1cc2c(c(OC)c1OC)-c1ccc(OC)c(=O)cc1C(NC(=O)CCCC(=O)NO)CC2,5.018634490921455,1,0.0,35
SCKGXEPOGMMURF-UHFFFAOYSA-N,CHEMBL3287259,O=C(CCCCNC(=O)c1nc(-c2nccs2)sc1-c1ccc(F)cc1Cl)NO,6.309803919971486,1,0.0,29
SCLRZGNAIQFJNT-UHFFFAOYSA-N,CHEMBL4793324,Cn1cc(-c2ccccc2Oc2ccccc2)c2cc(C(=O)NCc3ccc(C(=O)NO)cc3)[nH]c2c1=O,6.773657912836369,1,0.0,38
SCOMZOBAHQZRAU-UHFFFAOYSA-N,CHEMBL6092075,C=C1C(=O)OC2CC3(C)CCC(OC(=O)C(Cc4ccccc4)NC(=O)c4ccc(C(=O)Nc5ccccc5N)cc4)C(=C)C3CC12,6.205860644232226,1,0.0,47
SCRWACFWFJCVQP-UHFFFAOYSA-N,CHEMBL5618522,CC(C)(C)NC(=O)CN(Cc1ccc(C(=O)NO)cc1)C(=O)c1ccc2ccccc2n1,6.1249387366083,1,0.0,32
SCSHBEROSVMMGX-UHFFFAOYSA-N,CHEMBL4175964,CS(=O)(=O)Nc1ccc(-c2ccnc(Nc3ccc(N4CCC(C(=O)NCCCC(=O)NO)CC4)cc3)n2)cc1,5.036212172654444,1,0.0,40
SCUBCNUVUMVMKO-UHFFFAOYSA-N,CHEMBL5427739,CN(C)Cc1ccccc1-c1ccc(=O)n(Cc2ccc(C(=O)Nc3ccccc3N)cc2)n1,6.613144470815276,1,0.0,34
SCUBZXXAIAWFNU-UHFFFAOYSA-N,CHEMBL490722,O=C(O)CCn1c(CCc2ccccc2)nc2cc(C=CC(=O)NO)ccc21,5.655607726314889,3,0.0,28
SCUQOPLYMBNYRP-UHFFFAOYSA-N,CHEMBL4206987,O=C(CCN1CCc2ccccc2C1c1cccc2ccccc12)NO,5.619788758288394,1,0.0,26
SCZTZKHHRWDIJY-UHFFFAOYSA-N,CHEMBL4161650,CC(C(=O)Nc1ccc(C(=O)Nc2ccc(F)cc2N)cc1)c1ccccc1,5.619788758288394,2,0.2498774732165998,28
SDASCCZKEYGRNJ-UHFFFAOYSA-N,CHEMBL5766431,CN1C(=Cc2ccccc2)N(O)c2cc(C=CC(=O)NO)ccc21,7.207608310501746,1,0.0,24
SDBDWFGOZRAMHD-UHFFFAOYSA-N,CHEMBL5094717,Nc1ccccc1NC(=O)CCCCCCNc1nn2c(=O)c3cc(Br)ccc3nc2c2ccccc12,6.950781977329818,1,0.0,37
SDBLMAGBFSJKHB-UHFFFAOYSA-N,CHEMBL1089343,Cc1[nH]c2ccccc2c1C1CCCN(Cc2ccc(C=CC(=O)NO)cc2)C1,8.221848749616356,1,0.0,29
SDIVUCIYBAWAQP-UHFFFAOYSA-N,CHEMBL4170768,CCCCN(Cc1ccc(C(=O)NO)cc1)C(=O)Nc1ccc2cn[nH]c2c1,6.142064735280571,3,0.0,28
SDJHTGQDBHOUKD-UHFFFAOYSA-N,CHEMBL5190051,Nc1ccccc1NC(=O)c1ccc(CN2CCCC(=Cc3ccccc3)C2=O)cc1,6.709297756712146,1,0.0,31
SDJVWHNPHYESEA-UHFFFAOYSA-N,CHEMBL4780974,CCC(=O)CCCCCC(NC(=O)C1CC12CCN(CC)CC2)c1ncc(C2=CCC(C)N=C2OC)[nH]1,7.853871964321762,1,0.0,37
SDKDHWSLBWUKEW-UHFFFAOYSA-N,CHEMBL3648298,O=C(C=Cc1ccc2c(c1)nc(CCc1ccccc1)n2CCO)NO,6.2441251443275085,3,0.0,26
SDOJRNSWDIQVEP-UHFFFAOYSA-N,CHEMBL3655958,O=C(NO)c1cnc(NC2(c3ccc(F)cc3)CC2)nc1,7.327902142064282,1,0.0,21
SDUPMHRZOIKWFI-UHFFFAOYSA-N,CHEMBL4092997,CCN(CC)CCNC(=O)c1ccc(-c2cn(CCCCCCC(=O)NO)nn2)cn1,7.769551078621726,1,0.0,31
SDVRJMHVMXPKQZ-UHFFFAOYSA-N,CHEMBL2425964,CC(C)c1nc2cc(C=CC(=O)NO)ccc2c(=O)n1CCc1ccccc1,6.410050398674292,1,0.0,28
SDWFNMKCYSZIRT-UHFFFAOYSA-N,CHEMBL4468089,COc1ccc(N(Cc2cccc(C(=O)NCCc3ccc(F)cc3)c2)C(=O)CCCCCC(=O)NO)cc1,8.638272163982407,1,0.0,39
SDZXUSAPQJVRCQ-UHFFFAOYSA-N,CHEMBL3655908,O=C(NO)c1cnc(Nc2cc(Cl)cc(C(F)(F)F)c2)nc1,6.287350298372789,1,0.0,22
SECVDVLEPFNKCJ-UHFFFAOYSA-N,CHEMBL5169338,Nc1nc(-c2ccco2)c2cnn(CCCCCCCC(=O)NO)c2n1,8.031517051446064,1,0.0,26
SEHZWARTKKUTQR-UHFFFAOYSA-N,CHEMBL3417292,COc1cc2c(c(OC)c1OC)-c1ccc(OC)c(=O)cc1C(NCc1cccc(C(=O)Nc3cc(-c4cccs4)ccc3N)c1)CC2,4.5934598195660445,1,0.0,48
SEJGBORHWFBJMN-UHFFFAOYSA-N,CHEMBL5911781,CC1(Nc2ncc(C(=O)Nc3cc(-c4cccs4)ccc3N)cn2)CCN(C(=O)N2CCC(F)(F)CC2)CC1,7.721246399047171,1,0.0,39
SELDFFFQCMDDJR-UHFFFAOYSA-N,CHEMBL4460552,CC(NC(=O)c1nc(-c2ncc(-c3ccccc3)s2)sc1C1CC1)c1ccc(C(=O)NO)cc1,8.421422780046859,2,0.04696554274964271,34
SELGXBNMBHOLEF-UHFFFAOYSA-N,CHEMBL467679,CCC(=O)CCCCCC(NC(=O)C1CCN(C)CC1)c1ncc(-c2ccc3ccccc3n2)[nH]1,7.657577319177793,1,0.0,35
SESHPLZYGKLVQO-UHFFFAOYSA-N,CHEMBL3827881,CC(C)n1c(CN(C)c2ncc(C(=O)NO)cn2)nc2c(N3CCOCC3)nc(-c3ccc(N)cc3)nc21,6.782516055786093,1,0.0,38
SEVGOOROBLVJGK-UHFFFAOYSA-N,CHEMBL3218000,C#Cc1cccc(Nc2ncnc3ccc(OCc4ccc(C(=O)Nc5ccccc5N)cc4)cc23)c1,7.3872161432802645,1,0.0,37
SEVUKGHVNCTVJB-UHFFFAOYSA-N,CHEMBL6160001,COc1ccc(C=C2Sc3ccc(C(=O)NO)cc3C2=O)cc1,6.523120154133386,2,0.028963695935317446,23
SEVVZENTZSYDDR-UHFFFAOYSA-N,CHEMBL4060953,CCOc1cc(NC(=O)CCCCCC(=O)Nc2cc(-c3ccccc3)ccc2N)cc2c1OCC([N+](=O)[O-])=C2,6.892790030352131,1,0.0,40
SEXLEEQQVYCAEO-UHFFFAOYSA-N,CHEMBL4242465,CCc1c2c(nc3ccc(O)cc13)-c1cc3c(c(=O)n1C2)COC(=O)C3(CC)OC(=O)CCCCCCCCCC(=O)NO,5.209011524911184,1,0.0,44
SEYPQAFEPPFVGA-UHFFFAOYSA-N,CHEMBL4073888,Cc1c(CN(C)C)c2ccccc2n1S(=O)(=O)c1cccc(C=CC(=O)NO)c1,5.732828271596986,1,0.0,29
SEYQQVKFMOLZCN-UHFFFAOYSA-N,CHEMBL3670674,Nc1ccccc1NC(=O)c1ccc(CNC(=O)c2[nH]c(-c3ccsc3)cc2-c2ccc(O)cc2)cc1,6.653647025549361,1,0.0,37
SEZOFXSIPYDBSM-UHFFFAOYSA-N,CHEMBL5563092,CC(COCCC(=O)N1CCN(c2ncc(NC(=O)CCCCCC(=O)NO)cn2)CC1)Nc1cn[nH]c(=O)c1C(F)(F)F,7.015472686656207,1,0.0,44
SFAXIIRLEIWVMY-UHFFFAOYSA-N,CHEMBL4524784,CCCCCCCC(=O)SCCC=C(F)C1CC(=O)NCc2nc(cs2)C2=NC(C)(CS2)C(=O)NC(C(C)C)C(=O)O1,6.414539270491499,1,0.0,42
SFICPVORFVXNPV-UHFFFAOYSA-N,CHEMBL4162183,COc1cc2ccn(CCOc3cccc(NC(=O)CCCCCCC(=O)NO)c3)c2c(OC)c1OC,7.954677021213342,1,0.0,37
SFJIWDMUUXXASN-UHFFFAOYSA-N,CHEMBL241757,Nc1ccccc1NC(=O)c1ccc(Cn2cnc3ccsc3c2=O)cc1,6.698970004336019,1,0.0,27
SFJVHQWSJVNPJT-UHFFFAOYSA-N,CHEMBL5930554,Cc1noc(C2CCCCN2c2ncc(-c3noc(C(F)(F)F)n3)cc2Cl)n1,5.045757490560675,1,0.0,28
SFMNWYGDIXMZNK-UHFFFAOYSA-N,CHEMBL5193136,O=C(NO)c1ccc(CCCN2CCN(C(c3ccccc3)c3ccccc3)CC2)cc1,5.42021640338319,1,0.0,32
SFNYKRMDUSJHDX-UHFFFAOYSA-N,CHEMBL5741285,Nc1ccc(-c2cccs2)cc1NC(=O)OCc1ccncc1,6.255707016877324,1,0.0,23
SFSNVFCNLQLQLX-UHFFFAOYSA-N,CHEMBL4744985,C=CC(=O)Nc1cc2c(Nc3ccc(F)c(Cl)c3)ncnc2cc1OCc1cn(CCCCC(=O)NO)nn1,6.534617148551582,1,0.0,39
SFSSMGSFESHVQM-UHFFFAOYSA-N,CHEMBL154302,Cc1ccc(C(=O)NO)cc1,5.248566918180653,1,0.0,11
SFUBGQMBVDXPJZ-UHFFFAOYSA-N,CHEMBL471495,O=C(C=Cc1ccc(C=CC(=O)c2ccc(Cl)cc2Cl)o1)NO,5.367542707815275,1,0.0,23
SFUUBNUWRJHSLA-UHFFFAOYSA-N,CHEMBL3288488,Cc1ccc(-c2csc(NC(=O)CCCCCCS)n2)cc1F,7.301029995663981,1,0.0,23
SFWOOCPEXAPROJ-UHFFFAOYSA-N,CHEMBL3655917,O=C(NO)c1cnc(NCc2cccc(Cl)c2)nc1,7.698970004336019,1,0.0,19
SFYGBVJAWPTPMZ-UHFFFAOYSA-N,CHEMBL5170945,COc1cc(OC)cc(N(CCNC(C)C)c2ccc3ncc(-c4cnn(CCc5ccc(C(=O)NO)cc5)c4)nc3c2)c1,7.161150909262744,1,0.0,44
SFYLADBQGNFSOV-UHFFFAOYSA-N,CHEMBL4747126,CC(C)Oc1ccc(C(C)(C)O)cc1-c1cn(C)c(=O)c2[nH]c(C(=O)NCc3ccc(C(=O)Nc4ccccc4N)cc3)cc12,7.224025668870631,1,0.0,45
SFZMTNSPHWOSDY-UHFFFAOYSA-N,CHEMBL4224911,CCc1cc(-c2ccc(F)cc2)nn1Cc1ccc(C(=O)NO)cc1,6.3124710387853655,1,0.0,25
SGAZDZWXGBEXMI-UHFFFAOYSA-N,CHEMBL461173,CC(C)Cc1nc2cc(CCC(=O)NO)ccc2n1CCCO,4.309272456129633,3,0.0,23
SGDSORAAJXVVRX-UHFFFAOYSA-N,CHEMBL5279348,O=C(CCCCCCNCc1ccc(-c2ccccc2)s1)NO,7.318758762624412,1,0.0,23
SGNXXSGLTVQOEK-UHFFFAOYSA-N,CHEMBL6034330,Cn1c(CCc2ccccc2)nc2ccc(C=CC(=O)NO)cc21,6.417936637088291,2,0.0,24
SGOGIXHCDAPIGF-UHFFFAOYSA-N,CHEMBL5860896,CCc1cc2c(cn1)CN(C(=O)Nc1nc(-c3cccnc3)ccc1N)C2,6.212984366136141,2,0.6197887582883936,27
SGOSASKQKSVCED-UHFFFAOYSA-N,CHEMBL5919684,O=C(Cn1cnc2ccccc21)N(Cc1ccc(-c2noc(C(F)(F)F)n2)cc1)c1cccc(C(F)(F)F)c1,5.376750709602099,1,0.0,39
SGTKTGFQXONNJX-UHFFFAOYSA-N,CHEMBL4758664,Cn1cc(-c2cccc(F)c2)c2cc(C(=O)NCc3ccc(C(=O)Nc4ccccc4N)cc3)[nH]c2c1=O,7.274905478918531,1,0.0,38
SGVOJKUIHKSUJT-UHFFFAOYSA-N,CHEMBL214271,COc1cc(NCc2ccc(C=CC(=O)Nc3ccccc3N)cn2)cc(OC)c1OC,5.522878745280337,1,0.0,32
SGYJGGKDGBXCNY-UHFFFAOYSA-N,CHEMBL6092022,CC1(C)NC(=O)C(CCCCCC(=O)C2CO2)NC(=O)C2CCCN2C(=O)C(Cc2ccccc2)NC1=O,5.958607314841775,1,0.0,38
SGZGIIHLJURJIM-UHFFFAOYSA-N,CHEMBL385626,COc1ccc2[nH]c(C)c(CC(=O)NC(CCCCCC(C)=O)C(=O)NCc3c(C)[nH]c4ccccc34)c2c1,6.251811972993799,1,0.0,39
SGZYQEHMEGKVMD-UHFFFAOYSA-N,CHEMBL5404427,Cc1nc2ccc(C=CCC(=O)NO)cc2c(=O)n1-c1ccccc1,4.761953896871205,1,0.0,25
SHDRHSLLGSWURU-UHFFFAOYSA-N,CHEMBL5894392,CCC(=O)N1CCN(S(=O)(=O)N(Cc2ccc(-c3nnc(C(F)F)o3)cc2F)c2ccccc2)CC1,7.508638306165727,1,0.0,36
SHDSJLJOOCLKPW-UHFFFAOYSA-N,CHEMBL5597640,Nc1ccccc1NC(=O)c1ccc(OCCCOc2ccc3c(OCCn4nc(-c5cn[nH]c5)ccc4=O)ccnc3c2)cn1,7.42021640338319,1,0.0,46
SHHSHWFFZXJAPS-UHFFFAOYSA-N,CHEMBL3664048,CC(C)OC(=O)NCc1ccc(C(=O)Nc2cc(-c3cccs3)ccc2N)cc1,7.721246399047171,1,0.0,29
SHOQREDQWLKOGV-UHFFFAOYSA-N,CHEMBL4093350,O=C(C=Cc1ccc(CCNC(=O)c2c[nH]c3ncccc23)cc1)NO,7.843148098929989,1,0.0,26
SHWBIBURMMWDKZ-UHFFFAOYSA-N,CHEMBL4787267,Nc1ncc(-c2nc(N3CCOCC3)c3ncn(CCCCCCC(=O)NO)c3n2)cn1,8.638272163982407,1,0.0,32
SHWPZMQDQWZRPX-UHFFFAOYSA-N,CHEMBL6188394,CCCNNC(=O)c1ccc(NC(=O)c2cnc(-c3ccccc3C)s2)cc1,5.790484985457369,1,0.0,28
SHZDDDMVFPGXKW-UHFFFAOYSA-N,CHEMBL4283105,O=C(NO)c1ccc(Cn2c3c(c4cc(F)ccc42)C[S+]([O-])CC3)cc1,5.026872146400301,1,0.0,26
SHZHEPRQYIFIJE-UHFFFAOYSA-N,CHEMBL3808986,CNC(=O)CCCCCC(NC(=O)C12CCN(CC1)CC2)c1ncc(-c2ccc3ccccc3c2)[nH]1,6.468521082957745,1,0.0,36
SIAHWSSTPPXGSH-UHFFFAOYSA-N,CHEMBL4748100,COc1cc2c(Oc3ccc(NC(=O)c4nn(-c5ccccc5)cc(C)c4=O)cc3)ccnc2cc1OCCCCCCC(=O)NO,7.468138050904191,1,0.0,47
SIAORXMCCJMMQI-UHFFFAOYSA-N,CHEMBL3692630,O=S(=O)(Nc1ccccc1)c1ccc(-c2noc(C(F)(F)F)n2)cc1,5.154901959985743,1,0.0,25
SICQJFVWERAEQV-UHFFFAOYSA-N,CHEMBL5619314,Cn1cc(C(=O)N(CC(=O)NCc2ccccc2)Cc2ccc(C(=O)NO)cc2)c2ccccc21,8.154901959985743,1,0.0,35
SIENTSAPLQGLGF-UHFFFAOYSA-N,CHEMBL4745088,CCC(=O)CCCCCC(NC(=O)C1CC12CCN(C)CC2)c1ncc(-c2cnc3ccccc3c2)[nH]1,9.045757490560675,3,0.3891660843645326,37
SIEVVDPSPBNVMH-UHFFFAOYSA-N,CHEMBL4863394,COc1cc2nc(-c3ccc(C)o3)cc(NCc3ccc(C(=O)NO)cc3)c2cc1OC,7.853871964321762,1,0.0,32
SIFPUGLXNQJRKW-UHFFFAOYSA-N,CHEMBL5946704,CC(=O)N1C(C)CN(S(=O)(=O)N(Cc2ccc(-c3nnc(C(F)F)o3)cn2)c2ccccc2)CC1C,7.585026652029182,1,0.0,36
SIIPSHJEGRKPEI-UHFFFAOYSA-N,CHEMBL5083330,O=C(CCCCCn1cc(Nc2ncc3ccn(Cc4ccccc4F)c3n2)cn1)NO,6.8395314688809625,1,0.0,32
SIOPLBTXYBHEDL-UHFFFAOYSA-N,CHEMBL6159751,COc1cc(-c2ccc3cc(OCCCCCCC(=O)NO)ccc3n2)cc(OC)c1OC,7.1558335895497995,1,0.0,33
SIPXZVBYDZYCJQ-UHFFFAOYSA-N,CHEMBL3884552,COC(=O)Cc1c(C)n(Cc2ccc(-c3cn(CCCCCC(=O)NO)nn3)cc2)c2ccc(OC)cc12,6.109020403010311,1,0.0,38
SIQBLLZQOYYRSQ-UHFFFAOYSA-N,CHEMBL5194282,CC1(C)C(=O)N(c2ccc(C#N)c(C(F)(F)F)c2)C(=S)N1CCCCCC(=O)NO,5.876148359032914,1,0.0,30
SIRNCVDOMIOFAK-UHFFFAOYSA-N,CHEMBL4474656,CN(C)c1ccc(C(=O)N(CC(=O)NCc2ccccc2)Cc2ccc(C(=O)Nc3ccccc3N)cc2)cc1,7.161150909262744,3,0.25906549412044555,40
SITDVMGRGUKXIB-UHFFFAOYSA-N,CHEMBL4456371,COc1cccc(-c2nc(NCc3ccc(C=CC(=O)NO)cc3)cc3c2[nH]c2ccccc23)c1,8.744727494896694,1,0.0,35
SITOVBQRJFGXTE-UHFFFAOYSA-N,CHEMBL4790624,O=C(NO)c1ccc(CNC(=O)N2CCC3(CC2)CN(Cc2ccccc2)c2ccccc23)cc1,5.443697499232712,1,0.0,35
SIVQAJFJGFUWAB-UHFFFAOYSA-N,CHEMBL3758445,O=C(NCCCCCCS)c1cc(-c2ccc(F)cc2)n(CCCCO)n1,6.356547323513812,1,0.0,27
SIXNJFZZFYJZMX-UHFFFAOYSA-N,CHEMBL5915648,Cc1ccc(NCc2ccc(-c3noc(C(F)(F)F)n3)cn2)nn1,5.853871964321762,1,0.0,24
SIZHTDBLXAPBAY-UHFFFAOYSA-N,CHEMBL566817,O=C(O)CCCCCC1NC(=O)C(Cc2c(F)c(F)c(F)c(F)c2F)NC(=O)CC(Cc2ccc(O)cc2)NC(=O)C(Cc2cccc3ccccc23)NC1=O,6.0,1,0.0,56
SJFTZOLNFLMULZ-UHFFFAOYSA-N,CHEMBL4847876,CCC(=O)CCCCCC1NC(=O)C2CCN2CCCCCCc2ccccc2-c2cnc1[nH]2,5.9907121582663745,2,0.9181189773570635,34
SJHLXQGXRUFBKJ-UHFFFAOYSA-N,CHEMBL5268943,O=C(CCCCCCNCc1ccc(F)cc1)NO,6.657577319177793,1,0.0,19
SJIIPGOCKAIKKA-UHFFFAOYSA-N,CHEMBL5218998,Cn1cc(-c2ccnc(Nc3ccc(NC(=O)CCCCCCC(=O)NO)cc3)n2)c2ccccc21,6.978810700930062,1,0.0,36
SJJXAPNKFPPUMF-UHFFFAOYSA-N,CHEMBL217781,COc1cccc(NC(=O)C(CCCCCC(C)=O)NC(=O)c2cncs2)c1,7.481486060122112,1,0.0,28
SJKCAVNLLOXGJL-UHFFFAOYSA-N,CHEMBL2408778,Nc1ncnc2c1c(-c1ccc(Cl)cc1)nn2-c1cccc(-c2cnnn2CCCCCC(=O)NO)c1,7.0655015487564325,1,0.0,37
SJUIJVLRPWAUNU-UHFFFAOYSA-N,CHEMBL3655923,O=C(NO)c1cnc(NCc2cccc(C(F)(F)F)c2)nc1,7.42021640338319,1,0.0,22
SJVXQHLHSHMJCL-UHFFFAOYSA-N,CHEMBL5432519,Cc1ccc(-c2cnc(C(=O)NCCCCCC(=O)NO)o2)cc1,6.515415470717157,1,0.0,24
SJWAWEBYTNFJHK-UHFFFAOYSA-N,CHEMBL6037325,FC(F)(F)c1nc(-c2ccc(COc3nccc4nccn34)nc2)no1,6.004364805402449,1,0.0,26
SKBWGAWCOQBGQJ-UHFFFAOYSA-N,CHEMBL254360,CN1CCC(c2ccc(C(=O)Nc3ccccc3N)cc2)CC1,6.859995049380551,1,0.0,23
SKCJIWIZWSBRBA-UHFFFAOYSA-N,CHEMBL5170088,CC1(C)C(=O)N(c2ccc(C#N)c(C(F)(F)F)c2)C(=S)N1c1ccc(C(=O)Nc2cc(-c3ccccc3)ccc2N)cn1,5.621602099051863,1,0.0,43
SKDUGVKWEQCWQY-UHFFFAOYSA-N,CHEMBL5191916,COc1cc(OC)cc(N(CCCCCCC(=O)NO)c2ccc3ncc(-c4cnn(C)c4)nc3c2)c1,8.236572006437063,1,0.0,37
SKDZTSAUZMRMOV-UHFFFAOYSA-N,CHEMBL3689844,CCCCCN(CC)Cc1c(C(C)(C)C)nc2cc(C=CC(=O)NO)ccn12,6.886056647693163,1,0.0,28
SKERKVZQZGFZSS-UHFFFAOYSA-N,CHEMBL6030192,CN1CCN(S(=O)(=O)N(Cc2ccc(-c3nnc(C(F)(F)F)o3)cc2F)c2cccc(F)c2)CC1,7.136677139879544,1,0.0,35
SKKXPALSDIMLAB-UHFFFAOYSA-N,CHEMBL5802401,CC(C)(C)C(=O)Nc1cc(-c2cccs2)ccc1N,5.515700160653214,1,0.0,19
SKPOFHNZJWZCMX-UHFFFAOYSA-N,CHEMBL3809999,CNC(=O)CCCCCC(NC(=O)c1cncs1)c1ncc(-c2ccc(-c3cscn3)cc2)[nH]1,5.665546248849069,1,0.0,34
SKTBGPXTJPTFJR-UHFFFAOYSA-N,CHEMBL5410073,Cc1nnc2n1-c1ccccc1C(c1ccccc1)=NC2CC(=O)Nc1ccc(C=CC(=O)NO)cc1,7.0,1,0.0,37
SKWOXITZTDAWTM-UHFFFAOYSA-N,CHEMBL4530175,COc1ccc(C=C(C)C(=O)c2cc(OC)c(OC)c(OC)c2)cc1OCCCC(=O)NO,6.001740661576301,1,0.0,33
SKXYFGUIZANCOI-UHFFFAOYSA-N,CHEMBL5438446,Nc1ccccc1NC(=O)c1ccc(Cn2nc(-c3ccncc3)ccc2=O)cc1,7.086716098239582,1,0.0,30
SKZFNTOJPSTVDI-UHFFFAOYSA-N,CHEMBL5275184,CCCCNNC(=O)c1ccc(C(C)(C)C)cc1,6.721246399047171,1,0.0,18
SKZIIQNJKUDXEX-UHFFFAOYSA-N,CHEMBL270149,Nc1nc(NCc2ccc(C(=O)Nc3ccccc3N)cc2)nc(NC2CCCC2)n1,6.698970004336019,1,0.0,31
SKZJYAADQQZPGE-UHFFFAOYSA-N,CHEMBL485722,CC(=O)CCCCCC(NC(=O)CCN1CC2CCC1C2)c1ncc(-c2ccccc2)[nH]1,6.657577319177793,1,0.0,32
SLARRDVFWGBXGX-UHFFFAOYSA-N,CHEMBL1099095,COc1ccc(-n2c(-c3cccc(C=CC(=O)NO)c3)nc3ccccc32)cc1,7.3979400086720375,1,0.0,29
SLAZSKUYTGFSHH-UHFFFAOYSA-N,CHEMBL4238303,CCc1c2c(nc3ccc(O)cc13)-c1cc3c(c(=O)n1C2)COC(=O)C3(CC)OC(=O)CCCCCCCCCCC(=O)NO,4.898940645091884,1,0.0,45
SLJOXEBDYVMYBF-UHFFFAOYSA-N,CHEMBL5809380,Nc1ccc(-c2ccccc2)cc1NC(=O)c1cc(N2CCNCC2)cs1,6.5934598195660445,2,0.0,27
SLQMIYBDKPSYGO-UHFFFAOYSA-N,CHEMBL4214502,COc1ccc(C(=O)c2ccc3c(ccn3S(=O)(=O)c3ccc(C=CC(=O)NO)cc3)c2)cc1,5.145086977692145,1,0.0,34
SLQPKBLCLXMMNK-UHFFFAOYSA-N,CHEMBL5804061,Nc1ccc(C2=CCCC2)cc1NC(=O)C1CCOCC1,5.515700160653214,1,0.0,21
SLRDNKTWMOLICE-UHFFFAOYSA-N,CHEMBL5427815,CCOc1ccc(-n2nc(N)c(C(=O)NCc3ccc(C(=O)Nc4ccccc4N)cc3)n2)cc1,7.107905397309519,1,0.0,35
SLUYBBOKSBTOLT-UHFFFAOYSA-N,CHEMBL5840014,Cn1c(OCc2ccc(-c3noc(C(F)(F)F)n3)c(F)c2)nc2ccccc21,6.2839966563652006,1,0.0,28
SLZXMFIZCYCHGG-UHFFFAOYSA-N,CHEMBL5422333,COc1cccc(-c2cnc(C(=O)NCCCCCCC(=O)NO)s2)c1,7.140861702705469,1,0.0,26
SMAYWZHSKYXLTQ-UHFFFAOYSA-N,CHEMBL97003,Cn1c(=O)n(CCCCCC(=O)Nc2ccccc2N)c(=O)c2ccccc21,5.3979400086720375,1,0.0,28
SMAZYQRVLCYYEC-UHFFFAOYSA-N,CHEMBL516218,NS(=O)(=O)NCCCCC(NC(=O)OCc1ccc(Cl)cc1)C(=O)Nc1nc(-c2ccccc2)cs1,6.2441251443275085,1,0.0,36
SMBDQRHZJSKHND-UHFFFAOYSA-N,CHEMBL4439910,Nc1ccc(F)cc1NC(=O)c1ccc(CNC(=O)C=C2NC(=O)c3ccccc32)cc1,7.153044674980176,1,0.0,32
SMEMHQMUBAMSGT-UHFFFAOYSA-N,CHEMBL4790559,CC(C)c1cc(C(=O)N2Cc3ccc(NC(=O)CCCCCCC(=O)NO)cc3C2)c(O)cc1O,6.2564902352715706,1,0.0,35
SMENQUYPJUOFSH-UHFFFAOYSA-N,CHEMBL5809084,FC(F)(F)c1nc(-c2ccc(NCc3ccccc3)nn2)no1,5.102372908709558,1,0.0,23
SMOOVZMMNSPBHT-UHFFFAOYSA-N,CHEMBL472233,CC(=O)CCCCCC(NS(=O)(=O)c1cccc(C#N)c1)c1ncc(-c2ccccc2)[nH]1,6.958607314841775,1,0.0,32
SMQFPFXIHZOKAJ-UHFFFAOYSA-N,CHEMBL5087220,Nc1nc2c(cnn2CCCCCC(=O)NO)c2nc(-c3ccco3)nn12,7.568636235841012,1,0.0,27
SMQQYSHRKMGYNP-UHFFFAOYSA-N,CHEMBL4778689,O=C(CCCCCCC(=O)Nc1cnc(N(c2ccccc2)c2ccccc2)nc1)NO,6.896880746454286,1,0.0,32
SMSJBIDKIQNFIK-UHFFFAOYSA-N,CHEMBL5274303,CC(=O)Nc1ccc(-c2ccnc(NCc3ccc(OCCCCCC(=O)NO)cc3)n2)cc1,6.514278573518419,1,0.0,34
SMSQNJXFQKRJOS-UHFFFAOYSA-N,CHEMBL5192895,CCCCN(Cc1ccc(C(=O)NNCC)cc1)C(=O)Nc1ccccc1,6.467245621007502,1,0.0,27
SMTXKVURUPJKNQ-UHFFFAOYSA-N,CHEMBL2407717,Nc1ccccc1NC(=O)c1ccc(CNC2=NC(c3ccccc3)CS2)cc1,6.231657663689535,2,0.4002812244869407,29
SMXSRGXFRAQKHA-UHFFFAOYSA-N,CHEMBL6152299,Cc1c(F)c(N)cc(C(=O)Nc2cc(-c3ccc(NC(=O)c4ccc(C=CC(=O)NO)cc4)cc3)ccc2N2CCN(C)CC2)c1Cl,5.156144577376839,1,0.0,47
SMZDJOSANOVCSE-UHFFFAOYSA-N,CHEMBL5269954,CN1CCC2(CC1)c1ccccc1N(Cc1ccc(C(=O)NO)cc1)C2c1ccccc1F,5.314258261397736,1,0.0,33
SMZIGMZQDJBHEE-UHFFFAOYSA-N,CHEMBL5894154,O=S(=O)(N1CCNCC1)N(Cc1ccc(-c2nnc(C(F)F)o2)cc1F)c1cccnc1,7.0915149811213505,1,0.0,32
SNBONYSNCLHAOU-UHFFFAOYSA-N,CHEMBL4064947,CC(C)CC1(C(N)=O)NC(=O)CC1(C)O,5.431798275933005,1,0.0,15
SNFOCHJLZZJASN-UHFFFAOYSA-N,CHEMBL6149747,Cc1c(N)cccc1-c1cn(Cc2ccc(C=CC(=O)NO)cc2)c2ccc(C#N)cc12,7.958607314841775,1,0.0,32
SNHVOZMLLNYQLP-UHFFFAOYSA-N,CHEMBL5542451,Nc1ccccc1NC(=O)CCCCCC(=O)Nc1ccc(-c2ncc(CNc3ccccc3)s2)cc1,6.468521082957745,1,0.0,37
SNKHVLQDMDSYMB-UHFFFAOYSA-N,CHEMBL3916454,Nc1ccccc1NC(=O)CCCCCNS(=O)(=O)c1ccc(F)cc1,4.619788758288394,1,0.0,26
SNLJCHASPXRHNQ-UHFFFAOYSA-N,CHEMBL5081173,Nc1ccccc1NC(=O)c1ccc(CSc2nc(NC3CCNCC3)c3cccn3n2)cc1,6.30715308072277,1,0.0,34
SNLPPFAZSJSJSF-UHFFFAOYSA-N,CHEMBL4208901,O=C(CCCCCCNCc1ccccc1)NO,6.468521082957745,2,0.0,18
SNOZDSAKXKVXTD-UHFFFAOYSA-N,CHEMBL238596,CC1NC(=O)C(C)(C)NC(=O)C(CCCCCSSc2ccccn2)NC(=O)C2CCCN2C1=O,8.0268721464003,1,0.0,35
SNQFCZPXRUXUGN-UHFFFAOYSA-N,CHEMBL4465925,CNC(=O)c1cc(Oc2ccc(NC(=O)c3ccccc3)cc2)ccc1N,5.2083093509798815,1,0.0,27
SNWNJFDVAIFIDY-UHFFFAOYSA-N,CHEMBL4175450,Nc1cc(F)ccc1NC(=O)c1ccc(NC(=O)CCc2ccccc2)cn1,5.886056647693163,1,0.0,28
SNZOVRHSZUQNEC-UHFFFAOYSA-N,CHEMBL5560750,O=C(NO)c1ccc(Cn2c3c(c4ccccc42)C(=O)C(CN2CCN(c4ccc(F)cc4)CC2)CC3)cc1,5.276544327964814,1,0.0,39
SNZVLBZGHRYFIM-UHFFFAOYSA-N,CHEMBL3664100,CC(C)OCCCNCc1ccc(C(=O)Nc2cc(-c3ccccc3)ccc2O)cc1,7.022276394711152,1,0.0,31
SOEDYFXMMDHWHN-UHFFFAOYSA-N,CHEMBL5592712,CN1C(=O)CNC(=O)C1=Cc1ccc(NCc2ccc(C(=O)NO)cc2)cc1,7.910094888560602,1,0.0,28
SOFXANVWFFBJSR-UHFFFAOYSA-N,CHEMBL5286783,CCCCNNC(=O)c1ccc(Cl)cc1,5.474423738776309,2,0.09691001300805624,15
SOGLRFYVWLNDOX-UHFFFAOYSA-N,CHEMBL5219338,CCC(=O)CCCCCC(NC(=O)C1CC12CCN(CC)CC2)c1ncc(-c2ccc(-c3ccccc3)[nH]c2=O)[nH]1,9.318758762624412,1,0.0,41
SOKDPRRREPVZBP-UHFFFAOYSA-N,CHEMBL4761044,Cn1cc(-c2cc(C(C)(C)O)ccc2Oc2ccccc2)c2cc(C(=O)NCc3ccc(C(=O)Nc4ccccc4N)cc3)[nH]c2c1=O,6.6401645176601125,1,0.0,48
SOMDVJCUFVPZKM-UHFFFAOYSA-N,CHEMBL1290142,O=C(CCCCCn1c2ccccc2c2ccccc21)NO,5.183084050579017,2,0.6584241725145112,22
SONVWPLFNTVESG-UHFFFAOYSA-N,CHEMBL5563252,COc1cc(OC)c(C=CS(=O)(=O)Cc2ccc(OC)c(NCC(=O)NO)c2)c(OC)c1,7.944239535312265,1,0.0,32
SOQHGPLOGBSSPZ-UHFFFAOYSA-N,CHEMBL5934335,O=C(NO)c1ccc2oc(-c3ccccc3Cl)nc2c1,5.920818753952375,1,0.0,20
SOQPPTRKIZLQFU-UHFFFAOYSA-N,CHEMBL5560853,Nc1ccccc1NC(=O)CCCCCCCn1cc(-c2cccnc2)nn1,7.251037138743839,1,0.0,28
SOSNRCCDAFVEIX-UHFFFAOYSA-N,CHEMBL5559837,Cc1ncsc1-c1ccc(CNCC2CC(O)CN2C(=O)C(NC(=O)CCCCCCCCOCC(=O)Nc2ccc(C(=O)Nc3ccccc3N)cc2)C(C)(C)C)cc1,6.657577319177793,1,0.0,60
SOSXIBFYXLNQOM-UHFFFAOYSA-N,CHEMBL216176,COc1ccc2[nH]c(C)c(CC(=O)NC(CCCCCC(C)=O)C(=O)Nc3cccc(Cl)c3)c2c1,7.356547323513812,1,0.0,35
SOSXJHXYTVYMTE-UHFFFAOYSA-N,CHEMBL3759794,O=C(CCCCCC(=O)NN=Cc1ccc(-c2cccnc2)cc1)NO,8.958607314841775,1,0.0,26
SOTWTSGQNFCYMB-UHFFFAOYSA-N,CHEMBL4095398,O=C(CCCCN1C(=O)C(CCC(=O)NO)N=C(c2ccccc2)c2ccccc21)NO,4.824778199656947,1,0.0,32
SOUVSAISQJMEHD-UHFFFAOYSA-N,CHEMBL5639390,Cn1c(C(Cc2ccccc2)NCc2ccccc2)nc2cc(C(=O)NO)ccc21,5.948847477552619,1,0.0,30
SOZUZPITYVRXEX-UHFFFAOYSA-N,CHEMBL3689853,CCN(Cc1c(C(C)(C)C)nc2cc(C=CC(=O)NO)ccn12)CC1CCOC1,6.431798275933005,1,0.0,29
SPAUWJUYIKISNW-UHFFFAOYSA-N,CHEMBL3648292,CCn1c(CCCOc2ccccc2)nc2cc(C=CC(=O)NO)ccc21,6.903089986991944,3,0.0,27
SPCPVLJMVQIWSR-UHFFFAOYSA-N,CHEMBL4636123,CCC(=O)CCCCCC(NC(=O)C1CC12CCN(C(C)=O)CC2)c1ncc(-c2cc3ccccc3nc2OC)[nH]1,7.679853713888946,1,0.0,41
SPFWXZLXTXXJDK-UHFFFAOYSA-N,CHEMBL2381747,O=C(CCCCc1cn(Cc2ccccc2Br)nn1)NO,5.446116973356125,1,0.0,21
SPFXHKSDULZPCX-UHFFFAOYSA-N,CHEMBL3335310,O=C(CCCCc1cn(Cc2ccccc2)nc1-c1ccccc1)NO,6.694648630553376,1,0.0,26
SPHDWHDDODMVFM-UHFFFAOYSA-N,CHEMBL5176010,CC1(C)C(=O)N(c2ccc(C#N)c(C(F)(F)F)c2)C(=S)N1Cc1ccc(C(=O)Nc2ccccc2N)cc1,5.982966660701219,1,0.0,38
SPJDDUDXKSJEBC-UHFFFAOYSA-N,CHEMBL5563723,O=C(NO)c1ccc(CN2C(=O)CC(=Cc3ccccc3)C2=O)cc1,7.482804102050026,1,0.0,25
SPJNUOFOQIVWAF-UHFFFAOYSA-N,CHEMBL260959,CC(C)(C)NCc1c(-c2ccccc2)nc2cc(C=CC(=O)NO)ccn12,7.346787486224656,1,0.0,27
SPNKNAUJVVUXMS-UHFFFAOYSA-N,CHEMBL6025079,CN(Cc1ccc(C=CC(=O)NO)cc1F)CC1CCCCC1,8.265200170411154,1,0.0,23
SPSPZCDXOISELV-UHFFFAOYSA-N,CHEMBL5394143,O=C(NO)c1ccc(Cn2c(=O)[nH]c(=O)c3cc(Br)ccc32)cc1,5.368556230986828,1,0.0,24
SQBBNABXOTUYRL-UHFFFAOYSA-N,CHEMBL4537684,COc1ccc2c(=O)n(CCc3ccccc3)c(=O)n(Cc3ccc(C(=O)NO)cc3)c2c1,4.920818753952375,2,0.0,33
SQEAWDNYOCKMKT-UHFFFAOYSA-N,CHEMBL3655966,O=C(NO)c1cnc(NC(c2ccc(F)cc2)c2ccc(F)cc2)nc1,6.651695136951839,1,0.0,26
SQGDDCBQTZCWRH-UHFFFAOYSA-N,CHEMBL5772657,Nc1ccc(-c2cccs2)cc1NC(=O)OCCC1CCCC1,6.255707016877324,1,0.0,23
SQGNVWSNUGLNRK-UHFFFAOYSA-N,CHEMBL116620,O=C(C=Cc1cccc(C(C(=O)Nc2ccccc2)C(=O)Nc2ccccc2)c1)NO,9.0,1,0.0,31
SQJDTMZVTGUILD-UHFFFAOYSA-N,CHEMBL3689803,CCN(CC)CCNCc1c(C(C)(C)C)nc2cc(C=CC(=O)NO)ccn12,5.698970004336019,1,0.0,28
SQJGJTWESUXCFD-UHFFFAOYSA-N,CHEMBL3675762,O=C(CCCCCCN(c1ccccn1)c1ccc(OCc2ccccc2)cn1)NO,6.739928612014925,1,0.0,31
SQJRTGYZPWGBQM-UHFFFAOYSA-N,CHEMBL3655986,O=C(NO)c1cnc(NC2(Cc3ccccc3)CC2)nc1,6.489454989793388,1,0.0,21
SQMLMRMKOMAFDK-UHFFFAOYSA-N,CHEMBL6021537,CCC(Nc1ncc(-c2noc(C(F)(F)F)n2)cn1)c1ccccc1,5.769551078621726,1,0.0,25
SQNVVKCDXGWLBH-UHFFFAOYSA-N,CHEMBL5631818,O=C(CCCCCC(=O)Nc1cc(-c2ccc3ncn(Cc4cc(F)ccc4Cl)c3c2)[nH]n1)NO,7.326979092871104,1,0.0,35
SQQLRUQGUJKQAM-UHFFFAOYSA-N,CHEMBL1094077,CCN1CCCC(n2c(-c3cccc(C=CC(=O)NO)c3)nc(Cc3ccccc3)c2C)C1,8.0,1,0.0,33
SQTJAKDTFBMTKJ-UHFFFAOYSA-N,CHEMBL5429228,COc1ccc(-c2cc(C(=O)NCc3ccc(C(=O)NO)cc3)c(O)cn2)cc1,7.7975116829399065,1,0.0,29
SQUWBPPLBLLDBW-UHFFFAOYSA-N,CHEMBL4869421,Nc1ccc(C(=O)NO)cc1F,5.131120553762912,1,0.0,12
SQXVROULDNVPOP-UHFFFAOYSA-N,CHEMBL5749877,CC1(Nc2ccc(C(=O)Nc3cc(-c4ccncc4)ccc3N)cc2)CCN(C(=O)N2CCCC2)CC1,8.148741651280925,1,0.0,37
SRBLEOJYOQUWOH-UHFFFAOYSA-N,CHEMBL3335288,O=C(CCCCc1ccn(-c2ccccc2)n1)NO,6.504455662453552,1,0.0,19
SRCGSXKCMDYLRX-UHFFFAOYSA-N,CHEMBL4757641,Nc1ccccc1NC(=O)c1ccc(NC(=O)CCCCNC(=O)CNc2cccc3c2C(=O)N(C2CCC(=O)NC2=O)C3=O)cc1,6.537602002101044,1,0.0,47
SRCSTPATGCALRY-UHFFFAOYSA-N,CHEMBL4069908,CCCNNC(=O)C=Cc1ccc(OCC(Cc2c[nH]c3ccccc23)NC(=O)c2ccc(OC)cc2)cc1,7.5394028111023985,1,0.0,39
SRERVUYSGRGLMA-UHFFFAOYSA-N,CHEMBL2381735,O=C(CCCCc1cn(Cc2ccccn2)nn1)NO,5.590066876668706,1,0.0,20
SRFDCZYNUJFSTL-UHFFFAOYSA-N,CHEMBL4853232,Nc1ccc(-c2ccccc2)cc1NC(=O)c1ccc2c(c1)ncn2CCN1CCOCC1,9.0,1,0.0,33
SRFHOBJDYNIVSP-UHFFFAOYSA-N,CHEMBL5983489,FC(F)(F)c1nc(-c2cnc(NCc3cccnc3)c(Cl)c2)no1,5.920818753952375,1,0.0,24
SRFTXZNZUQKTSF-UHFFFAOYSA-N,CHEMBL5173958,O=C(C=CC1CCN(Cc2cccc3ccccc23)CC1)NO,5.522878745280337,1,0.0,23
SRNYNRAFKTXDIE-UHFFFAOYSA-N,CHEMBL6048200,Fc1cc(COc2nc[nH]n2)ccc1-c1noc(C(F)(F)F)n1,5.259637310505756,1,0.0,23
SRODINGBCOBDIW-UHFFFAOYSA-N,CHEMBL4789497,O=C(CCCCCn1cnc2c(N3CCOCC3)nc(-c3ccc(F)c(O)c3)nc21)NO,8.070581074285707,1,0.0,32
SRPKLZQNSPTYPM-UHFFFAOYSA-N,CHEMBL4780849,O=C(NO)c1ccc(CNC(c2ccccc2)c2nnnn2Cc2ccccc2)cc1,5.4723700991286615,1,0.0,31
SRQRNMBAVYYULG-UHFFFAOYSA-N,CHEMBL5267739,O=C(NO)c1ccc(Cn2cnc(-c3cccc(O)c3)n2)cc1,6.705974905904677,1,0.0,23
SRTXLGDSNNESNV-UHFFFAOYSA-N,CHEMBL5401406,O=C(NO)c1ccc(CNC(=O)c2cnn(-c3ccccc3)n2)cc1,8.42021640338319,1,0.0,25
SRUSGFVPPVTIQP-UHFFFAOYSA-N,CHEMBL4228565,O=C(C=Cc1ccc(C(=O)NO)cc1)NC(Cc1c[nH]c2ccccc12)C(=O)Nc1ccc(Br)cc1,7.343901797987169,1,0.0,36
SSBNXBNLHNAOEG-UHFFFAOYSA-N,CHEMBL5178309,Nc1cc(F)ccc1NC(=O)c1ccc(CN2CCCC(=Cc3ccccn3)C2=O)cc1,5.8696662315049934,1,0.0,32
SSGJEVUZMUVPDE-UHFFFAOYSA-N,CHEMBL5803915,Fc1ccccc1C1COCCN1c1ccc(-c2noc(C(F)(F)F)n2)cn1,6.6777807052660805,1,0.0,28
SSJSBIYCNYSJNH-UHFFFAOYSA-N,CHEMBL5202912,COc1cc(OC)cc(N(CCNC(C)C)c2ccc3ncc(-c4cnn(CCC(=O)Nc5ccc(C(=O)NO)cc5)c4)nc3c2)c1,8.244125144327509,1,0.0,47
SSRWHBIBXOJORT-UHFFFAOYSA-N,CHEMBL4085985,COc1ccc(C=CC(=O)NCc2ccc(C(=O)Nc3ccncc3N)cc2)cc1,5.481486060122112,1,0.0,30
SSTZFGQDXFRBAZ-UHFFFAOYSA-N,CHEMBL4800135,Cc1cn(C)nc1CN1CCC(c2ccc(C(=O)Nc3ccccc3N)cc2)CC1,7.0,1,0.0,30
SSUQSWVDYYVPHT-UHFFFAOYSA-N,CHEMBL246587,O=C(CCCCCC(NC(=O)c1ccccc1)C(=O)Nc1cccc2cccnc12)NO,8.0268721464003,1,0.0,32
STAVLUFCRWUHLA-UHFFFAOYSA-N,CHEMBL5834820,CCC1(Nc2ccc(C(=O)Nc3cc(-c4cccs4)ccc3N)cc2)CCN(C(=O)N2CCNCC2)CC1,8.4089353929735,1,0.0,38
STCMNOSCKSMKAG-UHFFFAOYSA-N,CHEMBL4865551,O=C(NO)c1ccc(NCc2nc(-c3ccc(Cl)cc3)nn2-c2ccccc2)cc1,5.6154673845057514,1,0.0,30
STEYNPOIAMHHEV-UHFFFAOYSA-N,CHEMBL4442562,S=C1Sc2cccc(I)c2C2=NCCCN12,4.920818753952375,1,0.0,16
STLCEEKJWRBSOR-UHFFFAOYSA-N,CHEMBL472453,CC(=O)CCCCCC(NS(=O)(=O)c1cccc([N+](=O)[O-])c1)c1ncc(-c2ccccc2)[nH]1,7.259637310505756,1,0.0,33
STMBXLNGRWZRFX-UHFFFAOYSA-N,CHEMBL474890,Nc1ccc(-c2cccs2)cc1NC(=O)c1ccc(CN2CCC3(CCCN3)CC2)cc1,8.397940008672037,1,0.0,32
STMDVAPHVHSTPD-UHFFFAOYSA-N,CHEMBL5864304,Nc1ccc(-c2ccc(F)cc2)nc1NC(=O)c1cnc(NC2CC2)nc1,4.5934598195660445,1,0.0,27
STQGQHZAVUOBTE-UHFFFAOYSA-N,CHEMBL178,COc1cccc2c1C(=O)c1c(O)c3c(c(O)c1C2=O)CC(O)(C(C)=O)CC3OC1CC(N)C(O)C(C)O1,7.327902142064282,1,0.0,38
STSNTVHQAOSMDW-UHFFFAOYSA-N,CHEMBL2425956,Cc1nc2c(C=CC(=O)NO)cccc2c(=O)n1-c1ccccc1,4.314258261397736,1,0.0,24
STVRPRHLAJSSQQ-UHFFFAOYSA-N,CHEMBL5744535,O=S(=O)(N1CCN(C2COC2)CC1)N(Cc1ccc(-c2nnc(C(F)(F)F)o2)cc1F)c1ccccc1,7.119186407719209,1,0.0,37
STXMCDNBLPWFBQ-UHFFFAOYSA-N,CHEMBL3664102,CN(Cc1ccccc1)Cc1ccc(C(=O)Nc2cc(-c3ccccc3)ccc2O)cc1,6.455931955649724,1,0.0,32
STYHXJBPFBMRIC-UHFFFAOYSA-N,CHEMBL472664,COc1cccc(CNCc2ccc(C(=O)NO)cc2)c1,6.3214816209598865,1,0.0,21
STZWFLUYGWSRNN-UHFFFAOYSA-N,CHEMBL5995618,Cc1cc2c(cn1)CN(C(=O)Nc1nc(-c3cccnc3)ccc1N)C2,5.560667306169737,1,0.0,26
SUAKAXXIPDSKLQ-UHFFFAOYSA-N,CHEMBL473475,Nc1ccc(-c2cccc(F)c2)cc1NC(=O)c1ccc(CN2CCC3(CCCN3)CC2)cc1,7.327902142064282,1,0.0,34
SUBNLERWESOYMX-UHFFFAOYSA-N,CHEMBL1630108,O=C(C=Cc1ccc(-c2ccc3ncnc(Nc4ccc(OCc5cccc(F)c5)c(Cl)c4)c3c2)s1)NO,4.619788758288394,1,0.0,38
SUCRDPKJSXZPNB-UHFFFAOYSA-N,CHEMBL3655960,CC(C)(Nc1ncc(C(=O)NO)cn1)c1ccc(Cl)cc1F,6.349692476868063,1,0.0,22
SUDOUVOSYKXTMX-UHFFFAOYSA-N,CHEMBL5632078,COc1ccc(C=CC(=O)NO)c(-c2ccc(Br)cc2)c1,8.346787486224656,1,0.0,21
SUFANMSWMVVKQK-UHFFFAOYSA-N,CHEMBL5997911,CC(=O)N1CCN(C(=O)Nc2cc(-c3cc(C)cs3)ccc2N)CC1,5.515700160653214,1,0.0,25
SUIGNJSOEPYJII-UHFFFAOYSA-N,CHEMBL6174507,Cc1ccoc1C(=O)N1CCC2(CC1)C(=O)N(Cc1ccc(C(=O)NO)cc1)CN2c1ccccc1,6.032686081712916,1,0.0,36
SUIWTHQZBYYCGP-UHFFFAOYSA-N,CHEMBL4789607,COc1ccc(C(=O)NO)cc1C(=O)Nc1ccc2c(c1)cc(C)c(=O)n2C,5.161150909262744,1,0.0,28
SUMJQFHPYSEIOM-UHFFFAOYSA-N,CHEMBL3335313,O=C(CCCCCCCc1ccn(Cc2ccc(-c3ccccc3)cc2)n1)NO,5.575118363368933,1,0.0,29
SUNGCKMWYWAHPK-UHFFFAOYSA-N,CHEMBL3220925,CC(=O)N1c2ccc(NC(=O)CCCCCCC(=O)NO)cc2C(Nc2ccccc2)CC1C,6.045757490560675,1,0.0,34
SUQMUMJIXZCQIX-UHFFFAOYSA-N,CHEMBL3810397,CNC(=O)CCCCCC(NC(=O)c1cncs1)c1ncc(-c2ccc3ccccc3c2C)[nH]1,4.620875853929608,1,0.0,34
SURINXAQALSLAY-UHFFFAOYSA-N,CHEMBL4776969,O=C(CCCCCNC(=S)NN=C(c1ccccc1)c1cccc([N+](=O)[O-])c1)NO,7.148130399270234,1,0.0,30
SUZJSBABBMOGMV-UHFFFAOYSA-N,CHEMBL5428795,O=C(NO)c1ccc(CNc2cccc3ccc(F)nc23)cc1,6.092051478387727,1,0.0,23
SVCGUEKIEDKSPX-UHFFFAOYSA-N,CHEMBL5589731,COc1ncc(-c2cc(OCCCc3ccc(C(=O)Nc4ccccc4N)cc3)c3ncnc(C)c3c2)cc1F,7.236572006437063,1,0.0,40
SVDAAFDDFFKASQ-UHFFFAOYSA-N,CHEMBL5193013,Nc1ccccc1NC(=O)c1ccc(CN2CCC(=Cc3ccccn3)C2=O)cc1,7.0859743483036715,1,0.0,30
SVFSPNJSSFAYEA-UHFFFAOYSA-N,CHEMBL5646749,CCCNNC(=O)c1ccc(CNC(=O)C(CC(C)C)NC(=O)C(NC(=O)C(O)C(N)Cc2ccccc2)C(C)CC)cc1,7.301029995663981,1,0.0,44
SVGDDLZPOUNBAG-UHFFFAOYSA-N,CHEMBL5282899,Nc1ccccc1NC(=O)c1ccc(CNc2nc(-c3ccccc3)c(-c3ccccc3)o2)cc1,8.221848749616356,1,0.0,35
SVIQNGUEMPOZMW-UHFFFAOYSA-N,CHEMBL5633678,CN1c2ccc(NCc3ccc(C(=O)Nc4ccccc4N)cc3)cc2C(=O)N2CCc3c([nH]c4ccc(O)cc34)C21,6.3979400086720375,1,0.0,42
SVPPYXRDCMLVCS-UHFFFAOYSA-N,CHEMBL3736342,CCC1OC(=O)C(C)C(=O)C(C)C(OC2OC(C)CC(N(C)Cc3ccc(-c4cn(CCCCCCC(=O)NO)nn4)cc3)C2O)C(C)(OC)CC(C)C2=NCCN3C(=O)OC1(C)C3C2C,7.681936665037238,1,0.0,66
SVRNWBRVAJUUOX-UHFFFAOYSA-N,CHEMBL4291940,Nc1ccccc1NC(=O)c1ccc(C(=O)NCCNc2nonc2C(=NO)Nc2ccc(F)c(Br)c2)cc1,7.1771783546968955,1,0.0,39
SVSURLNAOVBECG-UHFFFAOYSA-N,CHEMBL5394727,Nc1ccccc1NC(=O)c1ccc(CNC(=O)c2nn(-c3ccccc3F)nc2N)cc1,7.1487416512809245,1,0.0,33
SVVFRSNBGBRNCE-UHFFFAOYSA-N,CHEMBL5931153,FC(F)(F)c1nc(-c2ccc(COc3cccc4[nH]nnc34)nc2)no1,6.508638306165727,1,0.0,26
SWEWXWNVOONCFB-UHFFFAOYSA-N,CHEMBL3655907,Cc1cc(F)cc(Nc2ncc(C(=O)NO)cn2)c1,6.876148359032914,1,0.0,19
SWLGNYUDHVEWKG-UHFFFAOYSA-N,CHEMBL3356936,Cc1cccc(CCNC(=O)CCCCCCS)c1,5.493494967595128,1,0.0,19
SWQSOOOMILGDNL-UHFFFAOYSA-N,CHEMBL4749464,Cc1cccc(-c2cn(C)c(=O)c3[nH]c(C(=O)NCc4ccc(C(=O)Nc5ccccc5N)cc4)cc23)c1,7.260427655549908,1,0.0,38
SWTFDYDHJOAIGL-UHFFFAOYSA-N,CHEMBL4551095,CCOC(=O)Nc1cccc(-c2csc(NC(=O)CCCCCC(=O)Nc3ccccc3N)n2)c1,4.605548319173784,1,0.0,35
SXJKZNXSKKPHFU-UHFFFAOYSA-N,CHEMBL3689773,CCCCNc1c(CCCC)nc2ccc(C=CC(=O)NO)cn12,6.142667503568731,1,0.0,24
SXOJHTOVXGQVDN-UHFFFAOYSA-N,CHEMBL5280419,Cc1onc(-c2ccccc2)c1COCCCCCNC(=O)C(C)S,5.420818753952375,2,0.8061799739838875,25
SXQXRCCLBIMWNG-UHFFFAOYSA-N,CHEMBL235192,COc1ccc(NCc2ccc(C(=O)Nc3cc(-c4ccoc4)ccc3N)cc2)cc1OC,7.301029995663981,1,0.0,33
SXVZONWVMNOAAL-UHFFFAOYSA-N,CHEMBL2022827,O=C(NC(CCCCCCSSc1ccccn1)C(=O)Nc1ccc(-c2ccccc2)cc1)OCc1ccccc1,7.149353764816933,1,0.0,41
SXWMTUOQURUNSR-UHFFFAOYSA-N,CHEMBL3827398,CC(C)=CCN(CC=C(C)C)c1ccc(-c2nc(N3CCOCC3)c3nc(CN(C)c4ncc(C(=O)NO)cn4)n(C)c3n2)cc1,8.0,1,0.0,46
SYCMLNJYYUSBNQ-UHFFFAOYSA-N,CHEMBL1093359,Cc1ccc(NC(=O)CCCCC(=O)NO)cc1C,7.522878745280337,1,0.0,19
SYEFHOJYIISJPS-UHFFFAOYSA-N,CHEMBL5398428,O=C(CCCNc1cc(N2CCCCCC2)nc(-c2cccnc2)n1)NO,6.063435994864734,1,0.0,27
SYFAJGRALIQLIN-UHFFFAOYSA-N,CHEMBL2022825,O=C(NC(CCCCCCSSc1ccccn1)C(=O)Nc1nc(-c2ccccc2)cs1)OCc1ccccc1,8.292429823902063,1,0.0,40
SYFXSABDVJCEFI-UHFFFAOYSA-N,CHEMBL3827838,Nc1ccc(-c2ccc(Cl)cc2)cc1NC(=O)C1CCOCC1,6.255707016877324,1,0.0,23
SYLHXBPKZHFPDJ-UHFFFAOYSA-N,CHEMBL5832055,FC(F)(F)c1nc(-c2cnc(NCc3ccncc3)c(Cl)c2)no1,5.958607314841775,1,0.0,24
SYNKALRRDSKOEE-UHFFFAOYSA-N,CHEMBL5594253,CN1C(=O)CNC(=O)C1=Cc1ccc(OCc2ccc(C(=O)NO)cc2)cc1,8.058488567365597,1,0.0,28
SYNRENXFZSJTTQ-UHFFFAOYSA-N,CHEMBL3664077,Nc1ccc(-c2cccs2)cc1NC(=O)c1ccc(CNC(=O)Cc2ccncc2)cc1,7.7447274948966935,1,0.0,32
SYOJIQXYKCJISC-UHFFFAOYSA-N,CHEMBL4250582,C[Si](O)(O)CCCCCCC(=O)Nc1ccccc1,5.568636235841012,3,0.653212513775344,19
SYPKKUUHHMPTPA-UHFFFAOYSA-N,CHEMBL5093099,CCCNNC(=O)c1ccc(CNC(=O)c2cc3cc(OC)ccc3o2)cc1,8.130768280269024,1,0.0,28
SYXAXMIVPHTIMR-UHFFFAOYSA-N,CHEMBL5431660,O=C(NO)c1ccc(CN2CCc3cccnc32)c(F)c1,6.152427340857888,1,0.0,21
SYXDLYZTGGHKHH-UHFFFAOYSA-N,CHEMBL471400,CC(=O)N1CCCC12CCN(c1ccc(C(=O)Nc3cc(-c4cccs4)ccc3N)cn1)CC2,7.638272163982407,1,0.0,34
SZERHQGPLCARMH-UHFFFAOYSA-N,CHEMBL2408819,CN1C(=O)C(NC(=O)CCCCC(=O)NO)N=C(c2ccccc2)c2ccccc21,6.376750709602099,1,0.0,30
SZFNXGHGDQCTQR-UHFFFAOYSA-N,CHEMBL5786694,O=C(C1CCC(=O)N1c1cc(F)c(-c2noc(C(F)(F)F)n2)cc1F)N1CCC1,4.3872161432802645,1,0.0,29
SZGGSLKYTAWQEV-UHFFFAOYSA-N,CHEMBL5873833,FC(F)(F)c1nc(-c2ccc(CNc3cnoc3)nc2)no1,5.958607314841775,1,0.0,22
SZNUGYXIXXNAOC-UHFFFAOYSA-N,CHEMBL5208818,Nc1nc(-c2ccco2)c2cnn(Cc3cccc(C=CC(=O)NO)c3)c2n1,8.075720713938118,1,0.0,28
SZOFBGRDWYJMEJ-UHFFFAOYSA-N,CHEMBL5094893,Cc1ccc(-c2cc(C=Cc3ccc(C(=O)NO)cc3)c(F)cn2)c(F)c1,6.055517327849831,1,0.0,27
SZQAXLMTYSULKA-UHFFFAOYSA-N,CHEMBL4076931,O=C(C=Cc1ccc(CCNC(=O)c2ccc3[nH]cnc3c2)cc1)NO,8.10790539730952,1,0.0,26
SZTCVPCNBUBKBA-UHFFFAOYSA-N,CHEMBL3759791,O=C(NCCCCCCS)c1cc(-c2ccccc2)n[nH]1,7.008773924307505,1,0.0,21
SZVAVGPGKWOHGK-UHFFFAOYSA-N,CHEMBL2386908,CCc1c2c(nc3ccc(OCc4cn(CCCCCCC(=O)NO)nn4)cc13)-c1cc3c(c(=O)n1C2)COC(=O)C3(O)CC,7.301029995663981,1,0.0,45
SZXICSPFLCBAKK-UHFFFAOYSA-N,CHEMBL4562156,CCn1cnc(-c2ccccc2)c1-c1ccc(C=CC(=O)NO)cc1,7.552841968657781,1,0.0,25
SZXKMGUTGNVAMC-UHFFFAOYSA-N,CHEMBL1084283,O=C(CCCCCNC(=O)NC(=O)c1ccc(Cl)cc1)NO,5.795880017344075,1,0.0,22
SZZPNZMUSIGRPA-UHFFFAOYSA-N,CHEMBL4467160,CC1CCCCC12NC(=O)C(CCCCCC(=O)NO)NC(=O)C1CCCN1C(=O)C(Cc1ccccc1)NC2=O,8.0,1,0.0,41
TTZOOHJPRMQTAK-UHFFFAOYSA-N,CHEMBL3335296,O=C(CCCCc1ccn(Cc2ccc(OCc3ccccc3)cc2)n1)NO,7.173925197299173,1,0.0,28
TUBKAIHRCSUYRI-UHFFFAOYSA-N,CHEMBL384384,COc1ccc2[nH]c(C)c(CC(=O)NC(CCCCCC(=O)O)C(=O)NCCc3c(-c4ccccc4)[nH]c4ccccc34)c2c1,6.657577319177793,1,0.0,45
TUFXIENZRKTCAF-UHFFFAOYSA-N,CHEMBL480622,Nc1ccccc1NC(=O)c1ccc(CNc2nccc(-c3cnccn3)n2)cc1,6.721246399047171,1,0.0,30
TUJYCBJVVRQGSW-UHFFFAOYSA-N,CHEMBL5403641,COc1ccc2c3c(oc2c1)CN(CCOc1ccc(C(=O)NO)cc1)CC3,7.508638306165727,1,0.0,28
TUJYSRGFWBQJNM-UHFFFAOYSA-N,CHEMBL4568666,O=C1CC2CCCN2C(=O)C(Cc2ccccc2)NC(=O)C(Cc2ccccc2)NC(=O)C(CCCCCC(=O)C2CO2)N1,9.958607314841775,1,0.0,44
TUKIJBHFTCNUJJ-UHFFFAOYSA-N,CHEMBL4798322,Cn1cc(-c2ccc(C(F)(F)F)cc2)c2cc(C(=O)NCc3ccc(C(=O)Nc4ccccc4N)cc3)[nH]c2c1=O,6.619969752032169,1,0.0,41
TUOSBQHKCOMINE-UHFFFAOYSA-N,CHEMBL4282185,O=C(NO)c1ccc(CNc2cc3c([nH]c4ccccc43)c(-c3cccc([N+](=O)[O-])c3)n2)cc1,7.3872161432802645,1,0.0,34
TUOVMJXYAUVVQS-UHFFFAOYSA-N,CHEMBL5998320,Nc1ccc(C2=CCCCC2)cc1NC(=O)C1CCCCC1,5.515700160653214,1,0.0,22
TUQJHTWUEYMRMU-UHFFFAOYSA-N,CHEMBL5859669,O=C(C=Cc1cccc(CNC23CC4CC(CC(C4)C2)C3)c1)NO,7.619788758288394,1,0.0,24
TUQZMESLDYEUSM-UHFFFAOYSA-N,CHEMBL4450805,Cc1ccc(CNC(=O)CN(CCCCCC(=O)Nc2ccccc2N)C(=O)c2cc(C)cc(C)c2)cc1,5.958607314841775,1,0.0,38
TURBURJBILXASP-UHFFFAOYSA-N,CHEMBL4635034,O=C(C=Cc1ccc(CNCCCN2c3ccccc3CCc3ccc(Cl)cc32)cc1)NO,5.417936637088291,1,0.0,33
TUTIQZQZJOBECN-UHFFFAOYSA-N,CHEMBL5424996,CCc1nc2ccc(C=CCC(=O)NO)cc2c(=O)n1-c1ccccc1,4.798602875679548,1,0.0,26
TUTLONWPIGDEGH-UHFFFAOYSA-N,CHEMBL5429873,O=C(C=Cc1ccc(NC(=O)Cc2ccccc2)cn1)NO,7.167491087293763,1,0.0,22
TUVQBCVIGSAMTQ-UHFFFAOYSA-N,CHEMBL511797,Nc1ccc(-c2ccsc2)cc1NC(=O)c1ccc(N2CCC3(CCNC3)CC2)nc1,8.0,1,0.0,31
TUYTWDOSSAVPGB-UHFFFAOYSA-N,CHEMBL4078308,Nc1ccccc1NC(=O)c1ccc(CNC(=O)c2cc3ccc(OCc4ccc(Cl)c(Cl)c4)cc3oc2=O)cc1,6.327902142064282,1,0.0,41
TVACPPPZSYJRFO-UHFFFAOYSA-N,CHEMBL475203,NS(=O)(=O)NCCCCC(NC(=O)OCc1cccc(Cl)c1)C(=O)Nc1nc(-c2ccccc2)cs1,6.455931955649724,1,0.0,36
TVGKKFWZZRSYCE-UHFFFAOYSA-N,CHEMBL4476057,O=C(CCCCSc1nc(-c2ccc3ccccc3c2)cc(=O)[nH]1)NO,5.769551078621726,1,0.0,26
TVMUCZDLQIKGHP-UHFFFAOYSA-N,CHEMBL4786082,COc1ccc(-c2nc(N3CCOCC3)c3ncn(CCNCc4ccc(C(=O)NO)cc4)c3n2)cn1,5.9657727392294495,1,0.0,37
TVNHLWWJVGGFQS-UHFFFAOYSA-N,CHEMBL469274,CC(C)(C)OC(=O)Nc1cccc(-c2cc(C(=O)NCCCCCCC(=O)NO)no2)c1,8.585026652029182,1,0.0,32
TVNZWPOEHUTSFV-UHFFFAOYSA-N,CHEMBL589311,O=C(CCCCCC1NC(=O)C2CCCN2C(=O)C2CCCCCCCCCCCC(NC1=O)C(=O)N2)NO,7.958607314841775,1,0.0,39
TVPDYOISEGBMAN-UHFFFAOYSA-N,CHEMBL4531072,CCCNNC(=O)c1ccc(CNCCc2c(C)[nH]c3ccccc23)cc1,7.531209737900389,1,0.0,27
TVPQYBCDBDYFMM-UHFFFAOYSA-N,CHEMBL2312458,Cc1nc2ncccn2c1-c1ccnc(NCc2ccc(C(=O)Nc3ccccc3N)cc2)n1,6.896196279044043,1,0.0,34
TVXMYCKSHCNJMA-UHFFFAOYSA-N,CHEMBL4072557,O=C(CCCCN1C(=O)C(Cc2cnc[nH]2)N=C(c2ccccc2)c2ccccc21)NO,4.8576105338811635,1,0.0,32
TVXVOHRQICAMJZ-UHFFFAOYSA-N,CHEMBL3288484,O=C(CCCCCCS)Nc1nc(-c2cccc(F)c2)cs1,7.309803919971486,1,0.0,22
TWAKSBMSSQKDJB-UHFFFAOYSA-N,CHEMBL3287009,CCCCCCCC(=O)SCCC=CCOC(=O)C(NC(=O)c1csc(-c2csc(C)n2)n1)C(C)C,5.585026652029182,1,0.0,36
TWAKWKHDTZWUMO-UHFFFAOYSA-N,CHEMBL434466,O=C(C=Cc1ccc(S(=O)(=O)Nc2ccc(-c3ccccc3)cc2)cc1)NO,7.3979400086720375,1,0.0,28
TWANFPAIMAZVBG-UHFFFAOYSA-N,CHEMBL5993711,Cc1ncc(C=CC(=O)Nc2ccccc2N)s1,5.1249387366083,2,0.0,18
TWBMNJILNLYDBC-UHFFFAOYSA-N,CHEMBL5558216,CC(COCCC(=O)NCCN(C)c1ncc(C(=O)NO)cn1)Nc1cn[nH]c(=O)c1C(F)(F)F,7.5934598195660445,1,0.0,35
TWIPDOQQXDCJOF-UHFFFAOYSA-N,CHEMBL4172420,COc1cc2ccn(CCCCOc3cccc(NC(=O)CCCCCCC(=O)NO)c3)c2c(OC)c1OC,7.53313237964589,1,0.0,39
TWJFBONRZHWAEF-UHFFFAOYSA-N,CHEMBL5865660,Cc1noc(C2CCCC(=O)N2c2ccc(-c3noc(C(F)(F)F)n3)cc2)n1,5.657577319177793,1,0.0,28
TWJIVSPAODGZQE-UHFFFAOYSA-N,CHEMBL4079790,CC(C)CC1N=C(c2ccccc2)c2ccccc2N(CCCCC(=O)NO)C1=O,5.229147988357855,1,0.0,30
TWJZFXHSPBBPNI-UHFFFAOYSA-N,CHEMBL5618885,CNc1ccc(-c2nc(N3CCOCC3)c3sc(CN(C)c4ncc(C(=O)NO)cn4)cc3n2)cn1,9.045757490560675,1,0.0,36
TWKBVXZPWKPRIH-UHFFFAOYSA-N,CHEMBL4450381,COc1ccc(-c2nc(NCCCOc3ccc(C=CC(=O)NO)cc3)cc3c2[nH]c2ccccc23)cc1,7.2441251443275085,2,0.0,38
TWKRUPMODSFFPO-UHFFFAOYSA-N,CHEMBL4647014,CCC(=O)CCCCCC(NC(=O)C1CC12CCN(Cc1ccc(OC)cc1)CC2)c1ncc(-c2cc3ccccc3nc2OC)[nH]1,8.193820026016112,1,0.0,47
TWLIBXMQEPMNIV-UHFFFAOYSA-N,CHEMBL2047539,COc1ccc(CC(=NO)C(=O)NCCSSCCNC(=O)C(Cc2ccc(OC)c(Br)c2)=NO)cc1Br,7.366531544420414,1,0.0,38
TWNGRTQKVQJZOW-UHFFFAOYSA-N,CHEMBL5436873,O=C(CCCCCCNC(=O)c1ccc(NC(=O)CNC(=O)CC23CC4CC(CC(C4)C2)C3)cc1)NO,6.877456475931245,1,0.0,37
TWNWMDWWEMZXEH-UHFFFAOYSA-N,CHEMBL4094199,CCCCCNNC(=O)c1ccc(CNC(=O)C(Cc2c[nH]c3ccccc23)NC(=O)c2ccc(OC)cc2)cc1,7.526075306583842,1,0.0,41
TWOHAJFOZUGOAL-UHFFFAOYSA-N,CHEMBL317339,Nc1ccccc1NC(=O)CCCCCN1C(=O)c2ccccc2C1=O,5.698970004336019,1,0.0,26
TWPLTSGSUZFOBC-UHFFFAOYSA-N,CHEMBL5897350,CC(=O)Nc1ccc(C(=O)Nc2c(N)cccc2F)cc1,5.661543506395395,1,0.0,21
TWQBOHAJCMVISD-UHFFFAOYSA-N,CHEMBL5085871,COc1ccc(-c2ncc(C(=O)NCCCCCC(=O)NO)s2)c(OC)c1,4.9503943874050265,1,0.0,27
TWRRXTKMYGRLQY-UHFFFAOYSA-N,CHEMBL5872055,CC(C)(C(=O)N(Cc1ccc(-c2noc(C(F)(F)F)n2)cn1)c1cccc(F)c1)n1cccn1,5.853871964321762,1,0.0,34
TWVMJTFPFLLXIQ-UHFFFAOYSA-N,CHEMBL6036124,CN1CCN(S(=O)(=O)N(Cc2ccc(-c3nnc(C(F)F)o3)cc2F)c2cccnc2)CC1,7.259637310505756,1,0.0,33
TWXYQHXYOUIISY-UHFFFAOYSA-N,CHEMBL5566761,CC1(C)Cc2c(c3ccccc3n2Cc2ccc(C(=O)NO)cc2)C(=O)C1CN1CCOCC1,5.202732459169283,1,0.0,34
TWXZUFPTRMFTBN-UHFFFAOYSA-N,CHEMBL4742026,CCC(=O)CCCCCC(NC(=O)C1CC12CCN(C)CC2)c1ncc(-c2cn(C)c3ccccc23)[nH]1,9.301029995663981,1,0.0,37
TXAJFZDKCXSIMU-UHFFFAOYSA-N,CHEMBL5572117,COc1ccc(-c2cc(OCCCCC(=O)Nc3ccccc3N)c3ncnc(C)c3c2)cn1,5.4062710012920885,1,0.0,34
TXCRAGVUXHGLPS-UHFFFAOYSA-N,CHEMBL5077827,Nc1nc(NCCc2ccc(C=CC(=O)NO)cc2)nc2nc(-c3ccco3)nn12,7.991399828238082,1,0.0,30
TXGJSWCHKPISOJ-UHFFFAOYSA-N,CHEMBL3698495,O=C(CCCCc1ccc(NS(=O)(=O)c2ccccc2)cc1)NO,6.522878745280337,1,0.0,24
TXGMXQHTEGUPQK-UHFFFAOYSA-N,CHEMBL251544,CN(C(=O)C(C(=O)Nc1ccccc1)c1ccc(C(=O)Nc2ccccc2N)cc1)c1ccccc1,6.707743928643524,1,0.0,36
TXHNXBSXQZDEJE-UHFFFAOYSA-N,CHEMBL3771326,O=C(NO)c1coc(-c2ccc(-c3ccccc3)cc2)n1,4.530472520812986,1,0.0,21
TXIAHXDYUQKLLV-UHFFFAOYSA-N,CHEMBL6133389,Cc1c(F)c(N)cc(C(=O)Nc2cc(-c3ccc(C(=O)NCc4ccc(C=CC(=O)NO)cc4)cc3)ccc2N2CCN(C)CC2)c1Cl,6.3979400086720375,1,0.0,48
TXIHVDVLFNOEKD-UHFFFAOYSA-N,CHEMBL4063967,N=C(N)NCCCC1N=C(c2ccccc2)c2ccccc2N(CCCCC(=O)NO)C1=O,5.84163750790475,1,0.0,33
TXJHSGLFCPRREA-UHFFFAOYSA-N,CHEMBL5532327,O=C(CCCCCCN1C(=O)CC(=Cc2cccc(I)c2)C1=O)NO,7.542118103266008,1,0.0,25
TXULANXUEGXDJS-UHFFFAOYSA-N,CHEMBL4079799,Cc1c(CN(C)C)c2ccccc2n1Cc1ccc(C=CC(=O)NO)cc1,5.671620396561263,1,0.0,27
TXUXBAHHONQYQS-UHFFFAOYSA-N,CHEMBL211320,COc1ccc(CNc2ccc(C=CC(=O)Nc3ccccc3N)cc2)cc1,5.3979400086720375,1,0.0,28
TXVJZAAZNYWZAA-UHFFFAOYSA-N,CHEMBL5077960,Nc1cc(F)ccc1NC(=O)c1ccc(CSc2nc(Nc3cc[nH]n3)c3cccn3n2)cc1,6.22548303427145,1,0.0,34
TXVUKBGRTQGQFC-UHFFFAOYSA-N,CHEMBL5406785,Nc1nn(-c2ccccc2F)nc1C(=O)NCc1ccc(C(=O)NO)cc1,8.2839966563652,1,0.0,27
TXXJOSOSWRZWOL-UHFFFAOYSA-N,CHEMBL2413320,CC(C)CN(Cc1ccccc1)Cc1ccc(C=CC(=O)NO)o1,4.685711339052502,1,0.0,24
TXZWBLJNJVYIGX-UHFFFAOYSA-N,CHEMBL3335297,O=C(CCCCc1ccn(Cc2ccc(Oc3ccccc3)cc2)n1)NO,7.0655015487564325,1,0.0,27
TYBDKDNZVXAQGQ-UHFFFAOYSA-N,CHEMBL236129,O=C(NC(CCCCCS)C(=O)NC1CCCC1)OCc1ccccc1,6.886056647693163,1,0.0,26
TYDFOPOLZHXGIW-UHFFFAOYSA-N,CHEMBL5209296,Nc1nc(-c2ccco2)c2cnn(Cc3ccc(C(=O)NO)cc3)c2n1,7.892790030352131,1,0.0,26
TYDSGHAIXFCFMI-UHFFFAOYSA-N,CHEMBL6152457,O=C(NO)c1cnc(N2CCC(CNCc3nnnn3CCc3c[nH]c4ccccc34)CC2)nc1,6.920818753952375,1,0.0,35
TYGPIYZPTOOAMW-UHFFFAOYSA-N,CHEMBL3774858,CN(c1ccc(OCCCCC(=O)NO)cc1)c1ncnc2ccccc12,6.692503962086787,1,0.0,27
TYHZHMRYNRDNRX-UHFFFAOYSA-N,CHEMBL5174998,CCCCCCNNC(=O)c1ccc(-c2ccc(CNC(C)=O)cc2)cc1,5.7447274948966935,1,0.0,27
TYJQMXUZTVSEOB-UHFFFAOYSA-N,CHEMBL5280863,O=C(NO)c1ccc(CNC(=O)c2ccc3cccc(OCc4ccc(F)cc4)c3n2)cc1,7.154901959985743,1,0.0,33
TYKXYCJXHZGPIA-UHFFFAOYSA-N,CHEMBL475302,Nc1ccc(-c2ccccc2F)cc1NC(=O)c1ccc(C(=O)N2CCC3(CCCN3)CC2)cc1,7.958607314841775,1,0.0,35
TYMNJEPTNOZUMD-UHFFFAOYSA-N,CHEMBL4848719,CC12CC3CC(C)(C1)CC(NC(=O)CCCCCC(=O)NO)(C3)C2,4.79317412396815,1,0.0,24
TYOXFTVBALRDRN-UHFFFAOYSA-N,CHEMBL5747111,Fc1ccc2ccc(OCc3ccc(-c4noc(C(F)(F)F)n4)c(F)c3)nc2n1,6.070581074285707,1,0.0,29
TYQCNIGSFMZAAF-UHFFFAOYSA-N,CHEMBL5173964,Cc1c(COc2ccc(CN(C)CCCCC(=O)NO)c(F)c2)cccc1-c1ccccc1,5.1791420105603,1,0.0,33
TYTDNBZIYWDAGK-UHFFFAOYSA-N,CHEMBL4639928,O=C(NO)c1ccc(NC(=O)C2(c3ccccc3)CCNCC2)cc1,7.920818753952375,1,0.0,25
TYTLARZOLKJSJU-UHFFFAOYSA-N,CHEMBL4791172,Nc1ccccc1NC(=O)c1ccc(CCCC(=O)Nc2ccc(C3CC3N)cc2)cc1,6.681956742448463,8,0.3309932190414244,32
TYUFMBOHNCOHNX-UHFFFAOYSA-N,CHEMBL586040,Cc1ccc(-c2cnc(N(CCOc3ccccc3)Cc3ccc(C(=O)NO)cc3)s2)cc1,5.638272163982407,1,0.0,33
TZAABCIWJURFOM-UHFFFAOYSA-N,CHEMBL2022833,O=C(NC(CCCCCCSSc1ccccn1)C(=O)OCc1cccc2ccccc12)OCc1ccccc1,7.189095719331299,1,0.0,40
TZKQSNHUWVISSS-UHFFFAOYSA-N,CHEMBL5290012,COc1cc2c(Nc3cccc(C=CC(=O)NO)c3)ncnc2cc1OCCCN1CCOCC1,6.795880017344075,1,0.0,35
TZMPRXBHGFILQT-UHFFFAOYSA-N,CHEMBL4554270,COc1ccccc1CCn1c(=O)c2ccccc2n(Cc2ccc(C(=O)NO)cc2)c1=O,4.981715691573469,3,0.0012509691277502455,33
TZOMKGBTFPQEAA-UHFFFAOYSA-N,CHEMBL5771772,O=C(C(Cc1ccc(-c2noc(C(F)(F)F)n2)cn1)c1cccc(C(F)(F)F)c1)N1CCS(=O)(=O)CC1,5.275724130399211,3,0.02435934585944466,37
TZQXHCLYQHXEKY-UHFFFAOYSA-N,CHEMBL5971959,Nc1ccc(-c2ccc(F)cc2)cc1NC(=O)C1=CCCC1,7.301029995663981,1,0.0,22
TZTDSVDQFPJDKR-UHFFFAOYSA-N,CHEMBL3415454,O=C(NO)c1ccc(NC2CCN(c3cccc(Cl)c3)C2=O)cc1,4.91721462968355,1,0.0,24
TZXMXCNAINYVMS-UHFFFAOYSA-N,CHEMBL6001399,Nc1ccccc1NC(=O)C1CCCCC1,4.755722879198157,1,0.0,16
TZYYASDRQOVDAK-UHFFFAOYSA-N,CHEMBL5209024,CN(C)c1ccc(C(=O)N(CC(=O)NC(C)(C)C)Cc2ccc(C(=O)NO)cc2F)cc1,6.801342913045577,1,0.0,32
TZZYLOQLBZNTEZ-UHFFFAOYSA-N,CHEMBL5983099,CN1CCN(S(=O)(=O)N(Cc2ccc(-c3nnc(C(F)F)o3)cn2)c2ccccc2)CC1,7.823908740944319,1,0.0,32
UABKTNXHPQVUBR-UHFFFAOYSA-N,CHEMBL3664084,COCC(C)NCc1ccc(C(=O)Nc2cc(-c3ccccc3)ccc2N)cc1,7.638272163982407,1,0.0,29
UAEARXVVDWXLHE-UHFFFAOYSA-N,CHEMBL402542,CCN1CCN(Cc2cnc(-c3ccc(C(=O)Nc4ccccc4N)cc3)c(Cl)c2)CC1,7.789949150124863,1,0.0,32
UAEHSKBDYBRUNU-UHFFFAOYSA-N,CHEMBL3966183,NCC(=O)Nc1ccccc1-c1ccc(NC(=O)CCCCCNC(=O)CS)cc1,5.402304814074488,1,0.0,30
UAEQCSXHYDCDJO-UHFFFAOYSA-N,CHEMBL5424768,Cc1cc(C)nc(SCC(=O)Nc2ncc(Cc3ccc(C(=O)NO)cc3)s2)n1,6.6777807052660805,1,0.0,29
UAHGDLSBKSPPAC-UHFFFAOYSA-N,CHEMBL5285996,O=C(NO)c1ccc(Cn2cnc(-c3cccnc3)n2)cc1,6.448794056252094,1,0.0,22
UAILMHCJUQOMGV-UHFFFAOYSA-N,CHEMBL403285,Nc1nc(NCCc2ccccc2)nc(NCc2ccc(C(=O)Nc3ccccc3N)cc2)n1,7.0,1,0.0,34
UAMXADVNCGYCQX-UHFFFAOYSA-N,CHEMBL1085116,CN(C)CCn1cnc2cc(C(=O)NC(=O)NCCCCCC(=O)NO)ccc21,4.709965388637482,1,0.0,29
UANGZUWVJHXXNW-UHFFFAOYSA-N,CHEMBL3655913,O=C(NO)c1cnc(Nc2cccc(-c3ccncc3)c2)nc1,7.055517327849831,1,0.0,23
UAOCCNVYYFPXPB-UHFFFAOYSA-N,CHEMBL5878416,O=C1CCC(c2ccc(-c3noc(C(F)(F)F)n3)cc2)N1c1ccccc1F,5.732226360411666,2,0.6465819348763304,28
UAOKNRAEKPBJRK-UHFFFAOYSA-N,CHEMBL5858419,NCc1ccccc1OCc1ccc(-c2noc(C(F)(F)F)n2)c(F)c1,5.638272163982407,1,0.0,26
UAPIXWGVQUEDHB-UHFFFAOYSA-N,CHEMBL5947209,FC(F)(F)c1nc(-c2ccc(NCc3ccccc3)cn2)no1,5.017728766960431,1,0.0,23
UATFOQLTQPSSIR-UHFFFAOYSA-N,CHEMBL4754365,CCC(=O)CCCCCC(NC(=O)C1CC12CCN(CC)CC2)c1ncc(-c2ccc(OC)nc2OC)[nH]1,8.431798275933005,1,0.0,38
UAUCMCUCWAXYRK-UHFFFAOYSA-N,CHEMBL241555,CC1(C)NC(=O)C(CCCCCSSc2ccccn2)NC(=O)C2CCCN2C(=O)C(COCc2ccccc2)NC1=O,8.494850021680094,1,0.0,43
UAUIWYZLZKAAHT-UHFFFAOYSA-N,CHEMBL5414999,CN(Cc1ccccc1)c1cc(NCCCCCCC(=O)NO)nc(-c2ccccn2)n1,6.982966660701219,1,0.0,32
UAUXQNBQLOOWGZ-UHFFFAOYSA-N,CHEMBL4072816,Nc1ccccc1NC(=O)c1ccc(NC(=O)NCc2ccc(Cl)nc2)cc1,7.6777807052660805,1,0.0,28
UAVXACXXGINWLG-UHFFFAOYSA-N,CHEMBL4218293,COc1ccc(C2c3ccccc3CCN2CCC(=O)NO)cc1,4.568636235841013,1,0.0,24
UAXGSJDCNCSPKF-UHFFFAOYSA-N,CHEMBL5831832,Cc1ncc(OCc2ccc(-c3noc(C(F)(F)F)n3)cn2)cn1,5.3979400086720375,1,0.0,24
UAYSICJTVLYLES-UHFFFAOYSA-N,CHEMBL5087239,O=C(CCCCCCn1cc(Nc2ncc3ccn(Cc4cccc(F)c4)c3n2)cn1)NO,7.035740369803151,1,0.0,33
UAZZDNGPGMACMG-UHFFFAOYSA-N,CHEMBL3656010,O=C(NO)c1cnc(NC2(c3ccc(Cl)c(Cl)c3)CC2)nc1,7.886056647693163,1,0.0,22
UBAQJMHJQGDBBO-UHFFFAOYSA-N,CHEMBL3526942,Cc1[nH]c2cc(O)ccc2c1CCNCc1ccc(C=CC(N)=O)cc1,5.337242168318426,1,0.0,26
UBCLCDFGNQRINO-UHFFFAOYSA-N,CHEMBL4244887,COc1ccc2nc3cc(Cl)ccc3c(Nc3ccc(-c4cn(CCCCCC(=O)NO)nn4)cc3)c2c1,6.513994813637758,1,0.0,38
UBELCIYBIARHIU-UHFFFAOYSA-N,CHEMBL5218472,N#Cc1c(N)nc(N)nc1N1CC2(CC2)CC1c1nc2cccc(Cl)c2c(=O)n1Cc1ccc(C(=O)NO)s1,6.638272163982407,1,0.0,39
UBEMSRXBHVFOPY-UHFFFAOYSA-N,CHEMBL2018444,COc1cccc(CN2CCc3c(c4ccccc4n3Cc3ccc(C(=O)NO)cc3)C2)c1,5.284832642151542,1,0.0,33
UBHHMTMDHUQAJI-UHFFFAOYSA-N,CHEMBL3689767,COCCNc1c(C(C)C)nc2ccc(C=CC(=O)NO)cn12,5.568636235841012,1,0.0,23
UBISJNAVSWKGMD-UHFFFAOYSA-N,CHEMBL3655982,O=C(NO)c1cnc(NCc2cccs2)nc1,6.669586226650809,1,0.0,17
UBLBCQRYDFNHSB-UHFFFAOYSA-N,CHEMBL5189457,O=C(CCCCCCn1cc(C(=O)NCc2ccc(Cl)cc2)c2ccccc21)NO,8.636388020107855,1,0.0,30
UBMHPTAZKYQZMF-UHFFFAOYSA-N,CHEMBL5407634,Cc1cc(C)nc(SCC(=O)Nc2ncc(Cc3cccc(OCc4cn(CCOCCOCCOCCOCCC(=O)Nc5ccc(C(=O)NCc6ccc(C(=O)NO)cc6)cc5)nn4)c3)s2)n1,6.221848749616356,1,0.0,69
UBOGVKUFJVSYIU-UHFFFAOYSA-N,CHEMBL4590543,O=C(CCCNC(=S)Nc1ccc2c(c1)C(=O)NC2=O)NO,5.649751981665837,1,0.0,22
UBOPLSLAMFSXEE-UHFFFAOYSA-N,CHEMBL2448566,CCC(=O)CCCCCC(NC(=O)C1CCN(C)CC1)c1ncc(-c2ccc3ncccc3c2)[nH]1,8.698970004336019,1,0.0,35
UBVRXRRHIZDQEY-UHFFFAOYSA-N,CHEMBL4860868,Nc1ncnc2c1c(-c1cnc3ccccc3c1)nn2CCCCCCC(=O)NO,8.387216143280265,1,0.0,30
UBVXDZRHESILKM-UHFFFAOYSA-N,CHEMBL5896611,Nc1ccc(-c2cccs2)cc1NC(=O)N1CC2CCC(C1)O2,6.255707016877324,1,0.0,23
UBWAUTABJJENEJ-UHFFFAOYSA-N,CHEMBL5631566,COc1cnc(C(=O)NCC2(C)CCCC3(C)c4ccc(C(C)C)cc4CCC23)cn1,6.886056647693163,1,0.0,31
UCNMNNLFLYZRLD-UHFFFAOYSA-N,CHEMBL4457709,NC(=O)c1cc(Oc2ccc(NC(=O)c3ccc(Cl)c(C(F)(F)F)c3)cc2)ccc1N,5.554395796726403,1,0.0,31
UCRLLMXUASTPGB-UHFFFAOYSA-N,CHEMBL3800411,O=C(NO)c1ccc(Br)c(NC(=O)c2ccccc2)c1,5.130768280269024,1,0.0,20
UCROQQNWTRDJCY-UHFFFAOYSA-N,CHEMBL251337,COc1cccc(NC(=O)C(C(=O)Nc2cccc(OC)c2)c2ccc(C(=O)Nc3ccccc3N)cc2)c1,7.455931955649724,1,0.0,39
UCSKFUJDLHJCSZ-UHFFFAOYSA-N,CHEMBL5413612,O=C(NO)c1ccc(Cn2c(=O)[nH]c(=O)c3c(Cl)cccc32)cc1,5.478861916295964,1,0.0,24
UCTKXNQZFUSLQQ-UHFFFAOYSA-N,CHEMBL5189806,O=C(NO)c1ccc(CC(=O)N2CCC(N3CC(c4ccccc4)(c4ccccc4)C3=O)CC2)cc1,5.013228265733755,1,0.0,36
UCUFEUIAJQOOAA-UHFFFAOYSA-N,CHEMBL5629961,Nc1nc(Cl)c2ccn(Cc3ccc(C(=O)NO)cc3)c2n1,6.4089353929735005,1,0.0,22
UCXUHPCRPNEURY-UHFFFAOYSA-N,CHEMBL4645040,Nc1ccccc1NC(=O)C1CCC(CNC(=O)c2cc(Cc3n[nH]c(=O)c4ccccc34)ccc2F)CC1,6.468521082957745,1,0.0,39
UCYAZNQZHDVQTA-UHFFFAOYSA-N,CHEMBL491282,O=C(C=Cc1ccc2nc(CCc3ccccc3)n(Cc3ccccc3)c2c1)NO,5.943095148663527,2,0.0,30
UCYZKVPQADWDKK-UHFFFAOYSA-N,CHEMBL246589,O=C(CCCCCC(NC(=O)OCc1ccccc1)C(=O)NCc1ccccc1)NO,7.318758762624412,1,0.0,31
UDBUGOFJVRJSHM-UHFFFAOYSA-N,CHEMBL4646610,COc1ccc(C2(C(=O)Nc3ccc(C(=O)NO)cc3)CCCCC2)cc1-c1ccccc1NC(C)=O,8.045757490560675,1,0.0,37
UDGLYSKKNULXQB-UHFFFAOYSA-N,CHEMBL5189990,CCNNC(=O)c1ccc(CNC(=O)Nc2cccc3cccnc23)cc1,8.522878745280337,1,0.0,27
UDHJWHNBAFNBAR-UHFFFAOYSA-N,CHEMBL5770861,CC(C)N1CCN(S(=O)(=O)N(Cc2ccc(-c3nnc(C(F)F)o3)cc2)c2ccccc2)CC1,7.130768280269024,1,0.0,34
UDRKLVCIAKBNQW-UHFFFAOYSA-N,CHEMBL3335283,O=C(CCCCc1ccn(Cc2cccc(-c3ccccc3)c2)n1)NO,7.1938200260161125,1,0.0,26
UDTWOBDYINGQOW-UHFFFAOYSA-N,CHEMBL98346,O=C(CCc1ccc(NS(=O)(=O)c2ccccc2)cc1)NO,7.0,2,0.0,22
UDWAUBGZIALBQL-UHFFFAOYSA-N,CHEMBL5872475,CC(=O)Nc1ccc(C(=O)Nc2ccccc2N)c(F)c1,7.045757490560675,1,0.0,21
UDXLWODFRMOKRH-UHFFFAOYSA-N,CHEMBL3235787,COc1ccc(-c2ccc(C=CC=CC(=O)NO)cc2)cc1C12CC3CC(CC(C3)C1)C2,4.221125527997261,1,0.0,32
UDYKIWGKGMYZAM-UHFFFAOYSA-N,CHEMBL3421753,O=C(NO)c1ccc(CNCc2nc(-c3ccc(F)cc3)no2)cc1,5.452225294612178,1,0.0,25
UEAGAORBIBVWFW-UHFFFAOYSA-N,CHEMBL5203312,COc1cc(C(=O)c2csc(-c3ccc(OCc4ccc(C(=O)NO)cc4)cc3)n2)cc(OC)c1OC,5.1432711096171175,1,0.0,37
UECDWVRIAUAFRO-UHFFFAOYSA-N,CHEMBL5993371,O=C(CCCn1cncn1)N(Cc1ccc(-c2noc(C(F)(F)F)n2)cc1)c1cccc(C(F)(F)F)c1,5.721246399047171,1,0.0,37
UEGKDJGASMFKBQ-UHFFFAOYSA-N,CHEMBL221955,O=C(CCCCCC(NC(=O)OCc1ccccc1)C(=O)Nc1cccc2cccnc12)NO,8.220345994546495,2,0.7634279935629369,34
UEGMGFWAJADKSJ-UHFFFAOYSA-N,CHEMBL5647358,O=C(NO)c1ccc2[nH]c(CNc3ccccc3)nc2c1,6.0998514392806555,1,0.0,21
UEGWDPZGBSMNFF-UHFFFAOYSA-N,CHEMBL216336,CC(=O)CCCCCC(NC(C)=O)C(=O)NCCc1c(-c2ccccc2)[nH]c2ccccc12,6.031517051446064,3,0.9123306437268557,33
UEJXWSCTOFLCPH-UHFFFAOYSA-N,CHEMBL3664033,Nc1cc(F)ccc1NC(=O)c1cc2ccc(N3CCNCC3)c(C3CC3)c2cn1,6.335358024443874,1,0.0,30
UEKPDDMOEDHDCS-UHFFFAOYSA-N,CHEMBL4162282,Cc1ccc(NC(=O)CN(Cc2ccc(C(=O)NO)cc2)C(=O)c2ccc(N(C)C)cc2)cc1,7.096910013008056,1,0.0,34
UELDPZVVXAGZLE-UHFFFAOYSA-N,CHEMBL466171,O=C(CCCCc1cc(C(=O)NO)no1)NC1CCCCC1,4.910094888560602,1,0.0,22
UETFHIJDIWBADB-UHFFFAOYSA-N,CHEMBL386069,COc1ccc2[nH]c(C)c(CC(=O)NC(CCCCCC(C)=O)C(=O)Nc3cccc(-c4ccccc4)c3)c2c1,7.7447274948966935,1,0.0,40
UEWXAGAFIKCFCJ-UHFFFAOYSA-N,CHEMBL5417666,CN(C)Cc1cccc(-c2ccc(=O)n(Cc3ccc(C(=O)Nc4ccccc4N)cc3)n2)c1,7.133122185662501,1,0.0,34
UEZYRNBASLGDRE-UHFFFAOYSA-N,CHEMBL3421751,O=C(NO)c1ccc(CNCc2nc(-c3ccc(Cl)cc3)no2)cc1,5.414539270491499,1,0.0,25
UFAITGXCZXJUDV-UHFFFAOYSA-N,CHEMBL4299380,CCC1OC(=O)C(C)C(OC2CC(C)(OC)C(O)C(C)O2)C(C)C(OC2OC(C)CC(N(C)Cc3ccc(-c4cn(CCCCC(=O)NO)nn4)cc3)C2O)C(C)(OC)CC(C)C(=O)C(C)C(O)C1(C)O,5.3124710387853655,1,0.0,71
UFBBFWXXLQXJOC-UHFFFAOYSA-N,CHEMBL5410523,O=C(CCCCCCNC(=O)c1ncc(-c2cccc(Cl)c2)s1)NO,7.530177984021837,1,0.0,25
UFBIQEAFJOHPCC-UHFFFAOYSA-N,CHEMBL255990,CCCCn1cnc2c(NCc3ccc(C(=O)Nc4ccccc4N)cc3)nc(N)nc21,6.522878745280337,1,0.0,32
UFEZNUXNQDUPJS-UHFFFAOYSA-N,CHEMBL5557862,CCCCN1CCN(CC2CCc3c(c4cc(F)ccc4n3Cc3ccc(C(=O)NO)cc3)C2=O)CC1,5.649751981665837,1,0.0,37
UFLTXBAQOUWVFZ-UHFFFAOYSA-N,CHEMBL4531108,O=C(NO)c1ccc(Cn2c3c(c4cc(F)ccc42)CS(=O)(=O)CC3)cc1,4.920818753952375,1,0.0,27
UFOGKVCQIBKIPF-UHFFFAOYSA-N,CHEMBL3310506,CC1NC(=O)C2CCCCCSSCCCCCC(NC(=O)C3CCCN3C1=O)C(=O)N2,7.896196279044043,1,0.0,32
UFORSOOAXZIENX-UHFFFAOYSA-N,CHEMBL4077893,CN(C)Cc1cn(S(=O)(=O)c2ccc(C=CC(=O)NO)cc2)c2ccccc12,5.714442690992226,1,0.0,28
UFQDUCIOZJEAJB-UHFFFAOYSA-N,CHEMBL3808866,CNC(=O)CCCCCC(NC(=O)c1cncs1)c1ncc(-c2ccc(-c3ccn[nH]3)cc2)[nH]1,5.732828271596986,1,0.0,34
UFTSJQJNTKASLO-UHFFFAOYSA-N,CHEMBL3311471,O=C(CCCCCCNC(=O)c1ccc2[nH]c(=O)ccc2c1)NO,7.619788758288394,1,0.0,24
UFUGFWWXDWPEQE-UHFFFAOYSA-N,CHEMBL4448410,O=C(NO)c1ccc(Cn2nnnc2-c2cccs2)cc1,6.0343280287798935,1,0.0,21
UFWROTGTGBWIJQ-UHFFFAOYSA-N,CHEMBL3415456,O=C(NO)c1ccc(NC2CCN(c3ccccc3Cl)C2=O)cc1,4.661543506395395,1,0.0,24
UFWZMCMJFYFKKZ-UHFFFAOYSA-N,CHEMBL5782142,Fc1cc(COc2ccccc2)ccc1-c1noc(C(F)(F)F)n1,4.346787486224656,1,0.0,24
UFXKUOBFPSDIAG-UHFFFAOYSA-N,CHEMBL1099065,CCN1CCCC(n2c(-c3ccccc3)nc(C)c2-c2cccc(C=CC(=O)NO)c2)C1,6.200659450546418,1,0.0,32
UGCXQXMMBTZFEZ-UHFFFAOYSA-N,CHEMBL5620085,CC(C)(C)CC(C)(C)NC(=O)CN(Cc1ccc(C(=O)NO)cc1)C(=O)c1c[nH]c2ccccc12,6.2839966563652006,1,0.0,35
UGEBLNDPXMMWOH-UHFFFAOYSA-N,CHEMBL5415256,NCc1ccc(OCc2ccc(C(=O)Nc3ccccc3N)cc2)cc1,7.0,1,0.0,26
UGEGMLHKJYPRKJ-UHFFFAOYSA-N,CHEMBL3218001,C#Cc1cccc(Nc2ncnc3ccc(S(=O)(=O)n4ccc(C=CC(=O)Nc5ccccc5N)c4)cc23)c1,7.214087375479585,2,0.3462575356013584,39
UGIDUFDXDRMYCS-UHFFFAOYSA-N,CHEMBL5992372,Cc1nc2c(c(=O)[nH]1)CC(NCc1ccc(-c3noc(C(F)(F)F)n3)cc1)CC2,5.920818753952375,1,0.0,29
UGIGPZRPBVEGQT-UHFFFAOYSA-N,CHEMBL3698508,O=C(C=Cc1ccc(CC(O)c2ccccc2)o1)NO,6.301029995663981,1,0.0,20
UGJIKWRSCDMTNJ-UHFFFAOYSA-N,CHEMBL3652236,O=C(NO)c1cnc(Nc2c(F)c(F)cc(F)c2F)nc1,6.478861916295964,1,0.0,21
UGJNLGFANIDLSB-UHFFFAOYSA-N,CHEMBL245946,O=C(NO)c1cc2ccccc2s1,6.172630726946174,1,0.0,13
UGMQLNOFTXSPRA-UHFFFAOYSA-N,CHEMBL4435527,COc1ncc(-c2cc(OCCCCCCC(=O)NO)c3ncnc(C)c3c2)cc1NS(=O)(=O)c1ccc(F)cc1F,8.200659450546418,1,0.0,42
UGRBZFIRSKXWCF-UHFFFAOYSA-N,CHEMBL4452585,COc1ncc(-c2cc(OCCCNc3ncc(C(=O)NO)cn3)c3ncnc(C)c3c2)cc1F,8.397940008672037,1,0.0,35
UGRWKQBWMIKPKM-UHFFFAOYSA-N,CHEMBL3689768,COCCNc1c(CC(C)(C)C)nc2ccc(C=CC(=O)NO)cn12,6.0,1,0.0,25
UGWIIYINTVVFGS-UHFFFAOYSA-N,CHEMBL2047691,COc1ccc(CC(=NO)C(=O)NCCS)cc1I,9.0,1,0.0,19
UHBLQJAKJKLAMN-UHFFFAOYSA-N,CHEMBL4277204,Cc1nc(NCc2ccc(C(=O)NO)cc2)cc2c1[nH]c1ccccc12,7.318758762624412,1,0.0,26
UHHOLWVUDKEUNX-UHFFFAOYSA-N,CHEMBL5409169,Cc1nnc2n1-c1ccccc1C(c1ccc(Cl)cc1)=NC2CC(=O)NCc1ccc(C(=O)NO)cc1,6.251811972993799,1,0.0,37
UHPVVZUVOPNTDE-UHFFFAOYSA-N,CHEMBL4225495,Cc1cc(-c2ccc3c(c2)OCO3)n(Cc2ccc(C(=O)NO)cc2)n1,6.366531544420413,1,0.0,26
UHRZIVFNXTZUIQ-UHFFFAOYSA-N,CHEMBL4548759,CC(=O)Nc1cccc(-c2csc(NC(=O)CCCCCC(=O)Nc3ccccc3N)n2)c1,5.494850021680094,1,0.0,33
UHUPMEIHLWXXDX-UHFFFAOYSA-N,CHEMBL5083680,Nc1cc(F)ccc1NC(=O)c1ccc(CSc2nc(NC3CCNCC3)c3cccn3n2)cc1,5.625251653989896,1,0.0,35
UHXITXVWOVIQTP-UHFFFAOYSA-N,CHEMBL6001535,Nc1cc(F)ccc1NC(=O)c1ccc(C=C2CN(CC3CC3)C2)cc1,5.522878745280337,1,0.0,26
UHZNIUQYBFSJGH-UHFFFAOYSA-N,CHEMBL211395,COc1cc(NCc2ccc(C(=O)Nc3ccccc3N)cc2)cc(OC)c1OC,5.522878745280337,1,0.0,30
UHZSNBMCVMJSHA-UHFFFAOYSA-N,CHEMBL5590261,O=C(NO)c1ccc(CN2CCc3[nH]c4ccc(F)cc4c3C2)cc1,4.992679047077256,1,0.0,25
UHZVQVQDXDCANZ-UHFFFAOYSA-N,CHEMBL4204308,Cn1cc(-c2ccc(=O)n(CCOc3ccnc4cc(OCCCCCC(=O)NO)ccc34)n2)cn1,6.665546248849069,1,0.0,36
UIINOGWJPAPJTM-UHFFFAOYSA-N,CHEMBL4776819,Cn1cc(-c2cc(C(C)(C)O)ccc2Oc2ccc(F)cc2F)c2cc(C(=O)NCc3ccc(C(=O)Nc4ccccc4N)cc3)[nH]c2c1=O,6.785156151952302,1,0.0,50
UIKJHSLORQNEGS-UHFFFAOYSA-N,CHEMBL4474627,COc1ncc(-c2cc(OCCCCNc3ncc(C(=O)NO)cn3)c3ncnc(C)c3c2)cc1F,7.958607314841775,1,0.0,36
UILCCVKVTDINGS-UHFFFAOYSA-N,CHEMBL4168651,Nc1cc(F)ccc1NC(=O)c1ccc(NC(=O)Cc2ccc(F)cc2)cn1,6.431798275933005,1,0.0,28
UIQIHYANPYDABS-UHFFFAOYSA-N,CHEMBL5084881,O=C(NO)c1cccc(C=Cc2ccnc(-c3cc(F)ccc3O)c2)c1,5.821023052706831,2,0.0,26
UIRRMIQSIXVEGB-UHFFFAOYSA-N,CHEMBL4633570,Cc1n[nH]c(C)c1-c1ccc(C2(C(=O)Nc3ccc(C(=O)NO)cc3)CCCC2)cc1,8.096910013008056,1,0.0,31
UITGKGMYELAXCT-UHFFFAOYSA-N,CHEMBL5815886,CC(C(=O)N(Cc1ccc(-c2noc(C(F)(F)F)n2)cn1)c1cccc(F)c1)c1ccn(C)n1,6.657577319177793,1,0.0,34
UIXUAKVMQUZXGY-UHFFFAOYSA-N,CHEMBL3957055,O=C(CCCCCCn1cc(-c2ccc3ncnc(Nc4ccc(F)c(Cl)c4)c3c2)nn1)NO,8.585026652029182,1,0.0,34
UJBBRLRSUNALSO-UHFFFAOYSA-N,CHEMBL3655947,CC(C)(Nc1ncc(C(=O)NO)cn1)c1ccc(F)cc1F,6.1904402853647325,1,0.0,22
UJCCTPWYHNNBCH-UHFFFAOYSA-N,CHEMBL99216,O=C(CCCCCCC(=O)c1ccc(N2CCN(c3ccccc3)CC2)cc1)NO,8.346787486224656,1,0.0,30
UJKGYYPNUCRQFO-UHFFFAOYSA-N,CHEMBL4551751,CC(=O)SCCCCCC(NC(=O)OCc1ccccc1)C(=O)Nc1cccc2cccnc12,7.327902142064282,1,0.0,34
UJMSWDIMIKNQKH-UHFFFAOYSA-N,CHEMBL4069669,O=C(C=Cc1ccc(CCNC(=O)c2cncc(F)c2)cc1)NO,7.590743347961091,1,0.0,24
UJNLAQJFBHIMQO-UHFFFAOYSA-N,CHEMBL4759693,CCC(=O)CCCCCC(NC(=O)C1CC12CCN(C)CC2)c1[nH]c(-c2ccc3nc(C)ccc3c2)nc1C#N,9.522878745280337,1,0.0,40
UJPJTUZFRFPSSC-UHFFFAOYSA-N,CHEMBL4440413,CN(C)c1ccc(C(=O)N(CCCCCC(=O)Nc2ccccc2N)CC(=O)NCc2ccccc2)cc1,5.801342913045577,1,0.0,38
UJTOVSMSWVBSRF-UHFFFAOYSA-N,CHEMBL6150973,O=C(CCCCCn1c2cc3c(cc2c2[nH]c(=O)c4ccccc4c21)OCO3)NO,8.045757490560675,1,0.0,30
UJTYEQWJKXIETB-UHFFFAOYSA-N,CHEMBL6171875,CCNNC(=O)c1ccc(CN2c3ccccc3C=Cc3ccncc32)c(F)c1,5.058488567365597,1,0.0,29
UJUMTIZUURNQEZ-UHFFFAOYSA-N,CHEMBL5633237,Nc1nc(Cl)c2ccn(Cc3ccc(NC(=O)CS)cc3)c2n1,5.552841968657781,1,0.0,23
UKBZWOAYQVHEBM-UHFFFAOYSA-N,CHEMBL4754717,CCOc1ncc(-c2cnc(C(CCCCCC(=O)CC)NC(=O)C3CC34CCN(C)CC4)[nH]2)cn1,6.922331981267469,2,0.1553360374650623,36
UKHBEXKFQIFIBM-UHFFFAOYSA-N,CHEMBL487179,CC(=O)CCCCCC(NC(=O)CCN1CCCCC1)c1ncc(-c2ccccc2)[nH]1,6.721246399047171,1,0.0,31
UKNPNNJYGOJZRO-UHFFFAOYSA-N,CHEMBL4644575,COc1nc2ccccc2cc1-c1cnc(C(N)CCCCCC(=O)c2cc[nH]n2)[nH]1,6.6020599913279625,1,0.0,31
UKPBSRBABNKKNR-UHFFFAOYSA-N,CHEMBL3675759,O=C(CCCCCC=C(c1ccccn1)c1ccccn1)NO,6.192464971931146,1,0.0,23
UKPDWSRLNUJBIK-UHFFFAOYSA-N,CHEMBL1767044,CNC(=O)C(CCCCCCNC(=O)c1cc(-c2ccc(N)cc2)on1)=NO,4.935542010773082,1,0.0,28
UKQCLPKSHLEEQY-UHFFFAOYSA-N,CHEMBL3287256,O=C(CCCCNC(=O)c1nc(-c2nccs2)sc1C1CCCCC1)NO,6.455931955649724,1,0.0,27
UKQJPLUKKMJSIY-UHFFFAOYSA-N,CHEMBL1173194,CCCCCCCC(=O)SCCC=CC1CC(=O)NCc2nc(cs2)C2=NC(CS2)C(=O)NC(C(C)C)C(=O)O1,7.863279432843593,1,0.0,40
UKSQDSBVFNMTIY-UHFFFAOYSA-N,CHEMBL4450360,COc1ccc(-c2cnc(-c3nc(C(=O)NC(C)c4ccc(C(=O)NO)cc4)c(C4CC4)s3)s2)cc1,8.447331783887806,1,0.0,36
UKTNTTZMSUXXMF-UHFFFAOYSA-N,CHEMBL5188237,COc1ccccc1C(=O)N(CC(=O)NC(C)(C)C)Cc1ccc(C(=O)NO)cc1,5.507239610973162,1,0.0,30
ULIPYSGEVHHKMB-UHFFFAOYSA-N,CHEMBL235263,CC(C)(C)OC(=O)NC(CCCCCS)C(=O)Nc1cnc2ccccc2c1,7.292429823902063,1,0.0,28
ULKOSHMFBZGBCT-UHFFFAOYSA-N,CHEMBL3655927,O=C(NO)c1cnc(NCCc2ccc(Cl)cc2)nc1,6.761953896871205,1,0.0,20
ULMIGGMIKBGPOR-UHFFFAOYSA-N,CHEMBL4746599,COc1ccc(-c2nc(N3CCOCC3)c3ncn(CCCCCCC(=O)NO)c3n2)cn1,8.537602002101044,1,0.0,33
ULMUOHYPKGDIMQ-UHFFFAOYSA-N,CHEMBL6188533,O=C(Nc1ccc(CNC(=O)c2cc(F)ccc2N2CCCC2)cc1)OCc1cccnc1,5.928117992693874,1,0.0,33
ULRPDWFEDWSIRY-UHFFFAOYSA-N,CHEMBL96966,Cc1cccc(S(=O)(=O)Nc2ccc(C=CC(=O)NO)cc2)c1,7.0,2,0.0,23
ULVBVRHTPUIWJF-UHFFFAOYSA-N,CHEMBL4641904,NC(CCCCCC(=O)c1ccon1)c1ccn(-c2ccc(F)cc2)n1,7.6777807052660805,1,0.0,26
ULXGJWLJXHGQPD-UHFFFAOYSA-N,CHEMBL6038749,Fc1cc(COc2nc3cccnc3n2C2CC2)ccc1-c1noc(C(F)(F)F)n1,6.200659450546418,1,0.0,30
ULYOJEZSLBOLED-UHFFFAOYSA-N,CHEMBL5837624,CC(C)NC(=O)Nc1cc(-c2cccs2)ccc1N,4.755722879198157,1,0.0,19
ULYVQURTWGHWFS-UHFFFAOYSA-N,CHEMBL5532078,CCCNNC(=O)CCCCCCCn1cc(-c2cccnc2)nn1,7.241088107602026,1,0.0,25
UMBWSKNLLAQJNY-UHFFFAOYSA-N,CHEMBL5860772,Cn1cnc2cc(COc3nccc(-c4noc(C(F)(F)F)n4)c3Cl)ccc21,5.769551078621726,1,0.0,28
UMCMUHXVQOVKIH-UHFFFAOYSA-N,CHEMBL5407312,O=C(NO)c1ccc(CN2CCC(CNC3CC3c3ccccc3)CC2)cc1,7.889410289700751,1,0.0,28
UMHAIDYPJKYSES-UHFFFAOYSA-N,CHEMBL3758882,O=C(NCCCCCCS)c1cc(-c2cccnc2)n[nH]1,7.2839966563652006,1,0.0,21
UMHFQDIDZBFZAX-UHFFFAOYSA-N,CHEMBL4646653,O=C(NO)c1ccc(NC(=O)C2(c3ccccc3)CC2)cc1,7.031517051446065,1,0.0,22
UMHLQZZYEINYED-UHFFFAOYSA-N,CHEMBL5618496,O=C(CN(Cc1ccc(C(=O)NO)cc1)C(=O)c1cc2ccccc2[nH]1)NC1CCCCC1,7.113509274827518,1,0.0,33
UMNVUXFHBUOTGS-UHFFFAOYSA-N,CHEMBL4093482,Nc1ccccc1NC(=O)c1ccc(NC(=O)NCc2cccnc2)cc1,6.657577319177793,1,0.0,27
UMOBEFRNENEUFT-UHFFFAOYSA-N,CHEMBL5428984,CN(C)Cc1ccc(-n2nc(N)c(C(=O)NCc3ccc(C(=O)Nc4ccccc4N)cc3)n2)cc1,7.045757490560675,1,0.0,36
UMUMICJAIKJENX-UHFFFAOYSA-N,CHEMBL271651,COc1cc(NCc2ccc(C(=O)Nc3ccccc3N)cc2)ncn1,6.698970004336019,1,0.0,26
UMVSHYVAQBLZTL-UHFFFAOYSA-N,CHEMBL3664116,CCN1CCC(CNCc2ccc(C(=O)Nc3cc(-c4ccccc4)ccc3O)cc2)CC1,7.187086643357144,1,0.0,33
UMWRGESNBMPCQC-UHFFFAOYSA-N,CHEMBL494124,COc1ccc2[nH]c(C)c(CC(=O)NC(CCCCNS(N)(=O)=O)C(=O)Nc3nc(-c4ccccc4)cs3)c2c1,7.1938200260161125,1,0.0,40
UMXRASXESHHBEI-UHFFFAOYSA-N,CHEMBL251819,CCC(=O)NCc1ccc(C(=O)Nc2cc(-c3cccs3)ccc2N)cc1,7.920818753952375,1,0.0,27
UMZNDXHSSBJFBR-UHFFFAOYSA-N,CHEMBL5417311,COc1ccc2c3c(oc2c1)CN(CC(=O)Nc1ccc(C(=O)NO)cc1)CC3,7.991399828238082,1,0.0,29
UMZWRSVSTSZPIR-UHFFFAOYSA-N,CHEMBL217509,COc1ccc2[nH]c(C)c(CC(=O)NC(CCCCCC(C)=O)C(=O)Nc3nc(-c4ccccc4)cs3)c2c1,7.6020599913279625,1,0.0,39
UMZXWCBRVCVILS-UHFFFAOYSA-N,CHEMBL3415964,Nc1nc2ncc(CNc3ccc(C(=O)NCCCCCCCC(=O)NO)cc3)nc2c(=O)[nH]1,7.79317412396815,1,0.0,34
UNAMALAEOWCFPX-UHFFFAOYSA-N,CHEMBL2046614,O=C(NCCCN1CCc2nc(C(=O)NO)sc2C1)c1ccc(-c2ccccc2)s1,5.246416941107094,1,0.0,30
UNBQOQNISDAVST-UHFFFAOYSA-N,CHEMBL5087228,CCN(CCc1ccc(C(=O)NO)cc1)c1nc(N)n2nc(-c3ccco3)nc2n1,6.758204568704802,1,0.0,30
UNFDJHFGKZUZCU-UHFFFAOYSA-N,CHEMBL5561465,CCCNNC(=O)c1ccc(CNC(=O)C=Cc2ccccn2)cc1,7.87942606879415,1,0.0,25
UNFIZDKARAKGDY-UHFFFAOYSA-N,CHEMBL5796917,CC(C)(C)CC(=O)Nc1cc(-c2cccs2)ccc1N,4.755722879198157,1,0.0,20
UNGSSINWOHDIOW-UHFFFAOYSA-N,CHEMBL4874875,N#Cc1ccc2c(c1)CCCN2Cc1ccc(C(=O)NO)cc1,6.85078088734462,1,0.0,23
UNJREHFGBXASQP-UHFFFAOYSA-N,CHEMBL4292408,CN1CCN(c2ccc(Nc3nccc(-c4ccc(NC(=O)CCCCCCC(=O)NO)cc4)n3)cc2)CC1,7.113509274827518,1,0.0,39
UNLBTHHZLFHLAY-UHFFFAOYSA-N,CHEMBL5273396,O=C(NO)c1ccc(Cn2cnc(-c3ccc(F)cc3)n2)cc1,6.570570735618212,1,0.0,23
UNOOGJYMFIKMBO-UHFFFAOYSA-N,CHEMBL399388,COc1ccc(NCc2ccc(C(=O)Nc3cc(-c4ccsc4)ccc3N)cc2)cc1OC,7.301029995663981,1,0.0,33
UNQJONSYDKYAPZ-UHFFFAOYSA-N,CHEMBL4069031,CC1N=C(c2ccccc2)c2ccccc2N(CCCCC(=O)NO)C1=O,4.8972233851165585,1,0.0,27
UNVPUPLOOVPSFW-UHFFFAOYSA-N,CHEMBL4535745,CC(C)Cc1sc(-c2nccs2)nc1C(=O)Nc1ccc(C=CC(=O)NO)cc1,6.180456064458131,1,0.0,29
UNVYMFHLCWUHKU-UHFFFAOYSA-N,CHEMBL4090841,CC(C)c1ccc(Nc2ncnc3cc(NC(=O)CCCCCCC(=O)NO)sc23)cc1,6.843905369360572,1,0.0,32
UNWVLJQBVBOYQJ-UHFFFAOYSA-N,CHEMBL6051620,COCc1cc2c(cn1)CN(C(=O)Nc1nc(-c3ccccc3F)ccc1N)C2,6.522878745280337,1,0.0,29
UNXQXLFIXZKRCS-UHFFFAOYSA-N,CHEMBL5435277,CCCNNC(=O)c1cnc(NCc2ccc(OC)cc2)cn1,5.702677285794698,1,0.0,23
UNYSHAZVCIFGCA-UHFFFAOYSA-N,CHEMBL400213,Cc1nc2ccccc2c(=O)n1Cc1ccc(C(=O)Nc2ccccc2N)cc1,7.096910013008056,1,0.0,29
UNZNVKKXXYZTJE-UHFFFAOYSA-N,CHEMBL4796175,CCC(=O)CCCCCC(NC(=O)C1CCOCC1)c1[nH]c(-c2ccc(F)cc2)nc1C(N)=O,7.910094888560602,1,0.0,34
UODZHAZSVRMPND-UHFFFAOYSA-N,CHEMBL5632592,Cc1cccc(Cl)c1Cn1cnc2ccc(-c3cc(NC(=O)CCCCCCC(=O)NO)n[nH]3)cc21,7.34008379993015,1,0.0,36
UODZPFZHXUXNPW-UHFFFAOYSA-N,CHEMBL4475116,CCCNc1ccc2c3c(cccc13)C(=O)N(CCCCCC(=O)NO)C2=O,6.229147988357855,2,0.0,28
UOEQVYQBYSGXBR-UHFFFAOYSA-N,CHEMBL4469098,O=C(NO)c1ccc(CN2c3ccccc3CCC3CCCCC32)cc1,5.309803919971486,1,0.0,26
UOEXMKBLKQPTKA-UHFFFAOYSA-N,CHEMBL594544,O=C(NO)c1cnc(N2CCN(C(C=Cc3ccc(F)cc3)CO)CC2)nc1,8.148741651280925,1,0.0,28
UOGVQPFUBRCCIE-UHFFFAOYSA-N,CHEMBL511984,Nc1ccc(-c2cccs2)cc1NC(=O)c1ccc(N2CCC3(CC2)CNC(=O)C3)nc1,7.886056647693163,1,0.0,32
UOMQYWKOSVYLAQ-UHFFFAOYSA-N,CHEMBL3971359,O=C(NO)c1ccc(CN2C(=O)NC(Cc3ccccc3)C2=O)cc1,5.121478204498794,2,0.0,25
UOOUHDGANNWOIG-UHFFFAOYSA-N,CHEMBL5805926,COc1ccccc1C1CCC(=O)N1c1ccc(-c2noc(C(F)(F)F)n2)cc1F,5.6777807052660805,1,0.0,30
UOTQNIQDTLXQPM-UHFFFAOYSA-N,CHEMBL2047611,COc1ccc(-c2nn(-c3ccccc3)cc2C=CC(=O)Nc2ccc(Br)cc2)cc1,5.978810700930062,1,0.0,31
UOTUFXVARIAOEU-UHFFFAOYSA-N,CHEMBL3664132,Nc1ccc(-c2ccccc2)cc1NC(=O)c1ccc(CN2C(=O)OCC2c2ccccc2)cc1,7.215196016226588,2,0.04275198042095063,35
UPAYMPOAHXSQCY-UHFFFAOYSA-N,CHEMBL3798925,O=C(NO)c1ccc(F)c(NC(=O)c2ccccc2)c1,4.651695136951839,1,0.0,20
UPGCHGPZKCQKNK-UHFFFAOYSA-N,CHEMBL3098606,Cc1ccc(NC(=O)C(CCCCCC(=O)NO)NC(=O)C2CCC(=O)N2)cc1,7.494850021680094,1,0.0,29
UPHGDUASWFHVLG-UHFFFAOYSA-N,CHEMBL3317814,CC12CSC(=N1)c1csc(n1)CNC(=O)CC(C=CCCS)OC(=O)C(CCN)NC2=O,8.259637310505756,1,0.0,32
UPHXPXYRKPCXHK-UHFFFAOYSA-N,CHEMBL55895,O=C(CCCc1ccccc1)NO,6.221848749616356,1,0.0,13
UPLGZSBFZVNPLL-UHFFFAOYSA-N,CHEMBL5407953,O=C(NO)c1ccc(CNC(=O)c2cc(-c3ccc(N4CCOCC4)cc3)cc3[nH]ccc23)cc1,8.468521082957745,1,0.0,35
UPLZIRHIVXNQEI-UHFFFAOYSA-N,CHEMBL5418632,COc1ccc(N=Nc2ccc(C=CC(=O)Nc3cc(-c4cccs4)ccc3N)cc2)cc1,6.455931955649724,1,0.0,33
UPOBHYAWQQUJIE-UHFFFAOYSA-N,CHEMBL4646474,Nc1ccccc1NC(=O)CCCCNC(=O)c1cc(Cc2n[nH]c(=O)c3ccccc23)ccc1F,6.130768280269024,1,0.0,36
UPODRFYFQLJARC-UHFFFAOYSA-N,CHEMBL4635211,Nc1ccc(F)cc1NC(=O)CCCCCNC(=O)c1cc(Cc2n[nH]c(=O)c3ccccc23)ccc1F,6.2839966563652006,1,0.0,38
UPOKDTWBNRJHSL-UHFFFAOYSA-N,CHEMBL4571280,COc1ccc(CNCc2ccc(C=CC(=O)NO)cc2)c(OC)c1,6.347753658996677,1,0.0,25
UPOWPUNCKUONQK-UHFFFAOYSA-N,CHEMBL4472220,CN(Cc1c(C(C)(C)C)nc2cc(C=CC(=O)NO)ccn12)CC(C)(C)C,9.10790539730952,1,0.0,27
UPPQHOBFCWKZGU-UHFFFAOYSA-N,CHEMBL5589980,COc1ccc2[nH]c3c(c2c1)CCN(Cc1ccc(C(=O)NO)cc1)C3,4.6252516539898965,1,0.0,26
UPTHKGNCOWCZQD-UHFFFAOYSA-N,CHEMBL4633968,Cc1coc(C(=O)CCCCCC(NC(=O)C2CCN(C)CC2)c2ncc(-c3ccc(F)cc3)[nH]2)n1,8.080921907623926,1,0.0,36
UPTYYNWPPBPUMA-UHFFFAOYSA-N,CHEMBL5269112,O=C(CCCCCCNc1nc2ccccc2nc1-c1nc2ccccc2o1)NO,7.959397659885926,1,0.0,30
UQAUKCBFWYIVMU-UHFFFAOYSA-N,CHEMBL5413000,COc1ccccc1-c1cnc(C(=O)NCCCCCCC(=O)NO)s1,7.182434630440219,1,0.0,26
UQCHHZDJWVSCKK-UHFFFAOYSA-N,CHEMBL5088997,N#Cc1cccc(-c2nc3c4cnn(CCc5ccc(C(=O)Nc6ccccc6N)cc5)c4nc(N)n3n2)c1,6.94692155651658,1,0.0,39
UQFKUMKUHZJVPQ-UHFFFAOYSA-N,CHEMBL3810162,CNC(=O)CCCCCC(NC(=O)C12CCN(CC1)CC2)c1ncc(-c2cc3ccccc3nc2OC)[nH]1,6.6020599913279625,1,0.0,38
UQHOEZZMKKZSOR-UHFFFAOYSA-N,CHEMBL246390,O=C(CCCCCC(NC(=O)OCc1ccccc1)C(=O)Nc1ccc2ncccc2c1)NO,8.113509274827518,1,0.0,34
UQIBYWVWCZGXRK-UHFFFAOYSA-N,CHEMBL570041,CC(C)CC1CC(=O)NC(C)C(=O)NC(CCCCCC(=O)O)C(=O)NC(Cc2cccc3ccccc23)C(=O)N1,6.698970004336019,3,0.0,41
UQKHQHYWAJFGDY-UHFFFAOYSA-N,CHEMBL236902,CC1CN(c2ccc(C(=O)Nc3ccccc3N)cn2)CCN1C(=O)OCc1ccccc1,7.102372908709558,1,0.0,33
UQLATGJPYUOBQG-UHFFFAOYSA-N,CHEMBL272614,O=C(NO)c1cc2ccc(NS(=O)(=O)Cc3ccccc3)cc2s1,7.3872161432802645,1,0.0,24
UQPZQERGYWSGSR-UHFFFAOYSA-N,CHEMBL6026009,O=S(=O)(N1CCN(C2CCC2)CC1)N(Cc1ccc(-c2nnc(C(F)F)o2)cc1)c1ccccc1,6.876148359032914,1,0.0,35
UQQNVHLKGVLXKE-UHFFFAOYSA-N,CHEMBL3421748,Cc1ccc(-c2noc(CNCc3ccc(C(=O)NO)cc3)n2)cc1,5.163675884293248,1,0.0,25
UQQSXEHJILZUKP-UHFFFAOYSA-N,CHEMBL6025201,CC(=O)N1CCC(COC(=O)Nc2cc(-c3cccs3)ccc2N)CC1,7.301029995663981,1,0.0,26
UQSAFWHIHHIMHF-UHFFFAOYSA-N,CHEMBL251756,Nc1ccccc1NC(=O)c1ccc(C(F)(C(=O)Nc2ccccc2)C(=O)Nc2ccccc2)cc1,7.318758762624412,1,0.0,36
UQSIMZBWKGMCPX-UHFFFAOYSA-N,CHEMBL4072479,COc1cc(C(=O)c2cn(S(=O)(=O)c3cccc(C=CC(=O)NO)c3)c3ccccc23)cc(OC)c1OC,6.857735708829978,1,0.0,38
UQSIPNLHOWORHA-UHFFFAOYSA-N,CHEMBL3426804,O=C(C=Cc1ccc(NC(=O)C(Cc2ccccc2)c2ccccc2)cn1)NO,5.847711655616944,3,0.0,29
UQTYLQNPMCWHGE-UHFFFAOYSA-N,CHEMBL4464169,CN(Cc1ccc(C(=O)Nc2ccccc2N)cc1)c1ccccc1,6.0,1,0.0,25
UQWFSWVIRVHASZ-UHFFFAOYSA-N,CHEMBL5088430,CN1c2ccc(F)cc2C(=O)N2CCc3c([nH]c4ccc(OCc5ccc(C=CC(=O)Nc6ccccc6N)cc5)cc34)C21,6.494850021680094,1,0.0,44
UQXVZDMQSCIACC-UHFFFAOYSA-N,CHEMBL6144791,Cc1c(F)c(N)cc(C(=O)Nc2cc(-c3ccc(C(=O)NCCCCC(=O)NO)cc3)ccc2N2CCN(C)CC2)c1Cl,5.54515513999149,1,0.0,43
URCBZVKOQSLHMA-UHFFFAOYSA-N,CHEMBL5991511,Nc1ccc(-c2ccoc2)cc1NC(=O)c1nc(N2CCNCC2)cs1,6.5934598195660445,2,0.0,26
URCROICJDBFHOG-UHFFFAOYSA-N,CHEMBL4164238,CS(=O)(=O)Nc1ccc(-c2ccnc(Nc3ccc(N4CCC(C(=O)Nc5ccccc5N)CC4)cc3)n2)cc1,5.6777807052660805,1,0.0,40
URCTZTDBIUBGKU-UHFFFAOYSA-N,CHEMBL5745844,CNC(=O)OCc1ccc(-c2noc(C(F)(F)F)n2)cn1,5.769551078621726,1,0.0,21
URJLFYODTFMNDE-UHFFFAOYSA-N,CHEMBL4634503,COc1ccc(C2(C(=O)Nc3ccc(C(=O)NO)cc3)CCCCC2)cc1Br,7.508638306165727,1,0.0,28
URLZAKMTSXZUEP-UHFFFAOYSA-N,CHEMBL3311466,CC1(C)CC(=O)Nc2ccc(NC(=O)CCCCCCC(=O)NO)cc21,8.040958607678906,1,0.0,26
URMDPVXCBJZMFD-UHFFFAOYSA-N,CHEMBL5978936,CC(=O)N1CC(CC(=O)Nc2cc(-c3cccs3)ccc2N)C1,5.515700160653214,1,0.0,23
URNAJSRCJGAVQR-UHFFFAOYSA-N,CHEMBL3655945,O=C(NO)c1cnc(NCCc2c(Cl)cccc2Cl)nc1,5.840132152907433,1,0.0,21
URTRVFWUUAICBJ-UHFFFAOYSA-N,CHEMBL253227,Nc1ccc(-c2ccccc2)cc1NC(=O)c1ccc(CNC(=O)C2CCCCC2)cc1,7.537860356969059,2,0.3222192947339195,32
URYOTAYYLIYDDP-UHFFFAOYSA-N,CHEMBL3585983,O=C(CCCCCCc1nc(-c2ccc(C(F)(F)F)cc2)no1)C(F)(F)F,5.0835460514500745,1,0.0,27
USDBLESFYQSNAR-UHFFFAOYSA-N,CHEMBL4466067,Cc1cc(C)cc(C(=O)N(CCCCCC(=O)Nc2ccccc2N)CC(=O)NCc2ccccc2)c1,5.935542010773082,1,0.0,37
USEGXUNQHIEYHD-UHFFFAOYSA-N,CHEMBL5905064,CC(F)(F)COC(=O)Nc1cc(-c2cccs2)ccc1N,4.755722879198157,1,0.0,21
USHSMQJPFGHNIF-UHFFFAOYSA-N,CHEMBL3356932,O=C(CCCCCCS)NCc1ccc(C(F)(F)F)cc1,5.2247537402597635,1,0.0,21
USJBGOJTWAOTTB-UHFFFAOYSA-N,CHEMBL5892152,CN(CCN1CCN(C2COC2)CC1)S(=O)(=O)N(Cc1ccc(-c2nnc(C(F)F)o2)cc1)c1ccccc1,6.632644078973981,1,0.0,39
USMMKDXKVKAWCC-UHFFFAOYSA-N,CHEMBL271100,COc1cc(OC)nc(NCc2ccc(C(=O)Nc3ccccc3N)cc2)n1,7.0,1,0.0,28
USNTYZNBKAAAHC-UHFFFAOYSA-N,CHEMBL3652234,O=C(NO)c1cnc(Nc2cc(Cl)ccc2Cl)nc1,6.673664139071249,1,0.0,19
USPQQLCGNXDFDP-UHFFFAOYSA-N,CHEMBL505199,O=C(NO)c1ccc(C=Cc2ccccc2)o1,4.308476477831846,1,0.0,17
USPZDUMJHUANKM-UHFFFAOYSA-N,CHEMBL5983702,CC(=O)N1CCN(CCN(C)S(=O)(=O)N(Cc2ccc(-c3nnc(C(F)F)o3)cc2)c2ccccc2)CC1,6.151810883008601,1,0.0,38
USSFQFXDHWFNOK-UHFFFAOYSA-N,CHEMBL4638227,CC(=O)Nc1ccc2c(c1)CN(C(=O)C(N)Cc1ccc(Cl)cc1Cl)C2,5.055517327849831,1,0.0,26
USUDOECMAYUMFL-UHFFFAOYSA-N,CHEMBL3689846,CCN(CCC(C)C)Cc1c(C(C)(C)C)nc2cc(C=CC(=O)NO)ccn12,7.221848749616356,1,0.0,28
USXBFTGGZAUGDB-UHFFFAOYSA-N,CHEMBL5426896,O=C(Cc1ccc2ccccc2c1)Nc1ccc(C(=O)NO)nc1,4.026872146400302,1,0.0,24
USYOVMNNRIHXJQ-UHFFFAOYSA-N,CHEMBL3593409,CC(C)C1NC(=O)C2(C)CSC(=N2)c2cccc(n2)CNC(=O)CC(C=CCCS)OC1=O,8.57186520597121,1,0.0,33
UTAVZNIMEWGFRX-UHFFFAOYSA-N,CHEMBL4634431,O=C(NO)c1ccc(NC(=O)C2(c3ccc(-c4ccc(OCc5ccccc5)nc4)cc3)CCCC2)cc1,6.619788758288394,1,0.0,38
UTBZPJHUUZFCDY-UHFFFAOYSA-N,CHEMBL3664099,O=C(Nc1cc(-c2ccccc2)ccc1O)c1ccc(CN2CCOCC2)cc1,7.318758762624412,1,0.0,29
UTFCNHCLOGQHOY-UHFFFAOYSA-N,CHEMBL6167305,Nc1ccccc1NC(=O)c1ccc(CNC(=O)c2cnc(-c3ccc4occc4c3)[nH]2)cc1,5.3788237182249645,1,0.0,34
UTFXJOLZTVTKET-UHFFFAOYSA-N,CHEMBL384503,COc1ccc(CNc2ccc(C(=O)Nc3ccccc3N)cc2)cc1OC,5.3979400086720375,1,0.0,28
UTFYKWYZSBIMFJ-UHFFFAOYSA-N,CHEMBL5218764,N#Cc1c(N)nc(N)nc1N1CC2(CC2)CC1c1nc2cccc(F)c2c(=O)n1Cc1ccc(C(=O)NO)cc1,6.542118103266008,1,0.0,40
UTJPCLXVDNMKDZ-UHFFFAOYSA-N,CHEMBL5619894,COc1ncc(-c2ccc3ncc(C(=O)NCCCCCCC(=O)NO)cc3c2)cc1NS(=O)(=O)c1ccc(F)cc1F,8.318758762624412,1,0.0,43
UTPAUKFZOVQYCD-UHFFFAOYSA-N,CHEMBL5218926,CCC(=O)CCCCCC(NC(=O)C1CC12CCN(C)CC2)c1ncc(-c2ccc(-c3ccncc3)cc2)[nH]1,9.55284196865778,1,0.0,39
UTQMWCHHCIKOKP-UHFFFAOYSA-N,CHEMBL4636534,NC(CCCCCC(=O)c1cocn1)c1ncc(-c2ccccc2F)[nH]1,6.769551078621726,1,0.0,26
UTQQHFAKUWFGCW-UHFFFAOYSA-N,CHEMBL5179765,Cc1ccc(-c2nc(N)nc3c2cnn3Cc2cccc(OCCCCCCC(=O)NO)c2)o1,7.371611069949688,1,0.0,34
UTSVADVXKCTABF-UHFFFAOYSA-N,CHEMBL4781215,Cn1cc(-c2cc(C(C)(C)O)ccc2OC2CC2)c2cc(C(=O)NCc3ccc(C(=O)NO)cc3)[nH]c2c1=O,7.681936665037238,1,0.0,39
UTSVDUQIDLMZLA-UHFFFAOYSA-N,CHEMBL5196817,CCCCNc1nc(Cl)nc2c1ncn2Cc1ccc(C(=O)Nc2ccccc2N)cc1,7.258848401148215,1,0.0,32
UTTBZVIOMLTFET-UHFFFAOYSA-N,CHEMBL1082955,O=C(CCCCCNC(=O)NC(=O)c1ccc(-c2cncnc2)cc1)NO,5.0,1,0.0,27
UTUQZVZEFFVLGM-UHFFFAOYSA-N,CHEMBL5204835,COc1cc(C(=O)c2csc(-c3ccc(NC(=O)CCCC(=O)NO)cc3)n2)cc(OC)c1OC,4.99481948749622,1,0.0,35
UUDYQKZHCLYHBD-UHFFFAOYSA-N,CHEMBL3689869,CCCCc1nc2cc(C=CC(=O)NO)ccn2c1CN(CC)CC(C)C,7.045757490560675,1,0.0,27
UUFQKZKLIQHUQX-UHFFFAOYSA-N,CHEMBL5219074,CCC(=O)CCCCCC(NC(=O)C1CC12CCN(C)CC2)c1ncc(-c2ccc3nnccc3c2)[nH]1,7.920818753952375,1,0.0,37
UUKTVUUQSKQPFE-UHFFFAOYSA-N,CHEMBL6013824,Cc1cccc(Cn2cc(C=CC(=O)Nc3ccccc3N)cn2)n1,5.522878745280337,2,0.0,25
UUKZNFKOTQMWDJ-UHFFFAOYSA-N,CHEMBL6145298,Cc1nc(-c2ccc(OCC(C)C)c(C#N)c2)sc1C(=O)NCCCCCCC(=O)NO,6.872895201635192,1,0.0,32
UULAYBQOKXFTRE-UHFFFAOYSA-N,CHEMBL4069152,O=C(C=Cc1ccc(CCNC(=O)c2ccc3ncccc3c2)cc1)NO,8.397940008672037,1,0.0,27
UUMANCYDZCAAON-UHFFFAOYSA-N,CHEMBL5769384,CC1(Cc2ccc(-c3noc(C(F)(F)F)n3)cc2)C(=O)Nc2ccc(F)cc21,5.770303756120384,2,0.30102999566398125,28
UUNGLXQHFSQVJN-UHFFFAOYSA-N,CHEMBL97231,Nc1ccccc1NC(=O)CCCCCN1C(=O)c2cccc3c(Br)ccc(c23)C1=O,6.0,1,0.0,31
UUOALBGVPMDUBS-UHFFFAOYSA-N,CHEMBL481996,Nc1ccccc1NC(=O)c1ccc(CNc2cccc(-c3cccnc3)n2)cc1,6.7447274948966935,1,0.0,30
UUOFTHKMGQZTCU-UHFFFAOYSA-N,CHEMBL5188491,COc1cc(C(=O)c2csc(-c3ccc(OCCCCCCC(=O)Nc4ccccc4N)cc3)n2)cc(OC)c1OC,5.125518182300533,1,0.0,42
UUPCRZBAAWZWPO-UHFFFAOYSA-N,CHEMBL5563892,CCOc1ccccc1C=C1CC(=O)N(CCCCCCC(=O)NO)C1=O,7.777283528852417,1,0.0,27
UUTBHOGFLLZVCJ-UHFFFAOYSA-N,CHEMBL5427242,COc1cc(F)c(N=Nc2c(F)cc(C=CC(=O)Nc3ccccc3N)cc2F)c(F)c1,5.698970004336019,1,0.0,32
UUYIULJWMUPBSX-UHFFFAOYSA-N,CHEMBL5172950,CNNC(=O)c1ccc(CNC(=O)c2ccccc2)cc1,5.335358024443874,1,0.0,21
UUYURUWEWRWZOR-UHFFFAOYSA-N,CHEMBL5941984,CNc1ccc(C(=O)NCCCCCCC(=O)NO)cc1,8.214670164989233,1,0.0,21
UVCSQKKFUYQSGT-UHFFFAOYSA-N,CHEMBL3769815,O=C(NCCCC(=O)C(F)(F)F)c1nc(-c2nccs2)sc1C1CC1,5.010966432301059,1,0.0,25
UVDDFTZLVFIQFL-UHFFFAOYSA-N,CHEMBL154574,O=C(C=Cc1ccccc1)NO,6.876148359032914,1,0.0,12
UVHWFTURGIACGV-UHFFFAOYSA-N,CHEMBL3655957,CC(C)(Nc1ncc(C(=O)NO)cn1)c1ccc(Cl)c(Cl)c1,7.070581074285707,1,0.0,22
UVINKHRZZLXQRP-UHFFFAOYSA-N,CHEMBL4292998,Nc1ccccc1NC(=O)c1cccc(C(=O)NCCNc2nonc2C(=NO)Nc2ccc(F)c(Br)c2)c1,6.198802165540851,1,0.0,39
UVPCSFUWWMMIFU-UHFFFAOYSA-N,CHEMBL3689843,CCN(Cc1c(C(C)(C)C)nc2cc(C=CC(=O)NO)ccn12)CC(C)C,6.2441251443275085,1,0.0,27
UVSLXKGEVLRCPQ-UHFFFAOYSA-N,CHEMBL5865166,CC(=O)N1CC(COC(=O)Nc2cc(-c3cccs3)ccc2N)C1,5.515700160653214,1,0.0,24
UVUXWUYEHXADCJ-UHFFFAOYSA-N,CHEMBL4162854,Nc1cc(F)ccc1NC(=O)c1ccc(NC(=O)C2CC2c2ccccc2)cc1,5.886056647693163,1,0.0,29
UVXBKULTGDABJT-UHFFFAOYSA-N,CHEMBL4285869,CCCCC(CCCC(=O)Nc1ccccc1)CCC(=O)NO,4.823908740944319,1,0.0,23
UVZJDRROYYIQQQ-UHFFFAOYSA-N,CHEMBL5793327,CC(=O)N1CCCC(COC(=O)Nc2cc(-c3cccs3)ccc2N)C1,7.301029995663981,1,0.0,26
UVZLMQMSSNANJH-UHFFFAOYSA-N,CHEMBL5198435,O=S(=O)(N1CCNCC1)N(Cc1ccc(-c2nnc(C(F)(F)F)o2)cc1F)c1cccnc1,7.356547323513812,1,0.0,33
UWIASJNPIIGSRX-UHFFFAOYSA-N,CHEMBL5220454,CCC(=O)CCCCCC(NC(=O)C1CC12CCN(CC)CC2)c1ncc(-c2cc3ccc(=O)n(C)c3cc2OC)o1,9.309803919971486,1,0.0,42
UWIMTTJMTWCWDP-UHFFFAOYSA-N,CHEMBL99877,O=C(CCCCCCC(=O)c1ccc(N2CCCCC2)cc1)NO,8.022276394711152,1,0.0,24
UWJMLPAEGOKDNK-UHFFFAOYSA-N,CHEMBL2170019,CCC(=O)CCCCCC1NC(=O)C(CCCNC(=N)N)NC(=O)CCN(CC(C)C)C(=O)CN(CCc2c[nH]c3ccccc23)C1=O,6.7447274948966935,1,0.0,48
UWLURVWZRQXQEM-UHFFFAOYSA-N,CHEMBL5205841,CC1CN(Cc2ccc(C(=O)NO)cc2)CC1c1nc2c(cnn2C2CCCC2)c(=O)[nH]1,6.226945306635738,2,0.0,32
UWMSXXROJNXEEQ-UHFFFAOYSA-N,CHEMBL4456391,COc1ncc(-c2cc(OCCCCCCC(=O)NO)c3ncnc(C)c3c2)cc1NS(C)(=O)=O,8.886056647693163,1,0.0,35
UWNMQSXTDFGZFL-UHFFFAOYSA-N,CHEMBL5618544,COc1cc(Nc2nc(N3CCN(c4ncc(C(=O)NO)cn4)CC3)ncc2Cl)cc(OC)c1,6.164943898279883,1,0.0,34
UWNPZKRUUCFCRB-UHFFFAOYSA-N,CHEMBL3233708,O=C(C=Cc1ccc(OCC(Cc2c[nH]c3ccccc23)NCc2ccc(Cl)cc2)cc1)NO,6.449282576530717,1,0.0,34
UWPDZEXXXPPOPC-UHFFFAOYSA-N,CHEMBL5412296,Nc1nn(-c2ccc3c(c2)OCO3)nc1C(=O)NCc1ccc(C(=O)NO)cc1,8.67778070526608,1,0.0,29
UWSJOOZMJOPTSB-UHFFFAOYSA-N,CHEMBL5938460,Cc1[nH]c2ccccc2c1CC(=O)N1CCC(N(c2ccccc2)c2ncc(C(=O)Nc3cc(-c4ccccc4)ccc3N)cn2)CC1,7.130768280269024,1,0.0,48
UWTJOXOCUBXFIJ-UHFFFAOYSA-N,CHEMBL5619224,COc1ncc(-c2ccc3nccc(C(=O)NCCCCC(=O)NO)c3c2)cc1NS(=O)(=O)c1cc(F)cc(F)c1,8.318758762624412,1,0.0,41
UWTLUMMUFJHRHK-UHFFFAOYSA-N,CHEMBL2448572,CCC(=O)CCCCCC(NC(=O)C1CN(C)C1)c1ncc(-c2cnc3ccccc3n2)[nH]1,8.096910013008056,1,0.0,33
UWTYFMHKFJGRHX-UHFFFAOYSA-N,CHEMBL3890846,O=C(CCCCCc1ccc2c(c1)OCO2)NO,6.1317884773872535,2,0.23989189988801218,18
UXASSBHWGAMIBB-UHFFFAOYSA-N,CHEMBL6166849,Cc1c(N)cccc1-c1cn(-c2ccc(NC(=O)CCCCCCC(=O)NO)cc2)c2ccc(C#N)cc12,7.441291429466834,1,0.0,38
UXFFSOKSQAVGQD-UHFFFAOYSA-N,CHEMBL5420493,COc1ccccc1-c1cc(C(=O)NCc2ccc(C(=O)NO)cc2)ccn1,7.920456992597094,1,0.0,28
UXLCJJCZCBKZAI-UHFFFAOYSA-N,CHEMBL4277951,CCCCCCC(CCCC(=O)Nc1ccccc1)CCC(=O)NO,4.455931955649724,1,0.0,25
UXLRQPFMGDXYTD-UHFFFAOYSA-N,CHEMBL462131,CC(C)c1ccc(C(=O)C=Cc2ccc(C=CC(=O)NO)o2)cc1,4.617982957425132,1,0.0,24
UXMMCAXDMKCFRK-UHFFFAOYSA-N,CHEMBL3354913,COc1ccc(C(=O)NC(COc2cccc(C=CC(=O)NO)c2)Cc2c[nH]c3ccccc23)cc1,6.659357622439295,1,0.0,36
UXTNAVQCAAGECX-UHFFFAOYSA-N,CHEMBL4064944,CCCCCCC(CCCC(=O)NO)CCC(=O)Nc1ccccc1,5.6777807052660805,1,0.0,25
UXUZFHWWBOGYPU-UHFFFAOYSA-N,CHEMBL2046622,CC(c1ccc(NC(=O)c2ccc(-c3ccccc3)s2)nc1)N1CCc2nc(C(=O)NO)sc2C1,5.528708288941061,1,0.0,35
UXVYXPBGHJAYAT-UHFFFAOYSA-N,CHEMBL5799748,Nc1ccc(-c2ccc(F)cc2)cc1NC(=O)c1nc(N2CCNCC2)cs1,6.5934598195660445,2,0.0,28
UYCSTQIXZLGKEN-UHFFFAOYSA-N,CHEMBL3421737,Nc1ccccc1NC(=O)c1ccc(CNCc2nc(-c3ccccc3)no2)cc1,6.552841968657781,1,0.0,30
UYGBNWBNXHNKCQ-UHFFFAOYSA-N,CHEMBL2347011,CC1C=C2C=CC(C)C(CCC3CC(O[Si](C)(C)C(C)(C)C)CC(=O)O3)C2C(OC(=O)NCc2ccc(-c3cn(CCCCCCC(=O)NO)nn3)cc2)C1,6.904133546521457,2,0.0,55
UYHSCMQSBJXZGX-UHFFFAOYSA-N,CHEMBL4097093,O=C(NO)c1ccc(CN2CCN(C(=O)c3cc(Cc4n[nH]c(=O)c5ccccc45)ccc3F)CC2)cc1,6.29860473098608,1,0.0,38
UYKURONXFMRYBF-UHFFFAOYSA-N,CHEMBL3655953,CC(C)(Nc1ncc(C(=O)NO)cn1)c1ccc(F)c(F)c1,6.204815410317575,1,0.0,22
UYMQSNRMLLZYPM-UHFFFAOYSA-N,CHEMBL6151056,O=C(CCCCCCn1cc(-c2cc(Oc3ccc(NC(=O)Nc4ccc(F)cc4)cc3)ccn2)cn1)NO,7.995678626217357,1,0.0,39
UYOKVLAGEOOSOO-UHFFFAOYSA-N,CHEMBL4476700,CNC(=O)c1cc(Oc2ccc(NC(=O)c3ccc(F)cc3)cc2)ccc1N,5.116338564846382,1,0.0,28
UYQRPBKIKYLDGQ-UHFFFAOYSA-N,CHEMBL3655962,CC(Nc1ncc(C(=O)NO)cn1)c1ccncc1,7.173925197299173,1,0.0,19
UYTPFSMRZMWOHX-UHFFFAOYSA-N,CHEMBL5801184,COCCn1nc(C(=O)N(Cc2ccc(-c3noc(C(F)(F)F)n3)cc2)c2cccc(C(F)(F)F)c2)ccc1=O,5.920818753952375,1,0.0,40
UYUPOQDZJBPUTQ-UHFFFAOYSA-N,CHEMBL3797232,O=C(NO)c1ccc(Cl)c(NC(=O)c2ccc(Cl)cc2Cl)c1,4.5003129173815966,1,0.0,22
UYWMTDXWPYQHFD-UHFFFAOYSA-N,CHEMBL3810111,CNC(=O)CCCCCC(NC(=O)Cn1ccnn1)c1ncc(-c2cc3ccccc3nc2OC)[nH]1,5.75448733218585,1,0.0,36
UYXGVOVYSOYACY-UHFFFAOYSA-N,CHEMBL4061157,NC(=O)CCC1N=C(c2ccccc2)c2ccccc2N(CCCCC(=O)NO)C1=O,4.855425792390384,1,0.0,31
UYYILNICPRFVKC-UHFFFAOYSA-N,CHEMBL4251261,O=C(CCCCCn1cc(-c2cccc(Nc3c4ccccc4nc4ccccc34)c2)nn1)NO,7.85078088734462,1,0.0,35
UYZBNNODRNHVBB-UHFFFAOYSA-N,CHEMBL485514,O=C(C=C1c2ccccc2-c2ccccc21)NCCCCCC(=O)NO,8.795880017344075,1,0.0,26
UYZFMDDTYKKSNC-UHFFFAOYSA-N,CHEMBL5070026,COc1cc(-c2ncc(C=CC(=O)Nc3ccccc3N)s2)cc(OC)c1OC,5.009217308196862,1,0.0,29
UZCQCEODMVDIJR-UHFFFAOYSA-N,CHEMBL357268,Nc1ccccc1NC(=O)c1ccc(CNC(=O)OCc2ccccc2)cc1,6.26440110030182,1,0.0,28
UZDGNSLKFDQOKZ-UHFFFAOYSA-N,CHEMBL5562110,Nc1cc(F)ccc1NC(=O)CCCCCCN1C(=O)CC(=Cc2ccccc2)C1=O,6.843148098929989,1,0.0,31
UZDQXRPJNGOVDN-UHFFFAOYSA-N,CHEMBL3769783,O=C(NO)c1coc(-c2ccccc2)n1,4.5247647773958715,1,0.0,15
UZFJLATVXCCZGS-UHFFFAOYSA-N,CHEMBL470581,CCNC(=O)N1CCC2(CCN(c3ccc(C(=O)Nc4cc(-c5cccs5)ccc4N)cn3)CC2)C1,7.853871964321762,1,0.0,36
UZIOWRZCFAQMJN-UHFFFAOYSA-N,CHEMBL3689862,CCN(Cc1c(-c2ccccc2)nc2cc(C=CC(=O)NO)ccn12)CC(F)(F)F,5.130768280269024,1,0.0,30
UZJNZUILCIOTKK-UHFFFAOYSA-N,CHEMBL5757591,CC(=O)N1CCC(COC(=O)Nc2cc(-c3ccc(F)cc3)ccc2N)CC1,6.255707016877324,1,0.0,28
UZJXRINUSKWWFP-UHFFFAOYSA-N,CHEMBL5822037,Cn1c(=O)c2ccc(Cl)cc2n(Cc2ccc(C(=O)NO)cc2)c1=O,5.565431095965801,1,0.0,25
UZKILEXRQHQUEW-UHFFFAOYSA-N,CHEMBL4064767,COc1ccc(Nc2ncnc3cc(NC(=O)CCCCCCC(=O)NO)sc23)c(C)c1,6.930776042702947,1,0.0,32
UZLJJCAWULBGEN-UHFFFAOYSA-N,CHEMBL2347006,CCC(C)C(=O)OC1CC(C)C=C2C=CC(C)C(CCC(O)CC(O)CC(=O)NO)C21,7.188424994129407,1,0.0,31
UZLKENXSFHFRJQ-UHFFFAOYSA-N,CHEMBL3827412,Nc1ccc(-c2ccc(F)cc2)cc1NC(=O)C1CCCOC1,5.913640169325252,1,0.0,23
UZMXMAPOBMORSP-UHFFFAOYSA-N,CHEMBL3648311,COc1cc(CN2c3ccc(CCC(=O)NO)cc3NC2CCc2ccccc2)cc(O)c1OC,6.777283528852417,1,0.0,35
UZPTVMKSHYHDNT-UHFFFAOYSA-N,CHEMBL327924,Nc1ccccc1NC(=O)CCCCCn1c(=O)[nH]c2ccccc2c1=O,5.3979400086720375,1,0.0,27
UZQYPFBBVPDDBV-UHFFFAOYSA-N,CHEMBL5865928,Nc1ccccc1NC(=O)C=Cc1cnc2ccccn12,5.1249387366083,2,0.0,21
UZUIZVDNHKYDME-UHFFFAOYSA-N,CHEMBL4760090,O=C(NO)c1ccc(CNC(c2ccccc2)c2nnnn2C2CCCCC2)cc1,5.391473966422806,1,0.0,30
UZUJYNLQQVVLGQ-UHFFFAOYSA-N,CHEMBL5275259,COc1ccc(-c2nc(C(=O)NCc3ccc(C(=O)NO)cc3)cc3c2[nH]c2ccccc23)cc1,8.387216143280265,1,0.0,35
UZXOONCOOUUMBC-UHFFFAOYSA-N,CHEMBL5182515,COc1ncc(-c2cc(OCCN(C)c3ncc(C(=O)NO)cn3)c3nc(N)nc(C)c3c2)cc1C,8.886056647693163,1,0.0,36
UZYBKZRRUTXHEZ-UHFFFAOYSA-N,CHEMBL1835418,CC(C)(C)OC(=O)NC(Cc1ccc(O)cc1)C(=O)N1CC2(CC1C(=O)NCCCCCC(=O)NO)SCCS2,6.346787486224656,1,0.0,40
UZYFIQWENUALSN-UHFFFAOYSA-N,CHEMBL5268468,O=C(NO)c1ccc(NC(=O)C(NS(=O)(=O)c2cccc3ccccc23)c2ccccc2)cc1,7.512861624522813,1,0.0,34
UZYVYQVCEJPZIL-UHFFFAOYSA-N,CHEMBL2021937,O=C(NC(CCCCCCSSc1ccccn1)C(=O)OCc1ccc(-c2ccccc2)cc1)OCc1ccccc1,7.193141970481182,1,0.0,42
VAAWIYIVFTYJRI-UHFFFAOYSA-N,CHEMBL2425960,O=C(C=Cc1ccc2c(=O)n(CCc3ccccc3)cnc2c1)NO,6.305394801066431,1,0.0,25
VAEHZTNXCNZLED-UHFFFAOYSA-N,CHEMBL5271520,O=C(NO)c1ccc(Cn2cnc(-c3cccc(Cl)c3)n2)cc1,6.954677021213342,1,0.0,23
VAFQBFFGJKHTAH-UHFFFAOYSA-N,CHEMBL4643094,O=C(NO)c1ccc(NC(=O)C2(c3ccc([N+](=O)[O-])cc3)CCOCC2)cc1,8.045757490560675,1,0.0,28
VAKSFLLKWXWXNG-UHFFFAOYSA-N,CHEMBL5433222,COc1ccc2c3c(oc2c1)CN(CCCCCC(=O)NO)CC3,7.2335871528876,1,0.0,24
VAKSVWZGFMBZTA-UHFFFAOYSA-N,CHEMBL4876815,O=C(NO)c1ccc(CN2CCC[S+]([O-])c3ccccc32)cc1,6.779891911959945,1,0.0,23
VANLGFBKDJSWFQ-UHFFFAOYSA-N,CHEMBL5632432,COc1ccc(C2NC(C(=O)NCc3ccc(C(=O)NO)cc3)Cc3c2[nH]c2ccccc32)cc1,6.797232911017581,2,0.9819197198824563,35
VAOXQBUEUKVVLS-UHFFFAOYSA-N,CHEMBL5619260,Cn1cc(C(=O)N(CC(=O)NC(C)(C)C)Cc2ccc(C(=O)NO)cc2)c2ccccc21,6.958607314841775,1,0.0,32
VAVRSOISHAFQEV-UHFFFAOYSA-N,CHEMBL3774994,Cc1nc(N(C)c2cccc(OCCCCC(=O)NO)c2)c2ccccc2n1,6.514278573518419,1,0.0,28
VAYFPVNIXNPVGX-UHFFFAOYSA-N,CHEMBL2408688,CN1C(=O)C(O)N=C(c2ccccc2)c2cc(C#CCCCC(=O)NO)ccc21,5.893241121501847,2,0.46339523021290496,29
VBCILLRYTNWRME-UHFFFAOYSA-N,CHEMBL5438996,Nc1ccccc1NC(=O)c1ccc(Cn2nc(-c3ccccc3F)ccc2=O)cc1,7.218244625347531,1,0.0,31
VBCMLYWXLCNRMV-UHFFFAOYSA-N,CHEMBL5428620,CC(C)c1ccc(-n2nc(N)c(C(=O)NCc3ccc(C(=O)Nc4ccccc4N)cc3)n2)cc1,6.777283528852417,1,0.0,35
VBIGYCDMFMLUEK-UHFFFAOYSA-N,CHEMBL5192032,Cc1cc(C)c(CNC(=O)c2cc(-c3ccc(NC(=O)CCCCCC(=O)NO)cc3)cc3c2cnn3C(C)C)c(=O)[nH]1,6.1938200260161125,1,0.0,43
VBNFLAWTBQKDRK-UHFFFAOYSA-N,CHEMBL5081471,O=C(CCCCCCn1cc(Nc2ncc3ccn(-c4ccccc4)c3n2)cn1)NO,7.283162276700476,1,0.0,31
VBRYMHVURZBROJ-UHFFFAOYSA-N,CHEMBL473082,COc1cc(NC(=O)C(CCCCNS(N)(=O)=O)NC(=O)OCc2ccccc2)c2ncccc2c1,6.04098483160756,2,0.5925146734217321,36
VBSVPIWFMZPHNV-UHFFFAOYSA-N,CHEMBL2170018,CCC(=O)CCCCCC1NC(=O)C(CCCCNC(C)=O)NC(=O)CCN(CC(C)C)C(=O)CN(CCc2c[nH]c3ccccc23)C1=O,6.698970004336019,1,0.0,49
VBWCMILVHANAGG-UHFFFAOYSA-N,CHEMBL216641,COc1ccc2[nH]c(C)c(CC(=O)NC(CCCCCC(=O)NO)C(=O)NCCc3c(-c4ccccc4)[nH]c4ccccc34)c2c1,9.096910013008056,1,0.0,46
VBXSWDLTIRIPFI-UHFFFAOYSA-N,CHEMBL4094579,O=C(C=Cc1ccc(CNCc2ccc3cccc(Cl)c3n2)cc1)NO,7.022276394711152,1,0.0,26
VBYFTDKIELAZEE-UHFFFAOYSA-N,CHEMBL6176627,COc1nc(OCc2cccc(-c3ccccc3)c2C)ccc1CNCCCCCCC(=O)NO,5.153662887870195,1,0.0,35
VBZWOKNCCLBJOI-UHFFFAOYSA-N,CHEMBL5980608,CC(C)NC(=O)c1ccccc1NCc1ccc(-c2noc(C(F)(F)F)n2)cn1,5.920818753952375,1,0.0,29
VCASEALJISDVCZ-UHFFFAOYSA-N,CHEMBL515258,Cc1ccc(NC(=O)c2ccc(C(=O)Nc3ccccc3N)nc2)cc1Nc1ncc(-c2cccnc2)cn1,6.207608310501746,1,0.0,39
VCBHRMLUMWBNCG-UHFFFAOYSA-N,CHEMBL4173338,O=C(CCCCCCNC(=O)c1ccc(CNC2(c3ccccc3)CC2)cc1)NO,7.823908740944319,1,0.0,30
VCBKMQANWHYGLM-UHFFFAOYSA-N,CHEMBL5267343,O=C(CCCCCCNC(=O)C(O)(O)C(F)(F)F)Nc1nc2ccccc2s1,4.251811972993799,1,0.0,28
VCBPMLSHIWJBBD-UHFFFAOYSA-N,CHEMBL4780985,CC(C)Oc1ccccc1-c1cn(C)c(=O)c2[nH]c(C(=O)NCc3ccc(C(=O)Nc4ccccc4N)cc3)cc12,6.934793871945688,1,0.0,41
VCHNZEBPEXGTFA-UHFFFAOYSA-N,CHEMBL3664086,Nc1ccc(-c2cccc(F)c2)cc1NC(=O)c1ccc(CNc2ccncc2)cc1,7.568636235841012,1,0.0,31
VCINCMYXIVKSOB-UHFFFAOYSA-N,CHEMBL5908446,O=C1CCC(NCc2ccc(-c3noc(C(F)(F)F)n3)cn2)c2ccccc2N1,5.889423339022647,2,0.7891466346851068,29
VCIXIONCIFLLFZ-UHFFFAOYSA-N,CHEMBL4853593,CCC(=O)CCCCCC1NC(=O)C2CC23CCN(CCOCCn2ccc4cc(ccc4c2=O)-c2cnc1[nH]2)CC3,9.214670164989233,1,0.0,42
VCLVJEOEQLBTEN-UHFFFAOYSA-N,CHEMBL5559648,CCCNNC(=O)c1ccc(CNC(=O)c2cc3ccncc3[nH]2)cc1,8.087777943467584,1,0.0,26
VCQXIVCNYJAFEO-UHFFFAOYSA-N,CHEMBL4083211,Nc1ccc(-c2cccs2)cc1NC(=O)c1ccc(CNC(=O)CN2C(=O)C3(OCCCO3)c3cc(Cl)ccc32)cc1,7.638272163982407,1,0.0,42
VCSWKVVNDGIYJO-UHFFFAOYSA-N,CHEMBL4237494,CCc1c2c(nc3ccc(O)cc13)-c1cc3c(c(=O)n1C2)COC(=O)C3(CC)OC(=O)CCCCCC(=O)NO,6.958607314841775,1,0.0,40
VCXQVVTXCHYWSF-UHFFFAOYSA-N,CHEMBL5942753,FC(F)(F)Cn1nc(COc2cc(-c3noc(C(F)(F)F)n3)ccn2)cc1C1CC1,6.036212172654444,1,0.0,30
VDDNCTFDNCKQIG-UHFFFAOYSA-N,CHEMBL6021322,FC(F)(F)c1nc(-c2ccnc(OCc3cncc(Cl)n3)c2)no1,5.920818753952375,1,0.0,24
VDEUYMSGMPQMIK-UHFFFAOYSA-N,CHEMBL16300,O=C(NO)c1ccccc1,4.698970004336019,3,0.7296304770208746,10
VDHDVYOALIYIOW-UHFFFAOYSA-N,CHEMBL5779528,CC(=O)Nc1ccc(C(=O)Nc2cccc(F)c2N)cc1,5.673664139071249,1,0.0,21
VDHZUSVEQZTTKP-UHFFFAOYSA-N,CHEMBL3664091,O=C(Nc1cc(-c2ccccc2)ccc1O)c1ccc(CNC2CC2)cc1,7.119186407719209,1,0.0,27
VDICYJQVOFOYHC-UHFFFAOYSA-N,CHEMBL5281688,O=C(NO)c1cn(C2CCN(C(=O)Cc3ccc4ccccc4c3)CC2)nn1,6.0,1,0.0,28
VDPTUIOYSNZTDE-UHFFFAOYSA-N,CHEMBL3698505,O=C(C=Cc1ccc(NS(=O)(=O)c2cc(Cl)cc(Cl)c2O)cc1)NO,7.022276394711152,1,0.0,25
VDTITZXGIABRLG-UHFFFAOYSA-N,CHEMBL4475240,O=C(NO)c1ccc(Cn2c3c(c4ccccc42)CCCC3)cc1,4.961578554357541,1,0.0,24
VDUYIWYYPNLOON-UHFFFAOYSA-N,CHEMBL4080695,Nc1ccccc1NC(=O)c1ccc(CNC(=O)c2cc3cnccc3s2)cc1,7.080921907623926,1,0.0,29
VDVPSIREDHINBU-UHFFFAOYSA-N,CHEMBL256115,CCCNCc1cnc(-c2ccc(C(=O)Nc3ccccc3N)cc2)s1,7.560036064079095,1,0.0,26
VDYZJBVNSKNFOZ-UHFFFAOYSA-N,CHEMBL4095245,COc1ccc(C(=O)NC(Cc2c[nH]c3ccccc23)C(=O)Nc2ccc(C(=O)Nc3ccc(F)cc3N)cc2)cc1,7.037630664329979,1,0.0,42
VEAJSHAOSHWQCR-UHFFFAOYSA-N,CHEMBL3664130,O=C(Nc1cc(-c2ccccc2)ccc1O)c1ccc(CN2CCCC2c2ccccn2)cc1,6.552841968657781,1,0.0,34
VEAQOZPEFGLUBX-UHFFFAOYSA-N,CHEMBL4644038,CCC(=O)CCCCCC(NC(=O)C1CC12CCN(C(C)C)CC2)c1ncc(-c2cc3ccccc3nc2OC)[nH]1,9.958607314841775,1,0.0,41
VEDPEVJAYWVUSJ-UHFFFAOYSA-N,CHEMBL1796689,CC(C)C1NC(=O)C2(C)CSC(=N2)c2csc(n2)CNC(=O)CC(C=CCCS)OC1=O,9.397940008672037,7,0.7976137301530759,32
VEEVWFOQBJGAQF-UHFFFAOYSA-N,CHEMBL5415711,O=C(CCCCCCNc1cc(N2CCCCCC2)nc(-c2cccnc2)n1)NO,8.920818753952375,1,0.0,30
VEQAODWCBATLTK-UHFFFAOYSA-N,CHEMBL541451,N=C(N)NCCCC(N)C(=O)NCC(=O)NC(CCCCCC(=O)Nc1ccccc1N)C(=O)Nc1ccccc1N,5.327902142064282,1,0.0,42
VESSIZGXFMZXOB-UHFFFAOYSA-N,CHEMBL4642616,O=C(CCCCCCCC(=O)NCCCN1c2ccccc2CCc2ccc(Cl)cc21)NO,5.468521082957745,1,0.0,33
VESYDOZDDMFQMJ-UHFFFAOYSA-N,CHEMBL5175813,O=C(NO)c1ccc(CCCCN2CCN(C(c3ccccc3)c3ccccc3)CC2)cc1,5.259637310505756,1,0.0,33
VETCHORPIRWOCW-UHFFFAOYSA-N,CHEMBL5082737,Nc1nc(NCCc2ccc(OCCCCC(=O)NO)cc2)nc2nc(-c3ccco3)nn12,6.989276134608227,1,0.0,33
VETFNWHZDHZTFS-UHFFFAOYSA-N,CHEMBL469134,O=C(CCCCc1cc(C(=O)NO)no1)Nc1nc(-c2ccccc2)cs1,6.518557371497695,1,0.0,27
VETJGLMVZGIEFN-UHFFFAOYSA-N,CHEMBL5911200,Nc1ccc(-c2cccs2)cc1NC(=O)OCC1CCCNC1,4.755722879198157,1,0.0,23
VEWUPPDYQVYPFZ-UHFFFAOYSA-N,CHEMBL4241615,CC(C)c1cc(C(=O)N2CCc3cc(NC(=O)CCCCCCC(=O)NO)ccc32)c(O)cc1O,6.886056647693163,2,0.0,35
VEXQHQFUNPNAIM-UHFFFAOYSA-N,CHEMBL514304,Nc1ccc(-c2ccsc2)cc1NC(=O)c1ccc(CN2CCC3(CCCN3)CC2)cc1,8.096910013008056,1,0.0,32
VEYTYOOJRWZYPQ-UHFFFAOYSA-N,CHEMBL5192298,O=C(CCCCCn1cc(C(=O)NC2C3CC4CC(C3)CC2C4)c2ccccc21)NO,7.171404543628298,1,0.0,31
VEZHOKIXUARAOE-UHFFFAOYSA-N,CHEMBL511432,Nc1cccc(-c2csc(NC(=O)CCCCc3cc(C(=O)NO)no3)n2)c1,6.856985199745905,1,0.0,28
VFAMDOICOLGFJT-UHFFFAOYSA-N,CHEMBL5401058,COc1ccc(N=Nc2ccc(C(=O)Nc3ccccc3N)cc2)cc1,6.309894379144197,2,0.7781512503836439,26
VFERCLJCXMSMKJ-UHFFFAOYSA-N,CHEMBL5070249,Nc1ccccc1NC(=O)CCCCCCNc1nn2c(=O)c3ccccc3nc2c2ccccc12,7.008773924307505,1,0.0,36
VFINFUFQYCHWAJ-UHFFFAOYSA-N,CHEMBL5396288,Nc1ccccc1NC(=O)c1ccc(CNC(=O)c2nn(-c3ccc(Cl)cc3)nc2N)cc1,6.991399828238082,1,0.0,33
VFLDPWHFBUODDF-UHFFFAOYSA-N,CHEMBL140,COc1cc(C=CC(=O)CC(=O)C=Cc2ccc(O)c(OC)c2)ccc1O,4.62324060459512,1,0.0,27
VFTXFIQHRQEGIB-UHFFFAOYSA-N,CHEMBL2047692,O=C(NCCS)C(Cc1ccc(F)c(Br)c1)=NO,9.0,1,0.0,18
VFVKMAGFYMKRQA-UHFFFAOYSA-N,CHEMBL5289315,O=C(NO)c1ccc(CN2CC(=O)N(Cc3ccccc3)C(Cc3ccccc3)C2=O)cc1,5.015922966097169,1,0.0,33
VFWKZLPTQCSNKW-UHFFFAOYSA-N,CHEMBL519716,CC(=O)CCCCCC(NC(=O)C1CCN(C)CC1)c1ncc(-c2ccc(-c3ccccc3)cc2)[nH]1,7.301029995663981,1,0.0,36
VGBUPRUECZUIRP-UHFFFAOYSA-N,CHEMBL6167809,CCCNNC(=O)c1ccc(Cn2c3cc4c(cc3c3[nH]c(=O)c5ccccc5c32)OCO4)cc1,5.962573502059376,1,0.0,35
VGDKNUOQFCSMED-UHFFFAOYSA-N,CHEMBL3309298,CC1(C)CC(=O)Nc2ccc(C(=O)NCC3CCC(CCC(=O)NO)CC3)cc21,7.421574049464994,2,0.06871581236945978,29
VGGCQWTYZDEBLJ-UHFFFAOYSA-N,CHEMBL5928777,CC(=O)NC1CN(C(=O)Nc2cc(C3=CCCCC3)ccc2N)C1,5.515700160653214,1,0.0,24
VGGGQXRQSOASGH-UHFFFAOYSA-N,CHEMBL251545,CN(C(=O)C(C(=O)N(C)c1ccccc1)c1ccc(C(=O)Nc2ccccc2N)cc1)c1ccccc1,5.142969201727376,1,0.0,37
VGHOEGHAYVTIRV-UHFFFAOYSA-N,CHEMBL4469052,O=C(CCCCCC(=O)Nc1ccccc1N1C(=O)CSC1c1cccc(Br)c1)NO,7.537602002101044,1,0.0,31
VGKKGRCWLFYQQB-UHFFFAOYSA-N,CHEMBL5094326,O=C(NO)c1ccc(C=Cc2ccnc(-c3cc(F)ccc3O)c2)cc1,5.943095148663527,1,0.0,26
VGLDOTYMNLKSIR-UHFFFAOYSA-N,CHEMBL565289,O=C(O)CCCCCC1NC(=O)C(Cc2ccccc2)NC(=O)CC(Cc2c[nH]c3ccccc23)NC(=O)C(Cc2cccc3ccccc23)NC1=O,6.337242168318426,1,0.0,53
VGPWNNYVQUWXJT-UHFFFAOYSA-N,CHEMBL5196802,Cc1ccc(-c2nc(N)nc3c2cnn3Cc2cccc(OCCCCC(=O)NO)c2)o1,6.687188173787912,1,0.0,32
VGRNFHJXEIFRTK-UHFFFAOYSA-N,CHEMBL4444219,CCCNNC(=O)C=Cc1ccc(CNCCc2c(C)[nH]c3ccccc23)cc1,8.293769726285019,8,0.8940818105257922,29
VGRRIOODVFQTNF-UHFFFAOYSA-N,CHEMBL2442793,COc1cc(C2c3cc4c(cc3C(Nc3ccccc3OCCCC(=O)NO)C3COC(=O)C23)OCO4)cc(OC)c1O,6.2380721615794705,1,0.0,43
VGUURLUFIOIIBI-UHFFFAOYSA-N,CHEMBL5093258,O=C(CCCSCC(NC(=O)OCc1ccccc1)C(=O)Nc1ccccc1)NO,6.763966852882364,1,0.0,30
VGWMOPMHWLVOME-UHFFFAOYSA-N,CHEMBL4571133,O=C1CC2CCCCN2C(=O)C(Cc2ccccc2)NC(=O)C(Cc2ccccc2)NC(=O)C(CCCCCC(=O)C2CO2)N1,9.086186147616283,1,0.0,45
VGZWOWCODLGQKC-UHFFFAOYSA-N,CHEMBL6030983,CCn1c(CNCc2ccccc2)nc2cc(C=CC(=O)NO)ccc21,6.638272163982407,2,0.0,26
VHAHCGJFDCSJID-UHFFFAOYSA-N,CHEMBL3689879,CCCc1nc2cc(C=CC(=O)NO)ccn2c1CNC(C)(C)C,7.3979400086720375,1,0.0,24
VHAVAARVBBJBBY-UHFFFAOYSA-N,CHEMBL5761547,Cc1noc(C2CCCCN2c2ncc(-c3noc(C(F)(F)F)n3)cn2)n1,6.2839966563652006,1,0.0,27
VHBJRVDXDKAVLL-UHFFFAOYSA-N,CHEMBL1097761,O=C(C=Cc1cccc(-c2nc3ccccc3n2CCCc2ccccc2)c1)NO,7.920818753952375,1,0.0,30
VHCFIJXIGRGVTA-UHFFFAOYSA-N,CHEMBL5613070,CCCNNC(=O)C=Cc1ccc(CN(Cc2ccccc2)C(=O)c2cc3ccccc3s2)cc1,6.294820755126324,1,0.0,35
VHCUCAALIWDSQV-UHFFFAOYSA-N,CHEMBL5426373,COc1ccc2c3c(oc2c1)CN(CCCCC(=O)NO)CC3,6.667157733005649,1,0.0,23
VHFQXNMTNZXDCY-UHFFFAOYSA-N,CHEMBL4637976,O=C(CCCCCCCCNc1nc2cc(C(=O)O)ccc2c2cnccc12)NO,6.886056647693163,1,0.0,30
VHJVCYKIQZARMS-UHFFFAOYSA-N,CHEMBL6058072,CCn1cc(COc2cc(-c3noc(C(F)(F)F)n3)ccn2)c(C)n1,5.376750709602099,1,0.0,25
VHKFWRYNVLFWIK-UHFFFAOYSA-N,CHEMBL5076402,Nc1nc(NCc2ccc(C(=O)NO)cc2)nc2nc(-c3ccco3)nn12,7.667561540084394,1,0.0,27
VHKPWKUJIHDGJJ-UHFFFAOYSA-N,CHEMBL4866341,Cc1nc2ccc(-c3nc(Nc4ccc(NC(=O)CCCCCC(=O)NO)cc4)ncc3F)cc2n1C(C)C,7.769551078621726,1,0.0,39
VHQPTGPWNAFGFE-UHFFFAOYSA-N,CHEMBL148968,COc1ccc(NS(=O)(=O)c2ccc(C=CC(=O)Nc3ccccc3N)cc2)cc1OC,5.638272163982407,1,0.0,32
VHWKIKXBARDVGT-UHFFFAOYSA-N,CHEMBL6146641,CC(C)(C)c1cc(NC(=O)Nc2ccc(Oc3ccnc(-c4cnn(CCCCCCCCCC(=O)NO)c4)c3)cc2)no1,5.621783850250122,1,0.0,44
VHWNADCYYRKHOX-UHFFFAOYSA-N,CHEMBL256440,Nc1ccc(-c2cccs2)cc1NC(=O)c1cccnc1,7.187086643357144,1,0.0,21
VIBNCXJVLHIMFV-UHFFFAOYSA-N,CHEMBL5873964,CC(=O)Nc1cc(-c2ccccc2)ccc1N,5.515700160653214,1,0.0,17
VICOBHISBRNOJO-UHFFFAOYSA-N,CHEMBL4281785,Cc1cnc(Nc2ccc(N3CCOCC3)cc2)nc1-c1ccc(NC(=O)CCCCCCC(=O)NO)cc1,6.539102157243452,1,0.0,39
VINFAVNHTFQZFB-UHFFFAOYSA-N,CHEMBL1094094,Cc1nc(Cc2ccccc2)n(CCc2ccccc2)c1-c1cccc(C=CC(=O)NO)c1,7.3979400086720375,1,0.0,33
VINHTOOQEORVNT-UHFFFAOYSA-N,CHEMBL3775817,Cc1nc(N(C)c2ccc(OCCCCC(=O)NO)cc2)c2ccccc2n1,6.690369832574101,1,0.0,28
VIQHVMPYCIWMGB-UHFFFAOYSA-N,CHEMBL5562955,COc1ccc(C=CC(=O)c2ccc(OC)c3c2OC(C)(C)C=C3)cc1NCC(=O)NO,6.136677139879544,1,0.0,32
VISVKZNTWXWVPU-UHFFFAOYSA-N,CHEMBL6142583,CCOc1cc(C(=O)Nc2ccccc2F)nn1Cc1ccc(C(=O)NO)cc1,5.70421305974839,1,0.0,29
VIXAJOMLPJWKPN-UHFFFAOYSA-N,CHEMBL4102147,CN(C)Cc1cn(Cc2ccc(C=CC(=O)NO)cc2)c2ccccc12,5.647817481888637,1,0.0,26
VIYBXSHWCILBRJ-UHFFFAOYSA-N,CHEMBL3339009,O=C(CCCCC(=O)Nc1cc2c(Nc3ccc(F)c(Cl)c3)ncnc2s1)NO,6.88173527391052,1,0.0,29
VJDGPTRYCVXDQS-UHFFFAOYSA-N,CHEMBL5420359,COc1ccc(-c2cc(C(=O)NCc3ccc(C(=O)NO)cc3)c3cc[nH]c3c2)cc1,8.267606240177031,1,0.0,31
VJFKWEBGTAARBD-UHFFFAOYSA-N,CHEMBL3334999,O=C(NO)c1ccc(N2CCN(Cc3cccnc3)C2=O)cc1,7.376750709602099,1,0.0,23
VJGFGCINFNGXCT-UHFFFAOYSA-N,CHEMBL3808977,CNC(=O)CCCCCC(NC(=O)c1cncs1)c1ncc(-c2ccc3cc(OC)ncc3c2)[nH]1,6.4089353929735005,1,0.0,35
VJLBINVSPXOBRS-UHFFFAOYSA-N,CHEMBL6164706,CC(C)(C)c1ccc(NC(=O)Nc2ccc(Oc3ccnc(-c4cnn(CCCCCCC(=O)NO)c4)c3)cc2)cc1,6.704432900037521,1,0.0,42
VJOWBKPHTIESDA-UHFFFAOYSA-N,CHEMBL5956665,O=C(CC1COCCO1)N(Cc1ccc(-c2noc(C(F)(F)F)n2)cc1)c1cccc(C(F)(F)F)c1,5.886056647693163,1,0.0,36
VJPCTQDOQXHLDM-UHFFFAOYSA-N,CHEMBL405504,O=C(NCc1ccccc1)c1ccc2sc(C(=O)NO)cc2c1,7.119186407719209,1,0.0,23
VJSUSJAIUOGNLQ-UHFFFAOYSA-N,CHEMBL5436596,O=C(CCCCCCCNC(=O)c1ncc(-c2ccc(C(F)(F)F)cc2)o1)NO,6.849090126298878,1,0.0,29
VJXBYUITQBTTQM-UHFFFAOYSA-N,CHEMBL1836142,CCC(C)C1NC(=O)C2CSSCCC=CC(CC(=O)NC(CCSC)C(=O)N2)OC(=O)CC1O,9.27642098432889,2,0.5528419686577806,35
VKABFVCWLNMLRQ-UHFFFAOYSA-N,CHEMBL5419832,Nc1ccccc1NC(=O)c1ccc(NC(=O)Cc2ccccc2)cn1,6.6968039425795105,1,0.0,26
VKCRECLCBLZMRC-UHFFFAOYSA-N,CHEMBL3585965,O=C(CCCCCCc1nc(-c2ccc([N+](=O)[O-])cc2)no1)NO,7.154901959985743,1,0.0,24
VKEBHJZREIEUDJ-UHFFFAOYSA-N,CHEMBL95849,O=C(C=Cc1ccc(NS(=O)(=O)c2ccc(Cl)cc2Cl)cc1)NO,6.522878745280337,2,0.0,24
VKEITMNFEJHFCX-UHFFFAOYSA-N,CHEMBL2011675,CC(C=CC(=O)O)=CC(C)C(=O)c1ccc(N(C)C)cc1,4.136677139879544,1,0.0,21
VKGGJVJUQLQSLO-UHFFFAOYSA-N,CHEMBL4792339,COc1cc2c(Oc3ccc(NC(=O)Nc4ccc(C(F)(F)F)cc4Cl)cc3)ccnc2cc1OCCCCCCC(=O)NO,6.828302792751164,1,0.0,45
VKGKRFJVERAIDJ-UHFFFAOYSA-N,CHEMBL6174606,Cc1c(N)cccc1-c1cn(-c2ccc(OCCCC(=O)NO)cc2)c2ccc(C#N)cc12,6.2319541858975835,1,0.0,33
VKKFHZGJKOYXTD-UHFFFAOYSA-N,CHEMBL4862508,CC(=O)Nc1ccc(C(=O)NO)cc1F,5.493359694433497,1,0.0,15
VKMNSCQNZDAKRB-UHFFFAOYSA-N,CHEMBL3920532,O=C(NO)c1cnc(NC2(c3cc(F)ccc3F)CCOCC2)nc1,6.931814138253838,1,0.0,25
VKMRSPBWCHPFNO-UHFFFAOYSA-N,CHEMBL5273223,CCC(=O)CCCCCC(NC(=O)C1CN(C)C1)c1ncc(-c2ccc3ccccc3c2)o1,7.913640169325252,1,0.0,33
VKOAUFYOACCBTH-UHFFFAOYSA-N,CHEMBL3689883,CCCc1nc2cc(C=CC(=O)NO)ccn2c1CN(CC)CCC(C)(C)C,7.698970004336019,1,0.0,28
VKPWNCIKBOEMOP-UHFFFAOYSA-N,CHEMBL4457790,O=C(NO)c1ccc(Cn2c(=O)n(CCc3ccccc3)c(=O)c3ccsc32)cc1,5.176851940189306,2,0.0,30
VKUKPEYLIALRQI-UHFFFAOYSA-N,CHEMBL5274036,O=C(NO)c1ccc(NC(=O)C(NC(=O)c2ccc3ccccc3c2)c2ccccc2)cc1,7.542118103266008,1,0.0,33
VKUOFKVSMACZNU-UHFFFAOYSA-N,CHEMBL5891868,Cc1ncc(C(=O)N(Cc2ccc(-c3noc(C(F)(F)F)n3)cn2)c2cccc(F)c2)cn1,6.537602002101044,1,0.0,33
VKWCRUROUCJUAM-UHFFFAOYSA-N,CHEMBL4211873,CC(C)(C)c1ccc(C2c3ccccc3CCN2CCC(=O)NO)cc1,4.7447274948966935,1,0.0,26
VKWWYGCSBSZOAJ-UHFFFAOYSA-N,CHEMBL5953624,CNC(=O)c1ccccc1NCc1ccc(-c2noc(C(F)(F)F)n2)cn1,6.455931955649724,1,0.0,27
VKXSZJZRNLSGTM-UHFFFAOYSA-N,CHEMBL3415620,CS(=O)(=O)c1ccc(N2CCC(Nc3ccc(C(=O)NO)cc3)C2=O)cc1,4.767003889607846,1,0.0,27
VLBQAJZSHGGUBQ-UHFFFAOYSA-N,CHEMBL2425970,CCc1nc2ccc(Cc3ccc(C(=O)NO)cc3)cc2c(=O)n1CCc1ccccc1,5.978810700930062,1,0.0,32
VLCXJLKMJMKPJC-UHFFFAOYSA-N,CHEMBL5274004,CN(CCc1ccccc1)S(=O)(=O)c1cccc(C=CC(=O)NO)c1,8.301029995663981,2,0.0,25
VLGVQAUPRYTLHM-UHFFFAOYSA-N,CHEMBL5071437,Cc1cccnc1Nc1nc(SCc2ccc(C(=O)Nc3ccc(F)cc3N)cc2)nn2cccc12,5.8794260687941495,1,0.0,36
VLIUIBXPEDFJRF-UHFFFAOYSA-N,CHEMBL3693786,O=C(CCCCCCNC(=O)c1cnc(N(c2ccccc2)c2ccccc2Cl)nc1)NO,7.455931955649724,6,0.0,33
VLJAVCKTTLIBDT-UHFFFAOYSA-N,CHEMBL6011678,O=C(NO)c1ccc(Cn2sc3ncccc3c2=O)cc1,6.756961951313706,1,0.0,21
VLMFJLCDTHAPTK-UHFFFAOYSA-N,CHEMBL3885496,Cc1ccc(-c2cc(C(F)(F)F)nn2-c2ccc(S(=O)(=O)NCCCCCCC(=O)NO)cc2)cc1,5.987162775294828,1,0.0,36
VLMYSSHSAAFQOM-UHFFFAOYSA-N,CHEMBL5423614,COc1ccc(-n2nc(N)c(C(=O)NCc3ccc(C(=O)Nc4ccccc4N)cc3)n2)cc1,7.130768280269024,1,0.0,34
VLRZVZUSZCFVSS-UHFFFAOYSA-N,CHEMBL5079915,CCc1c(C(=O)Nc2cc(C=CC(=O)NO)ccc2O)[nH]c(C)c1C(C)=O,6.847711655616944,1,0.0,27
VLSNXLPXZLYNBB-UHFFFAOYSA-N,CHEMBL4758435,Cn1cc(-c2cc(C(C)(C)O)ccc2OC2CC2)c2cc(C(=O)NCc3ccc(C(=O)Nc4ccccc4N)cc3)[nH]c2c1=O,7.162411561764489,1,0.0,45
VLTFYYZMMQHBDN-UHFFFAOYSA-N,CHEMBL5619173,O=C(CN(Cc1ccc(C(=O)NO)cc1)C(=O)c1c[nH]c2ccccc12)NCc1ccccc1,8.0,1,0.0,34
VLVGUAGNSVBLEP-UHFFFAOYSA-N,CHEMBL4172270,CCC(C(=O)Nc1ccc(C(=O)Nc2ccc(F)cc2N)cc1)c1ccccc1,5.761439372640169,2,0.3187587626244124,29
VLVWOOARVSTVJJ-UHFFFAOYSA-N,CHEMBL141885,O=CN(O)CCCCCNC(=O)CCc1ccccc1,4.309803919971486,1,0.0,20
VMEYJRLRPDMXNG-UHFFFAOYSA-N,CHEMBL6166368,N#Cc1ccc2c(c1)c(-c1ccc(N)c(F)c1)cn2-c1ccc(OCCCCCC(=O)NO)cc1,6.694863681056361,1,0.0,35
VMJMRSJTVNYKLJ-UHFFFAOYSA-N,CHEMBL6029879,O=S1(=O)CCN(S(=O)(=O)N(Cc2ccc(-c3nnc(C(F)F)o3)cn2)c2ccccc2)CC1,7.698970004336019,1,0.0,33
VMJTUDLQDFANRM-UHFFFAOYSA-N,CHEMBL6165134,O=C(CCCCCCOc1ccc(-c2ccc3ccccc3n2)cc1)NO,7.176917203467196,1,0.0,27
VMKIEYANYDWYSU-UHFFFAOYSA-N,CHEMBL4517827,Cc1ccc2c(=O)n(CCc3ccccc3)c(=O)n(Cc3ccc(C(=O)NO)cc3)c2c1,4.963770455913705,2,0.0,32
VMNGDFCFVHADCP-UHFFFAOYSA-N,CHEMBL5945596,FC(F)(F)c1nc(-c2ccc(COc3ccc4ncnn4c3)nc2)no1,5.619788758288394,1,0.0,26
VMQGBVQYFCUCDZ-UHFFFAOYSA-N,CHEMBL256998,CC(C)N1CCN(Cc2cnc(-c3ccc(C(=O)Nc4ccccc4N)cc3)c(F)c2)CC1,7.4800408192479315,1,0.0,33
VMQQQDASRBNCNM-UHFFFAOYSA-N,CHEMBL5747542,O=C(N1CCOCC1)N(Cc1ccc(-c2noc(C(F)(F)F)n2)cc1)c1cccc(C(F)(F)F)c1,6.356547323513812,1,0.0,35
VMRFSRPIDVAIGW-UHFFFAOYSA-N,CHEMBL4291781,CC(=O)Nc1ccc(-c2ccnc(Nc3ccc(OCCCCCCCC(=O)NO)cc3)n2)cc1,5.769295686387431,1,0.0,35
VMWGQRJJRHORGQ-UHFFFAOYSA-N,CHEMBL5220278,CCC(=O)CCCCCC(NC(=O)C1CC12CCN(C)CC2)c1ncc(-c2cc3ccc(C)nc3cc2OC)o1,9.455931955649724,1,0.0,40
VMWWLXWUFJENJQ-UHFFFAOYSA-N,CHEMBL3698517,O=C(C=Cc1ccc(NS(=O)(=O)c2ccc(-c3ccccc3)cc2)cc1)Nc1nnc(S)s1,5.698970004336019,1,0.0,33
VMZHRSNGXXMYQZ-UHFFFAOYSA-N,CHEMBL5204809,COc1cc(OC)cc(N(CC2CC2)c2ccc3ncc(-c4cnn(CCCCCC(=O)NO)c4)nc3c2)c1,7.113509274827518,1,0.0,39
VMZVONJRTAFTIF-UHFFFAOYSA-N,CHEMBL4086244,O=C(CCCCCCC(=O)Nc1cc2ncnc(Nc3cccc(F)c3)c2s1)NO,7.132355766096902,1,0.0,30
VNDFLWVLSKDOTM-UHFFFAOYSA-N,CHEMBL4483460,Cc1ccc(-c2nc(NCc3ccc(C=CC(=O)NO)cc3)cc3c2[nH]c2ccccc23)cc1,7.187086643357144,1,0.0,34
VNDKSSOLKIUTSX-UHFFFAOYSA-N,CHEMBL4589724,Nc1ccccc1NC(=O)c1cnc(NCc2ccccc2)cn1,5.9775716288145135,2,0.0,24
VNEPDHLFWWAISE-UHFFFAOYSA-N,CHEMBL5422428,Cc1cc(C)nc(SCC(=O)Nc2ncc(Cc3cccc(C(=O)NO)c3)s2)n1,5.6777807052660805,1,0.0,29
VNFKTHQLIBPFNF-UHFFFAOYSA-N,CHEMBL5412573,CCCCN(Cc1ccc(C(=O)NO)cc1)C(=O)CCCCn1cc(COc2cccc(Cc3cnc(NC(=O)CSc4nc(C)cc(C)n4)s3)c2)nn1,5.657577319177793,2,0.0,54
VNKLQFMGSNBBMO-UHFFFAOYSA-N,CHEMBL3664098,O=C(Nc1cc(-c2ccccc2)ccc1O)c1ccc(CN2CCNCC2)cc1,7.187086643357144,1,0.0,29
VNLUEMMOFCPORO-UHFFFAOYSA-N,CHEMBL4874919,CCCCC(NC(=O)Cc1c[nH]c2ccccc12)c1ncc(-c2cc3ccccc3nc2OC)[nH]1,6.113509274827518,1,0.0,35
VNNDQHAPYSHQRR-UHFFFAOYSA-N,CHEMBL5572480,COc1ncc(-c2cc(OCCOc3ccc(C(=O)Nc4ccccc4N)cc3)c3ncnc(C)c3c2)cc1F,6.826813731587726,1,0.0,40
VNQHKBYANKJVHF-UHFFFAOYSA-N,CHEMBL3421747,O=C(NO)c1ccc(CNCc2nc(-c3ccccc3)no2)cc1,5.24184537803261,1,0.0,24
VNQMMWCCJWFIBS-UHFFFAOYSA-N,CHEMBL5173771,O=C(CCCCCCn1cc(C(=O)N2CCOCC2)c2ccccc21)NO,8.048176964684089,1,0.0,27
VNRCXPZNHIIBGH-UHFFFAOYSA-N,CHEMBL4642874,O=C(NO)c1ccc(NC(=O)C2(c3ccc4ccccc4c3)CCOCC2)cc1,9.142667503568731,1,0.0,29
VNUHFKHIYWNVCQ-UHFFFAOYSA-N,CHEMBL197774,O=C(C=Cc1ccc2c(c1)C(=O)N(Cc1ccccc1)C2=O)NO,6.242603971206975,1,0.0,24
VNWNWSQVDWAXTL-UHFFFAOYSA-N,CHEMBL1093040,CCc1ccccc1NC(=O)CCCCC(=O)NO,5.9582126810282485,1,0.0,19
VNWZCFZHQXQJIB-UHFFFAOYSA-N,CHEMBL5906708,Cn1c(CCCc2ccccc2)nc2cc(C=CC(=O)NO)ccc21,6.795880017344075,2,0.0,25
VNXTXEWWUBRVQD-UHFFFAOYSA-N,CHEMBL4640939,CCCN1CCC2(CC1)CC2C(=O)NC(CCCCCC(=O)CC)c1ncc(-c2cc3ccccc3nc2OC)[nH]1,8.657577319177793,1,0.0,41
VNXXMAPPPSLNKD-UHFFFAOYSA-N,CHEMBL5822699,O=C(C1CCS(=O)(=O)CC1)N(Cc1ccc(-c2noc(C(F)(F)F)n2)cn1)c1ccccc1C(F)(F)F,5.3979400086720375,1,0.0,37
VNYHZCDQEGSNIJ-UHFFFAOYSA-N,CHEMBL5831429,COC(=O)N1CC(=O)N(Cc2ccc(-c3noc(C(F)(F)F)n3)cn2)c2ccccc21,6.494850021680094,1,0.0,31
VOBFDSPBCKLUGR-UHFFFAOYSA-N,CHEMBL6163438,CCNNC(=O)c1ccc(CNC(=O)c2ccc(NC(=O)COCCOCC(=O)NC(C(=O)N3CC(O)CC3C(=O)NCc3ccc(-c4scnc4C)cc3)C(C)(C)C)cc2)cc1,5.467245621007502,1,0.0,63
VOCUPJYYWCXUPO-UHFFFAOYSA-N,CHEMBL5219634,CCC(=O)CCCCCC(NC(=O)C1CC12CCN(C)CC2)c1ncc(-c2ccc3nc(OC)ccc3c2)[nH]1,9.397940008672037,1,0.0,39
VOHUDSWLFXXDJJ-UHFFFAOYSA-N,CHEMBL5815391,Nc1ccccc1NC(=O)c1ccc(CNC(=O)c2[nH]c(-c3ccc(O)cc3)cc2-c2ccsc2)cc1,6.987162775294828,1,0.0,37
VOIHKLVJHPTOJG-UHFFFAOYSA-N,CHEMBL5994822,Nc1ccc(-c2ccc(F)cc2)nc1NC(=O)c1ccc(N2CCNCC2)nc1,6.221848749616356,1,0.0,29
VOLJUDGKGGWKBS-UHFFFAOYSA-N,CHEMBL5759520,O=C(NO)c1ccc(Cn2c(=O)n(CCc3cccs3)c(=O)c3ccccc32)cc1,4.97061622231479,1,0.0,30
VOORCQROXYSHCG-UHFFFAOYSA-N,CHEMBL391383,CC1(C)NC(=O)C(CCCCCSSc2ccccn2)NC(=O)C2CCCN2C(=O)C(CCc2ccccc2)NC1=O,8.207608310501746,1,0.0,42
VOTWNMHJAVEPBN-UHFFFAOYSA-N,CHEMBL2381734,O=C(CCCCc1cn(Cc2ccc3ccccc3c2)nn1)NO,6.97061622231479,1,0.0,24
VOXHDCXFXXBRDV-UHFFFAOYSA-N,CHEMBL5181479,C#Cc1nc(C=CC(=O)NO)cs1,6.050609993355087,1,0.0,13
VOXQGBHNRCNUIM-UHFFFAOYSA-N,CHEMBL6142679,COc1ccc(C=C2Sc3ccc(C=CC(=O)NO)cc3C2=O)cc1,6.620166077655185,2,0.03621217265444443,25
VOZMMIFGJRFSNT-UHFFFAOYSA-N,CHEMBL3527525,Cc1[nH]c2ccccc2c1CCNCc1ccc(C=CC(N)=O)cc1,4.958607314841775,1,0.0,25
VPKUSUGFYRZVKW-UHFFFAOYSA-N,CHEMBL5073024,CCCNNC(=O)c1ccc(CNC(=O)c2cnc3ccccc3c2)cc1,7.863279432843593,1,0.0,27
VPNDNCYGWBYJFG-UHFFFAOYSA-N,CHEMBL4213891,O=C(CCN1CCc2ccccc2C1c1cccc(C(F)(F)F)c1)NO,4.431798275933005,1,0.0,26
VPTDKGALTAWWPE-UHFFFAOYSA-N,CHEMBL5555140,CCCNNC(=O)c1ccc(CNC(=O)c2ncc(CNc3ccccc3)s2)cc1,6.136677139879544,1,0.0,30
VPTOISCZIPKICJ-UHFFFAOYSA-N,CHEMBL5414940,COc1ccc2c3c(oc2c1)CN(CCCCCCC(=O)NO)CC3,7.510041520575165,1,0.0,25
VPTRNSDPLIQSKU-UHFFFAOYSA-N,CHEMBL5743988,Fc1cccnc1COc1nccc(-c2noc(C(F)(F)F)n2)c1Cl,5.031517051446064,1,0.0,25
VPTVCYOEECUFBP-UHFFFAOYSA-N,CHEMBL4862549,Nc1nc2cc(-c3nn(CC4CCN(c5ncc(C(=O)NO)cn5)CC4)c4ncnc(N)c34)ccc2o1,9.040958607678906,1,0.0,37
VPUMRUMGHVGEBF-UHFFFAOYSA-N,CHEMBL209729,COc1ccc(CNc2ccc(C(=O)Nc3ccccc3N)cn2)cc1,5.3979400086720375,1,0.0,26
VPVUXXFIUQSMGS-UHFFFAOYSA-N,CHEMBL5561596,CCCNNC(=O)c1ccc(CNC(=O)c2cc3cnccc3o2)cc1,8.259637310505756,1,0.0,26
VQGKLYBEQDAOSV-UHFFFAOYSA-N,CHEMBL356824,O=C(Cc1ccccc1)Nc1ccc(C(=O)NO)cc1,7.1249387366083,1,0.0,20
VQGLKKSBCFCIDG-UHFFFAOYSA-N,CHEMBL5923936,O=C(OCCOCCCl)C1CCC(=O)N1c1ccc(-c2noc(C(F)(F)F)n2)c(F)c1,5.920818753952375,1,0.0,31
VQHSZQVDRIODPP-UHFFFAOYSA-N,CHEMBL5773854,FC(F)(F)c1nc(-c2ccnc(OCc3ccn(C4CC4)n3)c2)no1,5.455931955649724,1,0.0,25
VQLJIZZYDFSRTB-UHFFFAOYSA-N,CHEMBL3921816,COc1cc(Nc2ncnc3ccc(-c4cn(CCCCCC(=O)NO)nn4)cc23)ccc1Oc1ccccc1,7.575118363368933,1,0.0,40
VQLQZMGNGMOMPU-UHFFFAOYSA-N,CHEMBL1083439,O=C(CCCCCNC(=O)NC(=O)c1ccccc1)NO,5.655607726314889,1,0.0,21
VQOMRPVLCGWPHT-UHFFFAOYSA-N,CHEMBL246778,O=C(CCCCCC(NC(=O)c1ccccc1)C(=O)Nc1ccccc1)NO,7.91721462968355,2,0.0,28
VQSJAPRQBZTRFP-UHFFFAOYSA-N,CHEMBL5191682,O=C(CCn1cc(CCn2nc3c(Br)c(Br)c(Br)c(Br)c3n2)nn1)NO,5.479303657420887,2,0.35654732351381213,26
VRGLHLDCWONREK-UHFFFAOYSA-N,CHEMBL3758261,O=C(NCCCCCCS)c1cc(-c2ccccn2)n[nH]1,6.906578314837764,1,0.0,21
VRHFNZXQZXTMRO-UHFFFAOYSA-N,CHEMBL5647441,CCCNNC(=O)c1ccc(CNC(=O)C2CCCN2C(=O)C(CC(C)C)NC(=O)C(O)C(N)Cc2ccccc2)cc1,6.346787486224656,1,0.0,43
VRIACVNCRMFMHQ-UHFFFAOYSA-N,CHEMBL4159366,CS(=O)(=O)Nc1ccc(-c2ccnc(Nc3ccc(N4CCC(C(=O)NCCCCCCCC(=O)NO)CC4)cc3)n2)cc1,7.7447274948966935,1,0.0,44
VRIIBGAQHXBNAK-UHFFFAOYSA-N,CHEMBL3287269,CC(C)C1CC1c1sc(-c2nccs2)nc1C(=O)NCCCCC(=O)NO,6.200659450546418,1,0.0,27
VRJSOFUCSUZZQG-UHFFFAOYSA-N,CHEMBL5818652,O=C(N1CCOCC1)N(Cc1ccc(-c2noc(C(F)(F)F)n2)cn1)c1cccc(C(F)(F)F)c1,6.0,1,0.0,35
VRPBAJQNXMUSBR-UHFFFAOYSA-N,CHEMBL5563957,COc1ccc(-c2cc(OCCCCCCCCCC(=O)Nc3ccccc3N)c3ncnc(C)c3c2)cn1,6.22548303427145,1,0.0,39
VRRJSSUXWTYCIP-UHFFFAOYSA-N,CHEMBL5205993,Cc1ccc(-c2nc(N)nc3c2cnn3CCCCCC(=O)NO)o1,8.136677139879545,1,0.0,25
VRSKSLZJIOGLJB-UHFFFAOYSA-N,CHEMBL3335307,O=C(CCCCc1ccn(Cc2ccc3ccccc3c2)n1)NO,7.366531544420414,1,0.0,24
VRSPHWOZMHPVOQ-UHFFFAOYSA-N,CHEMBL1171466,CCCCCCCC(=O)SCCC=CC1CC(=O)NCc2nc(cs2)C2=NC(Cc3ccccc3)(CS2)C(=O)NC(C(C)C)C(=O)O1,8.346787486224656,1,0.0,47
VRSVKYKDBAVLGE-UHFFFAOYSA-N,CHEMBL4091971,CN(C)C(=O)c1cc2cnc(Nc3ccc(CNC(=O)CCCCCCC(=O)NO)cc3)nc2n1C1CCCC1,7.275724130399211,1,0.0,40
VRUDRMWAOBTYQG-UHFFFAOYSA-N,CHEMBL5619887,Cn1cc(C(=O)N(CC(=O)NC(C)(C)C)Cc2ccc(C(=O)NO)cc2)c2ncccc21,6.130768280269024,1,0.0,32
VRXWGCHBIDOVEN-UHFFFAOYSA-N,CHEMBL4851389,Nc1c(F)cc(C(=O)NO)cc1F,4.801425381852719,1,0.0,13
VRYZCEONIWEUAV-UHFFFAOYSA-N,CHEMBL2312168,Cc1cc(C)cc(C(=O)NOCCCCCC(=O)NO)c1,6.865711014058578,2,0.7417219847569694,21
VSAUNUQRGYWMLM-UHFFFAOYSA-N,CHEMBL3664139,Nc1ccc(-c2ccccc2)cc1NC(=O)c1ccc(CN(Cc2cccnc2)C(=O)O)cc1,7.795880017344075,1,0.0,34
VSEXDTYSTAQUCL-UHFFFAOYSA-N,CHEMBL95510,CC(CCCCCC(=O)c1ccc2ccccc2c1)C(=O)NO,6.221848749616356,1,0.0,23
VSEYIEDVOXUHFM-UHFFFAOYSA-N,CHEMBL5191361,COc1cc2nc(N3CCN(CCCCCC(=O)NO)CC3)nc(NC3CCN(Cc4ccccc4)CC3)c2cc1OC,7.050609993355087,1,0.0,43
VSHFAZBXGXHGQO-UHFFFAOYSA-N,CHEMBL585939,CC(C)CC1CC(=O)NC(C)C(=O)NC(CCCCCC(=O)NO)C(=O)NC(Cc2c[nH]c3ccccc23)C(=O)N1,8.698970004336019,3,0.0,41
VSJXEJIQQOXXRQ-UHFFFAOYSA-N,CHEMBL4646915,CCC(=O)CCCCCC(NC(=O)C1CC12CCN(C)CC2)c1ncc(-c2cc3ccccc3nc2OC)o1,8.823908740944319,1,0.0,39
VSPREAHXCMZVOO-UHFFFAOYSA-N,CHEMBL5287465,COc1cccc(CC(=O)Nc2ccc(C(=O)NO)cc2)c1,6.305394801066431,1,0.0,22
VSRRZSNVPQPAFD-UHFFFAOYSA-N,CHEMBL3354920,COc1ccccc1C(=O)NC(COc1cccc(C=CC(=O)NO)c1)Cc1c[nH]c2ccccc12,7.478861916295964,1,0.0,36
VSRZHFWTNNMUGO-UHFFFAOYSA-N,CHEMBL2312461,Nc1ccccc1NC(=O)c1ccc(CCNc2nccc(-c3cnc4ncccn34)n2)cc1,6.8124792791635365,1,0.0,34
VSUKEJIVGDFMNE-UHFFFAOYSA-N,CHEMBL5840881,CN1CCC(CNC(=O)Nc2cc(-c3cccs3)ccc2N)CC1,5.515700160653214,1,0.0,24
VSUZBFWTCWWXDY-UHFFFAOYSA-N,CHEMBL3818594,Cc1noc(C)c1-c1cc(NC(=O)CCCCCCC(=O)NO)cc(C(=O)c2ccccc2)c1,6.823908740944319,3,0.0,34
VSVDNXSUROYWOP-UHFFFAOYSA-N,CHEMBL561604,O=C(CCCCCC(c1c[nH]c2ccc([N+](=O)[O-])cc12)c1c[nH]c2ccc([N+](=O)[O-])cc12)NO,6.853871964321762,1,0.0,34
VTBPJARWNUWZDU-UHFFFAOYSA-N,CHEMBL209762,COc1ccc(NCc2ccc(C=CC(=O)Nc3ccccc3N)cc2)cc1,5.3979400086720375,1,0.0,28
VTDJWTMUBIREHK-UHFFFAOYSA-N,CHEMBL5746424,O=C(NO)c1ccc2nc(-c3cccc4cccnc34)sc2c1,5.214670164989233,1,0.0,23
VTGKSUIGZGSWGG-UHFFFAOYSA-N,CHEMBL4864065,Nc1ccc(C(=O)NO)cn1,5.012780770091995,1,0.0,11
VTOZBOIEYVACML-UHFFFAOYSA-N,CHEMBL3664078,Nc1ccc(-c2cccs2)cc1NC(=O)c1ccc(CNC(=O)CCc2cccnc2)cc1,7.886056647693163,1,0.0,33
VTRGFHYHEAEHGS-UHFFFAOYSA-N,CHEMBL4777296,NCc1ccc(NC(=O)N(CCCCO)Cc2ccc(C(=O)NO)cc2)cc1,6.931814138253838,1,0.0,28
VTVJPXWTXILBGK-UHFFFAOYSA-N,CHEMBL326433,O=C(CCCCCCCS)Nc1ccccc1,6.531652669587842,1,0.0,17
VTYJUWOXRSKCJG-UHFFFAOYSA-N,CHEMBL6161106,O=C(NO)c1ccc(CN2CN(c3ccccc3)C3(CCN(C(=O)c4cc5ccccc5o4)CC3)C2=O)c(F)c1,5.620024064867378,1,0.0,40
VTYVYDJWZOWXEE-UHFFFAOYSA-N,CHEMBL2011674,CC(C=CC(=O)NC(C)(CO)C(=O)O)=CC(C)C(=O)c1ccc(N(C)C)cc1,4.2441251443275085,1,0.0,28
VTZNCZMXJPQUPZ-UHFFFAOYSA-N,CHEMBL4093691,COc1ccc2c(C(=O)c3cc(OC)c(OC)c(OC)c3)cn(Cc3ccc(C(=O)NO)cc3)c2c1,6.2415195899147555,1,0.0,36
VUALYNHSKFMOKH-UHFFFAOYSA-N,CHEMBL3335298,O=C(CCCCc1ccn(Cc2ccc(-n3ccc4ccccc43)cc2)n1)NO,7.1249387366083,1,0.0,29
VUHXSWWIYDYWDY-UHFFFAOYSA-N,CHEMBL3664113,CNCCCN(C)Cc1ccc(C(=O)Nc2cc(-c3ccccc3)ccc2O)cc1,7.7447274948966935,1,0.0,30
VUKKXPFJYIYQBL-UHFFFAOYSA-N,CHEMBL4299435,CCC1OC(=O)C(C)C(OC2CC(C)(OC)C(O)C(C)O2)C(C)C(OC2OC(C)CC(N(C)Cc3ccc(-c4cn(CCCCCC(=O)NO)nn4)cc3)C2O)C(C)(OC)CC(C)C(=O)C(C)C(O)C1(C)O,6.273272790973428,1,0.0,72
VUKSUGCDIZBKDT-UHFFFAOYSA-N,CHEMBL3648288,CCn1c(Cc2ccccc2)nc2cc(C=CC(=O)NO)ccc21,6.774690718274137,3,0.0,24
VUMXOSQTUDDRDH-UHFFFAOYSA-N,CHEMBL3589368,O=C(O)CCCCCCC(=O)Nc1ccc(C2=C(c3ccc(O)cc3)C3CC(S(=O)(=O)Oc4ccc5ccccc5c4)C2O3)cc1,6.549750891680639,1,0.0,46
VURDNNVAYZDGDK-UHFFFAOYSA-N,CHEMBL3927842,Nc1ccc(-c2cccs2)cc1NC(=O)c1ccc2nc(N3CCNCC3)ccc2c1,8.154901959985743,1,0.0,31
VUUHXDZTBBCMIT-UHFFFAOYSA-N,CHEMBL1092762,Cc1ccc(NC(=O)CCCCC(=O)NO)cc1,7.119186407719209,1,0.0,18
VVISXNJZRPDNHN-UHFFFAOYSA-N,CHEMBL4069085,Cc1ccc(CNC(=S)Nc2ccc(C(=O)Nc3ccccc3N)cc2)cn1,6.585026652029182,1,0.0,28
VVMKAARXNCQMHR-UHFFFAOYSA-N,CHEMBL3648291,COc1cccc(CCc2nc3ccc(C=CC(=O)NO)cc3[nH]2)c1,7.214670164989233,3,0.0,25
VVNAEAFKGGXNLI-UHFFFAOYSA-N,CHEMBL2012812,CC(C)CC1CC(=O)NC(C)C(=O)NC(CCCCCC(N)=O)C(=O)NC(Cc2c[nH]c3ccccc23)C(=O)N1,5.568636235841012,1,0.0,40
VVNODFNJOACYSH-UHFFFAOYSA-N,CHEMBL4858081,CCCCC(NC(=O)Cc1c[nH]c2ccc(OC)cc12)c1ncc(-c2cc3ccccc3nc2OC)[nH]1,6.6020599913279625,1,0.0,37
VVOAJONYMVTWBI-UHFFFAOYSA-N,CHEMBL3415973,Nc1nc2ncc(CNc3ccc(C(=O)NC(CCC(=O)NCCCCCCCC(=O)Nc4cc(-c5cccs5)ccc4N)C(=O)O)cc3)nc2c(=O)[nH]1,6.542118103266008,1,0.0,54
VVOQENFAZBJUSR-UHFFFAOYSA-N,CHEMBL486324,CCCCC(=O)CCCCCC(NC(=O)C1CCN(C)CC1)c1ncc(-c2ccc3ccccc3c2)[nH]1,7.130768280269024,1,0.0,37
VVPDIYAALCJMRK-UHFFFAOYSA-N,CHEMBL4580307,Fc1cc(Br)cc2c1C1=NCCN1C(=S)S2,4.301029995663981,1,0.0,16
VVQUZSHZGZOQRU-UHFFFAOYSA-N,CHEMBL6174582,COc1nc(-c2cccc(-c3ccccc3)c2C)ccc1CNCCCC(=O)NO,5.655607726314889,1,0.0,30
VVRMCFABALKPCP-UHFFFAOYSA-N,CHEMBL5428577,CCC(c1ccc(C(=O)Nc2ccc(F)cc2N)cc1)n1nc(-c2ccc(CN(C)C)cc2)ccc1=O,6.787546038959724,1,0.0,37
VVTQLWWNGJZVCY-UHFFFAOYSA-N,CHEMBL6173419,COc1nc(-c2cccc(-c3ccccc3)c2C)ccc1CNCC(=O)NO,5.30189945437661,1,0.0,28
VVXYGNLXLYWWQD-UHFFFAOYSA-N,CHEMBL3655965,O=C(NO)c1cnc(NC2(c3ccccc3)CCCC2)nc1,6.148130399270234,1,0.0,22
VVZXDYPDBYYVAY-UHFFFAOYSA-N,CHEMBL3309288,COc1ccc2cc(C(=O)NCCCCCCC(=O)NO)ccc2n1,7.2839966563652006,1,0.0,25
VWEAFAKKMJQHIM-UHFFFAOYSA-N,CHEMBL5411915,O=C(CCNc1cc(N2CCCCCC2)nc(-c2cccnc2)n1)NO,5.00291956452827,1,0.0,26
VWHCOMLIJVEQGT-UHFFFAOYSA-N,CHEMBL6148436,Cc1c(F)c(N)cc(C(=O)Nc2cc(-c3ccc(NC(=O)CCCCCCC(=O)NO)cc3)ccc2N2CCN(C)CC2)c1Cl,7.508638306165727,1,0.0,45
VWISXFZVZNWODS-UHFFFAOYSA-N,CHEMBL4091731,NCCCCC1N=C(c2ccccc2)c2ccccc2N(CCCCC(=O)NO)C1=O,5.184422251675732,1,0.0,31
VWJAMIITTHBSGF-UHFFFAOYSA-N,CHEMBL4740787,Cc1cc(C)cc(C(=O)N(Cc2ccc(C(=O)NO)cc2)Cc2nnnn2Cc2ccccc2)c1,6.045757490560675,1,0.0,35
VWKDCEXMEJBCJZ-UHFFFAOYSA-N,CHEMBL97629,Nc1ccccc1NC(=O)CCCCCN1C(=O)c2cccc3c(CN4CCOCC4)c(O)cc(c23)C1=O,6.301029995663981,1,0.0,38
VWPYPJQYNJIVCP-UHFFFAOYSA-N,CHEMBL4087897,COc1ccc(-c2cc(-c3ccoc3)c(C(=O)NCc3ccc(C(=O)NO)cc3)[nH]2)cc1,7.151821805633334,2,0.00616030870481854,32
VWQSWQYFIGQEHR-UHFFFAOYSA-N,CHEMBL4166504,CC(C)OC(=O)N(CCc1ccccc1)Cc1ccc(C(=O)NO)cc1,5.241088107602026,1,0.0,26
VWTYLHTUWJLJLV-UHFFFAOYSA-N,CHEMBL481727,Nc1ccccc1NC(=O)c1ccc(Nc2nccc(-c3cccnc3)n2)cc1,5.698970004336019,1,0.0,29
VWUDZSUNDZMQRH-UHFFFAOYSA-N,CHEMBL5639116,Nc1ccccc1NC(=O)CNC(=O)c1ccc(NC(=O)Nc2ccc(-c3nc(N4CCOCC4)nc(N4CCOCC4)n3)cc2)cc1,5.709943117696634,1,0.0,48
VWYWFCVBDDHXMR-UHFFFAOYSA-N,CHEMBL5089258,CCCNNC(=O)c1ccc(CNC(=O)c2cc3cc(F)ccc3[nH]2)cc1,7.888401475119606,1,0.0,27
VXAGNKFGIRXLSP-UHFFFAOYSA-N,CHEMBL5069833,CCc1c(C(=O)Nc2cccc(CCC(=O)Nc3ccccc3N)c2)[nH]c(C)c1C(C)=O,4.549750891680639,1,0.0,32
VXHKEDIHZHKAJW-UHFFFAOYSA-N,CHEMBL6132700,COc1cc(C=CC(=O)c2ccc(NC(=O)c3ccccc3CN3C(=O)c4ccccc4C3=O)cc2)cc(OC)c1OC,6.657577319177793,2,0.0,43
VXMGYZIPWGFENK-UHFFFAOYSA-N,CHEMBL515764,NS(=O)(=O)NCCCCC(NC(=O)NCc1ccc(F)cc1)C(=O)Nc1nc(-c2ccccc2)cs1,6.455931955649724,1,0.0,36
VXMHHEQJZJBMRW-UHFFFAOYSA-N,CHEMBL235918,CC(C)(C)NC(=S)NC(CCCCCS)C(=O)NC1CCCC1,6.3979400086720375,1,0.0,23
VXOTUUPFDDDNIN-UHFFFAOYSA-N,CHEMBL5848480,CNc1ccc(C(=O)NCCCCC(=O)NO)cc1,6.97469413473523,1,0.0,19
VXQMEGLYMWVBHB-UHFFFAOYSA-N,CHEMBL3329621,CC(C)C1NC(=O)C2(C)CSC(=N2)c2csc(n2)CNC(=O)CC(C=CCCSSCCC=CC2CC(=O)NCc3nc(cs3)C3=NC(C)(CS3)C(=O)NC(C(C)C)C(=O)O2)OC1=O,9.522878745280337,1,0.0,64
VXQPRRASCRGURZ-UHFFFAOYSA-N,CHEMBL4166084,O=C(C=Cc1ccc(CNC2CC2c2ccccc2)cc1)NO,7.920818753952375,1,0.0,23
VXWJMOXSXYTIEN-UHFFFAOYSA-N,CHEMBL6102445,CS(=O)(=O)Nc1ccc(-c2ccnc(Nc3ccc(-c4cn(CC(=O)NCCCCCCCC(=O)NO)nn4)cc3)n2)cc1,6.7447274948966935,1,0.0,44
VXWTVLRDWZWBFT-UHFFFAOYSA-N,CHEMBL4079199,COc1ccc(C(=O)NC(COc2ccc(C(=O)Nc3ccccc3N)cc2)Cc2c[nH]c3ccccc23)cc1,7.8326826652518236,1,0.0,40
VXXNTIVXKLGNBB-UHFFFAOYSA-N,CHEMBL5762759,FC(F)(F)c1nc(-c2ccnc(OCc3cncc(N4CCNCC4)n3)c2)no1,5.958607314841775,1,0.0,29
VYAAAIYHUZEOAO-UHFFFAOYSA-N,CHEMBL3334993,O=C(NO)c1ccc(N2CCN(c3cnc4ccccc4c3)C2=O)cc1,6.818156412055227,1,0.0,26
VYCURVOWIYBEJN-UHFFFAOYSA-N,CHEMBL5182624,Cc1cc(C)c(CNC(=O)c2cc(-c3ccc(NC(=O)CCCCCCC(=O)NO)cc3)cc3c2cnn3C(C)C)c(=O)[nH]1,6.494850021680094,1,0.0,44
VYDLBMZXZRXKND-UHFFFAOYSA-N,CHEMBL5194900,O=C(CCCCCCNC(=O)c1ccc(NC(=O)CCOCCOCCOCCOCCNC(=O)CNc2cccc3c2C(=O)N(C2CCC(=O)NC2=O)C3=O)cc1)NO,6.730487055782083,1,0.0,60
VYEUJBMCAYATKP-UHFFFAOYSA-N,CHEMBL3589351,O=C(CCCCCCC(=O)Nc1ccc(OS(=O)(=O)C2CC3OC2C(c2ccc(O)cc2)=C3c2ccc(O)cc2)cc1)NO,6.234331445240986,1,0.0,44
VYGGHIWUVSMRFX-UHFFFAOYSA-N,CHEMBL5398464,Cc1cnc(Nc2ccc(OCCN3CCCC3)cc2)nc1Nc1ccc(C(=O)Nc2ccccc2N)cc1,6.207608310501746,1,0.0,39
VYIWOEJXQVTDQP-UHFFFAOYSA-N,CHEMBL5206347,Cc1ccccc1C=C1CCCN(Cc2ccc(C(=O)Nc3ccc(F)cc3N)cc2)C1=O,5.611011214875286,1,0.0,33
VYJXOLAKCMAGBQ-UHFFFAOYSA-N,CHEMBL5780417,O=c1ccc2ccc(C(F)(F)F)cc2n1Cc1ccc(-c2noc(C(F)(F)F)n2)cn1,6.552841968657781,1,0.0,31
VYPKHOXNUAQROR-UHFFFAOYSA-N,CHEMBL463788,Nc1ccc(-c2ccccc2)cc1NC(=O)c1ccc(CNc2ccncc2)cc1,8.0,2,0.0,30
VYSPDOWRSOBEBQ-UHFFFAOYSA-N,CHEMBL6176461,O=C(NO)c1ccc(CN2CN(c3ccccc3)C3(CCN(C(=O)NC4CCCC4)CC3)C2=O)cc1,5.946460603547176,1,0.0,36
VYTJGUNWINJKES-UHFFFAOYSA-N,CHEMBL4081822,COc1ccc2c(C(=O)c3cc(OC)c(OC)c(OC)c3)cn(S(=O)(=O)c3cccc(C=CC(=O)NO)c3)c2c1,6.329921215395681,1,0.0,40
VYUFHPFAPNPOLI-UHFFFAOYSA-N,CHEMBL5829717,CC(C)c1ncc(C(=O)N(Cc2ccc(-c3noc(C(F)(F)F)n3)cn2)c2cccc(F)c2)cn1,6.769551078621726,1,0.0,35
VYVFFMPROFRJGV-UHFFFAOYSA-N,CHEMBL4794888,CCC(=O)CCCCCC(NC(=O)C1CC12CCN(CC)CC2)c1ncc(-c2cccc(C(F)(F)F)c2OC)[nH]1,7.886056647693163,1,0.0,40
VYZLGXDVYXKPSE-UHFFFAOYSA-N,CHEMBL3664126,CN(Cc1ccc(C(=O)Nc2cc(-c3ccccc3)ccc2O)cc1)C1CCOC1,7.366531544420414,1,0.0,30
VZHMSLQLNHOPND-UHFFFAOYSA-N,CHEMBL5087667,CC(C)(C)c1cc(Nc2nc(SCc3ccc(C(=O)Nc4ccc(F)cc4N)cc3)nn3cccc23)n[nH]1,5.8124792791635365,1,0.0,38
VZNPLNCBLLLCFT-UHFFFAOYSA-N,CHEMBL3335312,O=C(CCCCCCc1ccn(Cc2ccc(-c3ccccc3)cc2)n1)NO,6.632644078973981,1,0.0,28
VZPBZSVTRHOFBX-UHFFFAOYSA-N,CHEMBL4462652,O=C(NO)c1ccc(CNCc2csc3ccccc23)cc1,5.1249387366083,1,0.0,22
VZPHVPHXVCVEGM-UHFFFAOYSA-N,CHEMBL4756672,CCCCC(NCc1ccc(C(=O)NO)cc1)c1nnnn1Cc1ccccc1,5.6968039425795105,1,0.0,29
VZSBSGMJXMQMFU-UHFFFAOYSA-N,CHEMBL396444,Nc1ccccc1NC(=O)c1ccc(CC2COc3ccccc3C2=O)cc1,7.045757490560675,1,0.0,28
WACRGWFJGJAECA-UHFFFAOYSA-N,CHEMBL5574871,COc1ncc(-c2cc(OCCCCCCCC(=O)Nc3ccccc3N)c3ncnc(C)c3c2)cc1NS(=O)(=O)c1ccc(F)cc1F,6.279840696594043,1,0.0,49
WADPCCHXMXQUNM-UHFFFAOYSA-N,CHEMBL3287252,CCc1sc(-c2nccs2)nc1C(=O)NCCCCC(=O)NO,7.522878745280337,1,0.0,23
WAFVXFIYLRQEBZ-UHFFFAOYSA-N,CHEMBL4587363,Cc1cc(C)cc(C(=O)N(CC(=O)NCc2ccccc2)Cc2ccc(C(=O)Nc3cc(-c4ccccc4)ccc3N)cc2)c1,7.292429823902063,1,0.0,45
WAIPGINZUGAKDT-UHFFFAOYSA-N,CHEMBL472347,COc1cc(C=Cc2ccc(C(=O)NO)o2)ccc1OCc1ccccc1,4.872571222148401,1,0.0,27
WAJRLVVOBKIZMX-UHFFFAOYSA-N,CHEMBL95850,O=C(C=Cc1ccc(NS(=O)(=O)c2ccc(Cl)c(Cl)c2)cc1)NO,6.9604093769761874,2,0.07918124604762511,24
WAKGJPYDEKJAKC-UHFFFAOYSA-N,CHEMBL4576202,CC(C)CC(NC(=O)CNC(=O)c1cccc(C=CC(=O)NO)c1)B1OC2C3CC(CC2(C)O1)C3(C)C,8.05551732784983,1,0.0,37
WALYAOCKGZRAFJ-UHFFFAOYSA-N,CHEMBL4871812,COc1ccc(C2CC2)c2c1CCN(Cc1ccc(C(=O)NO)cc1)CC2,6.29929628285498,1,0.0,27
WAMFADXJTLRHGO-UHFFFAOYSA-N,CHEMBL4553076,CN(C)c1ccc(C(=O)N(CC(=O)NCc2ccccc2)Cc2ccc(C(=O)Nc3cc(-c4ccccc4)ccc3N)cc2)cc1,7.4089353929735005,1,0.0,46
WAMYNMBYUHKMBU-UHFFFAOYSA-N,CHEMBL3675752,O=C(CCCCCCn1c2ccccc2c2ccccc21)NO,6.690369832574101,1,0.0,23
WANCIXSROFZVFM-UHFFFAOYSA-N,CHEMBL4456028,CC(C)CCc1c(OCCOc2cccc(C=CC(=O)NO)c2)ccc2c1OC(=O)CC2,7.175028538876306,2,0.0,32
WAQQFMFEWFDVTG-UHFFFAOYSA-N,CHEMBL5197783,Nc1ccccc1NC(=O)c1ccc(CN2C(=O)C3=C(CCN(C(=O)C=Cc4ccc(Cl)cc4F)C3)N3CCN=C23)cc1,6.555955204081924,1,0.0,43
WAUOSDUSMVNOQK-UHFFFAOYSA-N,CHEMBL384472,COc1ccc2[nH]c(C)c(CC(=O)NC(CCCCCC(C)=O)C(=O)NCCc3c(-c4ccccc4)[nH]c4ccccc34)c2c1,6.1829125641187,4,0.7342979666777616,45
WBAQWHOEJSDUNI-UHFFFAOYSA-N,CHEMBL2047677,COc1ccc(CC(=NN)C(=O)NCCSC)cc1Br,4.8996294548824375,1,0.0,20
WBBVEPRDFVEKPT-UHFFFAOYSA-N,CHEMBL6148086,CC1COc2c(N3CCN(C)CC3)c(F)cc3c(=O)c(C(=O)NCC4CN(CCCCCCC(=O)NO)N=N4)cn1c23,7.537602002101044,1,0.0,42
WBDNRODMXIVRIW-UHFFFAOYSA-N,CHEMBL4854377,CCC(=O)CCCCCC1NC(=O)C2CC23CCN(CC=CCN2C4CCC2c2cc(ccc24)-c2cnc1[nH]2)CC3,8.568636235841012,1,0.0,41
WBDOYDBYLRETDH-UHFFFAOYSA-N,CHEMBL5994343,O=C(CN1CCS(=O)(=O)CC1)N(Cc1ccc(-c2noc(C(F)(F)F)n2)cc1)c1cccc(C(F)(F)F)c1,5.886056647693163,1,0.0,38
WBEFUVAYFSOUEA-UHFFFAOYSA-N,CHEMBL593229,O=C1C(=Cc2ccc(O)c(O)c2)Oc2cc(O)cc(O)c21,4.42021640338319,1,0.0,21
WBGXKEVRNQTTMO-UHFFFAOYSA-N,CHEMBL148313,Cc1ccc(S(=O)(=O)Nc2ccc(C=CC(=O)Nc3ccccc3N)cc2)cc1,5.522878745280337,1,0.0,29
WBJVWZLOBLLSNB-UHFFFAOYSA-N,CHEMBL4518344,Nc1cc(F)ccc1NC(=O)c1ccc(CNC(=O)C=C2NC(=O)c3cc(Cl)c(Cl)cc32)cc1,6.310691140876379,1,0.0,34
WBKWTIKBCBOSII-UHFFFAOYSA-N,CHEMBL3652243,COc1cc(Nc2ncc(C(=O)NO)cn2)cc(OC)c1,6.809668301829708,1,0.0,21
WBURJDQDBKPXRR-UHFFFAOYSA-N,CHEMBL385550,COC(=O)CCCCCC(NC(=O)Cc1c(C)[nH]c2ccc(OC)cc12)C(=O)NCCc1c(-c2ccccc2)[nH]c2ccccc12,6.823908740944319,1,0.0,46
WBVDGYMKUBVIGV-UHFFFAOYSA-N,CHEMBL4739902,CCC(=O)CCCCCC(NC(=O)c1ccon1)c1[nH]c(-c2ccc(F)cc2)nc1C#N,7.448550002027125,1,0.0,32
WBVFFDSDELAGSY-UHFFFAOYSA-N,CHEMBL5093798,Cn1cc(CN2CC3(CCN(c4ncc(C(=O)NO)cn4)C3)C2)c2ccc(C#N)cc21,8.657577319177793,1,0.0,31
WBVZKEJQMRQWKP-UHFFFAOYSA-N,CHEMBL499776,Nc1ccccc1NC(=O)c1ccc(N2CCC3(CCNC3)CC2)nc1,6.795880017344075,1,0.0,26
WCCIPIPPRWMNTJ-UHFFFAOYSA-N,CHEMBL5423994,COc1cc2c(cc1OC)C(=O)C(CC1CCN(Cc3cccc(NC(=O)CCCCCCC(=O)NO)c3)CC1)C2,6.213958789757446,1,0.0,41
WCEOPTGJGVGALC-UHFFFAOYSA-N,CHEMBL473479,Nc1ccc(-c2cccs2)cc1NC(=O)c1ccc(C(=O)N2CCC3(CCCN3)CC2)cc1,7.958607314841775,1,0.0,33
WCQVFUXKLAALTE-UHFFFAOYSA-N,CHEMBL5086208,O=C(CCCCCCOc1cccc(-c2nc3ccccc3[nH]2)c1)NO,7.619788758288394,1,0.0,26
WCQVIXQZFPWXTN-UHFFFAOYSA-N,CHEMBL5923589,CC(=O)NC(Cc1ccc(-c2noc(C(F)(F)F)n2)cn1)c1cccc(C(F)(F)F)c1,6.275724130399211,1,0.0,31
WCRZTBRZXCWGKV-UHFFFAOYSA-N,CHEMBL3770531,O=C(NCCCCCC(=O)C(F)(F)F)c1nc(-c2nccs2)sc1C1CC1,6.797103191470471,1,0.0,27
WCSFUXZFWJHMFA-UHFFFAOYSA-N,CHEMBL4080164,Cc1[nH]c2ccccc2c1CCNCc1cccc(C=CC(=O)NO)c1,8.97469413473523,1,0.0,26
WCSKDSQDPXOBSK-UHFFFAOYSA-N,CHEMBL5992729,CN(C(=O)C1COCC(=O)N1c1ccc(-c2noc(C(F)(F)F)n2)c(F)c1)C(C)(C)C,5.161150909262744,1,0.0,31
WCSRFHVRUXJOEJ-UHFFFAOYSA-N,CHEMBL3664072,Nc1ccc(-c2cccs2)cc1NC(=O)c1ccc(CNC(=O)Cc2cccnc2)cc1,8.0,1,0.0,32
WCTKRCRAZCFSSL-UHFFFAOYSA-N,CHEMBL2442800,COc1cc(C2c3cc4c(cc3C(Nc3ccc(OCCCCCCC(=O)NO)cc3)C3COC(=O)C23)OCO4)cc(OC)c1O,7.537602002101044,1,0.0,46
WCTLKUHJSQSAOJ-UHFFFAOYSA-N,CHEMBL1631911,O=C(CCCCCC1OCCCCCCOc2ccccc2NC1=O)NO,6.251811972993799,1,0.0,27
WCVUUPNKFDRFRI-UHFFFAOYSA-N,CHEMBL3819533,Cc1noc(C)c1-c1cc(OCCCCCCC(=O)NO)cc(C(O)c2ccccc2)c1,6.013228265733755,1,0.0,32
WCXFNQFYMOQAGE-UHFFFAOYSA-N,CHEMBL5815687,CC1(Nc2ncc(C(=O)Nc3cc(-c4cccs4)ccc3N)cn2)CCN(C(=O)N2CCOCC2)CC1,8.045757490560675,1,0.0,37
WDFDQDGMZWOJKA-UHFFFAOYSA-N,CHEMBL2448574,CCC(=O)CCCCCC(NC(=O)C1CCN(C)CC1)c1ncc(-c2cnc3ccccc3c2)[nH]1,8.397940008672037,1,0.0,35
WDHUKJOENWSXSH-UHFFFAOYSA-N,CHEMBL3664039,COC(=O)c1ccc(-c2ccc(N)c(NC(=O)c3ccc(CNC(=O)OCc4cccnc4)cc3)c2)cc1,7.0915149811213505,1,0.0,38
WDJKKUZGROJNGQ-UHFFFAOYSA-N,CHEMBL5646835,CCCNNC(=O)c1ccc(CNC(=O)C(CC(C)C)NC(=O)Nc2c(C)cccc2C)cc1,6.468521082957745,1,0.0,34
WDMMTGGQLWCIDM-UHFFFAOYSA-N,CHEMBL5969224,O=C(CC1CNCCO1)N(Cc1ccc(-c2noc(C(F)(F)F)n2)cc1)c1cccc(C(F)(F)F)c1,6.065501548756432,1,0.0,36
WDNSEKWTFWAHQF-UHFFFAOYSA-N,CHEMBL5920371,Cc1ccc(NCc2ccc(-c3noc(C(F)(F)F)n3)c(F)c2)cn1,5.769551078621726,1,0.0,25
WDOGCXAEDCAQGJ-UHFFFAOYSA-N,CHEMBL3700342,COc1cc2ncnc(Nc3ccc(C(=O)Nc4ccccc4N)cc3)c2cc1OCCCN1CCOCC1,6.133712660915805,1,0.0,39
WDOXCSQPQWHXBM-UHFFFAOYSA-N,CHEMBL1095118,Cc1nc(-c2cccc(C=CC(=O)NO)c2)n(C2CCCN(C)C2)c1-c1ccccc1,8.0,1,0.0,31
WEDNYCMQWWLFOJ-UHFFFAOYSA-N,CHEMBL5771172,Cn1c(OCc2ccc(-c3noc(C(F)(F)F)n3)cn2)nc2cccnc21,6.6020599913279625,1,0.0,27
WEEHIWSMGLAONR-UHFFFAOYSA-N,CHEMBL2018448,NC(=O)CN1CCc2c(c3ccccc3n2Cc2ccc(C(=O)NO)cc2)C1,5.400116927926312,1,0.0,28
WEFWTSUXXXOIID-UHFFFAOYSA-N,CHEMBL4078721,CC(C)C1NC(=O)C2(C)CSC(=N2)c2csc(n2)CNC(=O)CC(C=CCCSCCS)OC1=O,7.3979400086720375,1,0.0,35
WEGZAQQQNAZHTD-UHFFFAOYSA-N,CHEMBL404054,Nc1nc(NCc2ccc(C(=O)Nc3ccccc3N)cc2)nc(NC2Cc3ccccc3C2)n1,6.698970004336019,1,0.0,35
WEKANNZGPOUFCI-UHFFFAOYSA-N,CHEMBL3652232,CN(c1ccc(Cl)c(Cl)c1)c1ncc(C(=O)NO)cn1,7.086186147616283,1,0.0,20
WELHZMQKJHGBSJ-UHFFFAOYSA-N,CHEMBL3655909,O=C(NO)c1cnc(Nc2cc(F)cc(C(F)(F)F)c2)nc1,6.798602875679549,1,0.0,22
WEMGUFBETKXSRV-UHFFFAOYSA-N,CHEMBL4846752,N=C(NO)c1ccc2nc(-c3cccc(-c4cn5ccccc5n4)c3)[nH]c2c1,6.259637310505756,1,0.0,28
WEOBCIOBRRLENQ-UHFFFAOYSA-N,CHEMBL5073445,Nc1cc(F)ccc1NC(=O)c1ccc(CCCn2ncc3c2nc(N)n2nc(-c4ccco4)nc32)cc1,5.571055709964426,1,0.0,38
WEPAKBVXIDUBTA-UHFFFAOYSA-N,CHEMBL4444554,COc1cc2nc(Nc3ccc(NC(=O)CCCCCCC(=O)NO)cc3)nc(NC3CCN(Cc4ccccc4)CC3)c2cc1OC,5.987162775294828,1,0.0,48
WESUGDYVVJOCIZ-UHFFFAOYSA-N,CHEMBL5913771,CCCCNNC(=O)c1ccncc1,5.368150537840182,1,0.0,14
WEUKJQCIVIFTNN-UHFFFAOYSA-N,CHEMBL569211,CC(C)CC1CC(=O)NC(Cc2ccccc2)C(=O)NC(CCCCCC(=O)O)C(=O)NC(Cc2cccc3ccccc23)C(=O)N1,7.167491087293763,1,0.0,47
WEWDMCBZNJFRKL-UHFFFAOYSA-N,CHEMBL5809280,O=C1CCC(c2ccccc2)N1c1ccc(-c2noc(C(F)(F)F)n2)cc1F,6.275724130399211,1,0.0,28
WEWJFMNQRDNQRG-UHFFFAOYSA-N,CHEMBL4780309,CCC(=O)CCCCCC(NC(=O)C1CC12CCN(C)CC2)c1ncc(-c2ccc3[nH]c4ccccc4c3c2)[nH]1,9.698970004336019,1,0.0,40
WEZUWBUJRJCUNX-UHFFFAOYSA-N,CHEMBL3415625,O=C(NO)c1ccc(NC2CCN(c3ccc(Cl)cc3)C2)cc1,4.716698771296451,1,0.0,23
WFNAWUGSMGCUGF-UHFFFAOYSA-N,CHEMBL3098605,Cc1ccc(NC(=O)CCCCCCC(=O)NO)cc1,6.698970004336019,1,0.0,20
WFODACKMLVBMPT-UHFFFAOYSA-N,CHEMBL2048750,COc1ccc(S(=O)(=O)n2ccc3cc(C=CC(=O)NO)ccc32)cc1OC,7.7423214251308154,1,0.0,28
WFQFOOBCJXZMNE-UHFFFAOYSA-N,CHEMBL4644988,CC(=O)Nc1ccc(N)cc1-c1ccc(C2(C(=O)Nc3ccc(C(=O)NO)cc3)CCCCC2)cc1,8.0,1,0.0,36
WFRYLSWQFSMGLG-UHFFFAOYSA-N,CHEMBL3585960,COc1ccc(-c2noc(CCCCCCC(=O)NO)n2)cc1,5.661543506395395,1,0.0,23
WFXRLISEEGXGJM-UHFFFAOYSA-N,CHEMBL5845280,Nc1cc(F)ccc1NC(=O)c1ccc(CNc2nccc(-c3cccnc3)n2)cc1,7.920818753952375,1,0.0,31
WGBTUGLOTTWDJI-UHFFFAOYSA-N,CHEMBL5597881,CCCNNC(=O)CCCCCCn1cc(Nc2ncc(Cl)c(-c3cnc4ccccn34)n2)cn1,6.45979570015794,1,0.0,35
WGDAKTKAJAYYRG-UHFFFAOYSA-N,CHEMBL5078723,O=C(CCCCCCCNc1nn2c(=O)c3cc(Br)ccc3nc2c2ccccc12)NO,7.465973893943865,1,0.0,32
WGEQYYHQBHIVKV-UHFFFAOYSA-N,CHEMBL5430116,CC(c1ccc(C(=O)Nc2ccccc2N)cc1)n1nc(-c2ccc(CN(C)C)cc2)ccc1=O,7.416801226031377,3,0.49057934369341005,35
WGHMRJBZWTVWRG-UHFFFAOYSA-N,CHEMBL4459720,COc1ncc(-c2cc(OCCNc3ncc(C(=O)NO)cn3)c3ncnc(C)c3c2)cc1F,8.275724130399212,1,0.0,34
WGLAPUDCSHXKJZ-UHFFFAOYSA-N,CHEMBL2023526,COc1cccc2c1C(=O)c1c(O)c3c(c(O)c1C2=O)CC(O)(C(C)=O)CC3OC1CC(NCc2ccc(NC(=O)CCCCCCC(=O)NO)cc2)C(O)C(C)O1,7.327902142064282,2,0.0,58
WGQZHTUYTXDGTK-UHFFFAOYSA-N,CHEMBL6142552,Cc1c(F)c(N)cc(C(=O)Nc2cc(-c3ccc(NC(=O)CCc4ccc(C=CC(=O)NO)cc4)cc3)ccc2N2CCN(C)CC2)c1Cl,6.0338582672609675,1,0.0,49
WGSFESORDBSYKY-UHFFFAOYSA-N,CHEMBL4209463,Cc1ccc(C(=O)c2ccc3c(ccn3Cc3ccc(C(=O)NO)cc3)c2)cc1,5.505845405981557,1,0.0,29
WGULHDOTIUCDOF-UHFFFAOYSA-N,CHEMBL5880995,O=C(CCCCCCCN(c1ccccn1)c1ncns1)NO,5.259637310505756,1,0.0,23
WGXIHKKEQXGZPO-UHFFFAOYSA-N,CHEMBL3334509,O=C(CCCCCCNC(=O)c1ccc(-c2ccc(-c3cc(O)cc(O)c3)cc2)cc1)NO,4.804100347590766,1,0.0,33
WGZXNMYTKWFBCR-UHFFFAOYSA-N,CHEMBL271852,Nc1ccccc1NC(=O)c1ccc(CNc2cccc(F)n2)cc1,7.0,1,0.0,25
WHGKFPAAQHSOBY-UHFFFAOYSA-N,CHEMBL5414698,Nc1ccccc1NC(=O)c1ccc(Cn2nc(-c3cccnc3)ccc2=O)cc1,6.995678626217357,1,0.0,30
WHGNNTDLQZLTER-UHFFFAOYSA-N,CHEMBL3335290,Cc1ccc(Cn2ccc(CCCCC(=O)NO)n2)cc1,6.490797477668897,1,0.0,21
WHHCLJJSCFXTJN-UHFFFAOYSA-N,CHEMBL6058953,CC(C)NC(=O)N1CCC(C)(Nc2ncc(C(=O)Nc3cc(-c4cccs4)ccc3N)cn2)CC1,8.187086643357144,1,0.0,35
WHKAMXNSUFGHOF-UHFFFAOYSA-N,CHEMBL5814845,FC(F)(F)c1nc(-c2ccnc(OCc3cc4n(n3)CCCO4)c2)no1,5.920818753952375,1,0.0,26
WHMDUJXKQMEJCM-UHFFFAOYSA-N,CHEMBL4542639,CNC(=O)c1cc(Oc2ccc(NC(=O)c3ccc(Cl)c(C(F)(F)F)c3)cc2)ccc1N,5.931814138253838,1,0.0,32
WHPUZVCVKWWYDW-UHFFFAOYSA-N,CHEMBL137875,O=CN(O)CCCCCCCC(=O)Nc1cccc2ccccc12,5.2441251443275085,1,0.0,24
WHRSRCHNMZUYDV-UHFFFAOYSA-N,CHEMBL376427,Nc1ccccc1NC(=O)C=Cc1ccc(NCc2ccc(F)cc2)nc1,5.301029995663981,1,0.0,27
WHTBXJPZTSEOCA-UHFFFAOYSA-N,CHEMBL5434398,COc1cc2c(cc1-c1c(C)noc1C)[nH]c1nc(C)nc(Nc3ccc(C=CC(=O)NO)cc3)c12,5.920818753952375,1,0.0,36
WHVPVWOHWOTPPU-UHFFFAOYSA-N,CHEMBL4160754,CCOc1cc(C(C)(C)C)ccc1C1=NC(c2ccc(Cl)cc2)C(c2ccc(Cl)cc2)N1C(=O)N1CCN(CC(=O)NO)CC1,5.376750709602099,1,0.0,45
WHXCYVUSVRUZHI-UHFFFAOYSA-N,CHEMBL3217995,C#Cc1cccc(Nc2ncnc3cc(NC(=O)c4ccc(C(=O)Nc5ccccc5N)nc4)ccc23)c1,5.251811972993799,1,0.0,38
WHXZHYQEHLATGG-UHFFFAOYSA-N,CHEMBL4525248,COc1ccc(-c2nc(NCc3ccc(C=CC(=O)NO)cc3)cc3c2[nH]c2ccccc23)cc1OC,7.619788758288394,1,0.0,37
WHYVOYMMRFADTM-UHFFFAOYSA-N,CHEMBL2381729,O=C(CCCCc1cn(Cc2ccc(Oc3ccccc3)cc2)nn1)NO,6.913640169325252,1,0.0,27
WHZJZWJIYKIART-UHFFFAOYSA-N,CHEMBL516400,O=C(Nc1ccccc1O)c1ccc(CNc2ccncc2)cc1,5.80465394165158,1,0.0,24
WIANRWPSSUMUQR-UHFFFAOYSA-N,CHEMBL5439065,COc1ccc(N)c(NC(=O)c2ccc(C(C)n3nc(-c4ccc(CN(C)C)cc4)ccc3=O)cc2)c1,7.372634143407267,1,0.0,37
WIDVUXLEGJUVON-UHFFFAOYSA-N,CHEMBL5407707,Nc1ccccc1NC(=O)c1ccc(COc2ccc(CNC(=O)C3CCCO3)cc2)cc1,6.954677021213342,1,0.0,33
WIIHTSGYTBNRBX-UHFFFAOYSA-N,CHEMBL2311793,O=C(CCCCCONC(=O)Nc1cnc2ccccc2c1)NO,6.723538195826755,1,0.0,24
WIJFJYQZPKKYEV-UHFFFAOYSA-N,CHEMBL517370,Nc1cc(-c2cccnc2)nc(NCc2ccc(C(=O)Nc3ccccc3N)cc2)n1,6.769551078621726,1,0.0,31
WIMHKKJKCCKFNG-UHFFFAOYSA-N,CHEMBL3775662,Cc1nc(N(C)c2ccc(OCCCC(=O)NO)cc2)c2ccccc2n1,7.075720713938118,1,0.0,27
WIQDMYVWEJAYQM-UHFFFAOYSA-N,CHEMBL4545246,COc1ccc2c(c1)N(Cc1ccc(C(=O)NO)cc1)c1ccccc1S2,5.684029654543082,1,0.0,27
WIRCDBNMCGOLJD-UHFFFAOYSA-N,CHEMBL6044238,CC(C)NC(=O)OCc1ccc(-c2noc(C(F)(F)F)n2)cn1,6.180456064458131,1,0.0,23
WIYVAPFCVQFTST-UHFFFAOYSA-N,CHEMBL5976631,CCNC(=O)NC(Cc1ccc(-c2noc(C(F)(F)F)n2)cn1)c1cccc(C(F)(F)F)c1,6.468521082957745,1,0.0,33
WIZZMLAZNGZVIV-UHFFFAOYSA-N,CHEMBL3585963,O=C(CCCCCCc1nc(-c2ccc(Cl)cc2)no1)NO,6.167491087293763,1,0.0,22
WJICHNBZWABMPJ-UHFFFAOYSA-N,CHEMBL5620123,Cc1cccc(Nc2nc(Nc3ccc(NC(=O)CCCCCCC(=O)NO)cc3)ncc2C)c1,8.657577319177793,1,0.0,35
WJJJXWLJNZLSPD-UHFFFAOYSA-N,CHEMBL3689849,CCN(CCC(C)(C)C)Cc1c(C(C)(C)C)nc2cc(C=CC(=O)NO)ccn12,7.154901959985743,1,0.0,29
WJJUHRROKLXWDS-UHFFFAOYSA-N,CHEMBL3966165,CC1(C)C(=O)N(c2ccc(C#N)c(C(F)(F)F)c2)C(=S)N1c1ccc(C(=O)NCCOCCC(=O)NO)c(F)c1,4.235823867609669,1,0.0,40
WJOMMYWEPXHYNA-UHFFFAOYSA-N,CHEMBL4581057,CCC(Nc1ncnc2[nH]cnc12)c1nc2cccc(CNc3ncc(C(=O)NO)cn3)c2c(=O)n1-c1ccccc1,4.1683221508085335,1,0.0,42
WJTIJZGSCAJHKB-UHFFFAOYSA-N,CHEMBL4483795,O=C(NCCc1cc(C(=O)NO)no1)c1cccc(-c2ccccc2)c1,5.690369832574101,1,0.0,26
WJUCMWBVKVBFBU-UHFFFAOYSA-N,CHEMBL5206651,Cc1c(COc2ccc(CNCCCCCCC(=O)NO)c(F)c2)cccc1-c1ccc2c(c1)OCCO2,6.251811972993799,1,0.0,38
WJUZCSPLBDPMTN-UHFFFAOYSA-N,CHEMBL4797623,COc1cccc(-c2ccc3c(NC(=O)CCCCC(=O)NO)n[nH]c3c2)c1,7.886056647693163,1,0.0,28
WJVHKXOFLRSFFU-UHFFFAOYSA-N,CHEMBL270740,O=C(CCCCCC(=O)N(CC(=O)Nc1ccccc1)CC(=O)Nc1cccc2cccnc12)NO,7.6020599913279625,1,0.0,36
WJWQTFGPBUYDLT-UHFFFAOYSA-N,CHEMBL4793261,CCC(=O)CCCCCC(NC(=O)C1CC12CCN(CC)CC2)c1ncc(-c2cc(C(=O)OC)c(F)cc2OC)[nH]1,7.508638306165727,1,0.0,41
WJZJQCWONHNDOC-UHFFFAOYSA-N,CHEMBL6147903,O=C(CCCCCn1c2cc3c(cc2c2nc(Cl)c4ccccc4c21)OCO3)NO,6.638272163982407,1,0.0,30
WJZRBUGPROURNF-UHFFFAOYSA-N,CHEMBL3771210,O=C(NO)c1csc(-c2cnccn2)n1,4.0848640933779885,1,0.0,15
WKCLLRPFCAPVDU-UHFFFAOYSA-N,CHEMBL5397465,C=CC(=O)N1CCC(OC(=O)NCc2ccc(C(=O)Nc3ccccc3N)cc2)CC1,6.22767829327708,1,0.0,31
WKCMKCYOTNSPEK-UHFFFAOYSA-N,CHEMBL5591487,COc1ncc(-c2cc(OCCCC(=O)Nc3ccccc3N)c3ncnc(C)c3c2)cc1F,5.303905840004777,1,0.0,34
WKCZRNVEACWJKB-UHFFFAOYSA-N,CHEMBL3339016,O=C(CCCCCCC(=O)Nc1cc2c(Nc3ccc(Cl)cc3F)ncnc2s1)NO,7.903089986991944,1,0.0,31
WKIJVZYIYLQZNN-UHFFFAOYSA-N,CHEMBL4750353,COc1cc2c(Oc3ccc(NC(=O)Nc4ccccc4F)cc3)ccnc2cc1OCCCCCCC(=O)NO,6.882596115583657,1,0.0,41
WKJHHYTZCOBXBE-UHFFFAOYSA-N,CHEMBL2046619,C=CCCC(=O)Nc1ccc(C(C)N2CCc3nc(C(=O)NO)sc3C2)cn1,4.182368532809485,1,0.0,28
WKOYMTOKRMOPLE-UHFFFAOYSA-N,CHEMBL5079482,COc1cc(-c2ncc(C=CC(=O)NO)s2)cc(OC)c1OC,5.493494967595128,1,0.0,23
WKPDRDKNRMYFAG-UHFFFAOYSA-N,CHEMBL3774793,CN(c1ccc(OCC(=O)NO)cc1)c1ncnc2ccccc12,6.616184634019569,1,0.0,24
WKQPXLKFQLGQSM-UHFFFAOYSA-N,CHEMBL561209,COc1ccc(-c2ccc(C=CC(=O)NO)cc2)cc1,5.068033885271827,1,0.0,20
WKRNUMUYWLAOPO-UHFFFAOYSA-N,CHEMBL5775686,Nc1ccc(-c2cccs2)cc1NC(=O)NC1CC1,6.255707016877324,1,0.0,19
WKRWYFJYXXBWLI-UHFFFAOYSA-N,CHEMBL3798183,Cc1ccc(C(=O)NO)cc1NC(=O)c1ccc2ccccc2n1,5.568636235841012,1,0.0,24
WKSXIUFLZHKATD-UHFFFAOYSA-N,CHEMBL5746765,Cc1csc(-c2ccc(N)c(NC(=O)C3CCCCC3)c2)c1,6.255707016877324,1,0.0,22
WKXOTOAMDAIXAM-UHFFFAOYSA-N,CHEMBL5612392,O=C(NO)c1ccc(S(=O)(=O)n2ccc3cc(OCCCN4CCCCC4)ccc32)cc1,6.133712660915805,1,0.0,32
WKXRTWVTIBQBTG-UHFFFAOYSA-N,CHEMBL4464295,O=C(C=Cc1ccc(CNc2cc3c(cn2)[nH]c2ccccc23)cc1)NO,6.7055337738384075,1,0.0,27
WKXRYMCWFRFGGI-UHFFFAOYSA-N,CHEMBL4750027,CCC(=O)CCCCCC(NC(=O)C1CC12CCN(C)CC2)c1[nH]c(-c2cccnc2OC)nc1C#N,7.229884705212898,1,0.0,37
WKYDWGAPOSGMLN-UHFFFAOYSA-N,CHEMBL4588261,CCC(Nc1ncnc2[nH]cnc12)c1nc2cccc(NCCCC(=O)NO)c2c(=O)n1-c1ccccc1,5.80271944187438,1,0.0,38
WKYVRHSREOYIFK-UHFFFAOYSA-N,CHEMBL4753402,Cc1ccccc1-c1cn(C)c(=O)c2[nH]c(C(=O)NCc3ccc(C(=O)Nc4ccccc4N)cc3)cc12,7.1944991418416,1,0.0,38
WKZSQFCCBXZCQS-UHFFFAOYSA-N,CHEMBL4579774,CC1(C)CCC(CN2CCN(c3ccc(C(=O)NS(=O)(=O)c4ccc(NCCCCCC(=O)NO)c([N+](=O)[O-])c4)c(Oc4cnc5[nH]ccc5c4)c3)CC2)=C(c2ccc(Cl)cc2)C1,6.072116589669293,1,0.0,63
WLEAWQSMNDEEOC-UHFFFAOYSA-N,CHEMBL5897543,COc1ccc(NCc2ccc(-c3noc(C(F)(F)F)n3)cn2)cn1,6.2839966563652006,1,0.0,25
WLGFHMSWPSIARQ-UHFFFAOYSA-N,CHEMBL4091353,CN(C)C(=O)c1cc2cnc(Nc3ccc(NC(=O)CCCCCCCC(=O)NO)cc3)nc2n1C1CCCC1,8.522878745280337,1,0.0,40
WLPIGGPBGBVLAI-UHFFFAOYSA-N,CHEMBL5173941,CC1(C)C(=O)N(c2ccc(C#N)c(C(F)(F)F)c2)C(=S)N1CCCCCCC(=O)NO,6.004364805402449,1,0.0,31
WLQZXUQQDSCMRW-UHFFFAOYSA-N,CHEMBL5618579,CCCOc1ccc2c(OCCCCCCCC(=O)NO)cc(=O)oc2c1,9.318758762624412,1,0.0,27
WLRRDZZLCUZBHI-UHFFFAOYSA-N,CHEMBL4560057,CNC(=O)c1cc(Oc2ccc(NC(=O)c3ccc(Cl)cc3)cc2)ccc1N,5.148130399270234,1,0.0,28
WLRUIAIHXAKVSH-UHFFFAOYSA-N,CHEMBL5174162,O=C(CCCCCC=Cc1csc(Br)n1)NO,6.653576540361385,2,0.23194907652068153,17
WLSVOCQBROCUNL-UHFFFAOYSA-N,CHEMBL4871938,CC12CC3CC(C)(C1)CC(NCc1ccc(NC(=O)CCCCCCC(=O)NO)cc1)(C3)C2,6.459670525209127,1,0.0,33
WLURIJZBBHRHBR-UHFFFAOYSA-N,CHEMBL5069541,COc1ccc(-c2ncc(C=CC(=O)NO)s2)c(OC)c1OC,5.298432014944073,1,0.0,23
WLWKDYFUFSFMIA-UHFFFAOYSA-N,CHEMBL4522092,Nc1ccccc1NC(=O)c1ccc(CNC(=O)C=C2NC(=O)c3ncccc32)cc1,6.120330794367947,1,0.0,31
WLXGJQWKDBCQOO-UHFFFAOYSA-N,CHEMBL4857194,Cn1c(SCc2ccc(C(=O)Nc3ccccc3N)cc2)nnc1-c1ccncc1,5.11690664142431,1,0.0,30
WMBSHSFOIVAENE-UHFFFAOYSA-N,CHEMBL4299456,CCC1OC(=O)C(C)C(OC2CC(C)(OC)C(O)(CN(C)Cc3ccc(-c4cn(CCCCC(=O)NO)nn4)cc3)C(C)O2)C(C)C(OC2OC(C)CC(N(C)C)C2O)C(C)(O)CC(C)CN(C)C(C)C(O)C1(C)O,6.274905478918531,1,0.0,75
WMBYXCDLVOAGIQ-UHFFFAOYSA-N,CHEMBL3335308,O=C(CCCCc1ccn(Cc2ccc(F)cc2F)n1)NO,6.268411234813261,1,0.0,22
WMDQPZZRYRTQQO-UHFFFAOYSA-N,CHEMBL5845316,Nc1ccc(-c2cccs2)cc1NC(=O)OCC1CCCCC1,6.255707016877324,1,0.0,23
WMFNNWNGJNMASB-UHFFFAOYSA-N,CHEMBL4090313,Nc1ccccc1NC(=O)c1ccc(CNC(=O)CN2C(=O)C3(OCCCO3)c3cc(Cl)ccc32)cc1,6.863279432843593,1,0.0,37
WMGVCXNZMLJKND-UHFFFAOYSA-N,CHEMBL3652235,O=C(NO)c1cnc(Nc2cc(C(F)(F)F)cc(C(F)(F)F)c2)nc1,5.85078088734462,1,0.0,25
WMHFSCVKPHKILO-UHFFFAOYSA-N,CHEMBL314301,Nc1ccccc1NC(=O)CCCCCN1C(=O)c2ccc(O)cc2C1=O,5.522878745280337,1,0.0,27
WMLBUQWIPUGKFS-UHFFFAOYSA-N,CHEMBL5896877,CCCN(N)C(=O)Nc1cc(-c2cccs2)ccc1N,7.301029995663981,1,0.0,20
WMMBHKDJRGCVHO-UHFFFAOYSA-N,CHEMBL3585964,O=C(CCCCCCc1nc(-c2ccccc2Cl)no1)NO,6.721246399047171,1,0.0,22
WMOGXHBOPOTASI-UHFFFAOYSA-N,CHEMBL5221043,CCC(Nc1ncnc2[nH]cnc12)c1nc2cccc(F)c2c(=O)n1CCCCCC(=O)NO,7.070581074285707,1,0.0,34
WMWLMKHMTNFJFT-UHFFFAOYSA-N,CHEMBL5571509,Cc1sc2c(c1C)C(c1ccc(Cl)cc1)=NC(CC(=O)Nc1ccc(C(=O)Nc3ccccc3[N+](=O)[O-])cc1)c1nnc(C)n1-2,6.537602002101044,1,0.0,45
WMWNLURBMXMZLD-UHFFFAOYSA-N,CHEMBL5770781,O=C(NO)c1ccc(Cn2c(=O)n(CCc3ccc(N4CCOCC4)cc3)c(=O)c3ccccc32)cc1,5.009217308196862,1,0.0,37
WMXUBTCJGKNLOK-UHFFFAOYSA-N,CHEMBL4864643,C=Cc1c(C)c2cc3nc(c(C(=O)OC)c4[nH]c(cc5nc(cc1[nH]2)C(C)=C5CC)c(C)c4C(=O)OC)C(CCC(=O)NC=Cc1ccc(C(=O)Nc2ccccc2N)cc1)C3C,4.522878745280337,1,0.0,63
WNAHLDHLRFYMBG-UHFFFAOYSA-N,CHEMBL4749523,CC1(C(=O)N2CCN(c3ccc(NC(=O)CCCCCCC(=O)NO)cc3)CC2)CCC2(C)CCC3(C)C(=CC(=O)C4C5(C)C=C(C#N)C(=O)C(C)(C)C5CCC43C)C2C1,5.599980364934842,1,0.0,60
WNBJBSFSPKVIPC-UHFFFAOYSA-N,CHEMBL5268555,CNC(=O)CCCCCC(NC(=O)Cn1ccc2cc(C#N)ccc21)c1ncc(-c2ccc(CN(C)C)cc2)[nH]1,5.886056647693163,1,0.0,40
WNDZFLFSVTWZRB-UHFFFAOYSA-N,CHEMBL4228699,Cc1ccc(-c2cc(C(F)(F)F)nn2-c2ccc(C(=O)NO)cc2)cc1,6.077793722560983,1,0.0,26
WNFFFEKXYPWSOF-UHFFFAOYSA-N,CHEMBL4225627,Cc1cn(C2CC(C3(c4ccc(NC(=O)CCCCCC(=O)NO)cc4)SCCCS3)C(CO[Si](C)(C)C(C)(C)C)O2)c(=O)[nH]c1=O,6.137452739459265,2,0.18339049779718053,47
WNNBSMMLUSHSMC-UHFFFAOYSA-N,CHEMBL4096623,CCN(CC)CCNC(=O)c1ccc(-c2cn(CCCCCCC(=O)NO)nn2)cc1,8.42021640338319,1,0.0,31
WNRMLAPBAGJOMY-UHFFFAOYSA-N,CHEMBL3942555,O=C(CCCOc1ccc2cc1COCC=CCOCc1cccc(c1)-c1ccnc(n1)N2)NO,5.619788758288394,1,0.0,35
WNTXGQFTXIWEAR-UHFFFAOYSA-N,CHEMBL251546,Nc1ccccc1NC(=O)c1ccc(C(C(=O)NCCCc2ccccc2)C(=O)NCCCc2ccccc2)cc1,6.6401645176601125,1,0.0,41
WNUWGWPAVJFMDA-UHFFFAOYSA-N,CHEMBL5768336,FC(F)(F)c1nc(-c2ccc(CNc3cccc4[nH]ncc34)cc2)no1,5.795880017344075,1,0.0,26
WNXXFNDDQGQCSS-UHFFFAOYSA-N,CHEMBL2381739,COc1ccc(Br)c(Cn2cc(CCCCC(=O)NO)nn2)c1,6.798602875679549,1,0.0,23
WNYVMZOSZOMPAI-UHFFFAOYSA-N,CHEMBL5967675,O=S(=O)(N1CCN(C2COC2)CC1)N(Cc1ccc(-c2nnc(C(F)F)o2)cc1)c1ccccc1,7.318758762624412,1,0.0,35
WODPQZOZWZAOTM-UHFFFAOYSA-N,CHEMBL5199007,O=C(CCCCCCC(=O)Nc1nc2c(s1)CC(NC(=O)c1cccc3ccccc13)CC2)NO,8.853871964321762,2,0.0,35
WOEJMJYDVLKHTG-UHFFFAOYSA-N,CHEMBL3335005,O=C(NO)c1ccc(N2CCN(Cc3cccc4ncccc34)C2=O)cc1,8.267606240177031,1,0.0,27
WOFXOCAVSBFEGV-UHFFFAOYSA-N,CHEMBL3655993,O=C(NO)c1cnc(NC2(c3c(F)cccc3F)CC2)nc1,8.301029995663981,1,0.0,22
WOHINMKYUYBSIU-UHFFFAOYSA-N,CHEMBL6133304,CCOc1cc(C(=O)Nc2cccc(F)c2)nn1Cc1ccc(C(=O)NO)cc1,5.872247484167026,1,0.0,29
WOLDTCAJCLOSTN-UHFFFAOYSA-N,CHEMBL3944941,O=C(NO)c1cnc(NC2(c3cc(F)cc(F)c3)CCCCC2)nc1,5.982549270489464,1,0.0,25
WORBBDXVHXXSJP-UHFFFAOYSA-N,CHEMBL5557149,O=C(CCCCCCN1C(=O)CC(=Cc2ccc(Cl)cc2)C1=O)NO,7.6307841425898575,1,0.0,25
WORDYPIFIVQAJD-UHFFFAOYSA-N,CHEMBL5985014,FC(F)(F)c1nc(-c2ccc(NCc3cccnc3)nc2)no1,5.214670164989233,1,0.0,23
WORLSQOIFHQYBK-UHFFFAOYSA-N,CHEMBL5562731,CCc1ccccc1N(CC(=O)NC1CCCCC1)C(=O)Cc1ccc(C(=O)NO)cc1F,6.560667306169737,1,0.0,33
WOTUHAJNRNHMHC-UHFFFAOYSA-N,CHEMBL5289038,CC1(C)c2ccccc2N(Cc2ccc(C(=O)NO)cc2)C1c1ccncc1,4.966978555317089,1,0.0,28
WOXWAGCBPDSRPN-UHFFFAOYSA-N,CHEMBL564382,O=C(C=Cc1ccc(C(c2c[nH]c3ccccc23)c2c[nH]c3ccccc23)cc1)NO,5.318758762624412,1,0.0,31
WPGMPVQQAQXPTL-UHFFFAOYSA-N,CHEMBL4588404,COc1ncc(-c2cc(OCCCC(=O)NO)c3ncnc(C)c3c2)cc1NS(=O)(=O)c1ccc(F)cc1F,7.431798275933005,1,0.0,39
WPNBQZUEGUZARL-UHFFFAOYSA-N,CHEMBL5282117,COc1cccc(CN2C(=O)CN(Cc3ccc(C(=O)NO)cc3)C(=O)C2Cc2ccccc2)c1,5.09151498112135,1,0.0,35
WPNPCOMTFQVWLP-UHFFFAOYSA-N,CHEMBL5942388,CC1(C)COCCN1C(=O)C1CCC(=O)N1c1ccc(-c2noc(C(F)(F)F)n2)c(F)c1,4.346787486224656,1,0.0,32
WPOLFEWBZGRBNE-UHFFFAOYSA-N,CHEMBL4782132,Nc1nc(Nc2ccc(F)c(Cl)c2)c2ccn(Cc3ccc(C(=O)Nc4ccccc4N)cc3)c2n1,7.0301183562535,1,0.0,36
WPUMMIJDKOEGAE-UHFFFAOYSA-N,CHEMBL3233698,O=C(C=Cc1ccc(OCC(Cc2c[nH]c3ccccc23)NC(=O)c2ccc(Cl)cc2)cc1)NO,7.928117992693874,1,0.0,35
WPVCSHKSHUQEJH-UHFFFAOYSA-N,CHEMBL6168159,O=C(NO)c1ccc(CN2CN(c3ccccc3)C3(CCN(Cc4ccco4)CC3)C2=O)c(F)c1,5.837256416764585,1,0.0,35
WPWNHDBESXXLLA-UHFFFAOYSA-N,CHEMBL5791593,Cc1nc2ccc(F)cc2n1Cc1ccc(-c2noc(C(F)(F)F)n2)cc1F,5.721246399047171,1,0.0,28
WPYRPKNNPHWRGL-UHFFFAOYSA-N,CHEMBL5928087,Nc1ccc(-c2cccs2)cc1NC(=O)OCc1ccccn1,7.301029995663981,1,0.0,23
WPZCNAVAWRYPHY-UHFFFAOYSA-N,CHEMBL4075511,O=C(Cc1ccc(CN2CCN(C(=O)c3cc(Cc4n[nH]c(=O)c5ccccc45)ccc3F)CC2)cc1)NO,6.039767126871488,1,0.0,39
WPZRRDIPOGPABO-UHFFFAOYSA-N,CHEMBL518165,COc1ccc2cc(C(=O)C=Cc3ccc(C=CC(=O)NO)o3)ccc2c1,4.95703092660682,1,0.0,27
WQBFMWXIVVZASP-UHFFFAOYSA-N,CHEMBL5767674,CC(C)(O)C(=O)Nc1cc(-c2cccs2)ccc1N,5.515700160653214,1,0.0,19
WQKUDUNZTFANRI-UHFFFAOYSA-N,CHEMBL2046620,CC(c1ccc(NC(=O)C=Cc2ccccc2)nc1)N1CCc2nc(C(=O)NO)sc2C1,5.167491087293763,1,0.0,32
WQOVLVOTSWKEEB-UHFFFAOYSA-N,CHEMBL4636051,O=C(CCCCCC(=O)NCCCN1c2ccccc2CCc2ccc(Cl)cc21)NO,5.669586226650809,1,0.0,31
WQPCCRDYCZYIBD-UHFFFAOYSA-N,CHEMBL5175796,COc1ccc2c(c1)cc(C(=O)NC1C3CC4CC(C3)CC1C4)n2CCCCCCC(=O)NO,8.935542010773082,1,0.0,34
WQQARPCGCBPUTK-UHFFFAOYSA-N,CHEMBL5205944,O=C(CCCCNC(=S)Nc1ccc(C=CC(=O)c2cccnc2)cc1)NO,5.471083299722345,1,0.0,28
WQQRFNUUMOENDZ-UHFFFAOYSA-N,CHEMBL3692568,CN(C)CCNC(=O)c1ccc(-c2noc(C(F)(F)F)n2)cc1,5.119186407719209,1,0.0,23
WQUMCIJBZDIUPT-UHFFFAOYSA-N,CHEMBL4534486,O=C(NO)C(Cc1ccccc1)n1nnc(-c2ccccc2)c1C#CC1CC1,5.366531544420413,2,0.0,28
WQZLAHKGWXXRCE-UHFFFAOYSA-N,CHEMBL4646185,O=C(NO)c1ccc(NC(=O)C2(c3csc(-c4ccccc4)n3)CCCC2)cc1,7.920818753952375,1,0.0,29
WRAVLPXLPCQONL-UHFFFAOYSA-N,CHEMBL5199795,CC1COc2c(N3CCN(C)CC3)c(F)cc3c(=O)c(C(=O)NCC4CN(CC(=O)NO)N=N4)cn1c23,7.537602002101044,1,0.0,37
WRBMOCXGXBIFTC-UHFFFAOYSA-N,CHEMBL1095120,Cc1nc(-c2cccc(C=CC(=O)NO)c2)n(C2CCCN(C(C)C)C2)c1-c1ccccc1,8.200659450546418,1,0.0,33
WRBPCQULAIVFTP-UHFFFAOYSA-N,CHEMBL403597,Cc1ccc(C#N)c(OCc2ccc(C(=O)Nc3ccccc3N)cc2)n1,6.522878745280337,1,0.0,27
WRFOGRFEKBCHAS-UHFFFAOYSA-N,CHEMBL2413311,CCN(CCc1ccc2c(c1)OCO2)Cc1ccc(C=CC(=O)NO)o1,5.103473782510445,1,0.0,26
WRHKKWONNXIJDX-UHFFFAOYSA-N,CHEMBL3689898,CCN(CCC(C)C)Cc1c(CCC(C)C)nc2cc(C=CC(=O)NO)ccn12,7.522878745280337,1,0.0,29
WRMLHFIPUNMIQC-UHFFFAOYSA-N,CHEMBL4761444,CCCCNNC(=O)c1ccc(-c2ccccc2)cc1,7.045757490560675,3,0.0,20
WROAVGYZMXHOGY-UHFFFAOYSA-N,CHEMBL3585961,O=C(CCCCCCc1nc(-c2ccc(C(F)(F)F)cc2)no1)NO,5.71669877129645,1,0.0,25
WROOOUNLLZRDGF-UHFFFAOYSA-N,CHEMBL5205044,Cc1ccc(C(=O)Nc2nc(C(=O)NO)co2)cc1,8.0,2,0.0,19
WRQKGLUNOUMFHG-UHFFFAOYSA-N,CHEMBL4458497,COc1ncc(-c2cc(OCCCCCCCCC(=O)NO)c3ncnc(C)c3c2)cc1NS(C)(=O)=O,8.309803919971486,1,0.0,37
WRSZUFDFPAVOIV-UHFFFAOYSA-N,CHEMBL5403206,O=C(NO)c1ccc(Cn2c(=O)[nH]c(=O)c3ccc(F)cc32)cc1,6.373659632624958,1,0.0,24
WRXIPQCKJYKVSR-UHFFFAOYSA-N,CHEMBL181459,O=C(CCCCCCC(=O)Nc1ccccc1C(=O)NO)Nc1ccccc1,6.229147988357855,1,0.0,28
WRXWTHFFXILIPD-UHFFFAOYSA-N,CHEMBL5272879,O=C(NO)c1cccc(Cn2cncn2)c1,4.634924041471536,1,0.0,16
WSBNJHLXNBKHKI-UHFFFAOYSA-N,CHEMBL3739529,CC(C)(C)OC(=O)ON(C(=O)CCCCCCC(=O)N(OC(=O)OC(C)(C)C)C(=O)OC(C)(C)C)C(=O)OC(C)(C)C,4.514846650096348,1,0.0,42
WSFDLHHIYJEKQK-UHFFFAOYSA-N,CHEMBL5757328,CCCCNNC(=O)c1ccc(OCC)c(OCC)c1,4.928117992693875,1,0.0,20
WSHIJNMRDJHRLW-UHFFFAOYSA-N,CHEMBL4642153,O=C(NO)c1ccc(NC(=O)C2(c3ccc4c(c3)OCO4)CCCCC2)cc1,7.376750709602099,1,0.0,28
WSHXYMCKBJYERL-UHFFFAOYSA-N,CHEMBL494526,CN(C)CCOc1ccc(-c2nc(C(CCCCNS(N)(=O)=O)NC(=O)OCc3ccccc3)cs2)cc1,6.4089353929735005,1,0.0,38
WSJSMIXLZLYUJL-UHFFFAOYSA-N,CHEMBL6059569,Cc1cc(COc2cc(-c3noc(C(F)(F)F)n3)ccn2)nn1CC(F)F,5.920818753952375,1,0.0,27
WSKBYVJBUBMTNU-UHFFFAOYSA-N,CHEMBL4872747,Nc1ccc(-c2nn(CCCCCCC(=O)NO)c3ncnc(N)c23)cn1,8.136677139879545,1,0.0,27
WSNRARIHQJBJHC-UHFFFAOYSA-N,CHEMBL6165309,CCNNC(=O)c1ccc(CNC(=O)c2ccc(OCc3cn(CCOCCNc4cc5c(cc4F)C(=O)N(C4CCC(=O)NC4=O)C5=O)nn3)cc2)cc1,5.896196279044043,1,0.0,55
WSOUPZRFRJNSQF-UHFFFAOYSA-N,CHEMBL473825,Cc1ccc(NC(=O)c2ccc(C(=O)Nc3ccccc3N)s2)cc1Nc1ncc(-c2cccnc2)cn1,6.638272163982407,1,0.0,38
WSPUWFLFRIFQSS-UHFFFAOYSA-N,CHEMBL4581165,COc1ncc(-c2cc(OCCCCCCCC(=O)NO)c3ncnc(C)c3c2)cc1NS(=O)(=O)c1ccc(F)cc1F,8.744727494896694,1,0.0,43
WSRWOXNGUVGKNV-UHFFFAOYSA-N,CHEMBL5769685,FC(F)(F)c1nc(-c2ccc(COc3cc(Cl)ncn3)nc2)no1,5.376750709602099,1,0.0,24
WSSAIVFLHIROCW-UHFFFAOYSA-N,CHEMBL5439079,COc1cc2c(cc1-c1c(C)noc1C)[nH]c1ncnc(Nc3ccc(C(=O)NO)cc3)c12,6.011441043121384,1,0.0,33
WSTLKKSKCYMNAA-UHFFFAOYSA-N,CHEMBL4163681,O=C(CCCCCCN(Cc1ccc(F)cc1)c1ncc(C(=O)NCCCn2ccnc2)s1)NO,7.443697499232712,1,0.0,35
WSUPPHLBTYXZDY-UHFFFAOYSA-N,CHEMBL3334998,O=C(NO)c1ccc(N2CCN(Cc3ccncc3)C2=O)cc1,7.3872161432802645,1,0.0,23
WSVOBQNYIMCNPX-UHFFFAOYSA-N,CHEMBL6042331,CN(CCc1ccncc1)c1ncc(-c2noc(C(F)(F)F)n2)cn1,5.119186407719209,1,0.0,25
WSYDKNXHXSELKW-UHFFFAOYSA-N,CHEMBL5593519,O=C(NO)c1ccc(CNC(=O)C2Cc3c([nH]c4ccccc34)C(C3CCCC3)N2)cc1,7.041457404679717,2,0.702175144211231,32
WTASWEBTFCSOFZ-UHFFFAOYSA-N,CHEMBL5631257,Cc1cccc(C)c1Cn1cnc2ccc(-c3cc(NC(=O)CCCCCC(=O)NO)n[nH]3)cc21,7.215382707367125,1,0.0,35
WTDAWRRTRLJPIO-UHFFFAOYSA-N,CHEMBL4444204,COc1ncc(-c2cc(OCCN(C)c3ncc(C(=O)NO)cn3)c3ncnc(C)c3c2)cc1NS(=O)(=O)c1ccc(F)cc1F,8.769551078621726,1,0.0,46
WTDVKIVWAJSBJY-UHFFFAOYSA-N,CHEMBL5868231,Cn1nccc1CCOc1cc(-c2noc(C(F)(F)F)n2)ccn1,5.508638306165727,1,0.0,24
WTJDUIBDNRCFPL-UHFFFAOYSA-N,CHEMBL3217997,C#Cc1cccc(Nc2ncnc3ccc(NC(=O)c4ccc(C(=O)Nc5ccccc5N)s4)cc23)c1,5.065501548756432,1,0.0,37
WTKSXRWOROTBGM-UHFFFAOYSA-N,CHEMBL5274634,O=C(NO)c1ccc(Cn2cnc(-c3ccccc3F)n2)c(F)c1,6.5244014483181445,2,0.00014527328514901683,24
WTLPSCUZQRKXJR-UHFFFAOYSA-N,CHEMBL5193563,CC1CN(Cc2ccc(C(=O)NO)cc2)CC(C)N1Cc1cccc(Cl)c1,4.943095148663527,1,0.0,27
WTMGCHZMPZZTEW-UHFFFAOYSA-N,CHEMBL4848981,O=C(NO)c1ccc(CN2CCc3ccccc3CC2)cc1,6.094743951251549,1,0.0,22
WTONDBZBMJDORG-UHFFFAOYSA-N,CHEMBL4104052,Cc1c(CN(C)C)c2ccccc2n1S(=O)(=O)c1ccc(C=CC(=O)NO)cc1,5.396855627379818,1,0.0,29
WTQXCKOFMBRVKG-UHFFFAOYSA-N,CHEMBL5420307,Nc1ccccc1NC(=O)c1ccc(CNC(=O)c2nn(-c3ccc(C(F)(F)F)cc3)nc2N)cc1,6.7495799976911055,1,0.0,36
WTSKFMPYBFXQOR-UHFFFAOYSA-N,CHEMBL5407078,CN(C)Cc1ccc(-n2nc(N)c(C(=O)NCc3ccc(C(=O)NO)cc3)n2)cc1,8.455931955649724,1,0.0,30
WTVIBMHPUDQIBD-UHFFFAOYSA-N,CHEMBL4863011,COc1cc2c(NC3CCN(c4ncc(C(=O)NO)cn4)CC3)cc(C)nc2cc1OCCCN1CCCC1,7.769551078621726,1,0.0,39
WTVTUDSHHDAXCN-UHFFFAOYSA-N,CHEMBL3356922,Cc1cccc(NC(=O)C(CCCCCS)NC(=O)C2CCC(=O)N2)c1,8.34948500216801,2,0.09691001300805624,26
WTZFUFARAWDPGC-UHFFFAOYSA-N,CHEMBL3692665,CC(CN1CCCCC1)NC(=O)c1ccc(-c2noc(C(F)(F)F)n2)cc1,5.183758700008217,1,0.0,27
WTZPQXWWWHBXMA-UHFFFAOYSA-N,CHEMBL4636652,CCC(=O)CCCCCC(NC(=O)C1CC12CN(C)C2)c1ncc(-c2cc3ccccc3nc2OC)[nH]1,8.969273760456403,2,0.34678748622465605,37
WUEQFUCCVISFDD-UHFFFAOYSA-N,CHEMBL3689765,COCCNc1c(CCc2ccccc2)nc2ccc(C=CC(=O)NO)cn12,6.455931955649724,1,0.0,28
WUHKYDFXDRUWOB-UHFFFAOYSA-N,CHEMBL507592,O=C(CCCCc1cc(C(=O)NO)no1)NC1CCCC1,4.767003889607846,1,0.0,21
WUIRYYSEWMNWIP-UHFFFAOYSA-N,CHEMBL5618083,COc1cc(C=CC(=O)c2ccc(OCCCCCC(=O)NO)cc2)cc(OC)c1OC,7.221848749616356,1,0.0,32
WUJYPVNMPHGXKX-UHFFFAOYSA-N,CHEMBL467678,CCC(=O)CCCCCC(NC(=O)C1CCN(C)CC1)c1ncc(-c2ccc3ccccc3c2)[nH]1,7.920818753952375,2,0.0,35
WUKFQTZVXXYEAB-UHFFFAOYSA-N,CHEMBL1083441,O=C(CCCCCCCNC(=O)NC(=O)c1ccccc1)NO,5.081969663215119,1,0.0,23
WULFDXCNSFJWHW-UHFFFAOYSA-N,CHEMBL6150697,O=C(NO)c1ccc(CN2CN(c3ccccc3)C3(CCN(C(=O)C(=O)N4CCCC4)CC3)C2=O)c(F)c1,5.17114684032336,1,0.0,38
WUPDRBBYEINKAK-UHFFFAOYSA-N,CHEMBL5191956,COc1cc(NC(=O)CCCCCCC(=O)NO)ccc1Nc1nccc(-c2cn(C)c3ccccc23)n1,7.070581074285707,1,0.0,38
WUQQUVVYQPAQAO-UHFFFAOYSA-N,CHEMBL3745758,COc1ccc(-c2nc(NC(=O)NCCCCC(=O)NO)cc3c2[nH]c2ccccc23)cc1,7.102372908709558,1,0.0,33
WUVVCJMIMBXXIV-UHFFFAOYSA-N,CHEMBL4075124,CCOc1cc(NC(=O)CCCCCNC(=O)C(N)Cc2ccccc2)cc2c1OCC([N+](=O)[O-])=C2,6.3487219860018556,1,0.0,36
WUWRJISDNLQCCJ-UHFFFAOYSA-N,CHEMBL5219784,COc1cc(NC(=O)CCCCCC(=O)NO)ccc1Nc1nccc(-c2cn(C)c3ccccc23)n1,6.917214629683549,1,0.0,37
WVCZRDIDYOCLED-UHFFFAOYSA-N,CHEMBL4515845,O=C(NO)c1ccc(C2(NC(=O)c3nc(-c4nccs4)sc3C3CC3)CC2)cc1,7.651111276928562,1,0.0,29
WVGQMCZYEYSIDQ-UHFFFAOYSA-N,CHEMBL3655921,O=C(NO)c1cnc(NCc2ccccc2C(F)(F)F)nc1,6.327902142064282,1,0.0,22
WVIVOVMCXKDQPW-UHFFFAOYSA-N,CHEMBL519892,CC(=O)CCCCCC(NC(=O)C1CCN(C)CC1)c1ncc(-c2ccccc2)[nH]1,6.6020599913279625,1,0.0,30
WVIZOZGJCZMDSE-UHFFFAOYSA-N,CHEMBL6170723,CN(C)c1ccc(C(=O)N(CC(=O)NCc2ccccc2)Cc2ccc(C(=O)NCCSSCCNC(=O)c3ccc(CN(CC(=O)NCc4ccccc4)C(=O)c4ccc(N(C)C)cc4)cc3)cc2)cc1,5.342944147142896,1,0.0,72
WVJQVRLYQJPEEL-UHFFFAOYSA-N,CHEMBL1095076,O=C(C=Cc1cccc(-c2nc3ccccc3n2CC2CCNCC2)c1)NO,6.795880017344075,1,0.0,28
WVORJWBFXQEYBH-UHFFFAOYSA-N,CHEMBL6031408,CC1(Nc2ncc(C(=O)Nc3cc(-c4cccs4)ccc3N)cn2)CCN(C(=O)N2CCC(O)CC2)CC1,7.200659450546418,1,0.0,38
WVPIUBRYNOUHIR-UHFFFAOYSA-N,CHEMBL4518100,Cc1nc(NCc2cccc(C=CC(=O)NO)c2)cc2c1[nH]c1ccccc12,7.031517051446065,1,0.0,28
WVYZFZMOXZBPBV-UHFFFAOYSA-N,CHEMBL5419172,Nc1ccccc1NC(=O)c1ccc(CNc2ccc(=O)n(-c3ccccc3)n2)cc1,6.80910828307783,1,0.0,31
WVZVKCGDWSPPBG-UHFFFAOYSA-N,CHEMBL3335305,O=C(CCCCc1ccn(Cc2ccc(F)c(Cl)c2)n1)NO,6.935542010773082,1,0.0,22
WWCLIIDYSGNTQD-UHFFFAOYSA-N,CHEMBL4170198,CN(C)c1ccc(C(=O)N(CC(=O)NCc2ccccc2)Cc2ccc(C(=O)NO)cc2)cc1,8.198970004336019,2,0.20411998265592501,34
WWCLRNJDXKXZEO-UHFFFAOYSA-N,CHEMBL3339026,Cc1ccc(Nc2ncnc3sc(NC(=O)CCCCCCC(=O)NO)cc23)cc1C,8.943095148663527,1,0.0,31
WWCSFLMCDIUBHK-UHFFFAOYSA-N,CHEMBL5093871,CN1c2ccc(F)cc2C(=O)N2CCc3c([nH]c4ccc(OCCCCC(=O)Nc5ccccc5N)cc34)C21,5.6777807052660805,1,0.0,39
WWGLOQFMJUZFTJ-UHFFFAOYSA-N,CHEMBL5177696,COc1cc(OC)cc(N(CCNC(C)C)c2ccc3ncc(-c4cnn(CCCCCCC(=O)NO)c4)nc3c2)c1,8.886056647693163,1,0.0,42
WWGXTKSLWLYFRK-UHFFFAOYSA-N,CHEMBL400919,Nc1ccccc1NC(=O)c1ccc(C(C(=O)Nc2ccc3c(c2)OCCO3)C(=O)Nc2ccc3c(c2)OCCO3)cc1,7.6777807052660805,1,0.0,43
WWIFKZUOFVGKJY-UHFFFAOYSA-N,CHEMBL3648295,CCn1c(CCNCc2ccccc2)nc2cc(C=CC(=O)NO)ccc21,6.430626090384954,3,0.0,27
WWKUISCUIVGTRI-UHFFFAOYSA-N,CHEMBL5558210,CCc1ccccc1N(CC(=O)NC1CCCCC1)C(=O)Cc1ccc(C(=O)NO)cc1,6.440093374963888,1,0.0,32
WWLIISZAGFGMDE-UHFFFAOYSA-N,CHEMBL2417783,Cc1onc(-c2ccccc2)c1C(=O)NCCCCCNC(=O)CS,5.2441251443275085,4,0.0,25
WWLROYXCFWQTSZ-UHFFFAOYSA-N,CHEMBL3577691,CN1c2ccc(NCc3ccc(NC(=O)CCCCCCC(=O)NO)cc3)cc2C(=O)N2CCc3c([nH]c4ccc(O)cc34)C21,7.522878745280337,1,0.0,45
WWOKSCYKKHLDQZ-UHFFFAOYSA-N,CHEMBL3217998,C#Cc1cccc(Nc2ncnc3ccc(NC(=O)c4ccc(C(=O)Nc5ccccc5N)nc4)cc23)c1,6.508638306165727,1,0.0,38
WWOVFSRTNSQFHP-UHFFFAOYSA-N,CHEMBL3689811,CCCN(Cc1c(-c2ccccc2)nc2cc(C=CC(=O)NO)ccn12)CC1CC1,6.221848749616356,1,0.0,30
WWRMWLLSXSSKJT-UHFFFAOYSA-N,CHEMBL5760633,CCCN(C)C(=O)Nc1cc(-c2cccs2)ccc1N,7.301029995663981,1,0.0,20
WWTFFOFDDJBKGI-UHFFFAOYSA-N,CHEMBL6031881,CC(C)(C(=O)N(Cc1ccc(-c2noc(C(F)(F)F)n2)cn1)c1cccc(F)c1)n1cncn1,6.318758762624412,1,0.0,34
WWUHRAHHBCTRRW-UHFFFAOYSA-N,CHEMBL4793558,CCC(=O)CCCCCC(NC(=O)c1cncs1)c1[nH]c(-c2ccccc2)nc1C(=O)N1CCOCC1,7.360513510731414,1,0.0,37
WWVCEWKMXLSTHM-UHFFFAOYSA-N,CHEMBL6172618,Cc1cccc(Cn2nc3c(c2C(=O)NCCCCCCC(=O)NO)CCc2ccccc2-3)c1,6.4089353929735005,1,0.0,34
WWVGLJCQJQEJDF-UHFFFAOYSA-N,CHEMBL4299370,CCC1OC(=O)C(C)C(OC2CC(C)(OC)C(O)(CN(C)Cc3ccc(-c4cn(CCCCCCC(=O)NO)nn4)cc3)C(C)O2)C(C)C(OC2OC(C)CC(N(C)C)C2O)C(C)(OC)CC(C)C(=O)C(C)C(O)C1(C)O,7.621602099051862,1,0.0,77
WWWXAUVVTLETIP-UHFFFAOYSA-N,CHEMBL5417682,N#Cc1ccc(-c2cncc(C(=O)NCc3ccc(C(=O)NO)cc3)c2)cc1,7.998699066979582,1,0.0,28
WWYLSZIOPQVTMX-UHFFFAOYSA-N,CHEMBL5182607,Cc1c(COc2ccc(CNCCCCCC(=O)NO)c(OCc3cccc(C#N)c3)c2)cccc1-c1ccccc1,5.447331783887806,1,0.0,42
WXAQQLMBKHXMFP-UHFFFAOYSA-N,CHEMBL3884044,Cc1ccc(-c2cc(C(F)(F)F)nn2-c2ccc(S(=O)(=O)NCCCCCC(=O)NO)cc2)cc1,5.7281583934635005,1,0.0,35
WXBFFCPFJFYHFX-UHFFFAOYSA-N,CHEMBL5172182,O=C(NO)c1cnc(N2CCC(NC(=O)c3cnc(-n4cccn4)nc3O)CC2)nc1,7.704432900037521,1,0.0,31
WXCKEBVXHYBOCL-UHFFFAOYSA-N,CHEMBL4167594,Nc1cc(F)ccc1NC(=O)c1ccc(NC(=O)Cc2ccccc2)cc1,5.638272163982407,1,0.0,27
WXCYFVSQEDOICZ-UHFFFAOYSA-N,CHEMBL485968,CC(NC(=O)c1ccc(C(=O)C(F)(F)F)s1)c1ccncc1,5.795880017344075,1,0.0,22
WXGHNRYGLKBLCX-UHFFFAOYSA-N,CHEMBL3287010,Cc1nc(-c2nc(C(=O)NC(C(=O)OCC=CCCS)C(C)C)cs2)cs1,6.920818753952375,1,0.0,27
WXIFAYWMHXTFRM-UHFFFAOYSA-N,CHEMBL4079901,COc1cc(OC)c2c(=O)[nH]c(-c3cc(C)c(OCCCCC(=O)NO)c(C)c3)nc2c1,7.494850021680094,3,0.6709412807357751,32
WXLBRYDDTZHKQD-UHFFFAOYSA-N,CHEMBL3692683,CCCCN(C)CC(C)NC(=O)c1ccc(-c2noc(C(F)(F)F)n2)cc1,5.920818753952375,1,0.0,27
WXMMJOKIHHBJSI-UHFFFAOYSA-N,CHEMBL5932170,CC(=O)N1CCC(CC(=O)Nc2cc(-c3cccs3)ccc2N)CC1,4.755722879198157,1,0.0,25
WXMZYYVZJWORTH-UHFFFAOYSA-N,CHEMBL3758311,O=C(O)CCCn1nc(C(=O)NCCCCCCS)cc1-c1ccc(F)cc1,5.7447274948966935,1,0.0,28
WXSZTKWGQWIHDJ-UHFFFAOYSA-N,CHEMBL5946409,Fc1cc(COc2nnc(C3CC3)o2)ccc1-c1noc(C(F)(F)F)n1,5.657577319177793,1,0.0,26
WXWAPGNHECFJAW-UHFFFAOYSA-N,CHEMBL4740328,Nc1ccccc1NC(=O)c1ccc(NC(=O)CCCCCCNC(=O)CNc2cccc3c2C(=O)N(C2CCC(=O)NC2=O)C3=O)cc1,6.619788758288394,1,0.0,49
WXYGIDYHRYBZIF-UHFFFAOYSA-N,CHEMBL4207111,Cn1cc(-c2ccc(=O)n(CCOc3ccnc4cc(OCc5ccc(C=CC(=O)Nc6ccccc6N)nc5)ccc34)n2)cn1,6.204119982655925,1,0.0,46
WYBKIGFJGCLTQB-UHFFFAOYSA-N,CHEMBL5076163,COc1ccc(-c2ncc(C=CC(=O)NO)s2)cc1,5.362510270487489,1,0.0,19
WYDDEFHNMHADMO-UHFFFAOYSA-N,CHEMBL5843103,CN1CCN(CCN(C)S(=O)(=O)N(Cc2ccc(-c3nnc(C(F)F)o3)cc2)c2ccccc2)CC1,7.031517051446065,1,0.0,36
WYFOSSAJXBEHDJ-UHFFFAOYSA-N,CHEMBL5270345,CC(C)Cc1c(OCCOc2cccc(C=CC(=O)NO)c2)ccc2c1OC(=O)CC2,7.175874166083451,1,0.0,31
WYHYXQFJOFGEMR-UHFFFAOYSA-N,CHEMBL4079625,O=C(CCCCCCC(=O)Nc1cc2ncnc(Nc3cccc(Br)c3)c2s1)NO,7.2639223629960545,1,0.0,30
WYJOPOYGFFPCNY-UHFFFAOYSA-N,CHEMBL3339020,O=C(CCCCCCC(=O)Nc1cc2c(Nc3cccc(Cl)c3)ncnc2s1)NO,8.489454989793387,1,0.0,30
WYLYXYDVSQQWAS-UHFFFAOYSA-N,CHEMBL5912138,Nc1ccc(-c2ccc(F)cc2F)nc1NC(=O)N1Cc2cnc(CN3CC(F)C3)cc2C1,6.522878745280337,1,0.0,33
WYNOAIKTAZXYSQ-UHFFFAOYSA-N,CHEMBL3664056,CC(C)(C)C(=O)NCc1ccc(C(=O)Nc2cc(-c3ccccc3)ccc2N)cc1,7.6020599913279625,1,0.0,30
WYSUCURDJHIDTK-UHFFFAOYSA-N,CHEMBL4779677,Cc1noc(C)c1-c1ccc2c(c1)c(Cc1ccccc1)cn2CCCCCCC(=O)NO,6.747146969020107,1,0.0,33
WYVJKTWSDLDAAE-UHFFFAOYSA-N,CHEMBL5859776,O=C1CCC(c2nc(-c3cccnc3)no2)N1c1ccc(-c2noc(C(F)(F)F)n2)cc1,6.886056647693163,1,0.0,32
WYZGPGZJNOPQLB-UHFFFAOYSA-N,CHEMBL5189146,O=C(NO)c1ccc(CN2CCN(C(c3ccccc3)c3ccccc3)CC2)cc1,5.356547323513812,1,0.0,30
WZCMOCJLIMWIOG-UHFFFAOYSA-N,CHEMBL5918412,CN1CCN(CC(=O)N(Cc2ccc(-c3noc(C(F)(F)F)n3)cc2)c2cccc(C(F)(F)F)c2)CC1,6.004364805402449,1,0.0,37
WZDNHQNARAEMKS-UHFFFAOYSA-N,CHEMBL2057828,[N-]=[N+]=NCCOc1ccc(C(=O)Nc2cc(-c3cccs3)ccc2N)cc1N=[N+]=[N-],5.082471949139942,2,0.6754889084864963,30
WZGNPOPOCGTSMZ-UHFFFAOYSA-N,CHEMBL497760,O=C(c1ccc(C(=O)N2CCc3ccccc32)s1)C(F)F,5.013228265733755,1,0.0,21
WZIGNCHAFITFNX-UHFFFAOYSA-N,CHEMBL3827814,CN(Cc1nc2c(N3CCOCC3)nc(-c3ccc(N)cc3)nc2n1C)c1ncc(C(=O)NO)cn1,9.187086643357144,1,0.0,36
WZSUYCUMWMYLBJ-UHFFFAOYSA-N,CHEMBL4290191,CCC1(O)C(=O)OCc2c1cc1n(c2=O)Cc2c-1nc1ccccc1c2C=NOCCCCCC(=O)NCCSSCCNC(=O)C(Cc1ccc(O)c(Br)c1)=NO,6.823908740944319,1,0.0,58
WZTICOBESMFADK-UHFFFAOYSA-N,CHEMBL3287021,O=C(CCCCNC(=O)c1csc(-c2cscn2)n1)NO,6.346787486224656,1,0.0,21
XAQLBPYOFGXFIX-UHFFFAOYSA-N,CHEMBL401449,Nc1ccccc1NC(=O)c1ccc(Cn2c(=O)[nH]c3ccsc3c2=O)cc1,7.221848749616356,1,0.0,28
XASNFRYFNJAIQT-UHFFFAOYSA-N,CHEMBL4572459,COc1cc2nc(N3CCN(C(=O)CCCCCCC(=O)NO)CC3)nc(NC3CCN(Cc4ccccc4)CC3)c2cc1OC,5.511449283499555,1,0.0,46
XAYAIRPNWPARFA-UHFFFAOYSA-N,CHEMBL3650142,CC1NC(=O)C(C(C)C)NC(=O)CC(C=CCCS)OC(=O)CC(O)C(C(C)C)NC1=O,8.356547323513812,1,0.0,32
XAZAWFHPPSLIAB-UHFFFAOYSA-N,CHEMBL5619169,CC(C)(C)NC(=O)CN(Cc1ccc(C(=O)NO)cc1)C(=O)c1cc2ccccc2[nH]1,6.853871964321762,1,0.0,31
XAZFECXJTZEKQY-UHFFFAOYSA-N,CHEMBL5428924,Cc1ccc(-c2cc(C(=O)NCc3ccc(C(=O)NO)cc3)ccn2)cc1,8.423658649794207,1,0.0,27
XBBUUJFXNIINRK-UHFFFAOYSA-N,CHEMBL3885245,COc1ccc2c(c1)c(CC(=O)NCCCCCCCC(=O)NO)c(C)n2C(=O)c1ccc(Cl)cc1,5.75448733218585,1,0.0,36
XBFRMFRIQGETMR-UHFFFAOYSA-N,CHEMBL6167954,Nc1ccccc1NC(=O)c1ccc(CNC(=O)c2cnc(-c3ccccc3)[nH]2)cc1,5.85078088734462,1,0.0,31
XBNPUOXMQUEWOS-UHFFFAOYSA-N,CHEMBL5436104,O=C(NCC12CC3CC(CC(C3)C1)C2)c1ccc2c(ccn2Cc2ccc(C(=O)NO)c(F)c2)c1,6.309803919971486,1,0.0,35
XBNRWYDSWFHTJI-UHFFFAOYSA-N,CHEMBL4777392,Cn1cc(-c2ccccc2Oc2ccccc2)c2cc(C(=O)NCCCCCC(=O)NO)[nH]c2c1=O,7.35261702988538,1,0.0,36
XBOCJJKBIHPDJL-UHFFFAOYSA-N,CHEMBL5189808,Cc1cc(C)cc(C(=O)N(CC(=O)NCc2ccccc2)Cc2ccc(C(=O)NO)cc2F)c1,7.113509274827518,1,0.0,34
XBQPEXDCROFSOE-UHFFFAOYSA-N,CHEMBL2312167,Cc1ccc(C(=O)NOCCCCCC(=O)NO)cc1C,6.494850021680094,1,0.0,21
XBQQDYRCQIDNLZ-UHFFFAOYSA-N,CHEMBL3689822,CC(C)(C)NCc1c(-c2ccc(F)cc2)nc2cc(C=CC(=O)NO)ccn12,7.292429823902063,1,0.0,28
XBSSMKUEULIYMO-UHFFFAOYSA-N,CHEMBL5631817,Nc1nc(Cl)c2ncn(Cc3ccc(-c4noc(C(F)(F)F)n4)c(F)c3)c2n1,4.533132379645891,1,0.0,28
XBVNSJOPOYPPEM-UHFFFAOYSA-N,CHEMBL5852070,CC1CN(S(=O)(=O)N(Cc2ccc(-c3nnc(C(F)F)o3)cc2)c2ccccc2)CC(C)N1C(=O)C(F)F,6.886056647693163,1,0.0,38
XCBGHSQGTCWIBD-UHFFFAOYSA-N,CHEMBL3652228,Cc1ccc(Nc2ncc(C(=O)NO)cn2)cc1,6.709965388637482,1,0.0,18
XCELUDLGZVVNON-UHFFFAOYSA-N,CHEMBL185013,O=C(CCCCCC(=O)Nc1ccccc1)NO,8.301029995663981,3,0.0,18
XCFMNCOBLCFTKZ-UHFFFAOYSA-N,CHEMBL4633298,CCC(=O)CCCCCC(Oc1ccc2ccccc2c1)c1ncc(Cc2ccncc2)[nH]1,5.619788758288394,1,0.0,33
XCNHULIUIMHZIJ-UHFFFAOYSA-N,CHEMBL4643555,COc1cccc(-c2nc(C3(C(=O)Nc4ccc(C(=O)NO)cc4)CCCC3)cs2)c1,7.823908740944319,1,0.0,31
XCQXWTDPPMQBSK-UHFFFAOYSA-N,CHEMBL5940065,Fc1cc(COc2cncnc2)ccc1-c1noc(C(F)(F)F)n1,5.508638306165727,1,0.0,24
XCUWCCYWNYGTEA-UHFFFAOYSA-N,CHEMBL3689792,CCCCCCc1nc2cc(C=CC(=O)NO)ccn2c1NCCC(=O)N(C)CCN(C)C,6.619788758288394,1,0.0,33
XCVUVBPELUPMTF-UHFFFAOYSA-N,CHEMBL3648284,COc1cc(Cn2c(CCc3ccccc3)nc3cc(C4CC4C(=O)NO)ccc32)cc(OC)c1OC,6.527243550682788,3,0.0,37
XCXZDISEAMNYJL-UHFFFAOYSA-N,CHEMBL95152,O=C(CCCCC(=O)c1ccccc1)NO,5.823908740944319,1,0.0,16
XDEHHKQXLFEWIM-UHFFFAOYSA-N,CHEMBL5425972,O=C(CCCNc1cc(N2CCCCCC2)nc(-c2ccccn2)n1)NO,5.835052627378158,1,0.0,27
XDGYAHWWYDMMLF-UHFFFAOYSA-N,CHEMBL4858828,COc1cc2nc(N3CCCCC3)cc(NCC3CCN(c4ncc(C(=O)NO)cn4)CC3)c2cc1OC,8.522878745280337,1,0.0,38
XDGZMSJUKYHOFR-UHFFFAOYSA-N,CHEMBL1162969,CN(c1ccccc1)S(=O)(=O)c1cccc(C=CC(=O)NO)c1,7.7495799976911055,1,0.0,23
XDLGBDKJODSVNK-UHFFFAOYSA-N,CHEMBL5542627,CC(C)(C)OC(=O)N1CCN(CC2CCc3c(c4ccccc4n3Cc3ccc(C(=O)NO)cc3)C2=O)CC1,5.229884705212898,1,0.0,39
XDLZZHYUUVQYDU-UHFFFAOYSA-N,CHEMBL4542499,CC(C)(C)OC(=O)Nc1cccc(C(=O)C=Cc2ccc(C=CC(=O)NO)cc2)c1,5.537602002101044,2,0.0,30
XDODCAWEKUDZLV-UHFFFAOYSA-N,CHEMBL4064784,CC(C)(C)OC(=O)CC1N=C(c2ccccc2)c2ccccc2N(CCCCC(=O)NO)C1=O,4.804100347590766,1,0.0,34
XDPVCVXISVNZOJ-UHFFFAOYSA-N,CHEMBL5568791,COc1ncc(-c2cc(OCCCCCCCCCC(=O)Nc3ccccc3N)c3ncnc(C)c3c2)cc1NS(=O)(=O)c1ccc(F)cc1F,5.518700726667144,1,0.0,51
XDQGBWWSDVYFDM-UHFFFAOYSA-N,CHEMBL5842097,Cn1c(N(CCCCCCC(=O)NO)c2ccccn2)nc2ccccc21,5.259637310505756,1,0.0,27
XDTIBLCTJRACBX-UHFFFAOYSA-N,CHEMBL1083397,CC(C)(C)c1ccc(C(=O)NC(=O)NCCCCCC(=O)NO)cc1,5.628932137728263,1,0.0,25
XDVMGGPRPCCMQN-UHFFFAOYSA-N,CHEMBL3689813,CC1CN(Cc2c(-c3ccccc3)nc3cc(C=CC(=O)NO)ccn23)CC(C)O1,5.619788758288394,1,0.0,30
XDVVCOBIEUNDAC-UHFFFAOYSA-N,CHEMBL5566548,O=C(CN(C(=O)Cc1ccc(C(=O)NO)cc1F)c1ccccc1)NC1CCCCC1,6.447331783887806,1,0.0,31
XDWWBVCLAOAADA-UHFFFAOYSA-N,CHEMBL3415453,O=C(NO)c1ccc(NC2CCN(c3ccc(Cl)cc3)C2=O)cc1,4.844663962534939,1,0.0,24
XDYFJQYDGBNPLO-UHFFFAOYSA-N,CHEMBL5556753,CC(COCCC(=O)N1CC2CN(c3ncc(C(=O)NO)cn3)CC2C1)Nc1cn[nH]c(=O)c1C(F)(F)F,7.2247537402597635,1,0.0,38
XEBCJLKRZJZBNT-UHFFFAOYSA-N,CHEMBL1083440,O=C(CCCCCCNC(=O)NC(=O)c1ccccc1)NO,5.571865205971211,1,0.0,22
XEFVDOQLJDPHEO-UHFFFAOYSA-N,CHEMBL471399,CC(=O)N1CCC2(CCCN(c3ccc(C(=O)Nc4cc(-c5cccs5)ccc4N)cn3)C2)C1,8.096910013008056,1,0.0,34
XEGCTMBFPUZGGV-UHFFFAOYSA-N,CHEMBL4552452,O=C(NO)c1ccc(Cn2c(=O)n(CCc3ccccc3)c(=O)c3ccccc32)s1,4.639406586434752,1,0.0,30
XEHCHKBXLKRMMJ-UHFFFAOYSA-N,CHEMBL2381524,O=C(C=Cc1cccc(C(=O)NO)c1)Nc1ccccc1,5.214670164989233,1,0.0,21
XEKCOSOIEXGOIH-UHFFFAOYSA-N,CHEMBL4452554,Cc1[nH]c2ccccc2c1CCNCc1ccc(C=CC(=O)NN2CCCC2)cc1,5.06555205105103,1,0.0,30
XENPZBJDQVYEKB-UHFFFAOYSA-N,CHEMBL4474354,COc1ccc2c(=O)n(C)c(SCc3ccc(C(=O)Nc4ccccc4N)cc3)nc2c1,8.0,1,0.0,32
XERRUFOXNBPZPF-UHFFFAOYSA-N,CHEMBL5274591,Cc1ccc(COc2cccc3ccc(C(=O)NCc4ccc(C(=O)NO)cc4)nc23)cc1,6.8794260687941495,1,0.0,33
XEUPGZGZKMWZDV-UHFFFAOYSA-N,CHEMBL5556243,O=C(NO)c1ccc(CN(CC2CCCCC2)C(=O)c2ccccc2)cc1,5.606951533583222,1,0.0,27
XEVYWXCPXAPZLW-UHFFFAOYSA-N,CHEMBL3421746,Nc1ccccc1NC(=O)c1ccc(CNCc2nc(-c3ccccc3Cl)no2)cc1,7.154901959985743,1,0.0,31
XEXPNZOCQBFKMM-UHFFFAOYSA-N,CHEMBL4083112,O=C(CCC1N=C(c2ccccc2)c2ccccc2NC1=O)NO,4.771599641296995,1,0.0,24
XFCDIVOWAPYSPP-UHFFFAOYSA-N,CHEMBL5550071,CCCNNC(=O)CCCCCCNC(=O)C=Cc1cccnc1,7.100726812682396,1,0.0,24
XFDKMPCSDVCXCQ-UHFFFAOYSA-N,CHEMBL4752015,CCNNC(=O)c1ccc(CNC(=O)c2ccccc2)cc1,6.399027104313252,1,0.0,22
XFDQBALCHMQKAG-UHFFFAOYSA-N,CHEMBL4847361,C=Cc1c(C)c2cc3nc(c(C(=O)OC)c4[nH]c(cc5nc(cc1[nH]2)C(C)=C5CC)c(C)c4C(=O)OC)C(CCC(=O)NCCCCCC(=O)NO)C3C,4.055517327849832,1,0.0,54
XFEBPBARDXUPPO-UHFFFAOYSA-N,CHEMBL5914639,Fc1cc(COc2nccc3nccn23)ccc1-c1noc(C(F)(F)F)n1,5.537602002101044,1,0.0,27
XFLBOEMFLGLWFF-UHFFFAOYSA-N,CHEMBL3126832,CC1NC(=O)CC2C=CCCSSCC(NC1=O)C(=O)NC(C(C)C)C(O)CC(=O)O2,8.481486060122112,1,0.0,31
XFLXFFHAVGERDP-UHFFFAOYSA-N,CHEMBL5567727,Cc1cccc(N(CC(=O)NC2CCCCC2)C(=O)Cc2ccc(C(=O)NO)cc2)c1,6.504455662453552,1,0.0,31
XFPCQUJCGBXIIE-UHFFFAOYSA-N,CHEMBL2448573,CCC(=O)CCCCCC(NC(=O)C1CCN(C)CC1)c1ncc(-c2cc3ccccc3cn2)[nH]1,8.096910013008056,1,0.0,35
XFPIUQQACYNBNB-UHFFFAOYSA-N,CHEMBL4440596,COc1ncc(-c2cc(OCCCCCCCCC(=O)NO)c3ncnc(C)c3c2)cc1F,8.657577319177793,1,0.0,33
XFTADSRVRXQLIN-UHFFFAOYSA-N,CHEMBL5954841,O=S(=O)(N1CCN(C2CCC2)CC1)N(Cc1ccc(-c2nnc(C(F)F)o2)cn1)c1ccc(F)c(Cl)c1,7.568636235841012,1,0.0,37
XFWHUXFAOIMOMQ-UHFFFAOYSA-N,CHEMBL3652237,O=C(NO)c1cnc(Nc2cccc(Cl)c2)nc1,6.739928612014925,1,0.0,18
XGBJIYASIVMOIK-UHFFFAOYSA-N,CHEMBL5822489,CC1(Nc2ccc(C(=O)Nc3cc(-c4cccs4)ccc3N)cc2)CCN(C(=O)N2CCCC2)CC1,8.397940008672037,1,0.0,36
XGCLYPPRQZTIBB-UHFFFAOYSA-N,CHEMBL5083249,CCCNNC(=O)c1ccc(CNC(=O)c2cc3ccccc3[nH]2)cc1,8.521433504406156,3,0.3704514044224503,26
XGIYNXXHSYNSIQ-UHFFFAOYSA-N,CHEMBL5087997,O=C(NO)c1ccc(C=Cc2cncc(-c3ccccc3O)c2)cc1,5.4723700991286615,1,0.0,25
XGNVYLHZMFCYCY-UHFFFAOYSA-N,CHEMBL6043629,Cn1cc(C=CC(=O)Nc2ccccc2N)cn1,5.1249387366083,2,0.0,18
XGQUMWJYGRJITL-UHFFFAOYSA-N,CHEMBL4593729,Nc1cccc(-c2csc(NC(=O)CCCCCC(=O)Nc3ccccc3N)n2)c1,5.603800652904264,1,0.0,30
XGSCMPIEIXHQAV-UHFFFAOYSA-N,CHEMBL97636,Nc1ccccc1NC(=O)CCCCCCC(=O)c1ccc2ccccc2c1,5.698970004336019,1,0.0,28
XGSCWZVQRNHENL-UHFFFAOYSA-N,CHEMBL3218002,C#Cc1cccc(Nc2ncnc3ccc(S(=O)(=O)n4ccc(C=CC(=O)NO)c4)cc23)c1,8.187086643357144,2,0.0,33
XGUMOIKZVRQIMY-UHFFFAOYSA-N,CHEMBL3605501,Nc1ccccc1NC(=O)c1ccc(CNC2=NC(Cc3ccccc3)CO2)cc1,6.698970004336019,1,0.0,30
XGWNKDSIJSHVCT-UHFFFAOYSA-N,CHEMBL4776685,CCC(=O)CCCCCC(NC(=O)C1CN(C)C1)c1[nH]c(-c2ccccc2)nc1C(N)=O,8.721246399047171,2,0.0,32
XGYFFCOYBGQRAT-UHFFFAOYSA-N,CHEMBL5176483,Nc1nc(-c2ccco2)c2cnn(CCc3ccc(C(=O)NO)cc3)c2n1,6.898596649444669,1,0.0,27
XGYHQFHPEPHYRW-UHFFFAOYSA-N,CHEMBL5089825,Nc1ccccc1NC(=O)CCCCCCNc1nn2c(=O)c3cc(Cl)ccc3nc2c2ccccc12,6.889410289700751,1,0.0,37
XGYQZARMEBVCNN-UHFFFAOYSA-N,CHEMBL5986722,O=C(NO)c1ccc2nc(-c3cccc(Br)c3)[nH]c2c1,5.823908740944319,1,0.0,20
XHABZNDTRTVXSV-UHFFFAOYSA-N,CHEMBL5788877,Cc1nc(C=CC(=O)Nc2ccccc2N)cs1,5.522878745280337,2,0.0,18
XHCLNUDAHDGFPZ-UHFFFAOYSA-N,CHEMBL3335315,O=C(CCNC(=O)c1ccn(Cc2ccccc2)n1)NO,5.018634490921455,1,0.0,21
XHELPOUKGPDRRH-UHFFFAOYSA-N,CHEMBL4795802,Cc1ccc(Nc2nc(Cl)nc3c2ncn3Cc2ccc(C(=O)Nc3ccccc3N)cc2)cc1,7.150580586203101,1,0.0,35
XHFDRGGRJVUQHX-UHFFFAOYSA-N,CHEMBL5593848,CN1C(=O)CNC(=O)C1=Cc1ccc(C(=O)Nc2cccc(C(=O)NO)c2)cc1,7.1217655313249555,1,0.0,29
XHIRGNCZPAOFCF-UHFFFAOYSA-N,CHEMBL5875004,Cn1c(C2CCC(=O)N2c2ccc(-c3noc(C(F)(F)F)n3)cc2F)nc2ccccc21,6.522878745280337,1,0.0,32
XHJSHKQYLKWSIS-UHFFFAOYSA-N,CHEMBL6051062,Nc1ccc(-c2cccs2)cc1NC(=O)c1ccc(NC2CCN(C(=O)N3CCOCC3)CC2)cc1,8.73877788324684,2,0.6139592146276698,36
XHLLENFVPJAWDR-UHFFFAOYSA-N,CHEMBL3664095,O=C(Nc1cc(-c2ccccc2)ccc1O)c1ccc(CNCCc2c[nH]cn2)cc1,5.6020599913279625,1,0.0,31
XHNLIEWKEYJERV-UHFFFAOYSA-N,CHEMBL5426859,COc1cc2c(cc1-c1c(C)noc1C)[nH]c1nc(C)nc(Nc3ccc(C(=O)NO)cc3)c12,6.403402904373539,1,0.0,34
XHXWVGVCMLHACU-UHFFFAOYSA-N,CHEMBL3664049,CCCOC(=O)NCc1ccc(C(=O)Nc2cc(-c3cccs3)ccc2N)cc1,7.721246399047171,1,0.0,29
XHXYWMSIIVJNOP-UHFFFAOYSA-N,CHEMBL4126811,CC(C)(C)OC(=O)Nc1ccc(-c2cc(C(=O)NCc3ccc(C(=O)NO)cc3)no2)cc1,6.360513510731414,1,0.0,33
XHZNQDGLRKTUOF-UHFFFAOYSA-N,CHEMBL5086912,Nc1nc(NCc2ccc(C=CC(=O)NO)cc2)nc2nc(-c3ccco3)nn12,8.301029995663981,1,0.0,29
XHZZHUQIJCWDGT-UHFFFAOYSA-N,CHEMBL6018203,Cn1c(-c2ccc(-c3ccccc3)cc2)nc2cc(C(=O)NO)ccc21,6.486782399932061,1,0.0,26
XIBGZRVNDWMMFE-UHFFFAOYSA-N,CHEMBL5271954,O=C(CCCCCCN(Cc1cc2ccccc2[nH]1)Cc1cc2ccccc2[nH]1)NO,6.468521082957745,1,0.0,31
XIBXJQDDCQGVQI-UHFFFAOYSA-N,CHEMBL3664023,Nc1ccccc1NC(=O)c1cnc2c(C3CC3)c(N3CCNCC3)ccc2c1,6.449771646944906,1,0.0,29
XIBYSMPUNMZEDF-UHFFFAOYSA-N,CHEMBL4567832,CN(Cc1ccccc1)c1ccc2c3c(cccc13)C(=O)N(CCCCCC(=O)NO)C2=O,5.623423042943488,1,0.0,33
XIEQZOQUGUOREJ-UHFFFAOYSA-N,CHEMBL4202838,COc1cc(C(=O)c2ccc3c(ccn3S(=O)(=O)c3ccc(C=CC(=O)NO)cc3)c2)cc(OC)c1OC,5.068542129310995,1,0.0,38
XIFCOCFVEFTGAZ-UHFFFAOYSA-N,CHEMBL505961,Cc1c(CNc2ccc(C(=O)Nc3cc(-c4ccccc4)ccc3N)cc2)cnn1C,7.886056647693163,1,0.0,31
XIJUBGRWSWKSLJ-UHFFFAOYSA-N,CHEMBL2170017,CCC(=O)CCCCCC1NC(=O)C(CCCNC(=N)N)NC(=O)CCN(CC=C(C)C)C(=O)CN(CCc2c[nH]c3ccccc23)C1=O,6.154901959985743,1,0.0,49
XIJULSWEWIXTBU-UHFFFAOYSA-N,CHEMBL3605500,Nc1ccccc1NC(=O)c1ccc(CNC2=NC(c3cccnc3)CO2)cc1,6.585026652029182,1,0.0,29
XIMQZVJWQNYTNN-UHFFFAOYSA-N,CHEMBL5173745,O=C(CCCCCCNC(=O)c1ccc(NC(=O)CCOCCOCCOCCNC(=O)COc2cccc3c2C(=O)N(C2CCC(=O)NC2=O)C3=O)cc1)NO,6.79317412396815,1,0.0,57
XIOFYKZOYJTYRW-UHFFFAOYSA-N,CHEMBL5633129,O=C(CCCCCC(=O)Nc1cc(-c2ccc3ncn(Cc4ccccc4F)c3c2)[nH]n1)NO,8.596879478824182,1,0.0,34
XIQCXQUJFNTCCK-UHFFFAOYSA-N,CHEMBL254361,Nc1ccccc1NC(=O)c1ccccn1,5.6099998081597775,1,0.0,16
XIWCPYBZRNWCPD-UHFFFAOYSA-N,CHEMBL508797,O=C(NO)c1ccc(CNc2ccc(Cl)cc2)cc1,5.790484985457369,1,0.0,19
XIWHJWAGBZPNSV-UHFFFAOYSA-N,CHEMBL6144702,CC(C)Cn1c2c(c3ccccc31)CCN(C(=O)CCCCCCC(=O)NO)C2,8.619788758288394,1,0.0,29
XJAUGLYTAPCOLT-UHFFFAOYSA-N,CHEMBL3980203,O=C(CCCCOc1ccc2cc1COCC=CCOCc1cccc(c1)-c1ccnc(n1)N2)NO,5.510041520575165,1,0.0,36
XJBRQLIURMJOLH-UHFFFAOYSA-N,CHEMBL4098798,Nc1ccc(CNC(=S)Nc2ccc(C(=O)Nc3ccccc3N)cc2)cn1,6.698970004336019,1,0.0,28
XJCWPUGCQLBYAN-UHFFFAOYSA-N,CHEMBL3664128,CN(Cc1ccc(C(=O)Nc2cc(-c3ccccc3)ccc2O)cc1)Cc1cnn(C)c1,7.619788758288394,1,0.0,32
XJEFVLVPFYENFG-UHFFFAOYSA-N,CHEMBL5567675,COc1cccc(C=C2CC(=O)N(CCCCCCC(=O)NO)C2=O)c1,7.732828271596986,1,0.0,26
XJGCDHVARDESCU-UHFFFAOYSA-N,CHEMBL5560025,CC1(C)CC(=O)c2c(n(Cc3ccc(C(=O)NO)cc3)c3ccc(Br)cc23)C1,5.261219441515631,1,0.0,28
XJGWDJIBLGZJOF-UHFFFAOYSA-N,CHEMBL3747043,COc1ccc(-c2nc(NC(=O)NCCCC(=O)NO)cc3c2[nH]c2ccccc23)cc1,7.585026652029182,1,0.0,32
XJIIOWPKUDHNQA-UHFFFAOYSA-N,CHEMBL3287261,O=C(CCCCNC(=O)c1nc(-c2nccs2)sc1-c1ccc([N+](=O)[O-])cc1)NO,6.958607314841775,1,0.0,30
XJILHIFYAJQCAV-UHFFFAOYSA-N,CHEMBL5272622,O=C(NO)c1ccc(CN2CCN(C(=O)c3c[nH]c4cc(OCc5ccccc5)ccc34)CC2)cc1,5.976747540366288,1,0.0,36
XJJOWJIZRQKXPU-UHFFFAOYSA-N,CHEMBL343717,O=CN(O)CCCCCNC(=O)c1ccc2ccccc2c1,5.886056647693163,1,0.0,22
XJMLEZBKWNLGGQ-UHFFFAOYSA-N,CHEMBL4091531,O=C(CCCCCCC(=O)Nc1cc2ncnc(Nc3ccc(Cl)cc3F)c2s1)NO,7.265440178420524,1,0.0,31
XJRJBJLGXHRBHY-UHFFFAOYSA-N,CHEMBL6176818,COc1nc(-c2cccc(-c3ccccc3)c2C)ccc1CNCCCCC(=O)NO,5.1487416512809245,1,0.0,31
XJRKOVTYPFIMNR-UHFFFAOYSA-N,CHEMBL3798870,COc1ccc(C(=O)NO)cc1NC(=O)c1ccccc1,5.638272163982407,1,0.0,21
XJRZGSQLQPWVJK-UHFFFAOYSA-N,CHEMBL4792025,O=C(CCCCCCC(=O)Nc1n[nH]c2cc(-c3ccncc3)ccc12)NO,7.638272163982407,1,0.0,28
XJSQASSZUCVTLN-UHFFFAOYSA-N,CHEMBL3655916,O=C(NO)c1cnc(NCc2ccccc2Cl)nc1,6.958607314841775,1,0.0,19
XJZVVPJYMLYJHB-UHFFFAOYSA-N,CHEMBL4522108,COc1ccc(-c2nc(NCc3ccc(C=CC(=O)NO)cc3)cc3c2[nH]c2ccccc23)cc1,7.585026652029182,1,0.0,35
XKCDFGJAYFJMGG-UHFFFAOYSA-N,CHEMBL6120623,CCCc1cc(C(=O)Nc2cccnc2)nn1Cc1ccc(C(=O)NO)cc1,5.593971055036385,1,0.0,28
XKHOTVFPJMKBLC-UHFFFAOYSA-N,CHEMBL3652231,O=C(NO)c1cnc(Nc2ccccc2Cl)nc1,6.3819519032879075,1,0.0,18
XKIAQVQAMMVHRV-UHFFFAOYSA-N,CHEMBL5185297,O=C(COc1ccc(CNCCc2c[nH]c3ccccc23)c(F)c1)NO,8.67778070526608,1,0.0,26
XKIRBCHKTVYWEY-UHFFFAOYSA-N,CHEMBL97384,O=C(C=Cc1ccc(NS(=O)(=O)c2ccc(OC(F)(F)F)cc2)cc1)NO,6.221848749616356,2,0.0,27
XKMFNBPTLBJQDT-UHFFFAOYSA-N,CHEMBL5633420,Nc1nc(Cl)c2ncn(Cc3ccc(CNC(=O)CS)cc3)c2n1,4.4089353929735005,1,0.0,24
XKNANQIHDVCTDG-UHFFFAOYSA-N,CHEMBL2312460,Cc1nc2ccccn2c1-c1ccnc(NCCc2ccc(C(=O)Nc3ccccc3N)cc2)n1,6.882728704344236,1,0.0,35
XKNPNPHZFFSDRQ-UHFFFAOYSA-N,CHEMBL2381738,Cc1cc(C)cc(Cn2cc(CCCCC(=O)NO)nn2)c1,6.570247719997592,1,0.0,22
XKQWUBPQPZBRPQ-UHFFFAOYSA-N,CHEMBL4879288,Nc1nc2cc(-c3nn(CC4CCN(C(=O)c5ccc(C(=O)NO)s5)CC4)c4ncnc(N)c34)ccc2o1,8.229147988357855,1,0.0,38
XKRGKWILEXQHMD-UHFFFAOYSA-N,CHEMBL5426015,Nc1nn(-c2ccc(Cl)c(Cl)c2)nc1C(=O)NCc1ccc(C(=O)NO)cc1,8.537602002101044,1,0.0,28
XKWIJYQQFHISGK-UHFFFAOYSA-N,CHEMBL3884506,COc1ccc2c(c1)c(CC(=O)O)c(C)n2Cc1ccc(-c2cn(CCCCCCC(=O)NO)nn2)cc1,6.954677021213342,1,0.0,38
XLCHTMCQRFWKDY-UHFFFAOYSA-N,CHEMBL5432672,Nc1ccccc1NC(=O)c1ccc(Cn2nc(-c3ccc(C(F)(F)F)cc3)ccc2=O)cc1,6.101219986710174,1,0.0,34
XLCOBTYRMPFPIJ-UHFFFAOYSA-N,CHEMBL5908282,CC(=O)N1CCN(S(=O)(=O)N(Cc2ccc(-c3nnc(C(F)(F)F)o3)cc2F)c2cccc(F)c2)CC1,7.075720713938118,1,0.0,37
XLFCTXROLUWFJV-UHFFFAOYSA-N,CHEMBL5220310,Cn1c(C2CC(OC(=O)NCc3ccc(C(=O)NO)s3)CN2c2nc(N)nc(N)c2C#N)nc2cccc(Cl)c2c1=O,6.739928612014925,1,0.0,42
XLIDHFSNELSTHM-UHFFFAOYSA-N,CHEMBL3698497,O=C(CCc1ccc(CCCc2ccccc2)cc1)NO,6.187086643357144,1,0.0,21
XLIIHBIXVZJLSA-UHFFFAOYSA-N,CHEMBL5969697,CC1(C)CCCCN1C(=O)C1CCC(=O)N1c1ccc(-c2noc(C(F)(F)F)n2)c(F)c1,4.619788758288394,1,0.0,32
XLLRRWQLIXDREV-UHFFFAOYSA-N,CHEMBL3335294,O=C(CCCCc1ccn(Cc2ccc(N3CCOCC3)cc2)n1)NO,6.424812155072339,1,0.0,26
XLMWCZDPVMJXAC-UHFFFAOYSA-N,CHEMBL4291295,Nc1ccccc1NC(=O)c1ccc(CSC(=S)N2CCc3ccccc3C2)cc1,5.590066876668706,1,0.0,30
XLNAEGUPIHAXQI-UHFFFAOYSA-N,CHEMBL4753381,O=C(CCCCCCn1cnc2c(N3CCOCC3)nc(-c3cccc(OCCO)c3)nc21)NO,9.119186407719209,1,0.0,35
XLOXTXXFLHSKFJ-UHFFFAOYSA-N,CHEMBL5572268,COc1ncc(-c2cc(OCc3ccc(C(=O)Nc4ccccc4N)cc3)c3ncnc(C)c3c2)cc1F,6.7055337738384075,1,0.0,38
XLQCQHZSVQGBBR-UHFFFAOYSA-N,CHEMBL5875377,CN1CCN(c2ccc(-c3noc(C(F)(F)F)n3)cn2)C(c2ccccc2)C1,6.443697499232712,1,0.0,28
XLRSFMDEDSFKAM-UHFFFAOYSA-N,CHEMBL6174342,O=C(NO)c1cccc2[nH]c(C#Cc3cccc(C(F)(F)F)c3)cc12,4.428291168191312,1,0.0,25
XLSKCKOYQHRBOM-UHFFFAOYSA-N,CHEMBL3655991,COc1ccc(C2(Nc3ncc(C(=O)NO)cn3)CCCCC2)cc1,6.049148541111453,1,0.0,25
XLYHHGTWYBVCFI-UHFFFAOYSA-N,CHEMBL5960132,COCCn1cc2c(n1)CN(C(=O)Nc1nc(-c3ccccc3F)ccc1N)C2,6.522878745280337,1,0.0,29
XMCYUTQVBKAXJN-UHFFFAOYSA-N,CHEMBL5410777,O=C(CCCCCCNC(=O)c1ncc(-c2cccc(C(F)(F)F)c2)o1)NO,6.606424796730412,1,0.0,28
XMGCUYASPMBGEV-UHFFFAOYSA-N,CHEMBL2018447,NC(=O)CCN1CCc2c(c3ccccc3n2Cc2ccc(C(=O)NO)cc2)C1,5.79317412396815,1,0.0,29
XMGHVSPHMWBXSL-UHFFFAOYSA-N,CHEMBL211624,COc1ccc(NCc2ccc(C(=O)Nc3ccccc3N)cc2)cc1,6.221848749616356,1,0.0,26
XMHFNOVIKVSOEA-UHFFFAOYSA-N,CHEMBL3930762,Cc1ccc(Oc2ccc(Nc3ncnc4ccc(-c5cn(CCCCCC(=O)NO)nn5)cc34)cc2C)cn1,8.161150909262744,1,0.0,40
XMJOWVWAMFAJEG-UHFFFAOYSA-N,CHEMBL5420814,Nc1ccccc1NC(=O)C=Cc1ccc(NC(=O)C(Cc2ccccc2)c2ccccc2)cn1,6.304518323509802,1,0.0,35
XMKXAEVHTDZIHJ-UHFFFAOYSA-N,CHEMBL5750237,Cc1cc(C)nc(COc2nccc(-c3noc(C(F)(F)F)n3)c2Cl)n1,5.09151498112135,1,0.0,26
XMKZYHJMXTXHDZ-UHFFFAOYSA-N,CHEMBL5267379,O=C(NO)c1ccc(Cn2cncn2)cc1,5.841336019186011,1,0.0,16
XMPAFXSYJMRZTJ-UHFFFAOYSA-N,CHEMBL6045068,CC(=O)Nc1ccc(C(=O)Nc2ccc(F)cc2N)c(F)c1,5.860120913598763,1,0.0,22
XMRAOSPPTQKISP-UHFFFAOYSA-N,CHEMBL4285161,O=C(NO)c1ccc(C(=O)NCCNc2nonc2C(=NO)Nc2ccc(F)c(Br)c2)cc1,6.581036169296377,1,0.0,33
XMXYYFKFBUQRDN-UHFFFAOYSA-N,CHEMBL5859207,Nc1ccccc1NC(=O)C=Cc1cn2ccnc2s1,5.522878745280337,2,0.0,20
XNAZTHURLSEPRP-UHFFFAOYSA-N,CHEMBL3628319,CCCCCCCC(=O)SCCC=CC1CC(=O)NC(C(C)C)C(=O)NC(C)C(=O)NC(C(C)C)C(=O)NCC(=O)O1,5.896196279044043,1,0.0,42
XNBNMYKIEBMHKM-UHFFFAOYSA-N,CHEMBL3689873,CCCCc1nc2cc(C=CC(=O)NO)ccn2c1CN(CC)CCC(C)(C)C,7.522878745280337,1,0.0,29
XNINFUMIQUWFMO-UHFFFAOYSA-N,CHEMBL5569757,COc1ncc(-c2cc(OCCCCC(=O)Nc3ccccc3N)c3ncnc(C)c3c2)cc1NS(=O)(=O)c1ccc(F)cc1F,5.44891613481422,1,0.0,46
XNLVVTGACFLHMS-UHFFFAOYSA-N,CHEMBL473826,Nc1ccccc1NC(=O)c1ccc(C(=O)Nc2cccc(Nc3ncc(-c4cccnc4)cn3)c2)cc1,6.119186407719209,1,0.0,38
XNNXMBPRNAEKCN-UHFFFAOYSA-N,CHEMBL5926865,O=C(C1CCOCC1)N(Cc1ccc(-c2noc(C(F)(F)F)n2)cc1)c1cccc(C(F)(F)F)c1,5.920818753952375,1,0.0,35
XNNZURYUKHKSRF-UHFFFAOYSA-N,CHEMBL3828518,COc1ccc(-c2nc(N3CCOCC3)c3nc(CN(C)c4ncc(C(=O)NO)cn4)n(C)c3n2)cc1,9.346787486224656,1,0.0,37
XNOWARJDIIEKKS-UHFFFAOYSA-N,CHEMBL3655976,O=C(NO)c1cnc(NC2(c3ccco3)CC2)nc1,6.698970004336019,1,0.0,19
XNQXGDUSAYAYNB-UHFFFAOYSA-N,CHEMBL3827766,Nc1ccc(-c2ccc(F)cc2)cc1NC(=O)C1CCCCO1,6.0876735409844125,2,0.4860191568989496,23
XNSLMLUPZHZTAQ-UHFFFAOYSA-N,CHEMBL5962972,CCCOC(=O)Nc1cc(-c2cccs2)ccc1N,6.255707016877324,1,0.0,19
XNVARFJZNXXTTG-UHFFFAOYSA-N,CHEMBL6147319,CS(=O)(=O)Nc1ccc(-c2ccnc(Nc3ccc(N4CCN(CC(=O)Nc5ccc(C(=O)NO)s5)CC4)cc3)n2)cc1,7.657577319177793,1,0.0,43
XNVBNLXGGKCGPC-UHFFFAOYSA-N,CHEMBL5435868,COc1ccc2c3c(oc2c1)CN(C(Cc1ccccc1)C(=O)Nc1ccc(C=CC(=O)NO)cc1)CC3,6.811352704000283,1,0.0,38
XNWXDODHICUJJU-UHFFFAOYSA-N,CHEMBL4061419,Nc1ccccc1NC(=O)c1ccc(NC(=S)NCc2ccc(Cl)nc2)cc1,6.6020599913279625,1,0.0,28
XNZJJMPHCJPWJK-UHFFFAOYSA-N,CHEMBL3589362,O=C(O)CCCCCCC(=O)Nc1ccc(C2=C(c3ccc(O)cc3)C3CC(S(=O)(=O)Oc4ccc(Cl)cc4)C2O3)cc1,6.617982957425132,1,0.0,43
XOAYKMXYKZFIQS-UHFFFAOYSA-N,CHEMBL6133438,CCCCn1c2c(c3ccccc31)CCN(C(=O)CCCCCCC(=O)NO)C2,9.0268721464003,1,0.0,29
XOHGFETXLGEQKV-UHFFFAOYSA-N,CHEMBL3652229,COc1ccc(Nc2ncc(C(=O)NO)cn2)cc1,6.607303046740334,1,0.0,19
XOIHZLRGDVDAIX-UHFFFAOYSA-N,CHEMBL4649205,CCC(=O)CCCCCC(NC(=O)C1CC12CCN(CC1CC1)CC2)c1ncc(-c2cc3ccccc3nc2OC)[nH]1,10.070581074285707,1,0.0,42
XOOMCDHIQORXDU-UHFFFAOYSA-N,CHEMBL2022831,O=C(NC(CCCCCCSSc1ccccn1)C(=O)OCc1cccc([N+](=O)[O-])c1)OCc1ccccc1,7.175874166083451,1,0.0,39
XORDWCILPWAASD-UHFFFAOYSA-N,CHEMBL3689888,CCCCN(CC)Cc1c(CCC)nc2cc(C=CC(=O)NO)ccn12,7.3979400086720375,1,0.0,26
XORKGWDBCOPMGV-UHFFFAOYSA-N,CHEMBL5286805,O=C(NO)c1ccc(CN2CCN(C(=O)c3c[nH]c4ccc(Cl)cc34)CC2)cc1,5.843753809602656,1,0.0,29
XORRKJLYKPLVFQ-UHFFFAOYSA-N,CHEMBL3689840,CCCCc1nc2cc(C=CC(=O)NO)ccn2c1CN(C)C,7.3979400086720375,1,0.0,23
XOTIQYGBONSIAZ-UHFFFAOYSA-N,CHEMBL4516558,S=C1Sc2cccc(Cl)c2C2=NCCCN12,4.619788758288394,1,0.0,16
XOUVZYDLSXMSON-UHFFFAOYSA-N,CHEMBL3689847,CCCCCCN(CC)Cc1c(C(C)(C)C)nc2cc(C=CC(=O)NO)ccn12,6.619788758288394,1,0.0,29
XOVRMAYXPVDKOS-UHFFFAOYSA-N,CHEMBL5198893,CCNNC(=O)c1ccc(CN2c3ccccc3CC(=O)c3ccccc32)cc1,5.406713932979542,1,0.0,29
XOVZHEIWBYATEJ-UHFFFAOYSA-N,CHEMBL5558247,COc1ccc(C(=O)NO)cc1NCc1ccc(OCc2cn(CCCCCC(=O)Nc3cccc4c3C(=O)N(C3CCC(=O)NC3=O)C4=O)nn2)cc1,4.790484985457369,1,0.0,54
XOZUONAZJKYPDY-UHFFFAOYSA-N,CHEMBL1084341,O=C(CCCCCNC(=O)NC(=O)c1ccc(N2CCOCC2)c([N+](=O)[O-])c1)NO,4.920818753952375,1,0.0,30
XPCFWBLYYKBDHE-UHFFFAOYSA-N,CHEMBL4556111,O=C(NCCc1cc(C(=O)NO)no1)c1ccc2ccccc2c1,5.518557371497695,1,0.0,24
XPFFRJLMCUESRV-UHFFFAOYSA-N,CHEMBL401751,Nc1ccccc1NC(=O)c1ccc(CNc2nc(NCCN3CCOCC3)nc(NC3Cc4ccccc4C3)n2)cc1,7.154901959985743,1,0.0,43
XPHJETVEXXFHTH-UHFFFAOYSA-N,CHEMBL5177731,Cc1cc(C)c(CNC(=O)c2cc(-c3ccc(N4CCN(C(=O)CCCC(=O)NO)CC4)nc3)cc3c2cnn3C(C)C)c(=O)[nH]1,5.47755576649368,1,0.0,46
XPHVJIKSPLGZRT-UHFFFAOYSA-N,CHEMBL317814,O=C(C=Cc1ccc(NS(=O)(=O)c2ccccc2)cc1)NO,6.698970004336019,2,0.0,22
XPKVJBKTCMZMQX-UHFFFAOYSA-N,CHEMBL494527,NS(=O)(=O)NCCCCC(NC(=O)OCc1ccccc1)c1nnc(-c2ccccc2)o1,5.494850021680094,1,0.0,32
XPLFYKQXFLCRKK-UHFFFAOYSA-N,CHEMBL5591665,C#CCN1C(=O)CNC(=O)C1=Cc1ccc(C(=O)Nc2ccc(C(=O)NO)cc2)cc1,6.265096208117658,1,0.0,31
XPLQYPBOHGHLFB-UHFFFAOYSA-N,CHEMBL4635787,Nc1cc(F)ccc1NC(=O)c1ccc(CNC(=O)c2cc(Cc3n[nH]c(=O)c4ccccc34)ccc2F)cc1,6.468521082957745,1,0.0,40
XPMZKRDZZWCBDE-UHFFFAOYSA-N,CHEMBL5994465,CN1CCN(S(=O)(=O)N(Cc2ccc(-c3nnc(C(F)F)o3)cc2)c2ccc(F)c(Cl)c2)CC1,7.443697499232712,1,0.0,34
XPOXSSWYTUEULK-UHFFFAOYSA-N,CHEMBL2408690,CN1C(=O)CN=C(c2ccccc2)c2cc(C#CCCC(=O)NO)ccc21,5.560667306169737,1,0.0,27
XPPMCZXWLSVIKG-UHFFFAOYSA-N,CHEMBL5431448,Nc1nn(-c2ccccc2Cl)nc1C(=O)NCc1ccc(C(=O)NO)cc1,7.958607314841775,1,0.0,27
XPUSBGZOLPMYLO-UHFFFAOYSA-N,CHEMBL4649439,O=C(C=Cc1cccc(S(=O)(=O)NCCCN2c3ccccc3CCc3ccc(Cl)cc32)c1)NO,5.2182446253475305,1,0.0,35
XPVABHFMQRGCPF-UHFFFAOYSA-N,CHEMBL3689900,CCC(CC)NCc1c(-c2ccccc2)nc2cc(C=CC(=O)NO)ccn12,6.585026652029182,1,0.0,28
XPYFYVJCMDDGKF-UHFFFAOYSA-N,CHEMBL400721,COC(=O)NCc1ccc(C(=O)Nc2cc(-c3cccs3)ccc2N)cc1,8.221848749616356,1,0.0,27
XQAGCFFUQCPFPC-UHFFFAOYSA-N,CHEMBL5399017,Cc1nnc2n1-c1sc3c(c1C(c1ccc(Cl)cc1)=NC2CC(=O)Nc1ccc(CC(=O)NO)cc1)CCCC3,5.853871964321762,1,0.0,40
XQCBTNFRVPULKC-UHFFFAOYSA-N,CHEMBL5598317,O=C(CCCCCCn1cc(Nc2ncc(Cl)c(-c3cnc4ccccn34)n2)cn1)NO,6.874518734299405,1,0.0,32
XQCPGFJFDSSKBD-UHFFFAOYSA-N,CHEMBL4539040,CCC(Nc1ncnc2[nH]cnc12)c1nc(CCCCCC(=O)NO)c2ccccc2n1,5.268411234813261,1,0.0,32
XQCVEKNNXVQXPM-UHFFFAOYSA-N,CHEMBL5810912,NC(=O)c1ccccc1NCc1ccc(-c2noc(C(F)(F)F)n2)cn1,6.522878745280337,1,0.0,26
XQENQGTVHFJEKT-UHFFFAOYSA-N,CHEMBL5198510,COc1cc(OC)cc(N(CCNC(C)C)c2ccc3ncc(-c4cnn(CCCCCOc5ccc(C(=O)NO)cc5)c4)nc3c2)c1,6.5638373529592435,1,0.0,48
XQIJDFSGGXRQEX-UHFFFAOYSA-N,CHEMBL4290063,COc1ccc(-c2nc(NCc3ccc(C(=O)NO)cc3)cc3c2[nH]c2ccccc23)cc1OC,8.086186147616283,1,0.0,35
XQJICAHHMDZSIJ-UHFFFAOYSA-N,CHEMBL4741850,CC(C)c1cc(C(=O)N2Cc3ccc(NC(=O)CCCCC(=O)NO)cc3C2)c(O)cc1O,5.162096055407058,1,0.0,33
XQLHQQZDPISYFN-UHFFFAOYSA-N,CHEMBL5284689,O=C(NO)c1ccc(Cn2ncnc2-c2ccccc2)cc1,6.466736483221285,1,0.0,22
XQNAJQVIMNMIDY-UHFFFAOYSA-N,CHEMBL6063209,NCc1cccc(OCc2ccc(-c3noc(C(F)(F)F)n3)c(F)c2)c1,5.958607314841775,1,0.0,26
XQOQSZGWVFDPIS-UHFFFAOYSA-N,CHEMBL5071457,Nc1cc(F)ccc1NC(=O)c1ccc(CSc2nc(N3CCOCC3)c3cccn3n2)cc1,5.636388020107855,1,0.0,34
XQPDEMOFEZWKBH-UHFFFAOYSA-N,CHEMBL4543038,O=C(NC(CCCCCSSCCCCCC(NC(=O)OCc1ccccc1)C(=O)Nc1cccc2cccnc12)C(=O)Nc1cccc2cccnc12)OCc1ccccc1,8.086186147616283,1,0.0,62
XQQBFCXKGUWZHN-UHFFFAOYSA-N,CHEMBL4277764,O=C(CCCCC(=O)NCCNc1nonc1C(=NO)Nc1ccc(F)c(Br)c1)NO,6.5113083016830595,1,0.0,31
XQWDIRQVUDWCFW-UHFFFAOYSA-N,CHEMBL4248785,CCc1c2c(nc3ccc(O)cc13)-c1cc3c(c(=O)n1C2)COC(=O)C3(CC)OC(=O)CNC(=O)CCCCCCC(=O)NO,5.707743928643524,1,0.0,45
XQWWNFXYWSZYTD-UHFFFAOYSA-N,CHEMBL5741307,O=C(NO)c1ccc(CN2CCCc3cc(F)ccc32)cc1,5.281083313985139,1,0.0,22
XQXZIMLBLPDARP-UHFFFAOYSA-N,CHEMBL4577107,O=C(C=Cc1cccn(CCc2ccc3ccccc3c2)c1=O)NO,6.812733161820706,1,0.0,25
XQYXAGOVMRYFIS-UHFFFAOYSA-N,CHEMBL5395502,Cc1cnc(Nc2ccc(OCCCCCCC(=O)NO)c(F)c2)nc1Nc1cccc(S(=O)(=O)NC(C)(C)C)c1,9.366531544420413,1,0.0,41
XRAVVAITOQNASO-UHFFFAOYSA-N,CHEMBL4565863,O=C(CCCCCOc1ccccc1N1C(=O)CSC1c1cccc(Br)c1)NO,6.585026652029182,1,0.0,29
XRBINVLWFQEUIS-UHFFFAOYSA-N,CHEMBL5209294,C#Cc1nc(C(=O)NCCCCCCC(=O)NO)cs1,7.173925197299173,1,0.0,20
XRBLQZHLWPQZRP-UHFFFAOYSA-N,CHEMBL6144214,O=C(NO)c1ccc(CN2c3ccccc3[S+]([O-])CC3CCCCC32)cc1,5.309803919971486,1,0.0,27
XRCTUUQPMJAHKQ-UHFFFAOYSA-N,CHEMBL5866233,O=C(C=Cc1ccc(CN(CCF)CC23CC4CC(CC(C4)C2)C3)cc1)NO,6.655607726314889,1,0.0,28
XRCWLAUUXWIBMM-UHFFFAOYSA-N,CHEMBL3335306,O=C(CCCCc1ccn(Cc2ccc3c(c2)OCO3)n1)NO,6.709965388637482,1,0.0,23
XRDCTVBYPFNFSI-UHFFFAOYSA-N,CHEMBL4210305,COc1ccc(CN(CCN(C)C)c2ccc(C(=O)Nc3ccccc3N)cn2)cc1,5.823908740944319,1,0.0,31
XRFCUHXSKFZBAX-UHFFFAOYSA-N,CHEMBL6171729,Cn1cccc1C(=O)N1CCC2(CC1)C(=O)N(Cc1ccc(C(=O)NO)cc1)CN2c1ccccc1,6.013676222949234,1,0.0,36
XRHLECJNJSLFEN-UHFFFAOYSA-N,CHEMBL4446027,CC(C)C1NC(=O)C2(C)CSC(=N2)c2csc(n2)CNC(=O)CC(C(F)=CCCS)NC1=O,8.537602002101044,1,0.0,33
XRLPSAYLYDMYGX-UHFFFAOYSA-N,CHEMBL4213781,O=C(O)C=Cc1cc2ccoc2cc1OC1OC(CO)C(O)C(O)C1O,5.337242168318426,1,0.0,26
XRMAGLSUDIUXAN-UHFFFAOYSA-N,CHEMBL3664060,Nc1ccc(-c2ccccc2)cc1NC(=O)c1ccc(CNC(=O)C2CCCC2)cc1,7.6777807052660805,1,0.0,31
XRMNAEKWJRAUJJ-UHFFFAOYSA-N,CHEMBL5742260,CC1CN(S(=O)(=O)N(Cc2ccc(-c3nnc(C(F)F)o3)cn2)c2cccc(Cl)c2)CCN1C1COC1,7.578383610950995,2,0.38233493534146135,37
XRPNBJYGSCFQLF-UHFFFAOYSA-N,CHEMBL3689762,COc1cc(Nc2c(CCc3ccccc3)nc3ccc(C=CC(=O)NO)cn23)cc(OC)c1OC,6.823908740944319,1,0.0,36
XRQMRNBLKQTKOQ-UHFFFAOYSA-N,CHEMBL6165585,COc1ccc2c(c1)SC(=Cc1ccc(C=CC(=O)NO)cc1)C2=O,5.922331981267469,2,0.07255066714861158,25
XRSGBFPPMOCWOZ-UHFFFAOYSA-N,CHEMBL3645375,O=C(C=Cc1ccc2c(c1)nc(CCc1ccccc1)n2Cc1cccnc1)NO,6.882728704344236,4,0.3390947374732791,30
XRVHYBBFEIGUQI-UHFFFAOYSA-N,CHEMBL4592343,CC1(C)CCC(CN2CCN(c3ccc(C(=O)NS(=O)(=O)c4ccc(NCCCCCCCC(=O)NO)c([N+](=O)[O-])c4)c(Oc4cnc5[nH]ccc5c4)c3)CC2)=C(c2ccc(Cl)cc2)C1,6.55129368009492,1,0.0,65
XRZUZRKYIXHAFJ-UHFFFAOYSA-N,CHEMBL6149557,N#Cc1ccc2c(c1)c(-c1ccc(N)c(F)c1)cn2-c1ccc(OCCCCC(=O)NO)cc1,7.010105436281227,1,0.0,34
XRZVXNUCPMPFGQ-UHFFFAOYSA-N,CHEMBL4243347,O=C(CCCCCCC(=O)Nc1ccc(Nc2nc(-c3cn[nH]c3)c3cc[nH]c3n2)cc1)NO,8.698970004336019,1,0.0,34
XSEMMBSLRMCHPX-UHFFFAOYSA-N,CHEMBL5184498,O=C(NO)c1ccc(CNC(=O)N2CCC(N3C(=O)C(c4ccccc4)C3c3ccccc3)CC2)cc1,5.376750709602099,1,0.0,37
XSGWEIRLPQMMRA-UHFFFAOYSA-N,CHEMBL6148909,CC(C)(C)c1csc(NC(=O)Nc2ccc(Oc3ccnc(-c4cnn(CCCCCCC(=O)NO)c4)c3)cc2)n1,6.95663772197887,1,0.0,41
XSKZXGROFJZYER-UHFFFAOYSA-N,CHEMBL493315,Cc1ccc(NC(=O)c2ccc(C=CC(=O)NO)s2)cc1Nc1ncc(-c2cccnc2)s1,6.920818753952375,1,0.0,33
XSLXTSUEIOVWIS-UHFFFAOYSA-N,CHEMBL3648313,CCn1c(C)nc2cc(C=CC(=O)NO)ccc21,6.023650020996726,3,0.0,18
XSNHDWVCWMQHHF-UHFFFAOYSA-N,CHEMBL494138,NS(=O)(=O)NCCCCC(NC(=O)OCc1ccccc1)c1c[nH]c(-c2ccccc2)n1,6.537602002101044,1,0.0,32
XSNNYLLCIBEWBI-UHFFFAOYSA-N,CHEMBL4642383,Nc1ccc(F)cc1NC(=O)C1CCN(C(=O)c2cc(Cc3n[nH]c(=O)c4ccccc34)ccc2F)CC1,6.022276394711152,1,0.0,38
XSPCNQCXKLBQPJ-UHFFFAOYSA-N,CHEMBL3526395,CC12Nc3ccccc3C1(O)CCN2Cc1ccc(C=CC(=O)NO)cc1,6.853871964321762,1,0.0,27
XTBZRKJGXCYVGL-UHFFFAOYSA-N,CHEMBL5185898,O=C(CCCCCCn1cc(C(=O)NC2CCCCCCC2)c2ccccc21)NO,8.882728704344236,1,0.0,30
XTDKCXUQMVXUHE-UHFFFAOYSA-N,CHEMBL4862470,CCC(=O)CCCCCC1NC(=O)C2CC23CCN(CCCCN2C4CCC2c2c(cccc24)-c2cnc1[nH]2)CC3,7.346787486224656,1,0.0,41
XTHBEIHRROLCCC-UHFFFAOYSA-N,CHEMBL6176572,CN(C)c1ccc(C(=O)N(CC(=O)NCc2ccccc2)Cc2ccc(C(=O)NNc3ccccc3)cc2)cc1,4.757458571701616,1,0.0,40
XTIGLCAWLHXHJR-UHFFFAOYSA-N,CHEMBL213071,COc1ccccc1NCc1ccc(C=CC(=O)Nc2ccccc2N)cc1,4.657577319177793,1,0.0,28
XTIJCVAYIRLTMR-UHFFFAOYSA-N,CHEMBL3698503,O=C(C=Cc1ccc(NS(=O)(=O)c2ccc(-c3cccs3)s2)cc1)NO,7.301029995663981,1,0.0,26
XTNJUIUMZFUXAG-UHFFFAOYSA-N,CHEMBL5927936,O=C(NO)c1ccc2nc(-c3ccc4c(c3)CCO4)[nH]c2c1,5.301029995663981,1,0.0,22
XTOKSLJDOGHJHB-UHFFFAOYSA-N,CHEMBL4469317,COc1ccc(CNCc2ccc(C=CC(=O)NO)cc2)cc1,6.41907502432438,1,0.0,23
XTQVLONAIKOZBJ-UHFFFAOYSA-N,CHEMBL4874514,COc1cc2nc(-c3ccc(C)o3)cc(NCC3CCN(C4CC(C(=O)NO)C4)CC3)c2cc1OC,6.343901797987169,1,0.0,36
XTRFQWDUARDPAI-UHFFFAOYSA-N,CHEMBL5199264,CCCCCCNNC(=O)c1cnc(NCc2cccc3ccccc23)nc1,5.080921907623926,1,0.0,28
XTTJXNRWEIWGIJ-UHFFFAOYSA-N,CHEMBL3664118,CN(CCc1ccncc1)Cc1ccc(C(=O)Nc2cc(-c3ccccc3)ccc2O)cc1,7.481486060122112,1,0.0,33
XTUNSRVRFCBTOR-UHFFFAOYSA-N,CHEMBL5219811,CCC(=O)CCCCCC(NC(=O)C1CC12CCN(C)CC2)c1ncc(-c2ccc3nccnc3c2)[nH]1,8.102372908709558,1,0.0,37
XTVDLARVBFOJBV-UHFFFAOYSA-N,CHEMBL1093358,Cc1cccc(C)c1NC(=O)CCCCC(=O)NO,4.935018178302695,1,0.0,19
XTWOENWSROIPBI-UHFFFAOYSA-N,CHEMBL3939771,O=C(CCCCCn1cc(-c2ccc3ncnc(Nc4ccc(OCc5nccs5)c(Cl)c4)c3c2)nn1)NO,8.142667503568731,1,0.0,39
XTWVDWIEGKCTHS-UHFFFAOYSA-N,CHEMBL5950464,Nc1cccnc1COCc1ccc(-c2noc(C(F)(F)F)n2)c(F)c1,5.585026652029182,1,0.0,26
XTXFRHYQDCPOOQ-UHFFFAOYSA-N,CHEMBL4646320,O=C(NO)c1ccc(NC(=O)C2(c3c[nH]c(-c4ccc([N+](=O)[O-])cc4)n3)CCCC2)cc1,8.221848749616356,1,0.0,32
XTZPTYMYXVFWJT-UHFFFAOYSA-N,CHEMBL4788497,Cn1cc(-c2cc(C(C)(C)O)ccc2Oc2ccc(F)cc2F)c2cc(C(=O)NCc3ccc(C(=O)NO)cc3)[nH]c2c1=O,7.130768280269024,1,0.0,44
XUADSMRILXQYKS-UHFFFAOYSA-N,CHEMBL1095972,Cc1nc(-c2cccc(C=CC(=O)NO)c2)n(CCN2CCOCC2)c1Cc1ccccc1,8.0,1,0.0,33
XUBNSOUEFMEMDI-UHFFFAOYSA-N,CHEMBL5856390,Nc1ccc(-c2ccc(F)cc2)cc1NC(=O)N(N)Cc1ccccc1,5.515700160653214,1,0.0,26
XUDWZNDDTLRWKX-UHFFFAOYSA-N,CHEMBL4091233,O=C(CCCCCCC(=O)Nc1ccc(CCCn2cc(-c3ncnc4[nH]ccc34)cn2)cc1)NO,6.576754126063192,1,0.0,36
XUJXARUNUFBUII-UHFFFAOYSA-N,CHEMBL5919707,O=C(C1CCS(=O)(=O)CC1)N(Cc1cnc(-c2noc(C(F)(F)F)n2)cn1)c1cccc(C(F)(F)F)c1,5.958607314841775,1,0.0,37
XUKUURHRXDUEBC-UHFFFAOYSA-N,CHEMBL1487,CC(C)c1c(C(=O)Nc2ccccc2)c(-c2ccccc2)c(-c2ccc(F)cc2)n1CCC(O)CC(O)CC(=O)O,4.9348312482942545,1,0.0,41
XULHGXKCZPJAQQ-UHFFFAOYSA-N,CHEMBL511715,O=C(CCCCc1cc(C(=O)NO)no1)Nc1cnc2ccccc2c1,6.484126156288321,1,0.0,26
XULHXOGUJRMQDJ-UHFFFAOYSA-N,CHEMBL4878318,C=Cc1c(C)c2cc3nc(cc4[nH]c(cc5nc(cc1[nH]2)C(C)=C5CC)c(C)c4C(=O)OC)C(CCC(=O)NC=Cc1ccc(C(=O)NO)cc1)C3C,4.508638306165727,1,0.0,53
XULYKAVVLAQSHG-UHFFFAOYSA-N,CHEMBL5422539,COc1ccc2c3c(oc2c1)CN(CC(=O)Nc1ccc(C=CC(=O)NO)cc1)CC3,7.214670164989233,1,0.0,31
XUMPRLGEOUYOMZ-UHFFFAOYSA-N,CHEMBL3675763,COc1ccc(N(CCCCCCC(=O)NO)c2ccccn2)nc1,6.739928612014925,1,0.0,25
XUMWRXNKNWOGSW-UHFFFAOYSA-N,CHEMBL5409830,O=C(CCCCCCCNC(=O)c1ncc(-c2ccc(Br)cc2)o1)NO,6.741841806659206,1,0.0,26
XUNMUTLLECBBTD-UHFFFAOYSA-N,CHEMBL3585982,COc1ccc(-c2noc(CCCCCCC(=O)C(F)(F)F)n2)cc1,5.016373712875465,1,0.0,25
XUPMSHMBHAZMIA-UHFFFAOYSA-N,CHEMBL4847870,COc1cc2nc(-c3ccccc3)cc(NCC3CCN(c4ncc(C(=O)NO)cn4)CC3)c2cc1OC,8.522878745280337,1,0.0,38
XUSNOOWXXNLURK-UHFFFAOYSA-N,CHEMBL3827363,Nc1ccc(-c2ccc(F)cc2)cc1NC(=O)C1COc2ccccc2C1,7.142667503568731,1,0.0,27
XUXOOSABUGQKQQ-UHFFFAOYSA-N,CHEMBL3689839,CCCN(CC)Cc1c(C(C)(C)C)nc2cc(C=CC(=O)NO)ccn12,6.568636235841012,1,0.0,26
XVCHNZHSYGQSJT-UHFFFAOYSA-N,CHEMBL470156,Cn1cc(-c2ccc(N)c(NC(=O)c3ccc(N4CCC5(CCNC5)CC4)nc3)c2)cn1,7.443697499232712,1,0.0,32
XVETZEYSIZBSKH-UHFFFAOYSA-N,CHEMBL6196052,N#CCCN(C(=O)CCl)c1ccc2c(c1)OCCN2CC(=O)N1CCC(C(=O)Nc2ccc(C(=O)NCCCCCCC(=O)NO)cc2)CC1,7.026872146400302,1,0.0,50
XVGBJXUAVWXLJX-UHFFFAOYSA-N,CHEMBL3098602,O=C(CCCCCC(NC(=O)C1CCC(=O)N1)C(=O)Nc1cccc(C(F)(F)F)c1)NO,8.698970004336019,2,0.0,32
XVHUBRKBAJZQFX-UHFFFAOYSA-N,CHEMBL3935445,CC(C)Cc1sc(-c2nccs2)nc1C(=O)Nc1ccc(C(=O)NO)cc1,5.991399828238082,1,0.0,27
XVKMYLMSWNIAHF-UHFFFAOYSA-N,CHEMBL4218410,Cn1cc(-c2ccc(=O)n(CCOc3ccnc4cc(OCCCCCS)ccc34)n2)cn1,6.482804102050025,1,0.0,33
XVLFDROZMUKWLL-UHFFFAOYSA-N,CHEMBL4278715,COc1cc(-c2nc(NCc3ccc(C(=O)NO)cc3)cc3c2[nH]c2ccccc23)cc(OC)c1OC,8.327902142064282,1,0.0,37
XVPHVKQKQUGOBL-UHFFFAOYSA-N,CHEMBL5630869,COc1cc(-c2nc(C(=O)NCc3ccc(C(=O)NO)cc3)cc3c2[nH]c2ccccc23)cc(OC)c1OC,8.060480747381382,1,0.0,39
XVQXAPJYHCFGLN-UHFFFAOYSA-N,CHEMBL3692639,Cc1cccc(NS(=O)(=O)c2ccc(-c3noc(C(F)(F)F)n3)cc2)c1,5.443697499232712,1,0.0,26
XVTXDYYRTNAOLL-UHFFFAOYSA-N,CHEMBL403812,Nc1ccccc1NC(=O)c1ccc(-c2ncc(CN3CCC3)cc2F)cc1,7.299988937677888,1,0.0,28
XVUOEFQDXVVUTP-UHFFFAOYSA-N,CHEMBL3655933,CC(C)(Nc1ncc(C(=O)NO)cn1)c1ccccc1,5.933301449577005,1,0.0,20
XVWLGCIZTWYAEV-UHFFFAOYSA-N,CHEMBL5946674,CN1CCN(S(=O)(=O)N(Cc2ccc(-c3nnc(C(F)F)o3)cc2F)c2cccc(F)c2)CC1,7.6020599913279625,1,0.0,34
XVXDWGCLGJKYFX-UHFFFAOYSA-N,CHEMBL6142027,O=CN(CC1CCN(c2ncc(C(=O)NO)cn2)CC1)C1(C(=O)NCc2ccccc2)CCNC1,7.6777807052660805,1,0.0,35
XVYULSBWZZVYNY-UHFFFAOYSA-N,CHEMBL3664066,CC(C)CC(=O)NCc1ccc(C(=O)Nc2cc(-c3cccs3)ccc2N)cc1,7.823908740944319,1,0.0,29
XVZUBJREBORIDX-UHFFFAOYSA-N,CHEMBL6000560,CC(C)OC(=O)Nc1cc(-c2cccs2)ccc1N,4.755722879198157,1,0.0,19
XWBUVJPLUFUIMS-UHFFFAOYSA-N,CHEMBL4159921,CCOc1cc(C(C)(C)C)ccc1C1=NC(c2ccc(Cl)cc2)C(c2ccc(Cl)cc2)N1C(=O)NCCCCCCC(=O)NO,6.050609993355087,1,0.0,45
XWDIWEIGCUIFRS-UHFFFAOYSA-N,CHEMBL4482900,CCCNNC(=O)c1cccc(CN(CCc2c(C)[nH]c3ccccc23)C(=O)OC(C)(C)C)c1,5.597910649427903,1,0.0,34
XWFVREBOAYEGTM-UHFFFAOYSA-N,CHEMBL567457,CC1(C)NC(=O)CC(Cc2c[nH]c3ccccc23)NC(=O)C(Cc2cccc3ccccc23)NC(=O)C(CCCCCC(=O)O)NC1=O,6.124360062995832,1,0.0,48
XWGFYVXXAQCIQE-UHFFFAOYSA-N,CHEMBL255783,Nc1ccccc1NC(=O)c1ccc(CSc2ccccn2)cc1,6.522878745280337,1,0.0,24
XWMICCNJUKWEMB-UHFFFAOYSA-N,CHEMBL2323288,CC(C)C1NC(=O)Cn2nnnc2-c2csc(n2)CNC(=O)CC(C=CCCS)OC1=O,5.777283528852417,1,0.0,32
XXAXSXHMEURGFW-UHFFFAOYSA-N,CHEMBL4241141,O=C(CCCCCCn1cc(-c2ccc(Nc3c4ccccc4nc4ccccc34)cc2)nn1)NO,8.4089353929735,1,0.0,36
XXBLBFPUOSWBDU-UHFFFAOYSA-N,CHEMBL5171906,Nc1nc(-c2ccco2)c2cnn(Cc3cccc(OCCCCC(=O)NO)c3)c2n1,6.821023052706831,1,0.0,31
XXDREUVVBLKORH-UHFFFAOYSA-N,CHEMBL4460364,COc1ccc(-c2nc(NCc3cccc(C=CC(=O)NO)c3)cc3c2[nH]c2ccccc23)cc1,8.013228265733755,1,0.0,35
XXKWXEMZLFPWEC-UHFFFAOYSA-N,CHEMBL5823735,O=C1NCCN(c2ccc(-c3noc(C(F)(F)F)n3)cn2)C1c1cccc(F)c1,6.906578314837764,1,0.0,29
XXOUJCCBKBTDDB-UHFFFAOYSA-N,CHEMBL3335299,O=C(CCCCc1ccn(Cc2ccc(Nc3ccccc3)cc2)n1)NO,7.455931955649724,1,0.0,27
XXQDYFIYFPZTLZ-UHFFFAOYSA-N,CHEMBL2336043,CCCC(CCC)C(=O)NC(COc1ccc(C=CC(=O)NO)cc1OC)Cc1c[nH]c2ccccc12,6.576349429883789,2,0.3348280738205762,37
XXQMHYGLGPUUDQ-UHFFFAOYSA-N,CHEMBL97272,CC(C)(C)c1ccc(S(=O)(=O)Nc2ccc(C=CC(=O)NO)cc2)cc1,6.849485002168009,2,0.30102999566398125,26
XXQSVVCDJGQLDJ-UHFFFAOYSA-N,CHEMBL6133371,CCCCNNC(=O)CCCCn1c2cc3c(cc2c2[nH]c(=O)c4ccccc4c21)OCO3,5.478861916295964,1,0.0,33
XXVRDVJZLCUGFB-UHFFFAOYSA-N,CHEMBL2179617,COCCN(Cc1ccc(C(=O)NO)cc1)C(=O)Nc1ccccc1,5.647817481888637,4,0.0,25
XXWNVCIHMCRNFV-UHFFFAOYSA-N,CHEMBL5978579,Nc1ccc(-c2cccs2)cc1NC(=O)NCC1CC1,7.301029995663981,1,0.0,20
XXXJFAXXDDFSLG-UHFFFAOYSA-N,CHEMBL6040114,CC1(C)CC(=O)N(Cc2ccc(C(=O)NO)cc2)c2ccc(Cl)cc21,5.187086643357144,1,0.0,25
XYBAVUAXOLAJFK-UHFFFAOYSA-N,CHEMBL5281671,O=C(NO)c1cccc(Cn2ncnc2-c2ccccc2)c1,4.737193076999437,1,0.0,22
XYDHOUZMEAEBTG-UHFFFAOYSA-N,CHEMBL318642,O=C(C=Cc1ccc(NS(=O)(=O)c2ccc(Cl)cc2)cc1)NO,7.1249387366083,2,0.0,23
XYDPNJSSRWMZJW-UHFFFAOYSA-N,CHEMBL5948563,Cn1c(OCc2ccc(-c3noc(C(F)(F)F)n3)c(F)c2)nc2ncccc21,6.142667503568731,1,0.0,28
XYGJYMRXHGHGNB-UHFFFAOYSA-N,CHEMBL4171570,O=C(CCCCCN(Cc1ccc(F)cc1)c1ncc(C(=O)NCCCn2ccnc2)s1)NO,7.0,1,0.0,34
XYHRQBMNCBKBPI-UHFFFAOYSA-N,CHEMBL4465994,CNC(=O)c1cc(Oc2ccc(NC(=O)c3cccc(N)c3)cc2)ccc1N,5.987162775294828,1,0.0,28
XYLVZKXNIYAIQC-UHFFFAOYSA-N,CHEMBL4761013,O=C(NO)c1ccc(CN2C(=O)c3ccccc3S2(=O)=O)cc1-c1ccccc1,5.309803919971486,1,0.0,29
XYQDILWULREMBI-UHFFFAOYSA-N,CHEMBL4445312,O=C(NO)c1ccc(CN2c3ccccc3C3C2CCS3(=O)=O)cc1,4.920818753952375,1,0.0,25
XYTCZCYZVRLTCL-UHFFFAOYSA-N,CHEMBL3689861,Cc1nc2cc(C=CC(=O)NO)ccn2c1CN(C)CC(C)(C)C,6.107905397309519,1,0.0,24
XYUDJKAHHUJQBC-UHFFFAOYSA-N,CHEMBL4792281,COc1ccc(C(=O)NO)cc1NCc1ccc(OCCCCC(=O)Nc2ccc3c(c2)cc(C)c(=O)n3C)cc1,5.2839966563652006,1,0.0,41
XYVDMFWMULOJFV-UHFFFAOYSA-N,CHEMBL1094792,CC(c1ccccc1)n1c(-c2cccc(C=CC(=O)NO)c2)nc2ccccc21,7.40135972093719,2,0.40140054078154463,29
XYWOQDSCIWZFQS-UHFFFAOYSA-N,CHEMBL1099058,O=C(C=Cc1cccc(-c2nc3ccccc3n2CCN2CCCC2)c1)NO,7.795880017344075,1,0.0,28
XZCRXMQLBGTUFP-UHFFFAOYSA-N,CHEMBL5560082,Cc1ncsc1-c1ccc(CNCC2CC(O)CN2C(=O)C(NC(=O)COCCCCCCCCCOCC(=O)Nc2ccc(C(=O)Nc3ccccc3N)cc2)C(C)(C)C)cc1,6.2441251443275085,1,0.0,63
XZDWUGCDCKHWQW-UHFFFAOYSA-N,CHEMBL5769901,FC(F)(F)c1nc(-c2ccnc(OCc3ccno3)c2)no1,5.823908740944319,1,0.0,22
XZFBYBMWWNANIK-UHFFFAOYSA-N,CHEMBL4169802,N#CCNC(=O)c1ccc(-c2ccnc(Nc3ccc(N4CCC(C(=O)Nc5ccc(C=CC(=O)NO)cc5)CC4)cc3)n2)cc1,5.292429823902063,1,0.0,46
XZFZLDFBTUXNEM-UHFFFAOYSA-N,CHEMBL3689826,CCC(CC)CNCc1c(C(C)(C)C)nc2cc(C=CC(=O)NO)ccn12,6.795880017344075,1,0.0,27
XZKJIBKTJGXCPY-UHFFFAOYSA-N,CHEMBL6177849,COc1ccc(-c2ocnc2-c2cc(Br)c(OC)c(OC)c2)cc1OCCCCC(=O)NO,5.42021640338319,1,0.0,33
XZLSRIUXMLZDIG-UHFFFAOYSA-N,CHEMBL5859230,O=C(CCCCCCN(c1ccc(F)cn1)c1nc2ccccc2o1)NO,5.259637310505756,1,0.0,27
XZQVBMFLMCWRKC-UHFFFAOYSA-N,CHEMBL5439859,Nc1nn(-c2ccc(Cl)cc2)nc1C(=O)NCc1ccc(C(=O)NO)cc1,8.585026652029182,1,0.0,27
XZRBBUWLDBIHNB-UHFFFAOYSA-N,CHEMBL5398608,C#Cc1ccc(-n2nc(N)c(C(=O)NCc3ccc(C(=O)Nc4ccccc4N)cc3)n2)cc1,7.107905397309519,1,0.0,34
XZVIJIAWKVHBTR-UHFFFAOYSA-N,CHEMBL337584,O=CN(O)CCCCCNC(=O)c1ccccc1,4.522878745280337,1,0.0,18
XZWAAXWWLFEYKJ-UHFFFAOYSA-N,CHEMBL3335311,O=C(CCCCCc1ccn(Cc2ccc(-c3ccccc3)cc2)n1)NO,6.6439741428068775,1,0.0,27
XZWCFUZJOAZGAI-UHFFFAOYSA-N,CHEMBL489332,O=C(C=Cc1ccc2c(c1)nc(CCc1ccccc1)n2CCN1CCCCC1)NO,7.4089353929735005,3,0.0,31
XZXAKFKDVJGQRQ-UHFFFAOYSA-N,CHEMBL3664055,CC(C)C(=O)NCc1ccc(C(=O)Nc2cc(-c3ccccc3)ccc2N)cc1,8.0,1,0.0,29
XZXVXFMVRHAVKZ-UHFFFAOYSA-N,CHEMBL6162777,CCNNC(=O)c1ccc(CNC(=O)c2ccc(NC(=O)COCCOCCNc3cc4c(cc3F)C(=O)N(C3CCC(=O)NC3=O)C4=O)cc2)cc1,6.056011124926228,1,0.0,53
XZZGBQVBEVJEJT-UHFFFAOYSA-N,CHEMBL474903,O=C(Nc1cc(-c2ccccc2)ccc1O)c1ccc(CNc2ccncc2)cc1,8.002182402701225,2,0.004364805402449434,30
YADIGKCHRAOMOI-UHFFFAOYSA-N,CHEMBL3217996,C#Cc1cccc(Nc2ncnc3cc(NC(=O)c4ccc(C(=O)Nc5ccccc5N)cc4)ccc23)c1,6.096910013008056,1,0.0,38
YADILPGUGFYULV-UHFFFAOYSA-N,CHEMBL5879893,Cc1noc(C2CCC(=O)N2c2cc(F)c(-c3noc(C(F)(F)F)n3)cc2F)n1,5.958607314841775,1,0.0,29
YAEFRYMHQFWPSE-UHFFFAOYSA-N,CHEMBL5079395,Nc1ccccc1NC(=O)c1ccc(CSc2nc(Nc3cc[nH]n3)c3cccn3n2)cc1,6.8297382846050425,1,0.0,33
YAGQNEKRKYPVEJ-UHFFFAOYSA-N,CHEMBL4854123,COc1ccc2c(c1)CCCCN2Cc1ccc(C(=O)NO)cc1,6.590066876668706,1,0.0,24
YAGUDHLMPZODHX-UHFFFAOYSA-N,CHEMBL214211,COc1ccc(NCc2ccc(C=CC(=O)Nc3ccccc3N)cc2)cc1OC,5.698970004336019,1,0.0,30
YAGVQXLSIRXWHW-UHFFFAOYSA-N,CHEMBL1084356,CN(C)CC(C)(C)Cn1cnc2cc(C(=O)NC(=O)NCCCCCC(=O)NO)ccc21,5.431798275933005,1,0.0,32
YAHJAESFRLNRDH-UHFFFAOYSA-N,CHEMBL3704923,C#Cc1ccc(CNC(=O)OC2CC(C)C=C3C=CC(C)C(CCC4CC(O[Si](C)(C)C(C)(C)C)CC(=O)O4)C32)cc1,6.904133546521457,1,0.0,42
YALNUENQHAQXEA-UHFFFAOYSA-N,CHEMBL1213492,CCN(CC)Cc1ccc2cc(COC(=O)Nc3ccc(C(=O)NO)cc3)ccc2c1,7.154901959985743,3,0.5797835966168101,31
YAOGWCTZUZTXLI-UHFFFAOYSA-N,CHEMBL5190825,CCCNNC(=O)c1cnc(NCc2ccc(CNC(C)=O)cc2)nc1,6.537602002101044,1,0.0,26
YAOSRECXNLRTGR-UHFFFAOYSA-N,CHEMBL474051,COc1cccc(-c2csc(NC(=O)C(CCCCNS(N)(=O)=O)NC(=O)OCc3ccccc3)n2)c1,6.337242168318426,1,0.0,37
YAVLOLUBQRHBBR-UHFFFAOYSA-N,CHEMBL5563683,CN(Cc1ccccc1)C(=O)c1ccc(-c2noc(C(F)(F)F)n2)cc1,4.835647144215563,1,0.0,26
YAVPNUGYHWOYGI-UHFFFAOYSA-N,CHEMBL2047699,O=C(NCCS)C(Cc1cccc([N+](=O)[O-])c1)=NO,9.0,1,0.0,19
YAXJFGYPFUEOCZ-UHFFFAOYSA-N,CHEMBL5171881,COc1cc2nc(NCCCCCC(=O)NO)nc(NC3CCN(C(C)C)CC3)c2cc1OC,8.075720713938118,1,0.0,34
YAYWBSPIZGSWIB-UHFFFAOYSA-N,CHEMBL6144870,O=C(CCCCCCn1cc(-c2cc(Oc3ccc(NC(=O)Nc4cccc(F)c4)cc3)ccn2)cn1)NO,7.823908740944319,1,0.0,39
YBAFTIVPWJJYBI-UHFFFAOYSA-N,CHEMBL4524515,O=C1NC2CCCCCCCCCCCC1NC(=O)C(CCCCCB(O)O)NC(=O)C1CCCN1C2=O,4.920818753952375,1,0.0,38
YBBZZJRLVFMWIZ-UHFFFAOYSA-N,CHEMBL4159460,COc1ccc2c(ccn2CCOc2ccc(NC(=O)CCCCCCC(=O)NO)cc2)c1,8.346787486224656,1,0.0,33
YBCAQIYOMLXOOO-UHFFFAOYSA-N,CHEMBL511625,Nc1ccc(-c2cccs2)cc1NC(=O)c1ccc(N2CCC3(CC2)CNc2ccccc23)nc1,6.638272163982407,1,0.0,35
YBFXECOHJCDSDS-UHFFFAOYSA-N,CHEMBL4283921,CC(=O)Nc1ccc(-c2ccnc(Nc3ccc(OCCCCCCC(=O)NO)cc3)n2)cc1,6.838631997765026,1,0.0,34
YBHDXFJGRMHOJF-UHFFFAOYSA-N,CHEMBL5915403,Fc1cc(COc2cc[nH]n2)ccc1-c1noc(C(F)(F)F)n1,5.522878745280337,1,0.0,23
YBHXIMPOGZHPJE-UHFFFAOYSA-N,CHEMBL4640986,O=C(NO)c1ccc(C(=O)NCCCN2c3ccccc3CCc3ccc(Cl)cc32)cc1,5.137868620686962,1,0.0,32
YBIREACTYDYGTB-UHFFFAOYSA-N,CHEMBL3621298,Nc1ccccc1NC(=O)CCCCCCC(=O)Nc1ccc2c(c1)C(=Cc1ccc[nH]1)C(=O)N2,6.428291168191312,1,0.0,35
YBLBBOHIJOJAPV-UHFFFAOYSA-N,CHEMBL3929484,O=C(CCCCCn1cc(-c2ccc3ncnc(Nc4cccc(Cl)c4F)c3c2)nn1)NO,8.853871964321762,1,0.0,33
YBLKKAYDPCHCJG-UHFFFAOYSA-N,CHEMBL5314582,CC(C)C(N)C(=O)SCCC=CC1CC(=O)NCc2nc(cs2)C(=O)NC(C)(C)C(=O)NC(C(C)C)C(=O)O1,8.920818753952375,1,0.0,39
YBSJBWDJGNDIOR-UHFFFAOYSA-N,CHEMBL3415446,O=C(NO)c1ccc(NC2CCN(c3ccccc3)C2=O)cc1,4.709965388637482,1,0.0,23
YBSWVQPOPGXSFL-UHFFFAOYSA-N,CHEMBL425629,CC(=O)CCCCCC(NC(=O)c1snnc1C)C(=O)NCCc1c(-c2ccccc2)[nH]c2ccccc12,6.318758762624412,1,0.0,38
YCAFLOQRSAVJQP-UHFFFAOYSA-N,CHEMBL5976332,CN1CC(COC(=O)Nc2cc(-c3cccs3)ccc2N)C1,4.755722879198157,1,0.0,22
YCEGYFYGGNMXMU-UHFFFAOYSA-N,CHEMBL4554522,COc1ccc(CN2CCC(Nc3nc(Nc4ccc(NC(=O)CCCCCCC(=O)NO)cc4)nc4cc(OC)c(OC)cc34)CC2)cc1,6.047691990337874,1,0.0,50
YCHJYGNSTWNHBK-UHFFFAOYSA-N,CHEMBL3648272,CN1c2ccc(C=CC(=O)NO)cc2NC1CCc1ccccc1,6.448550002027124,1,0.0,24
YCKMMSJHSBVTPA-UHFFFAOYSA-N,CHEMBL5265931,O=C(CCc1ccc(Oc2cccs2)c(O)c1)Nc1ccc(C(=O)NO)cc1,7.619788758288394,1,0.0,28
YDADZTFICPFSQK-UHFFFAOYSA-N,CHEMBL3827004,CN(Cc1nc2c(N3CCOCC3)nc(-c3cncnc3)nc2n1C)c1ncc(C(=O)NO)cn1,8.943095148663527,1,0.0,35
YDFDQMZRBQYOBC-UHFFFAOYSA-N,CHEMBL5220149,Cc1ccc2c(c1CCC(=O)NCCCCCC(=O)CNc1ccccc1N)C(=O)C(=O)C(C(C)C)=C2,6.337242168318426,1,0.0,37
YDGCPLJSOWXJQC-UHFFFAOYSA-N,CHEMBL5437683,COc1cc2c(cc1OC)C(=O)C(CC1CCN(Cc3ccc(C=CC(=O)NO)cc3)CC1)C2,5.614393726401688,1,0.0,34
YDKWOQOCHSYKHW-UHFFFAOYSA-N,CHEMBL5593634,CN1C(=O)CNC(=O)C1=Cc1ccc(C(=O)NCc2ccc(C(=O)NO)cc2)cc1,7.560667306169737,1,0.0,30
YDRUSAYWVUVFBQ-UHFFFAOYSA-N,CHEMBL5565345,CC1(C)Cc2c(c3cc(F)ccc3n2Cc2ccc(C(=O)NO)cc2)C(=O)C1CN1CCOCC1,5.739928612014925,1,0.0,35
YDUSCKFRHARVGP-UHFFFAOYSA-N,CHEMBL5871182,CC(=O)NC1CCN(C(=O)Nc2cc(-c3cccs3)ccc2N)CC1,7.301029995663981,1,0.0,25
YDXGMLLFQVDZPT-UHFFFAOYSA-N,CHEMBL1096432,Cc1nc(-c2cccc(C=CC(=O)NO)c2)n(CCN2CCOCC2)c1-c1ccccc1,7.508638306165727,1,0.0,32
YEDCLHGFPJLRAZ-UHFFFAOYSA-N,CHEMBL4740945,Cc1noc(C)c1-c1ccc2c(c1)c(CCc1ccc(F)cc1)cn2CCCCCC(=O)NO,6.586700235918748,1,0.0,34
YEJPAUXCGZXHNF-UHFFFAOYSA-N,CHEMBL4444763,Cc1cc(C)cc(CNC(=O)CN(CCCCCC(=O)Nc2ccccc2N)C(=O)c2cc(C)cc(C)c2)c1,6.315154638355588,1,0.0,39
YEKGEIQCLVGOON-UHFFFAOYSA-N,CHEMBL5589847,COc1ccc(C2NC(C(=O)NCc3ccc(C(=O)NO)cc3)Cc3c2[nH]c2ccccc32)cc1OC,6.75842039514151,2,0.6989700043360187,37
YELNTYNYRTVDMR-UHFFFAOYSA-N,CHEMBL4217319,COc1ccc(C(=O)c2ccc3c(ccn3S(=O)(=O)c3cccc(C=CC(=O)NO)c3)c2)cc1OC,6.057000406633959,1,0.0,36
YEVNSEFVEWAKBP-UHFFFAOYSA-N,CHEMBL3655995,O=C(NO)c1cnc(NC2(c3cc(C(F)(F)F)ccc3F)CC2)nc1,8.154901959985743,1,0.0,25
YEVOHHHPAVZMBP-UHFFFAOYSA-N,CHEMBL6143083,CCc1cc(NC(=O)Nc2ccc(Oc3ccnc(-c4cnn(CCCCCCC(=O)NO)c4)c3)cc2)no1,8.2518119729938,1,0.0,39
YFEKRBKRIPFSOZ-UHFFFAOYSA-N,CHEMBL4874707,C=Cc1c(C)c2cc3nc(c(C(=O)OC)c4[nH]c(cc5nc(cc1[nH]2)C(C)=C5CC)c(C)c4C(=O)OC)C(CCC(=O)Nc1ccc(C(=O)NO)cc1)C3C,4.958607314841775,1,0.0,55
YFGPUHPDNDNEBG-UHFFFAOYSA-N,CHEMBL5901312,Nc1cc(F)ccc1NC(=O)c1ccccc1,5.0996328713435295,1,0.0,17
YFJMWUCZDQRYEZ-UHFFFAOYSA-N,CHEMBL235704,O=C(CO)NC(CCCCCS)C(=O)NC1CCCC1,5.703334809738469,1,0.0,20
YFOWZENKXADIAV-UHFFFAOYSA-N,CHEMBL5569761,O=C(CCc1ccc(-c2sc3cc(O)ccc3c2C(=O)c2ccc(OCCN3CCCCC3)cc2)cc1)NO,6.333482019445119,1,0.0,39
YFPIGRVZHDCNID-UHFFFAOYSA-N,CHEMBL3287264,CC(C)=Cc1sc(-c2nccs2)nc1C(=O)NCCCCC(=O)NO,6.769551078621726,1,0.0,25
YFTBUWATCGNTPJ-UHFFFAOYSA-N,CHEMBL149172,Nc1ccccc1NC(=O)C=Cc1ccc(NS(=O)(=O)c2ccc(-c3ccccc3)cc2)cc1,6.0,1,0.0,34
YFWNJSPBMVKFTH-UHFFFAOYSA-N,CHEMBL398394,Nc1ccccc1NC(=O)c1ccc(CC2Cc3ccccc3C2=O)cc1,7.0,1,0.0,27
YFXPKBUKGOKOOH-UHFFFAOYSA-N,CHEMBL4166793,CC(C)CCN(CCCCCCC(=O)NO)c1ncc(C(=O)NCc2cccnc2)s1,7.443697499232712,1,0.0,31
YGALVRQYIBVKNK-UHFFFAOYSA-N,CHEMBL5570460,CC12CC3CC(C)(C1)CC(NC(=O)Nc1ccc(C(=O)NCCCCCC(=O)NO)cc1)(C3)C2,6.554395796726403,1,0.0,34
YGANCIFTCMGWOY-UHFFFAOYSA-N,CHEMBL5571617,COc1ccc(-c2cc(OCCc3ccc(C(=O)Nc4ccccc4N)cc3)c3ncnc(C)c3c2)cn1,7.050609993355087,1,0.0,38
YGFLQRBHSRGIMC-UHFFFAOYSA-N,CHEMBL5077386,O=C(NO)c1ccc(C=Cc2ccnc(-c3ccc(C(F)(F)F)cc3)c2)cc1,5.315154638355588,1,0.0,28
YGFSEWGMMQRLQY-UHFFFAOYSA-N,CHEMBL4645915,O=C(CCCCCCNc1nc2cc(C(=O)O)ccc2c2cnccc12)NO,6.853871964321762,1,0.0,28
YGHYXNJYKCDPAN-UHFFFAOYSA-N,CHEMBL5913560,Cc1cc(CN(C)c2ncc(-c3noc(C(F)(F)F)n3)cn2)ccn1,5.657577319177793,1,0.0,25
YGICGPIICUVLIA-UHFFFAOYSA-N,CHEMBL5204420,COc1cc(C(=O)c2csc(-c3ccc(NC(=O)CCCCCCC(=O)Nc4ccccc4N)cc3)n2)cc(OC)c1OC,5.005243055412372,1,0.0,44
YGKHUABALAQUDG-UHFFFAOYSA-N,CHEMBL6048225,Cc1ccc2c3c(nn2c1)CCC(NCc1ccc(-c2noc(C(F)(F)F)n2)cc1)C3,7.337653043069112,2,0.03778856088939975,31
YGLNFSNFANRIFJ-UHFFFAOYSA-N,CHEMBL5424227,COc1ccc(-c2cc(C(=O)NCc3ccc(C(=O)NO)cc3)ccn2)cc1OC,8.14996674231023,1,0.0,30
YGMAKEOYVILHTA-UHFFFAOYSA-N,CHEMBL4071757,Cc1ccc(C=CC(=O)N2CCN(c3ccc(C(=O)Nc4ccccc4N)cc3)CC2)cc1,6.09799710864927,1,0.0,33
YGMFATCZEIBVKL-UHFFFAOYSA-N,CHEMBL5802539,Cc1nc(Cl)cnc1COc1ccc(-c2noc(C(F)(F)F)n2)cn1,5.638272163982407,1,0.0,25
YGMZGFLLWAISBD-UHFFFAOYSA-N,CHEMBL5798673,O=C1COCC(c2ccccc2)N1c1ccc(-c2noc(C(F)(F)F)n2)nn1,4.552841968657781,2,0.0,28
YGNUESYWCKCMEX-UHFFFAOYSA-N,CHEMBL5197503,CCNNC(=O)c1ccc(Cn2nnnc2-c2cccs2)cc1,7.096910013008056,1,0.0,23
YGQJVBDEUZWGOV-UHFFFAOYSA-N,CHEMBL4450128,O=C(NO)c1ccc(CN2c3cc(C(F)(F)F)ccc3CCCC3CCCCC32)cc1,5.055517327849831,1,0.0,31
YGSAACBAYCKNIA-UHFFFAOYSA-N,CHEMBL5171183,O=C(CCCCCCn1cc(C(=O)Nc2ccc(Cl)cc2Cl)c2ccccc21)NO,8.596879478824182,1,0.0,30
YGSWEHGPONOFLF-UHFFFAOYSA-N,CHEMBL4799886,COc1ccc(F)c(-c2ccc3c(NC(=O)CCCCCCC(=O)NO)n[nH]c3c2)c1,8.522878745280337,1,0.0,31
YGTLTZBEMQRWJF-UHFFFAOYSA-N,CHEMBL5756304,Cc1nn(CC=Cc2ccccc2)c(C)c1C=CC(=O)Nc1ccccc1N,5.522878745280337,2,0.0,28
YGTQUKLKYGNNHT-UHFFFAOYSA-N,CHEMBL4643874,CC(C)C(C(=O)Nc1ccc(C(=O)Nc2ccccc2N)cc1)c1ccccc1,6.636388020107855,1,0.0,29
YGVKLOQEGNQXDE-UHFFFAOYSA-N,CHEMBL3421750,O=C(NO)c1ccc(CNCc2nc(-c3ccc(C(F)(F)F)cc3)no2)cc1,5.016373712875465,1,0.0,28
YGZWCZPDHFHLDP-UHFFFAOYSA-N,CHEMBL5914347,O=C1NCCc2ccccc2C1NCc1ccc(-c2noc(C(F)(F)F)n2)cn1,5.886056647693163,1,0.0,29
YHAWXRMDNGDHND-UHFFFAOYSA-N,CHEMBL5633405,Cc1ccccc1Cn1cnc2ccc(-c3cc(NC(=O)CCCCCC(=O)NO)n[nH]3)cc21,7.366531544420414,1,0.0,34
YHBNFJOUHJUKJZ-UHFFFAOYSA-N,CHEMBL2018299,COc1ccc2c(c1)c1c(n2Cc2ccc(C(=O)NO)cc2)CCN(C)C1,5.7258421507363195,1,0.0,27
YHIMFDYBXCAUHH-UHFFFAOYSA-N,CHEMBL2047606,Cc1ccc(-c2nn(-c3ccccc3)cc2C=CC(=O)Nc2ccc(Cl)cc2)cc1,5.437707135543525,1,0.0,30
YHNAHGDELYOYSK-UHFFFAOYSA-N,CHEMBL5984818,O=C(NO)c1ccc2nc(Nc3cccc(OCc4ccccc4)c3)[nH]c2c1,5.920818753952375,1,0.0,28
YHOMUDVAIXQFQR-UHFFFAOYSA-N,CHEMBL5888369,Fc1ccc2ccc(OCc3ccc(-c4noc(C(F)(F)F)n4)cn3)nc2c1,4.455931955649724,1,0.0,28
YHQAMQHTTOJBPC-UHFFFAOYSA-N,CHEMBL3775409,Cc1nc(N(C)c2ccc(OCCCCCC(=O)NO)cc2)c2ccccc2n1,6.565431095965801,1,0.0,29
YHQHZLHXTCZIMX-UHFFFAOYSA-N,CHEMBL251338,COc1ccccc1NC(=O)C(C(=O)Nc1ccccc1OC)c1ccc(C(=O)Nc2ccccc2N)cc1,7.327902142064282,1,0.0,39
YHQKDNPPABJMQX-UHFFFAOYSA-N,CHEMBL397856,O=C(CCCCCC(NC(=O)c1ccccn1)C(=O)Nc1ccccc1)NO,7.954677021213342,1,0.0,28
YHRLBNOQGFVSSK-UHFFFAOYSA-N,CHEMBL4299417,CCC1OC(=O)C(C)C(OC2CC(C)(OC)C(O)C(C)O2)C(C)C(OC2OC(C)CC(N(C)Cc3ccc(-c4cn(CCCCCCC(=O)NO)nn4)cc3)C2O)C(C)(O)CC(C)CN(C)C(C)C(O)C1(C)O,7.163675884293248,1,0.0,73
YHTZNGLUOLBVJD-UHFFFAOYSA-N,CHEMBL4756846,CCC(=O)CCCCCC(NC(=O)C1CC12CCN(C)CC2)c1ncc(-c2ccc(-n3nc(C)cc3C)cc2)[nH]1,7.887345359137068,2,0.06694678963061307,40
YHULCWIEZUPPSB-UHFFFAOYSA-N,CHEMBL3287022,Cc1nc(-c2nc(C(=O)NCCCCC(=O)NO)cs2)cs1,6.619788758288394,1,0.0,22
YICAXVSOSRWAQW-UHFFFAOYSA-N,CHEMBL5632806,CC(C)S(=O)(=O)c1ccccc1Nc1nc(Nc2ccc(C(=O)Nc3ccccc3N)cc2)ncc1Cl,5.838631997765026,1,0.0,37
YIDXRJJVZRCQTD-UHFFFAOYSA-N,CHEMBL515285,Nc1ccccc1NC(=O)CCCCCCC(=O)Nc1cccc(-c2ccccc2)c1,6.309803919971486,1,0.0,31
YIEZALBXLNXYSW-UHFFFAOYSA-N,CHEMBL379516,COc1ccc(CCNc2ccc(C(=O)Nc3ccccc3N)cn2)cc1,5.522878745280337,1,0.0,27
YIFUWCKIEVDSHN-UHFFFAOYSA-N,CHEMBL3689876,CCCCN(CC)Cc1c(-c2ccccc2)nc2cc(C=CC(=O)NO)ccn12,7.3979400086720375,1,0.0,29
YIHDPUFALLFOEE-UHFFFAOYSA-N,CHEMBL5794059,CC(C)c1ccc(-c2cc3cc(C(=O)NO)ccc3s2)cc1,4.0,1,0.0,22
YIHUJIOWLFGVME-UHFFFAOYSA-N,CHEMBL5974839,Nc1ccc(-c2ccccc2)cc1NC(=O)c1cnc(N(c2ccccc2)C2CCN(C(=O)Cc3c[nH]c4ccccc34)CC2)nc1,7.031517051446065,1,0.0,47
YIKGMJNNHMFVDX-UHFFFAOYSA-N,CHEMBL3585969,Nc1ccccc1NC(=O)CCCCCCc1nc(-c2ccccc2)no1,6.6777807052660805,1,0.0,27
YILWWMKIEWBISH-UHFFFAOYSA-N,CHEMBL6050683,FC(F)(F)c1nc(-c2ccc(NCc3ccncc3)nc2)no1,5.346787486224656,1,0.0,23
YIMYMZMBPHDTOB-UHFFFAOYSA-N,CHEMBL5821815,CC(C)C(=O)N1CCN(S(=O)(=O)N(Cc2ccc(-c3nnc(C(F)(F)F)o3)cc2F)c2ccccc2)CC1,6.804100347590767,1,0.0,38
YIOBSPOWOVDMQZ-UHFFFAOYSA-N,CHEMBL5592763,CN1C(=O)CNC(=O)C1=Cc1ccc(C=CC(=O)NO)cc1C(F)(F)F,7.9344202852715515,1,0.0,26
YIPFUXZLQYMKCV-UHFFFAOYSA-N,CHEMBL3689834,CCCCc1nc2cc(C=CC(=O)NO)ccn2c1CN(CC)CCCC,7.221848749616356,1,0.0,27
YIQVYQNMHZMEBO-UHFFFAOYSA-N,CHEMBL5960394,CC(C)c1ccc(-c2nc3cc(C(=O)NO)ccc3s2)cc1,6.045757490560675,1,0.0,22
YIUIDJSYYHFQTI-UHFFFAOYSA-N,CHEMBL5176670,Nc1cc(F)ccc1NC(=O)c1ccc(CN2CCCC(=Cc3ccc4ccccc4c3)C2=O)cc1,5.922632094715844,1,0.0,36
YIWBHBGLZOKJNN-UHFFFAOYSA-N,CHEMBL5407061,CN(Cc1ccccc1)c1cc(NCCCCCC(=O)NO)nc(-c2ccccn2)n1,7.366531544420414,1,0.0,31
YIWRHWLVVQLQGU-UHFFFAOYSA-N,CHEMBL1093041,CCc1cccc(NC(=O)CCCCC(=O)NO)c1,7.568636235841012,1,0.0,19
YIWUKAFVZRFREX-UHFFFAOYSA-N,CHEMBL5764885,OCc1ccnc(NCc2ccc(-c3noc(C(F)(F)F)n3)cc2)n1,5.443697499232712,1,0.0,25
YIYYBBVHZKKBET-UHFFFAOYSA-N,CHEMBL3656000,O=C(NO)c1cnc(NC2(c3ccc(F)c(Cl)c3)CC2)nc1,7.769551078621726,1,0.0,22
YIZMLYHXXSIHDS-UHFFFAOYSA-N,CHEMBL6163619,Cc1cccc(Cn2nc3c(c2C(=O)NCCCCCCC(=O)NO)CCc2cc(-c4c(C)noc4C)ccc2-3)c1,6.346787486224656,1,0.0,41
YJDINAAEZXWQRK-UHFFFAOYSA-N,CHEMBL5291414,CN1CCC2(CC1)c1ccccc1N(Cc1ccc(C(=O)NO)cc1)C2c1ccc(Cl)cc1,5.437707135543525,1,0.0,33
YJEHDWIPGKAQHO-UHFFFAOYSA-N,CHEMBL2442691,COc1cc(C2c3cc4c(cc3C(Nc3ccc(OCCCCCCCC(=O)NO)cc3)C3COC(=O)C23)OCO4)cc(OC)c1O,7.060480747381382,1,0.0,47
YJGLQGXOWLMXEQ-UHFFFAOYSA-N,CHEMBL5817277,COc1ccc(C(F)(F)F)cc1CNc1ncc(C(=O)NO)cn1,7.167491087293763,1,0.0,24
YJLTWAVCCZENNV-UHFFFAOYSA-N,CHEMBL3689814,CCN(CCOC)Cc1c(-c2ccccc2)nc2cc(C=CC(=O)NO)ccn12,5.795880017344075,1,0.0,29
YJTYEOSMPQQLCN-UHFFFAOYSA-N,CHEMBL3655935,Cc1cc(Cl)ccc1CNc1ncc(C(=O)NO)cn1,6.732828271596986,1,0.0,20
YJVWRVUQZNYKON-UHFFFAOYSA-N,CHEMBL5433552,Cc1cnc(Nc2ccc(OCCCCCCC(=O)NO)cc2)nc1Nc1cccc(S(=O)(=O)NC(C)(C)C)c1,9.468521082957745,1,0.0,40
YJZCXXRMXYFWRV-UHFFFAOYSA-N,CHEMBL3689825,CC(C)(C)CNCc1c(C(C)(C)C)nc2cc(C=CC(=O)NO)ccn12,6.721246399047171,1,0.0,26
YJZJTIDKFBOCHJ-UHFFFAOYSA-N,CHEMBL97061,Nc1ccccc1NC(=O)CCCCCN1C(=O)c2cccnc2C1=O,5.301029995663981,1,0.0,26
YKABUHQPWWQCFT-UHFFFAOYSA-N,CHEMBL5757701,Cn1nc(C(=O)N(Cc2ccc(-c3noc(C(F)(F)F)n3)cc2)c2cccc(C(F)(F)F)c2)ccc1=O,6.026872146400301,1,0.0,37
YKILUTGCNNQKON-UHFFFAOYSA-N,CHEMBL4859948,O=C(NO)c1ccc(CN2c3ccccc3Sc3ccccc32)nc1,6.129011186239424,1,0.0,25
YKINZQJOQFMNPU-UHFFFAOYSA-N,CHEMBL1289931,CC(C)(C)OC(=O)NC(CCCCCC(=O)NO)C(=O)NC1CCCC1,5.745078967936932,2,0.20526537536002554,26
YKKBYLCTBCMNCU-UHFFFAOYSA-N,CHEMBL5409287,Nc1ccccc1NC(=O)c1ccc(Cn2nc(-c3ccccc3C(F)(F)F)ccc2=O)cc1,6.90622821850127,1,0.0,34
YKMSDZOIPPSUEU-UHFFFAOYSA-N,CHEMBL4458120,Cc1nc(NCc2ccc(C=CC(=O)NO)cc2)cc2c1[nH]c1ccccc12,6.913640169325252,1,0.0,28
YKOOUQCCTXUXPE-UHFFFAOYSA-N,CHEMBL5749451,FC(F)(F)c1nc(-c2cnc(COc3ccc4ccccc4n3)nc2)no1,6.795880017344075,1,0.0,27
YKPKGIZYKPWKBJ-UHFFFAOYSA-N,CHEMBL6002395,Cc1cc(C=CC(=O)Nc2ccccc2N)on1,4.823908740944319,2,0.0,18
YKRBAGNCPWIGQG-UHFFFAOYSA-N,CHEMBL5411914,Nc1ccc(-c2cccs2)cc1NC(=O)c1ccc(-c2cn(CCc3ccccn3)nn2)cc1,8.187086643357144,1,0.0,34
YKRPYLZHNJSUEJ-UHFFFAOYSA-N,CHEMBL4205840,O=C(CCCCCCC(=O)Nc1ccc(N(CCCl)CCCl)cc1)NO,6.568636235841012,1,0.0,26
YKTJZNQKGDBNSO-UHFFFAOYSA-N,CHEMBL6148582,O=C(CCCCC(=O)N1CCc2c([nH]c3ccccc23)C1)NO,7.494850021680094,1,0.0,23
YKTXZBJZADGNSE-UHFFFAOYSA-N,CHEMBL5194437,O=C(NO)c1ccc(CC(=O)N(CCO)C(=O)Cc2ccccc2)cc1,6.0746879085003505,1,0.0,26
YLCKPUXQYSWWMM-UHFFFAOYSA-N,CHEMBL5907529,CC(C)(C)Cn1c(CCc2ccccc2)nc2cc(C=CC(=O)NO)ccc21,6.537602002101044,2,0.0,28
YLCQSHFSYLSJBT-UHFFFAOYSA-N,CHEMBL5881234,CC(C)c1ccc(-c2nc3cc(C(=O)NO)ccc3n2C)cc1,5.795880017344075,1,0.0,23
YLDAIYDYJXZDGW-UHFFFAOYSA-N,CHEMBL4744689,Nc1ncc(-c2nc(N3CCOCC3)c3ccn(CCCCCCC(=O)NO)c3n2)cn1,8.823908740944319,2,0.0,32
YLEHYKBGICBNST-UHFFFAOYSA-N,CHEMBL5437925,Nc1ccccc1NC(=O)c1ccc(Cn2nc(-c3ccc(OC(F)(F)F)cc3)ccc2=O)cc1,6.0988687486446285,1,0.0,35
YLGBRUQGBLZQNQ-UHFFFAOYSA-N,CHEMBL4226433,O=C(CCCCCNC(=O)c1cc(-c2ccc(F)cc2)[nH]n1)NO,7.180456064458131,1,0.0,24
YLGJWKGSZVBOQT-UHFFFAOYSA-N,CHEMBL5405937,COc1cc(F)c(N=Nc2c(F)cc(C=CC(=O)NO)cc2F)c(F)c1,7.060739102249396,2,0.4137342758552691,26
YLHXBAYJVIMROT-UHFFFAOYSA-N,CHEMBL5273465,O=C1CN(Cc2ccc(C(=O)NO)cc2)C(=O)C(Cc2ccccc2)N1,5.112580997008092,2,0.06017301312127721,26
YLILLKZMOQFEPM-UHFFFAOYSA-N,CHEMBL4084736,O=C(CCCCN1C(=O)C(CS)N=C(c2ccccc2)c2ccccc21)NO,6.337242168318426,1,0.0,28
YLMVVWJWKDSLGJ-UHFFFAOYSA-N,CHEMBL4776328,CCOc1cccc(-c2ccc3c(NC(=O)CCCCCCC(=O)NO)n[nH]c3c2)c1,8.67778070526608,1,0.0,31
YLMXYRPQVCWEQW-UHFFFAOYSA-N,CHEMBL472670,CC(C)CNCc1ccc(C(=O)Nc2cc(-c3ccccc3)ccc2O)cc1,6.954694646085796,2,0.007825337511956576,28
YLTSHRIOWGPEAZ-UHFFFAOYSA-N,CHEMBL6009664,CC(=O)NC1CCN(C(=O)Nc2cc(C3=CCCCC3)ccc2N)C1,5.515700160653214,1,0.0,25
YMGFKZMMMPLPMK-UHFFFAOYSA-N,CHEMBL5219006,CCC(=O)CCCCCC(NC(=O)C1CC12CCN(C)CC2)c1ncc(-c2ccc3nc(CC)ccc3c2)[nH]1,9.494850021680094,1,0.0,39
YMHZFVXMJBMNAT-UHFFFAOYSA-N,CHEMBL402208,Cc1cc(CN2CCC2)cnc1-c1ccc(C(=O)Nc2ccccc2N)cc1,7.669992299127241,1,0.0,28
YMIMLGQXEFPMRD-UHFFFAOYSA-N,CHEMBL5201509,Nc1nc(-c2ccco2)c2cnn(CCCc3ccc(C(=O)NO)cc3)c2n1,7.1904402853647325,1,0.0,28
YMJDCXLJLAMIMI-UHFFFAOYSA-N,CHEMBL5963325,CN1CCC(Nc2ncc(C(=O)Nc3cc(-c4ccccc4)ccc3N)cn2)CC1,8.096910013008056,1,0.0,30
YMJGCDMKYAKFCD-UHFFFAOYSA-N,CHEMBL2057826,[N-]=[N+]=NCc1cc(N=[N+]=[N-])cc(C(=O)Nc2cc(-c3ccccc3)ccc2N)c1,4.781918676479622,2,0.20827594242708258,29
YMNNNLPWLQITCS-UHFFFAOYSA-N,CHEMBL5935398,CC(C)(C)c1ccc(-c2nc3cc(C(=O)NO)ccc3s2)cc1,5.7447274948966935,1,0.0,23
YMUAAICTDYRNRC-UHFFFAOYSA-N,CHEMBL4579683,O=C(NO)c1ccc(Cn2c(=O)n(CCc3ccccc3)c(=O)c3ccc(F)cc32)cc1,5.026410376572743,2,0.0,32
YMUCOIMCZPBCPN-UHFFFAOYSA-N,CHEMBL6029999,CC(C)C(=O)Nc1cc(-c2cccs2)ccc1N,7.301029995663981,1,0.0,18
YMVJRNIIQPJFDZ-UHFFFAOYSA-N,CHEMBL3664065,CC(C)(C)C(=O)NCc1ccc(C(=O)Nc2cc(-c3cccs3)ccc2N)cc1,7.795880017344075,1,0.0,29
YMXDGRDDZMPLGQ-UHFFFAOYSA-N,CHEMBL5418509,Nc1ccccc1NC(=O)c1ccc(CNC(=O)c2nn(-c3ccc4c(c3)OCO4)nc2N)cc1,7.301029995663981,1,0.0,35
YMXMWIGWFRKZLN-UHFFFAOYSA-N,CHEMBL5087772,O=C(CCCCCCOc1ccc(-c2nc3ccc(-c4nc5ccccc5[nH]4)cc3[nH]2)cc1)NO,7.508638306165727,1,0.0,35
YNBGBSUCOIHSSU-UHFFFAOYSA-N,CHEMBL2347010,CC1C=C2C=CC(C)C(CCC3CC(O[Si](C)(C)C(C)(C)C)CC(=O)O3)C2C(OC(=O)Nc2ccc(-c3cn(CCCCCCC(=O)NO)nn3)cc2)C1,6.798602875679549,2,0.0,54
YNEGGDSVHOSXTA-UHFFFAOYSA-N,CHEMBL475316,COc1ccc(O)c(NC(=O)c2ccc(CNc3ccncc3)cc2)c1,5.0988687486446285,1,0.0,26
YNFJJYHIFCJIJD-UHFFFAOYSA-N,CHEMBL4248849,CCc1c2c(nc3ccc(O)cc13)-c1cc3c(c(=O)n1C2)COC(=O)C3(CC)OC(=O)CCCCCCCC(=O)NO,6.013228265733755,1,0.0,42
YNIILDXWEAAYTM-UHFFFAOYSA-N,CHEMBL5397759,COc1ccccc1-c1ccc(=O)n(Cc2ccc(C(=O)Nc3ccccc3N)cc2)n1,7.162411561764489,1,0.0,32
YNILVMHEPJDLIQ-UHFFFAOYSA-N,CHEMBL6047874,Fc1ccc2c(c1)N(Cc1ccc(-c3noc(C(F)(F)F)n3)cn1)CCO2,6.221848749616356,1,0.0,27
YNLUZYPJNLXXNQ-UHFFFAOYSA-N,CHEMBL4786504,COc1ccc(O)c(C(=O)NCCCCC(NC(=O)c2cncs2)c2ncc(-c3ccc4ccccc4c3)[nH]2)c1,6.698970004336019,1,0.0,40
YNNLGQPLZUUWST-UHFFFAOYSA-N,CHEMBL5269475,O=C(NO)c1ccc(S(=O)(=O)N2CCN(c3nc4ccccc4s3)CC2)cc1,5.318758762624412,1,0.0,28
YNOXQYPNBSQQEI-UHFFFAOYSA-N,CHEMBL4641682,CN1CC(C(=O)NC(CCCCCC(=O)c2ccon2)c2ncc(-c3ccccc3F)[nH]2)C1,10.048455006504028,2,0.09691001300805624,33
YNSYGZDKIGZQBY-UHFFFAOYSA-N,CHEMBL5764116,Cc1noc(C2CCC(=O)N2c2ccc(-c3noc(C(F)(F)F)n3)c(F)c2)n1,5.481486060122112,1,0.0,28
YNWLMVWHXKRQRH-UHFFFAOYSA-N,CHEMBL5399106,O=C(CCCCCCNC(=O)c1ncc(-c2ccc(Br)cc2)o1)NO,7.704432900037521,1,0.0,25
YNXNNJTYDYSDAY-UHFFFAOYSA-N,CHEMBL4241995,CCc1c2c(nc3ccc(OC(=O)N4CCN(C(=O)CCCCCC(=O)NO)CC4)cc13)-c1cc3c(c(=O)n1C2)COC(=O)C3(O)CC,4.865822892423234,1,0.0,48
YNXQVNCAJRXSAG-UHFFFAOYSA-N,CHEMBL4163120,CCOc1cc(C(C)(C)C)ccc1C1=NC(c2ccc(Cl)cc2)C(c2ccc(Cl)cc2)N1C(=O)NCCCCCCCC(=O)NO,6.568636235841012,1,0.0,46
YOAWFEZESIGDKM-UHFFFAOYSA-N,CHEMBL5085680,O=C(NO)c1ccc(C=Cc2ccnc(-c3ccsc3)c2)cc1,6.6777807052660805,1,0.0,23
YOCBGMVQRJHNRU-UHFFFAOYSA-N,CHEMBL5271471,CCC(=O)CCCCCC(NC(=O)C1CN(C)C1)c1ncc(-c2cc3ccccc3nc2OC)o1,8.769551078621726,1,0.0,35
YOCXDMADYDMZTB-UHFFFAOYSA-N,CHEMBL4634521,O=C(NO)c1ccc(NC(=O)C2(c3ccc(Br)cc3)CCOCC2)cc1,8.698970004336019,1,0.0,26
YOFSZHJBQOKORL-UHFFFAOYSA-N,CHEMBL3415621,N#Cc1ccc(N2CCC(Nc3ccc(C(=O)NO)cc3)C2=O)cc1,4.892790030352131,1,0.0,25
YOHLCDCODSEIAJ-UHFFFAOYSA-N,CHEMBL5219241,CCC(=O)CCCCCC(NC(=O)C1CC12CCN(C)CC2)c1ncc(-c2cnc3ncccc3c2)[nH]1,8.443697499232712,1,0.0,37
YOJHPSLHBFFDDL-UHFFFAOYSA-N,CHEMBL4778826,COc1ccc(C=CC(=O)c2nnn(-c3ccc(Cl)cc3)c2C)cc1OC,5.815308569182401,1,0.0,27
YONFXCGSVGYJHD-UHFFFAOYSA-N,CHEMBL5410666,COc1ccc(C2C(COC(=O)c3ccc(C(=O)NO)cc3)C(=O)N2c2cc(OC)c(OC)c(OC)c2)cc1O,6.809668301829708,1,0.0,40
YOUJBEUMZUGRMN-UHFFFAOYSA-N,CHEMBL5429376,CCCNNC(=O)c1ccc(Nc2ncc(C)c(Nc3cccc(S(=O)(=O)NC(C)(C)C)c3)n2)cc1,6.920818753952375,1,0.0,36
YOVLDSYJIOXDAH-UHFFFAOYSA-N,CHEMBL2442692,COc1cc(C2c3cc4c(cc3C(Nc3cccc(OCCCCCCCC(=O)NO)c3)C3COC(=O)C23)OCO4)cc(OC)c1O,7.4089353929735005,1,0.0,47
YOWRWYJROPLCDP-UHFFFAOYSA-N,CHEMBL4248226,COc1ccc2nc3cc(Cl)ccc3c(Nc3ccc(CCC(=O)NO)cc3)c2c1,7.1791420105603,1,0.0,30
YOZBUHUOLALVBS-UHFFFAOYSA-N,CHEMBL5201168,COc1ccccc1C(=O)N(CC(=O)NC(C)(C)C)Cc1ccc(C(=O)NO)cc1F,5.756961951313706,1,0.0,31
YPCLGECGBCKRJH-UHFFFAOYSA-N,CHEMBL4095143,CCOc1cc(NC(=O)CCCCCCC(=O)Nc2cc(-c3ccccc3)ccc2N)cc2c1OCC([N+](=O)[O-])=C2,6.747146969020107,1,0.0,41
YPFKJHJILXIYNQ-UHFFFAOYSA-N,CHEMBL514671,Nc1ccccc1NC(=O)c1ccc(CNCOC(=O)c2cccnc2)cc1,6.6084772139426535,2,0.9554178673472595,28
YPPHKOZBXPGXBA-UHFFFAOYSA-N,CHEMBL4064933,COc1cc(OC)c2c(=O)[nH]c(-c3cc(C)c(OCc4ccc(C=CC(=O)NO)cc4)c(C)c3)nc2c1,6.690369832574101,1,0.0,37
YPQLIUUIFIBXNV-UHFFFAOYSA-N,CHEMBL2312465,Nc1ccccc1NC(=O)c1ccc(CNc2nccc(-c3cnc4ccccn34)n2)cc1,7.275724130399211,1,0.0,33
YPQXVNKTJNZZFB-UHFFFAOYSA-N,CHEMBL2407723,Nc1ccccc1NC(=O)c1ccc(CNC2=NCC(c3ccccc3)S2)cc1,6.259637310505756,1,0.0,29
YPSGIJIWXCMWLZ-UHFFFAOYSA-N,CHEMBL4442544,COc1ccc2c(c1)C(=CC(=O)NCc1ccc(C(=O)Nc3ccc(F)cc3N)cc1)NC2=O,7.014124642691606,1,0.0,34
YPSQQRVXHGHJKA-UHFFFAOYSA-N,CHEMBL4442777,O=C(NO)c1ccc(Cn2c(=O)n(CCc3cccc(F)c3)c(=O)c3ccccc32)cc1,4.8804142250382165,2,0.0,32
YPVQMGFRLQGFKR-UHFFFAOYSA-N,CHEMBL5985417,O=C1COCC(c2ccccc2)N1c1ccc(-c2noc(C(F)(F)F)n2)cc1F,6.4089353929735005,1,0.0,29
YPXRCUVTZDXVHY-UHFFFAOYSA-N,CHEMBL4532398,CC1CN(C(=O)Nc2ccc(-c3nc(N4CCOCC4)c4cnn(CCCCCCC(=O)NO)c4n3)cc2)CCO1,9.721246399047171,1,0.0,41
YPXXHURYIWPWFC-UHFFFAOYSA-N,CHEMBL566873,CCC(=O)CCCCCC1NC(=O)C(Cc2ccccc2)NC(=O)CC(CC(C)C)NC(=O)C(Cc2c[nH]c3ccccc23)NC1=O,7.327902142064282,1,0.0,47
YQCJXICGINBQLU-UHFFFAOYSA-N,CHEMBL5936289,CCCCNNC(=O)c1ccc(-c2cc(C(=O)OCC)ccc2F)cc1,5.886056647693163,1,0.0,26
YQEOLWSMXGNTKB-UHFFFAOYSA-N,CHEMBL4556817,O=C(C=Cc1ccc2c(c1)C(=O)c1ccccc1C2=O)NO,5.513003111568177,1,0.0,22
YQFMZVJORWNYGZ-UHFFFAOYSA-N,CHEMBL5639636,Nc1ccccc1NC(=O)CCCCCCNC(=O)c1ccc(NC(=O)Nc2ccc(-c3nc(OC4CCOC4)nc(N4CCOCC4)n3)cc2)cc1,6.660151216962364,1,0.0,53
YQGOBRNMINVFFR-UHFFFAOYSA-N,CHEMBL3339012,O=C(CCCCC(=O)Nc1cc2c(Nc3ccc(Cl)c(C(F)(F)F)c3)ncnc2s1)NO,6.661344334421299,1,0.0,32
YQHCRDNLHGZOFE-UHFFFAOYSA-N,CHEMBL5987197,CCc1ccc(-c2nc3ccc(C(=O)NO)cc3[nH]2)cc1,5.187086643357144,1,0.0,21
YQHUBFALFNTCIB-UHFFFAOYSA-N,CHEMBL5416264,O=C(NO)c1ccc(CNC(=O)c2ccnc(-c3ccc(C(F)(F)F)cc3)c2)cc1,8.360513510731414,1,0.0,30
YQIPSZXUSOVGKH-UHFFFAOYSA-N,CHEMBL5284583,CCCCCCNNC(=O)c1ccc(Br)cc1,4.988429556402722,2,0.0,17
YQIUEFYLVYXQBT-UHFFFAOYSA-N,CHEMBL4087376,CCCOc1ccc2cc(C(=O)NCc3ccc(C(=O)Nc4ccccc4N)cc3)c(=O)oc2c1,6.060480747381382,1,0.0,35
YQIZKZRSWQOFHW-UHFFFAOYSA-N,CHEMBL4636523,COc1ccc(C2(C(=O)Nc3ccc(C(=O)NO)cc3)CCCCC2)cc1-c1cn[nH]c1,8.522878745280337,1,0.0,32
YQLQCIOXDXYBHW-UHFFFAOYSA-N,CHEMBL2048755,O=C(C=Cc1ccc2c(ccn2Cc2ccccc2)c1)NO,7.147520006363144,1,0.0,22
YQMBYLRCFCVVDR-UHFFFAOYSA-N,CHEMBL5187984,C#CCN(C)CCCOc1cc(NC(=O)CCCCCCCC(=O)NO)ccc1Cl,5.636388020107855,1,0.0,30
YQNFTLWFHLMMFV-UHFFFAOYSA-N,CHEMBL5556398,COc1ccc(-c2nc3ccccc3s2)cc1OCCCCCCC(=O)NO,6.954677021213342,1,0.0,28
YQPSZFIHNFUWOE-UHFFFAOYSA-N,CHEMBL2381754,Cc1ccc(Cn2cc(CCCCC(=O)NO)nn2)cc1,6.356547323513812,1,0.0,21
YQPXTBYQPWQDNB-UHFFFAOYSA-N,CHEMBL5931858,Cc1ncc(-c2ccc(N)c(NC(=O)N3Cc4cn(C)nc4C3)n2)s1,5.560667306169737,1,0.0,25
YQQXRICUYUENNK-UHFFFAOYSA-N,CHEMBL6191199,O=C(CCCCCOc1cc2ncnc(Nc3cccc(Cl)c3)c2c2c1OCCO2)NO,6.92299567320665,1,0.0,32
YQRXPWCMASXVHY-UHFFFAOYSA-N,CHEMBL4060174,C#Cc1cccc(Nc2ncnc3cc(NC(=O)CCCCCCC(=O)NO)sc23)c1,7.525638023967369,1,0.0,31
YQWACWPRBYLIMU-UHFFFAOYSA-N,CHEMBL5595751,COc1ncc(-c2cc(OCCCCCCC(=O)Nc3ccccc3N)c3ncnc(C)c3c2)cc1F,6.392544976785331,1,0.0,37
YQXILKJGVOJFGC-UHFFFAOYSA-N,CHEMBL3648316,Cn1c(CN(Cc2ccccc2)Cc2ccccc2)nc2cc(C=CC(=O)NO)ccc21,6.707743928643524,3,0.0,32
YRIDWNXYEOZNIQ-UHFFFAOYSA-N,CHEMBL524193,NS(=O)(=O)NCCCCC(NC(=O)OCc1ccccc1)c1nc2cc(-c3cccs3)ccc2[nH]1,6.698970004336019,1,0.0,35
YRLLWXIGAGZKFP-UHFFFAOYSA-N,CHEMBL5266615,CCCCNNC(=O)c1ccc(F)cc1,4.87942606879415,3,0.1843618868856014,15
YRQDOHHBEDNHPD-UHFFFAOYSA-N,CHEMBL5427151,O=C(CN1CCc2c(oc3cc(O)ccc23)C1)Nc1ccc(C(=O)NO)cc1,8.721246399047171,1,0.0,28
YRQZWNKWLHCBGF-UHFFFAOYSA-N,CHEMBL6147658,Cc1c(F)c(N)cc(C(=O)Nc2cc(-c3ccc(NC(=O)CCCCC(=O)NO)cc3)ccc2N2CCN(C)CC2)c1Cl,6.0467236633326955,1,0.0,43
YRRBSCMVOZIHKD-UHFFFAOYSA-N,CHEMBL4762512,O=C(NO)c1ccc(CN2C(=O)c3ccccc3C2=O)cc1,6.769551078621726,1,0.0,22
YRRVLBINSXVLFM-UHFFFAOYSA-N,CHEMBL4060201,O=C(CCCCCCn1cc(-c2ncnc3[nH]ccc23)cn1)NO,8.161150909262744,1,0.0,24
YRUAJZFECDBHMT-UHFFFAOYSA-N,CHEMBL4790998,COc1cc(OC)c2c(N3CCS(=O)(=O)CC3)nc(-c3cc(C)c(OCCCCCC(=O)NO)c(C)c3)nc2c1,7.001697059901459,1,0.0,40
YSAJLBSZOVKZCD-UHFFFAOYSA-N,CHEMBL4799406,O=C(NO)c1ccc(CN2C(=O)c3cccc(F)c3C2=O)cc1-c1ccccc1,4.568636235841013,1,0.0,29
YSBMOVWOMZDAAB-UHFFFAOYSA-N,CHEMBL5999474,O=S1(=O)CCN(S(=O)(=O)N(Cc2ccc(-c3nnc(C(F)F)o3)cn2)c2ccc(F)c(Cl)c2)CC1,7.638272163982407,1,0.0,35
YSDMFFBPTVKIEB-UHFFFAOYSA-N,CHEMBL4094099,O=C(C=C(CO)c1ccccc1)c1ccccc1,5.562249437179612,3,0.12809725585313014,18
YSHAULCJPNNZNY-UHFFFAOYSA-N,CHEMBL2413316,CCN(Cc1ccccc1)Cc1ccc(C=CC(=O)NO)o1,5.26440110030182,2,0.0,22
YSJBWHBYAVHAIM-UHFFFAOYSA-N,CHEMBL3664123,O=C(Nc1cc(-c2ccccc2)ccc1O)c1ccc(CNCCCc2ccncc2)cc1,7.0,1,0.0,33
YSMHLCHOLBSELW-UHFFFAOYSA-N,CHEMBL3648274,O=C(C=Cc1ccc2c(c1)N(Cc1ccccc1)C(CCc1ccccc1)N2)NO,5.943095148663527,1,0.0,30
YSPGBJRPVIZZKX-UHFFFAOYSA-N,CHEMBL3655918,O=C(NO)c1cnc(NCc2ccccc2)nc1,7.113509274827518,1,0.0,18
YSPSYEXGYSDGGD-UHFFFAOYSA-N,CHEMBL5424063,Cc1ccc(-c2cc(C(=O)NCc3ccc(C(=O)NO)cc3)cnc2-c2ccc(C)cc2)cc1,7.128368695462447,1,0.0,34
YSQNJKVHVWRCPW-UHFFFAOYSA-N,CHEMBL3593411,CC(C)C1NC(=O)C2(C)CSC(=N2)c2ccnc(c2)CNC(=O)CC(C=CCCS)OC1=O,8.657577319177793,1,0.0,33
YSRJTYFSYLRCTK-UHFFFAOYSA-N,CHEMBL5746970,Nc1ccccc1NC(=O)C=Cc1cnn(-c2ccccc2)c1,5.522878745280337,2,0.0,23
YSTZYFSMFFDQMZ-UHFFFAOYSA-N,CHEMBL2442796,COc1cc(C2c3cc4c(cc3C(Nc3ccccc3OCCCCC(=O)NO)C3COC(=O)C23)OCO4)cc(OC)c1O,6.432973633840939,1,0.0,44
YSVHBZUCKZIXOW-UHFFFAOYSA-N,CHEMBL2047678,NN=C(Cc1ccc(O)c(Br)c1)C(=O)NCCSSCCNC(=O)C(Cc1ccc(O)c(Br)c1)=NN,5.214670164989233,1,0.0,36
YSVLGQXWFADGQY-UHFFFAOYSA-N,CHEMBL5414971,O=C(CCCCCCNC(=O)c1ccc(-c2cn(CCCCCCOCCOCCNC(=O)CC34CC5CC(CC(C5)C3)C4)nn2)cc1)NO,6.4560560575170935,1,0.0,50
YTAMGIWDCVLZAA-UHFFFAOYSA-N,CHEMBL5203635,CC1(C)C(=O)N(c2ccc(C#N)c(C(F)(F)F)c2)C(=S)N1c1ccc(C(=O)Nc2cc(-c3ccccc3)ccc2N)cc1,5.2247537402597635,1,0.0,43
YTDUCQMJOZQPSD-UHFFFAOYSA-N,CHEMBL3664137,Nc1ccc(-c2cccs2)cc1NC(=O)c1ccc(CNCC(=O)O)cc1,7.468521082957745,1,0.0,27
YTEDLDZSZVMYSV-UHFFFAOYSA-N,CHEMBL4459443,COc1ccc(S(=O)(=O)N2CCc3cccc(NCc4ccc(C(=O)Nc5ccccc5N)cc4)c32)cc1,6.655607726314889,1,0.0,38
YTHCNWGNNQPNQS-UHFFFAOYSA-N,CHEMBL5171018,Nc1ccccc1NC(=O)c1ccc(CN2CCCC(=Cc3ccc4ccccc4c3)C2=O)cc1,6.159580222263514,1,0.0,35
YTHRBLRSHNEQKN-UHFFFAOYSA-N,CHEMBL5178408,COc1cc(OC)cc(N(CCNC(C)C)c2ccc3ncc(-c4cnn(CCCCC(=O)NO)c4)nc3c2)c1,7.721246399047171,1,0.0,40
YTKQTIIUGGSHHW-UHFFFAOYSA-N,CHEMBL5924419,CC(C)(C)OC(=O)C1CCC(=O)N1c1ccc(-c2noc(C(F)(F)F)n2)cc1F,6.366531544420413,1,0.0,29
YTKUWDBFDASYHO-UHFFFAOYSA-N,CHEMBL487253,Cn1c(CCCC(=O)O)nc2cc(N(CCCl)CCCl)ccc21,7.884775539310863,2,0.2304489213782741,23
YTMXNALITJPBCC-UHFFFAOYSA-N,CHEMBL5839873,O=C(NO)c1ccc(CN2CCSc3ccccc32)cc1,5.1004530689091325,1,0.0,21
YTNXWWYNXWSBMK-UHFFFAOYSA-N,CHEMBL5081200,Cc1ccc(-c2cc(C=Cc3ccc(C(=O)NO)cc3)ccn2)cc1,6.017728766960431,1,0.0,25
YTSGDLLYZKOIJW-UHFFFAOYSA-N,CHEMBL4516302,COc1cccc(CNCc2ccc(C=CC(=O)NO)cc2)c1OC,6.220403508742176,1,0.0,25
YTXNHWRLATWZPO-UHFFFAOYSA-N,CHEMBL4849884,COc1cccc2c1CCN(Cc1ccc(C(=O)NO)cc1)CC2,6.09799710864927,1,0.0,24
YTZHQPHGROTYTO-UHFFFAOYSA-N,CHEMBL3220924,CC(=O)N1c2ccc(-c3ccccc3)cc2C(NC(=O)CCCCCCC(=O)NO)CC1C,7.301029995663981,1,0.0,33
YUAKVYNOFMVTES-UHFFFAOYSA-N,CHEMBL3775072,Cc1nc2c(c(N(C)c3ccc(OCCCCCC(=O)NO)cc3)n1)CCC2,6.920818753952375,1,0.0,28
YUCXSZPBHQZJQN-UHFFFAOYSA-N,CHEMBL5957701,Fc1cc(COc2cnc3c(c2)COC3)ccc1-c1noc(C(F)(F)F)n1,5.823908740944319,1,0.0,27
YUDJFSRXZHYHCF-UHFFFAOYSA-N,CHEMBL5192796,O=C(NO)c1ccc(CN2CCN(Cc3ccccc3)CC2)cc1,4.982966660701219,1,0.0,24
YUDMNBGWEUOHDH-UHFFFAOYSA-N,CHEMBL2022823,O=C(NC(CCCCCCSSc1ccccn1)C(=O)Nc1cccc2ccccc12)OCc1ccccc1,7.185752404268079,1,0.0,39
YUFUQGVGQVLYSU-UHFFFAOYSA-N,CHEMBL5181667,CCCCN(Cc1ccc(C(=O)NNCC)cc1)C(=O)c1ccccc1,5.896196279044043,1,0.0,26
YUHUPSKIIPKIKJ-UHFFFAOYSA-N,CHEMBL3652242,O=C(NO)c1cnc(Nc2cccc(C(F)(F)F)c2)nc1,6.653647025549361,1,0.0,21
YUHYTKLTGJPZMG-UHFFFAOYSA-N,CHEMBL5796825,Fc1c(-c2noc(C(F)(F)F)n2)ccnc1OCc1nc(C2CC2)no1,5.823908740944319,1,0.0,26
YUNJSGFFIOHCFR-UHFFFAOYSA-N,CHEMBL4160833,CS(=O)(=O)Nc1ccc(-c2ccnc(Nc3ccc(N4CCC(C(=O)NCCCCCC(=O)NO)CC4)cc3)n2)cc1,6.455931955649724,1,0.0,42
YUPQRQODNQWBFF-UHFFFAOYSA-N,CHEMBL5433525,Nc1ccccc1NC(=O)c1ccc(CNC(=O)c2nn(-c3ccc4ncccc4c3)nc2N)cc1,7.431798275933005,1,0.0,36
YUQDNCUSPMHZPU-UHFFFAOYSA-N,CHEMBL5409479,COc1ccc2c3c(oc2c1)CN(CCCC(=O)NO)CC3,6.160962126611694,1,0.0,22
YUQFJWYELUHKAL-UHFFFAOYSA-N,CHEMBL4170168,N#CCNC(=O)c1ccc(-c2ccnc(Nc3ccc(N4CCC(C(=O)Nc5ccccc5N)CC4)cc3)n2)cc1,5.769551078621726,1,0.0,41
YUQKZARLBONGOS-UHFFFAOYSA-N,CHEMBL5169828,Cc1ccc(-c2nc(N)nc3c2cnn3CCCCCCC(=O)NO)o1,8.657577319177793,1,0.0,26
YUQOPOSXZAPAHJ-UHFFFAOYSA-N,CHEMBL4573804,COc1cccc(CNCc2ccc(C=CC(=O)NO)cc2)c1,6.334419008982047,1,0.0,23
YURJZODGZORJTC-UHFFFAOYSA-N,CHEMBL5433683,CCC(C(=O)Nc1ccc(C(=O)Nc2ccccc2N)nc1)c1ccccc1,6.493494967595128,1,0.0,28
YUXALDSNHVMDFU-UHFFFAOYSA-N,CHEMBL4059703,O=C(C=Cc1ccc(NCCCn2cc(-c3ncnc4[nH]ccc34)cn2)cc1)NO,5.576754126063192,1,0.0,30
YVDHMFIIZSEMKV-UHFFFAOYSA-N,CHEMBL2018297,Cc1cc(C)c2c3c(n(Cc4ccc(C(=O)NO)cc4)c2c1)CCN(C)C3,4.987162775294828,1,0.0,27
YVDXRXANWFCSPY-UHFFFAOYSA-N,CHEMBL5916787,Cc1nc2cc(C=CC(=O)NO)ccc2n1C,5.732828271596986,2,0.0,17
YVLBUPXOCBVXFQ-UHFFFAOYSA-N,CHEMBL4533192,O=C(CCCCCCNC(=O)c1c(-c2ccc(O)cc2)sc2cc(O)ccc12)NO,6.4997222292669505,2,0.5499369780143732,30
YVLUDPFAHVPIBZ-UHFFFAOYSA-N,CHEMBL5290601,O=C(NO)c1ccc(Cn2cnc(-c3ccccc3)n2)nc1,6.3655227298392685,1,0.0,22
YVNLCCNCSKBEJS-UHFFFAOYSA-N,CHEMBL5273721,Cn1cc(C(=O)N2CCN(Cc3ccc(C(=O)NO)cc3)CC2)c2ccccc21,5.661543506395395,1,0.0,29
YVNZYSGUYVVTLL-UHFFFAOYSA-N,CHEMBL3885367,COc1ccc2c(c1)c(CC(=O)NCCCCCCC(=O)NO)c(C)n2C(=O)c1ccc(Cl)cc1,6.008773924307505,1,0.0,35
YVQTUJURYNURET-UHFFFAOYSA-N,CHEMBL6151269,CCCNNC(=O)CCCCn1c2cc3c(cc2c2[nH]c(=O)c4ccccc4c21)OCO3,6.1938200260161125,1,0.0,32
YVQXATPGALYVDI-UHFFFAOYSA-N,CHEMBL4872186,CCCCC(NC(=O)C(C)c1c(C)[nH]c2ccc(OC)cc12)c1ncc(-c2cc3ccccc3nc2OC)[nH]1,7.327902142064282,1,0.0,39
YVQZYMNMURBHGT-UHFFFAOYSA-N,CHEMBL5412747,Cc1cccc(-c2cnc(C(=O)NCCCCCCC(=O)NO)s2)c1,7.175743962370317,1,0.0,25
YVVUNRMBZMUVGH-UHFFFAOYSA-N,CHEMBL475861,NS(=O)(=O)NCCCCC(NC(=O)OCc1ccccc1)C(=O)Nc1nc2ccccc2s1,5.346787486224656,1,0.0,33
YWADPANXHLDVLC-UHFFFAOYSA-N,CHEMBL5850813,Nc1ccc(-c2cccs2)cc1NC(=O)OCC1CCOC1,6.255707016877324,1,0.0,22
YWCBGNXCEUIIHB-UHFFFAOYSA-O,CHEMBL4761829,CC[N+]1=C(C=CC2=C3Oc4cc(O)cc(OCCCCCCCC(=O)NO)c4C=C3CCC2)C(C)(C)c2ccccc21,6.443697499232712,1,0.0,42
YWCXMWSNUBXLRA-UHFFFAOYSA-N,CHEMBL3664124,CN1CCC(CNCc2ccc(C(=O)Nc3cc(-c4ccccc4)ccc3O)cc2)C1,6.7447274948966935,1,0.0,31
YWDFWFMWCOUZSK-UHFFFAOYSA-N,CHEMBL4590525,CCNC(=O)c1cccc(CN(C(=O)CCCCCC(=O)NO)c2ccc(OC)cc2)c1,8.657577319177793,1,0.0,32
YWFAZNBZGCWSIM-UHFFFAOYSA-N,CHEMBL5953614,Cc1nc2cc(F)ccc2n1Cc1ccc(-c2noc(C(F)(F)F)n2)cc1F,5.795880017344075,1,0.0,28
YWJXSGWTOQPDJC-UHFFFAOYSA-N,CHEMBL6168431,CN1CCC2(CC1)C(=O)N(Cc1c(F)cc(C(=O)NO)cc1F)CN2c1ccccc1,5.214577620288486,1,0.0,31
YWKVUIZHAYBTCW-UHFFFAOYSA-N,CHEMBL259027,O=C(Nc1ccc2sc(C(=O)NO)cc2c1)c1ccccc1,6.972650392225244,1,0.0,22
YWLODHBZGDDQGE-UHFFFAOYSA-N,CHEMBL6160121,Cc1c(F)c(N)cc(C(=O)Nc2cc(-c3ccc(C(=O)NCCCC(=O)NO)cc3)ccc2N2CCN(C)CC2)c1Cl,4.987162775294828,1,0.0,42
YWQDVSVHQRGZDI-UHFFFAOYSA-N,CHEMBL5751647,O=C1CCCC(c2ccccc2)N1c1ccc(-c2noc(C(F)(F)F)n2)cc1,6.3872161432802645,1,0.0,28
YWSALSKBBBBCFM-UHFFFAOYSA-N,CHEMBL4092104,Nc1ccccc1NC(=O)c1ccc(CCn2cc(-c3cccnc3)nn2)cc1,6.7447274948966935,1,0.0,29
YWUJXZMRSZVDMK-UHFFFAOYSA-N,CHEMBL5416448,O=C(CCCCCCNC(=O)c1ncc(-c2ccccc2)o1)NO,7.438660058541099,1,0.0,24
YWUZBMQIHVBZIH-UHFFFAOYSA-N,CHEMBL4854716,COc1ccc(Br)c2c1CCN(Cc1ccc(C(=O)NO)cc1)CC2,6.414539270491499,1,0.0,25
YWXHMUDIHPQFMB-UHFFFAOYSA-N,CHEMBL3593308,Nc1ccccc1NC(=O)c1ccc(CNC(=O)C=Cc2c[nH]c3ccccc23)cc1,6.920818753952375,1,0.0,31
YWYZSTJJOZEEKF-UHFFFAOYSA-N,CHEMBL3415445,O=C(NO)c1ccc2c(c1)CC(Nc1nccc(-c3cccnc3)n1)CN2,5.001740661576301,1,0.0,27
YXFFUVZHXPGVBV-UHFFFAOYSA-N,CHEMBL3664092,O=C(Nc1cc(-c2ccccc2)ccc1O)c1ccc(CNc2ccccc2)cc1,7.050609993355087,1,0.0,30
YXSLDJJKDNACFM-UHFFFAOYSA-N,CHEMBL4080754,Nc1ccc(CNC(=O)Nc2ccc(C(=O)Nc3ccccc3N)cc2)cn1,6.481486060122112,1,0.0,28
YXVLILKKQGPUST-UHFFFAOYSA-N,CHEMBL5951388,FC(F)(F)c1nc(-c2ccc(COc3ccc4cnccc4n3)nc2)no1,6.055517327849831,1,0.0,27
YXVLIVOYJOSCJS-UHFFFAOYSA-N,CHEMBL2018449,NC(=O)CCCN1CCc2c(c3ccccc3n2Cc2ccc(C(=O)NO)cc2)C1,5.127843727251707,1,0.0,30
YYARBGNAYGPNNS-UHFFFAOYSA-N,CHEMBL3577696,CN1c2ccc(NCc3ccc(-c4nnc(CCCCC(=O)NO)o4)cc3)cc2C(=O)N2CCc3c([nH]c4ccc(O)cc34)C21,7.031517051446065,1,0.0,45
YYASRQFJCZDIDW-UHFFFAOYSA-N,CHEMBL3655930,O=C(NO)c1cnc(NCc2ccccc2OC(F)(F)F)nc1,6.651695136951839,1,0.0,23
YYAZQUMKVCGPBV-UHFFFAOYSA-N,CHEMBL5087779,O=C(NO)c1ccc(C=Cc2cccc(-c3ccccc3O)c2)cc1,6.031517051446064,1,0.0,25
YYCYBNNSSJLEMA-UHFFFAOYSA-N,CHEMBL6165744,COc1ccc2c(c1)SC(=Cc1ccc(C(=O)Nc3ccccc3N)cc1)C2=O,6.197239738281265,2,0.24303804868629442,29
YYJQTOKVRNZEPY-UHFFFAOYSA-N,CHEMBL148769,COc1ccc(NC(=O)Nc2ccc(C=CC(=O)NO)cc2)cc1OC,6.318758762624412,1,0.0,26
YYSCXBPFYMVUDP-UHFFFAOYSA-N,CHEMBL3353925,O=C1CCC(C(=O)NC(CCCCCS)C(=O)Nc2ccccc2)N1,7.752922702990778,4,0.8903780214758061,25
YYTVHUNDYNUXIM-UHFFFAOYSA-N,CHEMBL5590745,O=C(CCCCCOc1ccc(-c2sc3cc(O)ccc3c2C(=O)c2ccc(OCCN3CCCCC3)cc2)cc1)NO,6.8794260687941495,1,0.0,43
YYUGEXCSSDWUML-UHFFFAOYSA-N,CHEMBL5614345,Nc1ccccc1NC(=O)c1ccc(S(=O)(=O)n2ccc3cc(OCCCN4CCCCC4)ccc32)cc1,6.614393726401688,1,0.0,38
YYYSPQNJJKOVAT-UHFFFAOYSA-N,CHEMBL5430119,O=C(CCCCNc1cc(N2CCCCCC2)nc(-c2ccccn2)n1)NO,6.149966742310231,1,0.0,28
YYYWGOIDHZOMLE-UHFFFAOYSA-N,CHEMBL3339018,O=C(CCCCCCC(=O)Nc1cc2c(Nc3ccc(I)cc3F)ncnc2s1)NO,8.204815410317575,1,0.0,31
YYZOAJKFLKRZAZ-UHFFFAOYSA-N,CHEMBL486149,CC(=O)CCCCCC(NC(=O)C1CCN(C)CC1)c1ncc(-c2ccc(F)cc2)[nH]1,6.42021640338319,1,0.0,31
YZAQOFYRVAMHTB-UHFFFAOYSA-N,CHEMBL5081273,Nc1ccccc1NC(=O)CCCCCCNc1nn2c(=O)c3cc(F)ccc3nc2c2ccccc12,6.889410289700751,1,0.0,37
YZKKZTIXDNMFHV-UHFFFAOYSA-N,CHEMBL4103874,CCOc1cc(NC(=O)CCCCCC(=O)Nc2ccccc2N)cc2c1OCC([N+](=O)[O-])=C2,6.5406075122407685,1,0.0,34
YZMMIKVAAIZQTM-UHFFFAOYSA-N,CHEMBL3415618,O=C(NO)c1ccc(NC2CCN(c3ccc(C(F)(F)F)cc3)C2=O)cc1,4.573488738635425,1,0.0,27
YZOYUIGUKNDCBL-UHFFFAOYSA-N,CHEMBL5967815,Nc1ccc(-c2cccs2)cc1NC(=O)NCC1CCNCC1,6.255707016877324,1,0.0,23
YZQSYKHLPBHLSR-UHFFFAOYSA-N,CHEMBL5182215,C#CCN(C)CCCOc1ccc(NC(=O)CCCCCCC(=O)NO)cc1Cl,6.853871964321762,1,0.0,29
YZRZYFOOSSKPAR-UHFFFAOYSA-N,CHEMBL5571546,O=C(NOCCN1CCCCC1)c1ccc(-c2noc(C(F)(F)F)n2)cc1,4.684029654543083,1,0.0,27
YZWYWVZSKGQILC-UHFFFAOYSA-N,CHEMBL3648279,CN(C)CC(C)(C)Cn1c(CCCc2ccccc2)nc2cc(C=CC(=O)NO)ccc21,7.1487416512809245,3,0.0,32
YZYHMGHWJJCRHB-UHFFFAOYSA-N,CHEMBL6074470,C=C1C(=O)OC2CC3(C)CCC(OC(=O)C(CC)NC(=O)c4ccc(C(=O)Nc5ccccc5N)cc4)C(=C)C3CC12,5.186398998322341,1,0.0,42
YZZVYZILMRVYML-UHFFFAOYSA-N,CHEMBL3648303,CC1Nc2cc(C=CC(=O)NO)ccc2N1C,5.732828271596986,1,0.0,17
ZAIULUYKQLVQFH-UHFFFAOYSA-N,CHEMBL277805,Nc1ccccc1NC(=O)CCCCCC(=O)Nc1ccccc1,6.701146923590294,2,0.0,24
ZAJUYUXIVKTGNR-UHFFFAOYSA-N,CHEMBL169352,Nc1ccccc1NC(=O)C=Cc1ccc(NS(=O)(=O)c2cccc3ccccc23)cc1,5.301029995663981,1,0.0,32
ZAKBEXUJXNNGOJ-UHFFFAOYSA-N,CHEMBL3601344,CCN(CC)CCn1ccc2ccc(NC(=O)CCCCCCC(=O)NO)cc2c1=O,7.161276809968628,1,0.0,31
ZAMUQCLCZMDPSF-UHFFFAOYSA-N,CHEMBL485967,CC(NC(=O)c1ccc(C(=O)C(F)(F)F)s1)c1cccc2ccccc12,6.080921907623926,1,0.0,26
ZASVWTCYZRUBTG-UHFFFAOYSA-N,CHEMBL3585968,O=C(CCCCCCc1nc(-c2cccnc2)no1)NO,7.096910013008056,1,0.0,21
ZAWQRGDTGGISGW-UHFFFAOYSA-N,CHEMBL6165393,O=C(NO)c1ccc(CN2CN(c3ccccc3)C3(CCN(C(=O)c4cccnc4)CC3)C2=O)c(F)c1,5.8335106816740545,1,0.0,37
ZBAGERLFPYNEGK-UHFFFAOYSA-N,CHEMBL5989744,CN1CCC(C(=O)Nc2cc(-c3cccs3)ccc2N)CC1=O,7.301029995663981,1,0.0,23
ZBBFNHDLHQDVMB-UHFFFAOYSA-N,CHEMBL471219,Nc1ccc(-c2cccs2)cc1NC(=O)c1ccc(N2CCC3(CCN(CC(=O)O)C3)CC2)nc1,7.769551078621726,1,0.0,35
ZBBYOERXFYPZCQ-UHFFFAOYSA-N,CHEMBL5555610,CCC(=O)CCCCCC1NC(=O)C2CCCN2C(=O)C(Cc2ccc(OCc3cn(CCCCNC(=O)Oc4cccc5c4C(=O)N(C4CCC(=O)NC4=O)C5=O)nn3)cc2)CCC(Cc2ccccc2)NC1=O,7.112945621949043,1,0.0,75
ZBCFZPLXMRZCKM-UHFFFAOYSA-N,CHEMBL6174915,CCCCCNNC(=O)c1ccc(CN(CC(=O)NCc2ccccc2)C(=O)c2ccc(N(C)C)cc2)cc1,7.187086643357144,1,0.0,39
ZBCTVJOKADNKNK-UHFFFAOYSA-N,CHEMBL4873711,COc1cc2c(NCC3CCN(c4ccc(C(=O)NO)cc4)CC3)cc(-c3ccc(C)o3)nc2cc1OCCCN1CCCC1,7.107905397309519,1,0.0,45
ZBHJSMCRRLKEMG-UHFFFAOYSA-N,CHEMBL5850137,Nc1ccc(-c2cccs2)cc1NC(=O)OCC1CNC1,4.755722879198157,1,0.0,21
ZBKIYZUDBOQUME-UHFFFAOYSA-N,CHEMBL5185889,O=C(NO)c1ccc(Cn2sc3ccccc3c2=O)cc1,6.6020599913279625,1,0.0,21
ZBKTZKKFSWSOOE-UHFFFAOYSA-N,CHEMBL4761880,Nc1ccccc1NC(=O)c1ccc(CNC(=O)c2n[nH]cc2NC(=O)c2c(Cl)cccc2Cl)cc1,5.1938200260161125,1,0.0,36
ZBLCOVKAEUNWGN-UHFFFAOYSA-N,CHEMBL2132717,CC1CN(C(C)CO)C(=O)Cc2cc(N(C)C)ccc2OC1CN(C)Cc1ccc(C(=O)Nc2ccccc2N)cc1,7.161150909262744,1,0.0,42
ZBORFGCCVMZRQH-UHFFFAOYSA-N,CHEMBL5418684,COc1cc(F)c(N=Nc2c(F)cc(C=CC(=O)Nc3ccccc3N)cc2Cl)c(Cl)c1,5.4089353929735005,1,0.0,32
ZBUVKZFJRCJJKF-UHFFFAOYSA-N,CHEMBL5618517,O=C(CCCCCCNc1nccc(-c2sc(-c3ccccc3)nc2-c2cccc(NS(=O)(=O)c3c(F)cccc3F)c2F)n1)NO,7.807153884811158,1,0.0,47
ZBYQBWHQMGPCBT-UHFFFAOYSA-N,CHEMBL4756537,O=C(NO)c1ccc(C2=Nc3ccccc3Oc3ccccc32)cc1,7.251037138743839,1,0.0,25
ZCAIUGLOTHAUQX-UHFFFAOYSA-N,CHEMBL4087616,CN1C(=O)C2CN(Cc3c2c2ccccc2n3Cc2ccc(C(=O)NO)cc2)C1=O,5.441291429466834,1,0.0,30
ZCBKPBFGBCCNRX-UHFFFAOYSA-N,CHEMBL481997,Nc1ccccc1NC(=O)c1ccc(CNc2ccnc(-c3cccnc3)n2)cc1,6.698970004336019,1,0.0,30
ZCBRRTZTUYZMRA-UHFFFAOYSA-N,CHEMBL5769281,Nc1ccc(-c2ccccn2)cc1NC(=O)c1ccc(N2CCNCC2)nc1,6.5934598195660445,2,0.0,28
ZCCQJRPGTUXMST-UHFFFAOYSA-N,CHEMBL258175,CC(C)N1CCN(Cc2cnc(-c3ccc(C(=O)Nc4ccccc4N)cc3)c(Cl)c2)CC1,7.880084589742009,1,0.0,33
ZCIBQKDQRYCXGB-UHFFFAOYSA-N,CHEMBL3601777,Cc1ccc(Nc2nccc3ccc(NCc4ccc(C(=O)NO)cc4)cc23)cc1,6.49048833778045,1,0.0,30
ZCJNQRRQDXSGEO-UHFFFAOYSA-N,CHEMBL99810,O=C(CCCCCCCC(=O)c1ccccc1)NO,6.8696662315049934,1,0.0,19
ZCJZGAMBGOPNSV-UHFFFAOYSA-N,CHEMBL4749183,Nc1cccc(F)c1C(=O)NCCCCC(NC(=O)c1cncs1)c1ncc(-c2ccc3ccccc3c2)[nH]1,7.3979400086720375,1,0.0,39
ZCKOUVRBFUQRTE-UHFFFAOYSA-N,CHEMBL5420194,COc1cc2c(cc1-c1c(C)noc1C)[nH]c1nc(C)nc(NCCCCCC(=O)Nc3ccc(C=CC(=O)NO)cc3)c12,5.958607314841775,1,0.0,44
ZCMJNOOBSKMLEM-UHFFFAOYSA-N,CHEMBL5903335,O=C1C(C2CCOCC2)NCC(c2cc(F)cc(F)c2)N1c1ccc(-c2noc(C(F)(F)F)n2)cn1,5.366531544420413,1,0.0,36
ZCQUKODSCJWNBV-UHFFFAOYSA-N,CHEMBL2371803,CCC(C)C1NC(=O)C(Cc2ccc(OC)cc2)NC(=O)C(CCCCSCC(=O)C(F)(F)F)NC(=O)C2CCCN2C1=O,7.3979400086720375,1,0.0,44
ZCSYZQQYWDNMCG-UHFFFAOYSA-N,CHEMBL3770606,O=C(NO)c1coc(-c2ccccc2Br)n1,4.645315446045271,1,0.0,16
ZCVBFVHTDQMQLA-UHFFFAOYSA-N,CHEMBL5191744,COc1cc(OC)cc(N(CCNC(C)C)c2ccc3ncc(-c4cnn(CCCCCCCCC(=O)NO)c4)nc3c2)c1,7.795880017344075,1,0.0,44
ZCYXDLXHKHCEIW-UHFFFAOYSA-N,CHEMBL5751427,CC(C)C(=O)N1CCC(C(=O)N(Cc2ccc(-c3noc(C(F)(F)F)n3)cc2)c2cccc(C(F)(F)F)c2)CC1,5.853871964321762,1,0.0,40
ZCZXFHBXRHZTID-UHFFFAOYSA-N,CHEMBL4097113,CCCNNC(=O)CCCCCCCNC(=O)C(Cc1c[nH]c2ccccc12)NC(=O)c1ccc(OC)cc1,7.277612905822876,1,0.0,39
ZDCFSPSFRJWQSO-UHFFFAOYSA-N,CHEMBL4642444,O=C(NO)c1ccc(NC(=O)C2(c3csc(-c4ccccc4Oc4ccccc4)n3)CCCC2)cc1,6.3655227298392685,1,0.0,36
ZDCXCXWGPDCDLY-UHFFFAOYSA-N,CHEMBL4461005,Cc1cc(C)cc(C(=O)N(CCC(=O)NCc2ccccc2)Cc2ccc(C(=O)NO)cc2)c1,6.891434976267165,1,0.0,34
ZDEMAYQXILUXCI-UHFFFAOYSA-N,CHEMBL3235790,N#CCc1ccc(-c2ccc(C=CC(=O)NO)cc2Cl)cc1C12CC3CC(CC(C3)C1)C2,4.314258261397736,1,0.0,32
ZDFDWEMVMSEXMG-UHFFFAOYSA-N,CHEMBL4633137,O=C(NO)c1ccc(NC(=O)C2(c3ccc(-c4cn[nH]c4)cc3)CCCC2)cc1,8.522878745280337,1,0.0,29
ZDHGLVMTPWCPNI-UHFFFAOYSA-N,CHEMBL1098042,O=C(C=Cc1cccc(-c2nc3ccccc3[nH]2)c1)NO,7.0,1,0.0,21
ZDLODVWVKREMMG-UHFFFAOYSA-N,CHEMBL3664041,Nc1ccc(-c2ccsc2)cc1NC(=O)c1ccc(CNC(=O)OCc2cccnc2)cc1,8.236572006437063,1,0.0,33
ZDMMFCDOFCJQAV-UHFFFAOYSA-N,CHEMBL6177652,O=C(NO)c1cc(F)c(CN2CN(c3ccccc3)C3(CCN(Cc4ccccc4)CC3)C2=O)c(F)c1,5.132267420041624,1,0.0,37
ZDRSRLVZCRYVJO-UHFFFAOYSA-N,CHEMBL3775581,Cc1nc2c(c(N(C)c3ccc(OCC(=O)NO)cc3)n1)CCC2,6.578396073130168,1,0.0,24
ZDXQXBYRSSKFPO-UHFFFAOYSA-N,CHEMBL5561494,O=C(NO)c1ccc(Cn2c3c(c4ccccc42)C(=O)CCC3)cc1,5.157093315551013,2,0.8295437808403952,25
ZDYJAMXLGSGWPK-UHFFFAOYSA-N,CHEMBL5818290,CC1(Nc2ccc(C(=O)Nc3cc(-c4cccs4)ccc3N)cc2)CCN(C(=O)N2CCNCC2)CC1,8.494850021680094,1,0.0,37
ZECYYPLQJFRHNB-UHFFFAOYSA-N,CHEMBL5589771,O=C(CCCCCCn1cc(Nc2cc(-c3cccc(NCc4cccc(F)c4)n3)c(Cl)cn2)cn1)NO,6.047207556955907,1,0.0,38
ZEOFRHGPIZLTSA-UHFFFAOYSA-N,CHEMBL480043,CN(C)CCOc1ccc(-c2ccnc(NCc3ccc(C(=O)Nc4ccccc4N)cc3)n2)cc1,6.920818753952375,1,0.0,36
ZEUKLCWTQPGKQK-UHFFFAOYSA-N,CHEMBL3689893,CCc1nc2cc(C=CC(=O)NO)ccn2c1CNC(C)(C)C,7.522878745280337,1,0.0,23
ZEWGQCOCULACFM-UHFFFAOYSA-N,CHEMBL6041066,Nc1cc(F)ccc1NC(=O)c1ccc(NC(=O)CC=Cc2cccnc2)cn1,6.42021640338319,1,0.0,29
ZEWRQBNFEANYQN-UHFFFAOYSA-N,CHEMBL5279294,Cc1noc(C)c1-c1ccc2c(c1)c(Cc1cccc(C(F)(F)F)c1)cn2CCCCCCC(=O)NO,7.508638306165727,1,0.0,37
ZEWXNYYVUCFHEP-UHFFFAOYSA-N,CHEMBL3287267,C=Cc1sc(-c2nccs2)nc1C(=O)NCCCCC(=O)NO,6.920818753952375,1,0.0,23
ZEXJCYMPNNOUIJ-UHFFFAOYSA-N,CHEMBL6167925,COc1ccc(CN(C(=O)CC2CCC(C(=O)Nc3ccccc3N)CC2)c2cc(OC)c(OC)c(OC)c2)cc1O,6.279840696594043,1,0.0,42
ZEYIZECLDRGABH-UHFFFAOYSA-N,CHEMBL3735736,CCC1OC(=O)C(C)C(=O)C(C)C(OC2OC(C)CC(N(C)Cc3ccc(-c4cn(CCCCCC(=O)NO)nn4)cc3)C2O)C(C)(OC)CC(C)C2=NCCN3C(=O)OC1(C)C3C2C,7.13608262304214,1,0.0,65
ZEYSTKPDYQCFTR-UHFFFAOYSA-N,CHEMBL5815233,CC(C)N1CCC(NCc2ccc(-c3noc(C(F)(F)F)n3)cn2)C1=O,5.356547323513812,1,0.0,26
ZEZRNDUSXIQAAE-UHFFFAOYSA-N,CHEMBL2408693,CC1N=C(c2ccccc2)c2cc(C#CCCCC(=O)NO)ccc2NC1=O,6.309803919971486,1,0.0,28
ZFCDNONWGMYBHA-UHFFFAOYSA-N,CHEMBL3828396,Nc1ccc(-c2ccc(F)cc2)cc1NC(=O)C1CCOCC1,7.419315998882513,2,0.2365720064370631,23
ZFGHUXHZSKBOPL-UHFFFAOYSA-N,CHEMBL3287023,O=C(CCCCNC(=O)c1csc(-c2nccs2)n1)NO,6.6777807052660805,1,0.0,21
ZFHKUMZZUYETHX-UHFFFAOYSA-N,CHEMBL6170755,CCCNNC(=O)CCCCCCn1c2cc3c(cc2c2ncc4ccccc4c21)OCO3,6.886056647693163,1,0.0,33
ZFRRLETZXXWQFL-UHFFFAOYSA-N,CHEMBL3656018,O=C(NO)c1cnc(NC2(c3cccc(F)c3)CCOCC2)nc1,6.4698003017969175,1,0.0,24
ZFUHYDTWQCCVDZ-UHFFFAOYSA-N,CHEMBL5852199,FC(F)Cn1nc(COc2cc(-c3noc(C(F)(F)F)n3)ccn2)cc1C1CC1,6.060480747381382,1,0.0,29
ZFXDDPBJDDKNMX-UHFFFAOYSA-N,CHEMBL1096022,CC(C)N(CCn1c(-c2cccc(C=CC(=O)NO)c2)nc2ccccc21)C(C)C,7.3979400086720375,1,0.0,30
ZGFHPIUMAKUOSR-UHFFFAOYSA-N,CHEMBL5206827,Cc1ccc(C=CC(=O)N2CCC3=C(C2)C(=O)N(Cc2ccc(C(=O)Nc4ccccc4N)cc2)C2=NCCN23)o1,6.423658649794207,1,0.0,41
ZGGJWZVPDXEPJW-UHFFFAOYSA-N,CHEMBL5899275,O=C(C1CC1c1cncnc1)N(Cc1ccc(-c2noc(C(F)(F)F)n2)cc1)c1cccc(C(F)(F)F)c1,6.026872146400301,1,0.0,38
ZGGMUNJMGPPDEV-UHFFFAOYSA-N,CHEMBL3664141,Cc1c(CNCc2ccc(C(=O)Nc3cc(-c4ccccc4)ccc3N)cc2)cnn1C,7.886056647693163,1,0.0,32
ZGISYTAPMAPSIK-UHFFFAOYSA-N,CHEMBL4753842,Cc1cc(F)cc(C)c1Oc1ccc(C(C)(C)O)cc1-c1cn(C)c(=O)c2[nH]c(C(=O)NCc3ccc(C(=O)NO)cc3)cc12,6.533428927613645,1,0.0,45
ZGJHEANAWDZXPK-UHFFFAOYSA-N,CHEMBL3650143,CC(=O)SCCC=CC1CC(=O)NC(C(C)C)C(=O)NC(C)C(=O)NC(C(C)C)C(O)CC(=O)O1,7.6649434805609085,1,0.0,35
ZGKVKLQBOOZORR-UHFFFAOYSA-N,CHEMBL5086750,CC=C1NC(=O)c2csc(n2)CNC(=O)CC(C=CCCSSCCCCCCC)OC(=O)C(CCCCN)NC1=O,8.236572006437063,1,0.0,42
ZGOTXZRPCUPVJX-UHFFFAOYSA-N,CHEMBL1835416,CC(C)(C)OC(=O)NC(Cc1ccccc1)C(=O)N1CC2(CC1C(=O)NCCCCCC(=O)NO)SCCS2,6.008773924307505,1,0.0,39
ZGSLECSJSRKRPV-UHFFFAOYSA-N,CHEMBL5209506,Cc1c(COc2ccc(CN(C)CCCC(=O)NO)c(F)c2)cccc1-c1ccccc1,5.304518323509802,1,0.0,32
ZGSZPKXLKCQHJL-UHFFFAOYSA-N,CHEMBL4072618,CSCCC1N=C(c2ccccc2)c2ccccc2N(CCCCC(=O)NO)C1=O,5.191789027075778,1,0.0,30
ZGVKFIQBGUKMJO-UHFFFAOYSA-N,CHEMBL2413317,CCCN(Cc1ccccc1)Cc1ccc(C=CC(=O)NO)o1,5.305394801066431,1,0.0,23
ZGYDQVJYONGOFO-UHFFFAOYSA-N,CHEMBL3827517,CN(Cc1nc2c(N3CCOCC3)nc(-c3ccncc3)nc2n1C)c1ncc(C(=O)NO)cn1,9.259637310505756,1,0.0,35
ZHEGDDFUTGGACK-UHFFFAOYSA-N,CHEMBL3798937,COc1ccc(C(=O)NO)cc1NC(=O)c1ccccc1Cl,5.017728766960431,1,0.0,22
ZHEUSEZPXXZXEX-UHFFFAOYSA-N,CHEMBL5428905,COc1ccc(N=Nc2ccc(C=CC(=O)Nc3ccccc3N)cc2)cc1,6.698970004336019,1,0.0,28
ZHFCNCRIUJDUAO-UHFFFAOYSA-N,CHEMBL4634357,O=C(NO)c1ccc(NC(=O)C2(c3ccccc3)CCCCC2)cc1,7.823908740944319,1,0.0,25
ZHFGKNZMFFXOAB-UHFFFAOYSA-N,CHEMBL5943553,CCN1CCN(S(=O)(=O)N(Cc2ccc(-c3nnc(C(F)F)o3)cc2F)c2ccccc2)CC1,7.376750709602099,1,0.0,34
ZHFOJPNMCGTQEH-UHFFFAOYSA-N,CHEMBL6147727,O=C(CCCCn1c2ccccc2c2[nH]c(=O)c3ccccc3c21)NO,7.013228265733755,1,0.0,26
ZHLCTGRNQUSXPM-UHFFFAOYSA-N,CHEMBL3689771,CCc1nc2ccc(C=CC(=O)NO)cn2c1NCCOC,5.221848749616356,1,0.0,22
ZHVCBNVDQBAPFE-UHFFFAOYSA-N,CHEMBL4445101,COc1ncc(-c2cc(OCCCCC(=O)NO)c3ncnc(C)c3c2)cc1NS(=O)(=O)c1ccc(F)cc1F,6.518557371497695,1,0.0,40
ZHVQXJZQHWNCES-UHFFFAOYSA-N,CHEMBL5195750,CC(c1ccccc1)N1CCN(Cc2ccc(C(=O)NO)cc2)CC1,5.173925197299173,1,0.0,25
ZHZNMLSEHSKXHB-UHFFFAOYSA-N,CHEMBL5266767,O=C(Nc1ccc(Oc2ccc(C(=O)c3ncc[nH]3)cc2)cc1)Nc1ccc(C(F)(F)F)c(Cl)c1,5.732828271596986,1,0.0,35
ZIAMUXVOAZMOPT-UHFFFAOYSA-N,CHEMBL4060342,CC(C)(C)SCC1N=C(c2ccccc2)c2ccccc2N(CCCCC(=O)NO)C1=O,5.097453220686009,1,0.0,32
ZICRFBBNRRXUCE-UHFFFAOYSA-N,CHEMBL4074698,O=C(CCCCCCC(=O)Nc1ccc(Nc2ncc3ncn(C4CCCC4)c3n2)cc1)NO,8.585026652029182,1,0.0,34
ZIGIOBQHJZYFPZ-UHFFFAOYSA-N,CHEMBL5898233,Cc1ncc2c(n1)CN(C(=O)Nc1nc(-c3ccc(F)cc3F)ccc1N)C2,5.560667306169737,1,0.0,28
ZIGQPBOOUNPPEC-UHFFFAOYSA-N,CHEMBL2047614,O=C(C=Cc1cn(-c2ccccc2)nc1-c1ccc(Br)cc1)Nc1ccc(Cl)cc1,5.525783735923745,1,0.0,30
ZIWCVDNPESBECY-UHFFFAOYSA-N,CHEMBL5572633,COc1ncc(-c2cc(OCCCCCCCCC(=O)Nc3ccccc3N)c3ncnc(C)c3c2)cc1F,6.489454989793388,1,0.0,39
ZJATWJWOZDFRKY-UHFFFAOYSA-N,CHEMBL6062628,O=C1Nc2ccccc2CC1NCc1ccc(-c2noc(C(F)(F)F)n2)cn1,6.0,1,0.0,28
ZJEARMCIZNTTEM-UHFFFAOYSA-N,CHEMBL5763295,O=C1COCC(c2ccccc2)N1c1ccc(-c2noc(C(F)(F)F)n2)c(F)c1,6.318758762624412,1,0.0,29
ZJJWJYGVPBLXEI-UHFFFAOYSA-N,CHEMBL5201487,Nc1ccccc1NC(=O)c1ccc(CN2CCCC(=Cc3ccc(Cl)c(C(F)(F)F)c3)C2=O)cc1,5.82564940252062,1,0.0,36
ZJKRLQSISRFCMR-UHFFFAOYSA-N,CHEMBL5088654,CN1c2ccc(F)cc2C(=O)N2CCc3c([nH]c4ccc(OCc5ccc(C(=O)Nc6ccccc6N)cc5)cc34)C21,7.508638306165727,1,0.0,42
ZJQCSPLCJRVKSH-UHFFFAOYSA-N,CHEMBL2012818,CCC(=O)CCCCCC1NC(=O)C(C)n2cc(nn2)C(C(C)CC)NC(=O)C(Cc2c[nH]c3ccccc23)NC1=O,7.6020599913279625,2,0.0,42
ZJQWHJDXKHHLEP-UHFFFAOYSA-N,CHEMBL3417210,COc1cc2c(c(OC)c1OC)-c1ccc(OC)c(=O)cc1C(NC(=O)c1ccc(C(=O)Nc3cc(-c4cccs4)ccc3N)cc1)CC2,5.649751981665837,1,0.0,49
ZJSJZYZFLWCJCG-UHFFFAOYSA-N,CHEMBL4643070,CC1COc2c(N3CCN(C)CC3)c(F)cc3c(=O)c(C(=O)OCc4cn(CCCCCCC(=O)NO)nn4)cn1c23,7.173925197299173,1,0.0,42
ZJVCXLZCRUTLMX-UHFFFAOYSA-N,CHEMBL5865684,Fc1cc(COc2cccc3c2CNCC3)ccc1-c1noc(C(F)(F)F)n1,5.251811972993799,1,0.0,28
ZJWSTYBTZXKCGE-UHFFFAOYSA-N,CHEMBL5561143,O=C(CN(C(=O)Cc1ccc(C(=O)NO)cc1)c1ccccc1)NCc1ccccc1,6.548213564475709,1,0.0,31
ZJXKOKMVKICMSU-UHFFFAOYSA-N,CHEMBL5205160,Nc1cc(F)ccc1NC(=O)c1ccc(CN2CCCC(=Cc3ccncc3)C2=O)cc1,5.599462010608054,1,0.0,32
ZKDXRRPJVSHVTP-UHFFFAOYSA-N,CHEMBL1095451,Cc1c(-c2ccccc2)nc(-c2cccc(C=CC(=O)NO)c2)n1CCc1ccccc1,8.301029995663981,1,0.0,32
ZKLRFRPPUKNLFC-UHFFFAOYSA-N,CHEMBL5173660,Cc1cc(C)c(CNC(=O)c2cc(-c3ccc(N4CCN(CCCCCCCCC(=O)NO)CC4)nc3)cc3c2cnn3C(C)C)c(=O)[nH]1,6.154901959985743,1,0.0,49
ZKRKGAGTPZTDTL-UHFFFAOYSA-N,CHEMBL6164663,Cc1c(N)cccc1-c1cn(Cc2ccc(C(=O)NO)cc2)c2ccc(C#N)cc12,7.920818753952375,1,0.0,30
ZKSQKXYNAYAFIG-UHFFFAOYSA-N,CHEMBL5092352,COc1ccc(-c2ncc(C(=O)NCCCCCCC(=O)NO)[nH]2)c(OC)c1,5.33161408331,1,0.0,28
ZKSVMCALLBTCSV-UHFFFAOYSA-N,CHEMBL3655979,O=C(NO)c1cnc(NC2(c3cc4ccccc4s3)CC2)nc1,7.886056647693163,1,0.0,23
ZKTHVCNGEPTNPA-UHFFFAOYSA-N,CHEMBL2018441,CC(C)N1CCc2c(c3ccccc3n2Cc2ccc(C(=O)NO)cc2)C1,4.804100347590766,1,0.0,27
ZKXWEXKHTOJSPU-UHFFFAOYSA-N,CHEMBL5431405,CC(c1ccc(C(=O)Nc2cc(F)c(F)cc2N)cc1)n1nc(-c2ccc(CN(C)C)cc2)ccc1=O,7.002613615602686,1,0.0,37
ZLBAKXHFMPRKNL-UHFFFAOYSA-N,CHEMBL387015,CC(=O)CCCCCC(NC(=O)C1CCN(C)C1)C(=O)NCCc1c(-c2ccccc2)[nH]c2ccccc12,6.657577319177793,3,0.9586073148417746,38
ZLEQWQDSHAKTHV-UHFFFAOYSA-N,CHEMBL487578,CC(=O)CCCCCC(NC(=O)C1CCN(C)CC1)c1ncc(-c2cccc(C#N)c2)[nH]1,6.318758762624412,1,0.0,32
ZLEUBTRYAAACNU-UHFFFAOYSA-N,CHEMBL5280540,O=C(NNCCC1CCCC1)c1ccc(Br)cc1,5.130768280269024,2,0.0,18
ZLJFPDJEZABMJB-UHFFFAOYSA-N,CHEMBL4870348,CNC(=O)CCCCCCCn1nc(-c2ccc3oc(N)nc3c2)c2c(N)ncnc21,8.602059991327963,1,0.0,31
ZLMHPLCYVOENBV-UHFFFAOYSA-N,CHEMBL4764787,COc1cc(CNc2nc(NCc3ccc(C(=O)Nc4ccccc4N)cc3)nc3[nH]ccc23)cc(OC)c1,6.795880017344075,1,0.0,39
ZLNCZGWFHOOUIH-UHFFFAOYSA-N,CHEMBL6029223,O=C(CN1CCOCC1)NC(Cc1ccc(-c2noc(C(F)(F)F)n2)cn1)c1cccc(C(F)(F)F)c1,5.958607314841775,1,0.0,37
ZLOHMUBFEMBXKD-UHFFFAOYSA-N,CHEMBL3664117,CN(Cc1ccc(C(=O)Nc2cc(-c3ccccc3)ccc2O)cc1)c1ccncc1,7.886056647693163,1,0.0,31
ZLQGJCXVOFYHBM-UHFFFAOYSA-N,CHEMBL4776127,O=C(NO)c1ccc(CN2Cc3ccccc3C2=O)cc1-c1ccccc1,5.0,1,0.0,27
ZLSLOZARWUIXQE-UHFFFAOYSA-N,CHEMBL4644387,CCC(=O)CCCCCC(NC(=O)C1CC12CCN(Cc1ccccc1)CC2)c1ncc(-c2cc3ccccc3nc2OC)[nH]1,8.698970004336019,1,0.0,45
ZLUDPFYCVKEKJM-UHFFFAOYSA-N,CHEMBL6020100,CC(C)N1CCN(S(=O)(=O)N(Cc2ccc(-c3nnc(C(F)F)o3)cc2)c2ccc(F)c(Cl)c2)CC1,6.317854923626168,1,0.0,36
ZLVOQVBLRICPSY-UHFFFAOYSA-N,CHEMBL3656014,O=C(NO)c1cnc(NC2(c3cc(C(F)(F)F)cc(C(F)(F)F)c3)CC2)nc1,6.982966660701219,1,0.0,28
ZLWNIOZDEQOURO-UHFFFAOYSA-N,CHEMBL4869232,C=CCn1c(SCc2ccc(C(=O)NO)cc2)nnc1-c1ccncc1,4.707743928643524,1,0.0,26
ZLYCLXZZARPMGZ-UHFFFAOYSA-N,CHEMBL4534004,COc1cc(-c2nc(NCc3ccc(C=CC(=O)NO)cc3)cc3c2[nH]c2ccccc23)cc(OC)c1OC,8.2518119729938,1,0.0,39
ZLZBJQSJXZRREI-UHFFFAOYSA-N,CHEMBL4636734,CN(C)c1ccc(C2(C(=O)Nc3ccc(C(=O)NO)cc3)CCCC2)cc1,8.397940008672037,1,0.0,27
ZMBHJBSAUSFPSX-UHFFFAOYSA-N,CHEMBL6055642,Cn1c(N(CCCCCCC(=O)NO)c2ccc(F)cn2)nc2ccccc21,6.1249387366083,1,0.0,28
ZMCBHRODQIFZFJ-UHFFFAOYSA-N,CHEMBL5596725,O=C(NO)c1ccc(CN2C(=O)C3CCCN3Cc3ccccc32)cc1,6.056505484093897,1,0.0,26
ZMIVXSPLTZNUFE-UHFFFAOYSA-N,CHEMBL3585977,Nc1ccccc1NC(=O)CCCCCCc1nc(-c2cccc([N+](=O)[O-])c2)no1,6.086186147616283,1,0.0,30
ZMJXCXWSJXRUAN-UHFFFAOYSA-N,CHEMBL4781501,CCCCCCNNC(=O)c1ccc(CNC(=O)C=Cc2ccccc2)cc1,7.089482327598056,2,0.0002134649745135775,28
ZMLNPAWZXIXVNO-UHFFFAOYSA-N,CHEMBL5796634,NC(=O)C(=O)Nc1cc(-c2cccs2)ccc1N,5.515700160653214,1,0.0,18
ZMMAYRMFTHYLHI-UHFFFAOYSA-N,CHEMBL4589605,Cn1c(SCc2ccc(C(=O)Nc3ccccc3N)cc2)nc2cc(Br)ccc2c1=O,6.537602002101044,1,0.0,31
ZMMMNGYWQCNCBK-UHFFFAOYSA-N,CHEMBL6160604,O=C(CCCCCCn1cc(-c2cc(Oc3ccc(NC(=O)Nc4ccc(C(F)(F)F)c(Cl)c4)cc3)ccn2)cn1)NO,6.217527375833714,1,0.0,43
ZMMZVMRJGIFSBY-UHFFFAOYSA-N,CHEMBL393060,O=C(CCCCCC(NC(=O)c1ccccn1)C(=O)Nc1ccc2ncccc2c1)NO,8.886056647693163,1,0.0,32
ZMNJSCJYCINTTD-UHFFFAOYSA-N,CHEMBL5566244,CC(COCCC(=O)N1CCN(c2ncc(OCc3ccc(C(=O)NO)cc3)cn2)CC1)Nc1cn[nH]c(=O)c1C(F)(F)F,6.565431095965801,1,0.0,44
ZMOWVIWTVNRRBC-UHFFFAOYSA-N,CHEMBL238568,Nc1ccccc1NC(=O)c1ccc(Cc2coc3ccccc3c2=O)cc1,7.522878745280337,1,0.0,28
ZMSNWDHVZIJTOX-UHFFFAOYSA-N,CHEMBL4445170,CNC(=O)c1cc(Oc2ccc(NC(=O)c3cccnc3)cc2)ccc1N,5.281498311132726,2,0.0,27
ZNEAUZIRLCKZIH-UHFFFAOYSA-N,CHEMBL5193403,Cc1ccc(-c2nc(N)nc3c2cnn3CCc2ccc(C(=O)Nc3ccccc3N)cc2)o1,6.897909474488163,1,0.0,34
ZNECSSTUELAIMK-UHFFFAOYSA-N,CHEMBL6165790,O=C(CCCCCCC(=O)NCC1CN(c2ccc(N3CCOCC3)c(F)c2)C(=O)O1)NO,5.4723700991286615,1,0.0,33
ZNFWUEMVXRQJAR-UHFFFAOYSA-N,CHEMBL5171850,CCCNNC(=O)c1cnc(NCc2ccccc2)nc1,6.6020599913279625,1,0.0,21
ZNKHCSORNQHLOY-UHFFFAOYSA-N,CHEMBL4741981,COc1cccc(-c2cn(C)c(=O)c3[nH]c(C(=O)NCc4ccc(C(=O)Nc5ccccc5N)cc4)cc23)c1,7.2636034977233574,1,0.0,39
ZNLHQQDRJSHUDJ-UHFFFAOYSA-N,CHEMBL5559070,CCCNNC(=O)c1ccc(CNC(=O)C=Cc2cccnc2)cc1,7.600326278518962,1,0.0,25
ZNNZLFUKMLGYQJ-UHFFFAOYSA-N,CHEMBL4174925,COc1cccc(-n2nc(C(=O)NCC(=O)NO)nc2-c2cc(OC)c(OC)c(OC)c2)c1,7.236572006437063,1,0.0,33
ZNPYRXUPOTYKKV-UHFFFAOYSA-N,CHEMBL5432574,O=C(CCCCCCNC(=O)c1ccc(NC(=O)CC23CC4CC(CC(C4)C2)C3)cc1)NO,6.71602071576152,1,0.0,33
ZNRZSMMDQXGEGA-UHFFFAOYSA-N,CHEMBL5173493,CCNNC(=O)c1ccc(CN2c3ccccc3C=Cc3ccncc32)cc1,5.815308569182401,1,0.0,28
ZNVPCIUEQCSSIG-UHFFFAOYSA-N,CHEMBL5190722,Cc1ccc(-c2nc(N)nc3c2cnn3CCCOc2ccc(C(=O)Nc3ccccc3N)cc2)o1,6.645891560852599,1,0.0,36
ZNXUJLQAZYXZIX-UHFFFAOYSA-N,CHEMBL4853791,Cn1c(SCc2ccc(C(=O)NO)cc2)nnc1-c1ccncc1,4.847711655616943,1,0.0,24
ZOAMWWAZQUCBSQ-UHFFFAOYSA-N,CHEMBL5559099,CC(COCCC(=O)N1CCC(Nc2ncc(C(=O)NO)cn2)CC1)Nc1cn[nH]c(=O)c1C(F)(F)F,6.362010219215314,1,0.0,37
ZODXZQWLLJYZDI-UHFFFAOYSA-N,CHEMBL5570427,COc1ncc(-c2cc(OCCCCCCCC(=O)Nc3ccccc3N)c3ncnc(C)c3c2)cc1F,6.675717544702307,1,0.0,38
ZOJRQCSQBNEQAE-UHFFFAOYSA-N,CHEMBL5995916,COc1ncccc1OCc1ccc(-c2noc(C(F)(F)F)n2)cn1,6.130768280269024,1,0.0,25
ZOMWRWDAADUBSA-UHFFFAOYSA-N,CHEMBL5901171,CC(C)(C)c1ccc(-c2nc3cc(C(=O)NO)ccc3o2)cc1,5.958607314841775,1,0.0,23
ZONBMEAFHPAAOO-UHFFFAOYSA-N,CHEMBL4078716,COc1ccc(C(=O)NC(Cc2c[nH]c3ccccc23)C(=O)Nc2ccc(C(=O)Nc3cc(-c4cccs4)ccc3N)cc2)cc1,7.437707135543525,1,0.0,46
ZONSAALBJUAOSH-UHFFFAOYSA-N,CHEMBL3335004,O=C(NO)c1ccc(N2CCN(Cc3ccc4ccccc4c3)C2=O)cc1,8.267606240177031,1,0.0,27
ZOPUASBAPJLYBB-UHFFFAOYSA-N,CHEMBL1089495,O=C(CCCCCCC(=O)Nc1cccc(C(F)(F)F)c1)NO,7.200659450546418,1,0.0,23
ZORADJKXOGUMMR-UHFFFAOYSA-N,CHEMBL3652233,O=C(NO)c1cnc(Nc2ccc([N+](=O)[O-])c(C(F)(F)F)c2)nc1,6.482804102050025,1,0.0,24
ZOSHHOIGUVHIJR-UHFFFAOYSA-N,CHEMBL3217994,C#Cc1cccc(Nc2ncnc3cc(NC(=O)c4ccc(C(=O)Nc5ccccc5N)s4)ccc23)c1,5.657577319177793,1,0.0,37
ZOSRCADUSAAUGR-UHFFFAOYSA-N,CHEMBL6173789,CC(C)(C)OC(=O)N1CCC2(CC1)C(=O)N(Cc1ccc(C(=O)NO)cc1)CN2c1ccccc1,5.6067758836387025,1,0.0,35
ZOTJPWIOCKAMRG-UHFFFAOYSA-N,CHEMBL5086240,CC(C)(C)OC(=O)CC(O)C=CCCSSCCC=CC(O)CC(=O)OC(C)(C)C,5.060480747381382,1,0.0,30
ZOVMZHIBCSEHSU-UHFFFAOYSA-N,CHEMBL5823638,O=C(NC1CCOCC1)OCc1ccc(-c2noc(C(F)(F)F)n2)cn1,6.107905397309519,1,0.0,26
ZPAHLBXHWVNFMV-UHFFFAOYSA-N,CHEMBL3827281,COc1ccc(-c2nc(N3CCOCC3)c3nc(CN(C)c4ncc(C(=O)NO)cn4)n(C)c3n2)cn1,9.0,1,0.0,37
ZPCAMDITBGELPH-UHFFFAOYSA-N,CHEMBL461763,O=C(C=Cc1ccc(C=CC(=O)c2ccc3ccccc3c2)o1)NO,5.423658649794207,1,0.0,25
ZPDJOGLRMYEITN-UHFFFAOYSA-N,CHEMBL4860396,COc1cc2c(cc1OC)N(Cc1ccc(C(=O)NO)cc1)CCCC2,6.530177984021837,1,0.0,26
ZPDSADGKXLOVPB-UHFFFAOYSA-N,CHEMBL5278968,COc1ccc(-c2nc(N3CCOCC3)c3sc(CN(C)c4ccc(C(=O)NO)cc4)cc3n2)cn1,8.769551078621726,1,0.0,36
ZPFRKIBHYHVPPO-UHFFFAOYSA-N,CHEMBL5088034,O=C(CCCSCC(NC(=O)OCc1ccccc1)C(=O)Nc1cccc2ccccc12)NO,6.823908740944319,1,0.0,34
ZPGZYUVXPSVMBR-UHFFFAOYSA-N,CHEMBL3771355,O=C(NO)c1coc(-c2cccc(-c3ccccc3)c2)n1,4.719421629631924,1,0.0,21
ZPKJXRFSUVMIGN-UHFFFAOYSA-N,CHEMBL5929946,CC(=O)Nc1cc(-c2cccs2)ccc1N,6.255707016877324,1,0.0,16
ZPZTZOURCDUBLM-UHFFFAOYSA-N,CHEMBL4755061,CC(C)Oc1ccc(C(C)(C)O)cc1-c1cn(C)c(=O)c2[nH]c(C(=O)NCCCCCCC(=O)NO)cc12,7.7121982700697735,1,0.0,38
ZPZYKQLOQHXTEU-UHFFFAOYSA-N,CHEMBL4558255,Nc1cc(F)ccc1NC(=O)CCCCCNC(=O)C=C1NC(=O)c2ccccc21,5.192464971931146,1,0.0,30
ZQFSBQLUPGBYSA-UHFFFAOYSA-N,CHEMBL3664104,O=C(Nc1cc(-c2ccccc2)ccc1O)c1ccc(CN2CCc3ccccc3C2)cc1,6.6020599913279625,1,0.0,33
ZQGOQOYJGPSZOI-UHFFFAOYSA-N,CHEMBL5419645,Cc1cnc(Nc2ccc(C=CC(=O)NO)cc2)nc1Nc1ccc(Cl)c(NS(=O)(=O)C(C)(C)C)c1,6.42021640338319,1,0.0,36
ZQICYEMFUJEREY-UHFFFAOYSA-N,CHEMBL3310508,O=C1NC(Cc2ccccc2)C(=O)N2CCCC2C(=O)NC2CCCCCSSCCCCCC1NC2=O,8.309803919971486,1,0.0,38
ZQNUIRMMZNKIGS-UHFFFAOYSA-N,CHEMBL5932342,CC1(C)C(=O)NCCN1C(=O)C1CCC(=O)N1c1ccc(-c2noc(C(F)(F)F)n2)c(F)c1,4.366531544420414,1,0.0,33
ZQPGFKNMOSRNOQ-UHFFFAOYSA-N,CHEMBL257176,N#Cc1cccnc1-c1ccc(C(=O)Nc2ccccc2N)cc1,7.910094888560602,1,0.0,24
ZQXBAARKUQXQTK-UHFFFAOYSA-N,CHEMBL246189,O=C(CCCCCC(NC(=O)c1ccccc1)C(=O)Nc1ccc2ncccc2c1)NO,8.455931955649724,2,0.0,32
ZRDDVKHINJTHNY-UHFFFAOYSA-N,CHEMBL5171672,Cc1ccc(-c2nc(N)nc3c2cnn3Cc2cccc(OCCCCCCC(=O)NO)n2)o1,7.530177984021837,1,0.0,34
ZRFLMIZPTHEEJS-UHFFFAOYSA-N,CHEMBL5219490,CCC(=O)CCCCCC(NC(=O)C1CC12CCN(CC)CC2)c1ncc(-c2cc3ccncc3nc2OC)o1,9.346787486224656,1,0.0,40
ZRGXLBUGKXOXHB-UHFFFAOYSA-N,CHEMBL256985,CCN1CCN(Cc2cnc(-c3ccc(C(=O)Nc4ccccc4N)cc3)c(C#N)c2)CC1,8.010016541698601,1,0.0,33
ZRIDRENRJOMKEQ-UHFFFAOYSA-N,CHEMBL5172893,CC1CN(Cc2ccc(C=CC(=O)NO)cc2)CC1c1nc2c(cnn2C2CCOCC2)c(=O)[nH]1,6.860120913598763,1,0.0,35
ZRIVRHBHISBBGJ-UHFFFAOYSA-N,CHEMBL3774691,Cc1nc2c(c(N(C)c3ccc(OCCCCC(=O)NO)cc3)n1)CCC2,6.673664139071249,1,0.0,27
ZRNGPLNAAMNQKM-UHFFFAOYSA-N,CHEMBL4866612,CCC(=O)CCCCCC1NC(=O)C2CC23CCN(CCCCN2C4CCC2c2cc(ccc24)-c2cnc1[nH]2)CC3,7.721246399047171,1,0.0,41
ZRRHBFOSNDBRNU-UHFFFAOYSA-N,CHEMBL6161566,COc1ccc(C=C2Sc3c(C(=O)NO)cccc3C2=O)cc1,5.522878745280337,1,0.0,23
ZRSQTAOULPTOLO-UHFFFAOYSA-N,CHEMBL5408074,Nc1ccccc1NC(=O)c1ccc(Cn2nc(-c3cccc(Cl)c3)ccc2=O)cc1,7.3872161432802645,1,0.0,31
ZRXPLPZMWPJXGJ-UHFFFAOYSA-N,CHEMBL5811224,COCc1cccc(CCOc2cc(-c3noc(C(F)(F)F)n3)ccn2)c1,5.721246399047171,1,0.0,27
ZRYLLFLLUPIWJK-UHFFFAOYSA-N,CHEMBL6053440,FC(F)(F)c1nc(-c2ccc(COc3nc(C4CC4)no3)nc2)no1,5.431798275933005,1,0.0,25
ZSBHJUGNOOJXJE-UHFFFAOYSA-N,CHEMBL6144855,O=C(CCCCn1c2ccc(Br)cc2c2[nH]c(=O)c3ccccc3c21)NO,6.42021640338319,1,0.0,27
ZSBWBCXODNEAPB-UHFFFAOYSA-N,CHEMBL5755389,Cn1cccc(OCc2ccc(-c3noc(C(F)(F)F)n3)c(F)c2)c1=O,5.795880017344075,1,0.0,26
ZSCLWKQWMCNIJI-UHFFFAOYSA-N,CHEMBL5271952,Cc1noc(-c2cccc(F)c2)c1C#CCCCCCNC(=O)C(C)S,5.431798275933005,1,0.0,26
ZSGSJOKPFNUESJ-UHFFFAOYSA-N,CHEMBL485771,O=C(c1ccc(C(=O)C(F)(F)F)s1)N1CCC(c2nnc(-c3ccccc3)o2)CC1,5.886056647693163,1,0.0,30
ZSHBVGXNACRWEQ-UHFFFAOYSA-N,CHEMBL5975662,O=C1CCC(c2ccccc2)N1c1ncc(-c2noc(C(F)(F)F)n2)cc1F,5.638272163982407,1,0.0,28
ZSIKBIFOAPITGF-UHFFFAOYSA-N,CHEMBL98345,O=C(NO)c1ccc(NS(=O)(=O)c2ccccc2)cc1,6.045757490560675,1,0.0,20
ZSJMYAWSDRXBNH-UHFFFAOYSA-N,CHEMBL4853914,C=Cc1c(C)c2cc3nc(c(C(=O)OC)c4[nH]c(cc5nc(cc1[nH]2)C(C)=C5CC)c(C)c4C(=O)OC)C(CCC(=O)NCCCCC(=O)NO)C3C,4.309803919971486,1,0.0,53
ZSUKDSQVTBSQGN-UHFFFAOYSA-N,CHEMBL4645602,O=C(NO)c1ccc(NC(=O)C2(c3ccccc3)CCCC2)cc1,7.552841968657781,1,0.0,24
ZSYBICDWGQIDQE-UHFFFAOYSA-N,CHEMBL6025434,O=S(=O)(N1CCOCC1)N(Cc1ccc(-c2nnc(C(F)(F)F)o2)cc1)c1ccc(F)cc1,6.866461091629782,1,0.0,33
ZSZAZAHKOPGBGA-UHFFFAOYSA-N,CHEMBL3335304,O=C(CCCCc1ccn(Cc2cccc(Br)c2)n1)NO,7.167491087293763,1,0.0,21
ZTAXUVNUGCXGDB-UHFFFAOYSA-N,CHEMBL5197309,Cc1cc(C=CC(=O)c2ccc(NC(=O)c3ccc(CN4C(=O)c5ccccc5C4=O)cc3)cc2)cc(C)c1C,6.657577319177793,1,0.0,40
ZTCDJRLFCRTGMO-UHFFFAOYSA-N,CHEMBL477943,O=C(CCCCn1cc(-c2ccccc2)nn1)NO,5.289882634888183,1,0.0,19
ZTDAMBCMQFOWQP-UHFFFAOYSA-N,CHEMBL6012686,Nc1ccc(-c2cccs2)cc1NC(=O)c1ccc(NC2CCN(c3ccccc3)CC2)cc1,7.130768280269024,1,0.0,34
ZTEWLNVHEKBAEG-UHFFFAOYSA-N,CHEMBL5811849,Cn1c(CNC(=O)Cc2ccccc2)nc2cc(C=CC(=O)NO)ccc21,7.0,2,0.0,27
ZTFYCCPOFSWSRS-UHFFFAOYSA-N,CHEMBL5199914,COc1cc(OC)cc(N(CC2CC2)c2ccc3ncc(-c4cnn(CCCCC(=O)NO)c4)nc3c2)c1,6.752026733638193,1,0.0,38
ZTGQZVKHKYKKGE-UHFFFAOYSA-N,CHEMBL4294092,CN1CCN(CC(=O)Nc2ccc(-c3ccnc(Nc4cccc(OCCCCCCC(=O)NO)c4)n3)cc2)CC1,6.458420756053419,1,0.0,41
ZTGXBIBUKIFSTB-UHFFFAOYSA-N,CHEMBL1767039,CNC(=O)C(CCCCCCC(=O)Nc1cccc(-c2ccc(Cl)nc2)c1)=NO,4.714442690992226,1,0.0,29
ZTHTYSUCXALYGC-UHFFFAOYSA-N,CHEMBL5278816,O=C(CCCCCCNCc1ccc2ccccc2c1)NO,7.4089353929735005,1,0.0,22
ZTIJVEOFCPITGX-UHFFFAOYSA-N,CHEMBL6161291,CS(=O)(=O)Nc1ccc(-c2ccnc(Nc3ccc(N4CCN(CC(=O)NCCCC(=O)NO)CC4)cc3)n2)cc1,6.657577319177793,1,0.0,41
ZTKNNRIAYWZHOD-UHFFFAOYSA-N,CHEMBL5632901,Nc1nc(Cl)c2ncn(Cc3ccc(C(=O)NO)cn3)c2n1,5.886056647693163,1,0.0,22
ZTSUJABPDFAIGI-UHFFFAOYSA-N,CHEMBL4465851,COc1ncc(-c2cc(OCCCCCC(=O)NO)c3ncnc(C)c3c2)cc1F,7.431798275933005,1,0.0,30
ZTUDEIWRPCQIEU-UHFFFAOYSA-N,CHEMBL4866619,Cn1c(SCCCCCC(=O)Nc2ccccc2N)nnc1-c1ccncc1,4.3959900675877694,1,0.0,28
ZTWKDQYRXNCIIE-UHFFFAOYSA-N,CHEMBL5847829,FC(F)(F)c1nc(-c2ccc(NC3CCCCC3c3ccccc3)nc2)no1,5.337242168318426,1,0.0,28
ZTZXPNUEFFOZFT-UHFFFAOYSA-N,CHEMBL4555936,COc1ccc(-c2nc(NCCOc3ccc(C=CC(=O)NO)cc3OC)cc3c2[nH]c2ccccc23)cc1,7.494850021680094,1,0.0,39
ZUIXKIVDGVFYKM-UHFFFAOYSA-N,CHEMBL5090592,Nc1nc2c(cnn2CCN2CCc3ccc(C(=O)NO)cc3C2)c2nc(-c3ccco3)nn12,6.399027104313252,1,0.0,34
ZUOQPJWZUKPUSH-UHFFFAOYSA-N,CHEMBL4878197,CCC(=O)CCCCCC1NC(=O)C2CC23CCN(CCCCCCCCn2ccc4cc(c(OC)cc4c2=O)-c2cnc1[nH]2)CC3,9.958607314841775,1,0.0,47
ZUPRHDPCDWVJDA-UHFFFAOYSA-N,CHEMBL3770504,O=C(NCCCCC(=O)C(F)(F)F)c1nc(-c2nc3c(s2)CCCC3)sc1C1CC1,7.712646227285253,1,0.0,30
ZURCQSWCIVUKDR-UHFFFAOYSA-N,CHEMBL4250891,COCCn1cc(-c2nc(Nc3ccc(NC(=O)CCCCCCC(=O)NO)cc3)nc3[nH]ccc23)cn1,7.200659450546418,1,0.0,38
ZURLFGLAIMUBQN-UHFFFAOYSA-N,CHEMBL584273,Cc1ccc(OCCN(Cc2ccc(C(=O)NO)cc2)c2ncc(-c3ccc(C)cc3)s2)cc1,5.978810700930062,1,0.0,34
ZVCAKMCOQNUGDP-UHFFFAOYSA-N,CHEMBL4105408,COc1ccc(C(=O)NC(Cc2c[nH]c3ccccc23)C(=O)NCc2ccc(C(=O)Nc3ccc(F)cc3N)cc2)cc1,6.767003889607846,1,0.0,43
ZVFTUAXFCXJYHK-UHFFFAOYSA-N,CHEMBL5567484,CC(COCCC(=O)N1CCN(c2ncc(C(=O)NO)cn2)CC1)Nc1cn[nH]c(=O)c1C(F)(F)F,7.468521082957745,1,0.0,36
ZVGOWTOAXUNEFF-UHFFFAOYSA-N,CHEMBL3339025,Cc1ccc(Nc2ncnc3sc(NC(=O)CCCCCC(=O)NO)cc23)cc1C,7.525492360883025,1,0.0,30
ZVGSGHLOZJHCBV-UHFFFAOYSA-N,CHEMBL5093602,CC(C)(C)OC(=O)Nc1ccc(-c2ncc(C(=O)NCCCCCCC(=O)NO)s2)cc1,5.030584087646019,1,0.0,32
ZVHADTUWBRWMOQ-UHFFFAOYSA-N,CHEMBL3339013,O=C(CCCCCC(=O)Nc1cc2c(Nc3ccc(Cl)c(C(F)(F)F)c3)ncnc2s1)NO,7.388914266585127,1,0.0,33
ZVHNDZWQTBEVRY-UHFFFAOYSA-N,CHEMBL1078178,N#CCNC(=O)c1ccc(-c2ccnc(Nc3ccc(N4CCOCC4)cc3)n2)cc1,7.3979400086720375,1,0.0,31
ZVIZNMQGTATWSQ-UHFFFAOYSA-N,CHEMBL3655983,O=C(NO)c1cnc(NCc2cccnc2)nc1,7.036212172654444,1,0.0,18
ZVLYYROKNFBOCO-UHFFFAOYSA-N,CHEMBL3689874,CCCCc1nc2cc(C=CC(=O)NO)ccn2c1CN(CC)CC(CC)CC,6.823908740944319,1,0.0,29
ZVOYSHXLFJIUOC-UHFFFAOYSA-N,CHEMBL5437481,Cc1nnc2n1-c1ccccc1C(c1ccccc1)=NC2CC(=O)NCc1ccc(C(=O)NO)cc1,6.6020599913279625,1,0.0,36
ZVPMIOYZZZPGFF-UHFFFAOYSA-N,CHEMBL4865830,COc1cc2c(NCC3CCN(c4ncc(C(=O)NO)cn4)CC3)cc(C)nc2cc1OCCCN1CCCC1,8.154901959985743,1,0.0,40
ZVWWYPVETHVKJF-UHFFFAOYSA-N,CHEMBL5174135,N#Cc1ccc(CN2C(=O)C3=C(CCN(Cc4ccc(C(=O)Nc5ccccc5N)cc4)C3)N3CCN=C23)cc1,6.7594507517174005,1,0.0,40
ZVXQLPNREXWDPB-UHFFFAOYSA-N,CHEMBL6000691,O=S(=O)(N1CCN(C2COC2)CC1)N(Cc1ccc(-c2nnc(C(F)F)o2)cn1)c1ccccc1,7.795880017344075,1,0.0,35
ZWAVQHHSGALUAY-UHFFFAOYSA-N,CHEMBL3826997,CCNc1ccc(-c2nc(N3CCOCC3)c3nc(CN(C)c4ncc(C(=O)NO)cn4)n(C)c3n2)cc1,8.958607314841775,1,0.0,38
ZWBFOQJCRGCPED-UHFFFAOYSA-N,CHEMBL564876,O=C(CCCCCC(c1c[nH]c2ccccc12)c1c[nH]c2ccccc12)NO,6.136677139879544,1,0.0,28
ZWBZQMPLMRWAEZ-UHFFFAOYSA-N,CHEMBL3335314,O=C(CCCCCCCCc1ccn(Cc2ccc(-c3ccccc3)cc2)n1)NO,5.603800652904264,1,0.0,30
ZWIDESREADJNST-UHFFFAOYSA-N,CHEMBL4229248,Cc1ccc(-c2cc(C)n(Cc3ccc(C(=O)NO)cc3)n2)cc1,6.876148359032914,1,0.0,24
ZWLFHHHQRUYIBT-UHFFFAOYSA-N,CHEMBL271741,Nc1ccc(-c2ccccc2)cc1NC(=O)c1ccccc1,6.8356063998227325,2,0.896780513084936,22
ZWQQEZCZBNYQDM-UHFFFAOYSA-N,CHEMBL5612404,CCCNNC(=O)C=Cc1ccc(CN(CCc2c(C)[nH]c3ccccc23)Cc2ccc3ccccc3c2)cc1,7.013228265733755,1,0.0,40
ZWQWQFBTWXDNEN-UHFFFAOYSA-N,CHEMBL3655936,O=C(NO)c1cnc(NCc2ccc(F)c(Cl)c2)nc1,7.619788758288394,1,0.0,20
ZWRQMNBQZCSCAD-UHFFFAOYSA-N,CHEMBL6142369,Cc1c(F)c(N)cc(C(=O)Nc2cc(-c3ccc(NC(=O)c4ccc(CC(=O)NO)cc4)cc3)ccc2N2CCN(C)CC2)c1Cl,5.886056647693163,1,0.0,46
ZWUSRMXKKWPTTH-UHFFFAOYSA-N,CHEMBL5173197,O=C(CCCCc1nnc(-c2cc3c([nH]c4ccccc43)c(-c3ccccc3)n2)o1)NO,8.920818753952375,1,0.0,32
ZWXLWDCEWHLMNV-UHFFFAOYSA-N,CHEMBL5076540,Nc1nc(NCCc2ccc(NC(=O)CCCCCCC(=O)NO)cc2)nc2nc(-c3ccco3)nn12,7.939302159646388,1,0.0,37
ZXADRTUZWSITDT-UHFFFAOYSA-N,CHEMBL4069287,O=C(NO)c1ccc(Cn2c3c(c4ccccc42)S(=O)(=O)CC3)cc1,4.920818753952375,2,0.0,25
ZXCKULCKJBPEKZ-UHFFFAOYSA-N,CHEMBL5776561,CN1CCC(Nc2ncc(C(=O)Nc3cc(-c4cccs4)ccc3N)cn2)(c2ccccc2)CC1,8.0,1,0.0,35
ZXJHYOIIXXSNSW-UHFFFAOYSA-N,CHEMBL3339011,O=C(CCCCCCC(=O)Nc1cc2c(Nc3ccc(F)c(Cl)c3)ncnc2s1)NO,7.874193541860473,1,0.0,31
ZXMWCNGIVVSWOO-UHFFFAOYSA-N,CHEMBL512179,O=C(NO)c1ccc(C=Cc2ccc(O)cc2)o1,4.3655227298392685,1,0.0,18
ZXOXKIOFXMKZAL-UHFFFAOYSA-N,CHEMBL6172358,COc1cc2oc(C(=O)c3cc(OC)c(OC)c(OC)c3)c(C)c2cc1C=CC(=O)NO,5.18111458540599,1,0.0,32
ZXPCBIFWQMMSJO-UHFFFAOYSA-N,CHEMBL5187998,COc1cc(OC)cc(N(CCNC(C)C)c2ccc3ncc(-c4cnn(CCCCCC(=O)NO)c4)nc3c2)c1,8.356547323513812,1,0.0,41
ZXQSXNIYYZXAOV-UHFFFAOYSA-N,CHEMBL5178391,COc1cc(C(=O)c2csc(-c3ccc(C=CC(=O)Nc4ccccc4N)cc3)n2)cc(OC)c1OC,4.95703092660682,1,0.0,37
ZXRAVTDQIHCBPZ-UHFFFAOYSA-N,CHEMBL5831643,O=C(NO)c1ccc(Nc2nc3ccccc3n2C2CCCCCC2)cc1,6.351639989019068,1,0.0,27
ZXSVURBGDBQIJR-UHFFFAOYSA-N,CHEMBL5962836,CC(C)COC(=O)Nc1cc(C2=CCCC2)ccc1N,4.755722879198157,1,0.0,20
ZXTLHZYBSDYVKP-UHFFFAOYSA-N,CHEMBL466459,CC(C)(C)OC(=O)Nc1ccc(-c2cc(C(=O)NCC(=O)Nc3ccc(-c4cc(C(=O)NO)no4)cc3)no2)cc1,6.036212172654444,1,0.0,41
ZXTYSFIDIZTHSM-UHFFFAOYSA-N,CHEMBL4082466,Nc1ccccc1NC(=O)c1ccc(NC(=O)CCN2C(=O)C3(OCCCO3)c3cc(Cl)ccc32)cc1,7.494850021680094,1,0.0,37
ZYBRICTUJHDRKX-UHFFFAOYSA-N,CHEMBL5568342,COc1ccc(Br)cc1C=C1CC(=O)N(CCCCCCC(=O)NO)C1=O,7.1073489661227,1,0.0,27
ZYDZOGWXBXDOBJ-UHFFFAOYSA-N,CHEMBL4635878,CCC(=O)CCCCCC(NC(=O)C1CC12CCN(CC)CC2)c1nnc(-c2cc3ccccc3nc2OC)[nH]1,7.576754126063192,1,0.0,40
ZYEIQLPHNDOMLD-UHFFFAOYSA-N,CHEMBL5913853,Cc1nc2ccc(F)cc2n1Cc1ccc(-c2noc(C(F)(F)F)n2)cn1,6.142667503568731,1,0.0,27
ZYEPQTDJQNZDPX-UHFFFAOYSA-N,CHEMBL5089744,C=CCOc1ccc2oc(C(=O)NCc3ccc(C(=O)NNCCC)cc3)cc2c1,7.931443104927637,1,0.0,30
ZYIHCFBOHKILHI-UHFFFAOYSA-N,CHEMBL5823580,FC(F)(F)c1nc(-c2ccc(COc3ccc4ccccc4n3)nc2)no1,6.301029995663981,1,0.0,27
ZYJSKHFORZAVOT-UHFFFAOYSA-N,CHEMBL5848875,Nc1ccc(-c2cccs2)cc1NC(=O)N1CCCN1,7.301029995663981,1,0.0,20
ZYLSOIIHIQAMBG-UHFFFAOYSA-N,CHEMBL4583725,CN(C)c1ccc(C(=O)N(CCC(=O)NCc2ccc(Cl)cc2)Cc2ccc(C(=O)NO)cc2)cc1,7.673664139071248,1,0.0,36
ZYPNCIKKMKWFBX-UHFFFAOYSA-N,CHEMBL3689769,CCCCCc1nc2ccc(C=CC(=O)NO)cn2c1NCCOC,5.886056647693163,1,0.0,25
ZYQYZHLRFTUUIF-UHFFFAOYSA-N,CHEMBL3797455,COc1ccc(C(=O)Nc2cc(C(=O)NO)ccc2Cl)cc1,5.3872161432802645,1,0.0,22
ZYZHCWURMLIAJF-UHFFFAOYSA-N,CHEMBL5988404,O=S(=O)(N1CCNCC1)N(Cc1ccc(-c2nnc(C(F)F)o2)cc1F)c1ccccc1,7.552841968657781,1,0.0,32
ZYZXCMVSUGOBSM-UHFFFAOYSA-N,CHEMBL5631370,Nc1nc(Cl)c2ncn(Cc3ccc(C(=O)NO)cc3)c2n1,6.008773924307505,1,0.0,22
ZZAHBOBPSBJKLS-UHFFFAOYSA-N,CHEMBL4079007,O=C(C=Cc1ccc(CNCc2ccc3ccccc3n2)cc1)NO,7.139661993429006,1,0.0,25
ZZAVVVJBEKDJKC-UHFFFAOYSA-N,CHEMBL5991281,Cc1nnc(N(CCCCCCCC(=O)NO)c2ccccn2)s1,5.259637310505756,1,0.0,24
ZZCJXTARPOWLCU-UHFFFAOYSA-N,CHEMBL5929198,FC(F)(F)c1nc(-c2ccnc(OCc3nc4ccccc4[nH]3)c2)no1,6.346787486224656,1,0.0,26
ZZDRCLUTJPDPHV-UHFFFAOYSA-N,CHEMBL4564332,Cc1cc(C)cc(C(=O)N(CCCCCC(=O)Nc2cc(-c3ccccc3)ccc2N)CC(=O)NCc2ccccc2)c1,7.2441251443275085,1,0.0,43
ZZKAPZIIFYHEMQ-UHFFFAOYSA-N,CHEMBL5268361,CCC(=O)CCCCCC(NC(=O)C1(F)CN(C)C1)c1ncc(-c2cc3ccccc3nc2OC)o1,7.769551078621726,1,0.0,36
ZZLBLRZRJQYFTA-UHFFFAOYSA-N,CHEMBL5184172,Cc1cc(C)c(CNC(=O)c2cc(-c3ccc(N4CCN(CCCCCCC(=O)NO)CC4)nc3)cc3c2cnn3C(C)C)c(=O)[nH]1,5.2564902352715706,1,0.0,47
ZZMSWCWDUITICS-UHFFFAOYSA-N,CHEMBL6103471,CS(=O)(=O)Nc1ccc(-c2ccnc(Nc3ccc(N4CCN(CC(=O)NCCCCCC(=O)NO)CC4)cc3)n2)cc1,6.823908740944319,1,0.0,43
ZZNJYJHJZHVNGK-UHFFFAOYSA-N,CHEMBL247183,O=C(Cc1ccccc1)Nc1ccc2cc(C(=O)NO)sc2c1,7.939302159646388,1,0.0,23
ZZPZFTYKTXTRQK-UHFFFAOYSA-N,CHEMBL6160063,CCc1cc(C(=O)Nc2ccccc2)nn1Cc1ccc(C(=O)NO)cc1,6.007004901568658,1,0.0,27
ZZTZUBMCGAASNR-UHFFFAOYSA-N,CHEMBL5438582,CN(Cc1ccccc1)c1cc(NCCCCC(=O)NO)nc(-c2ccccn2)n1,6.281498311132726,1,0.0,30
ZZWAMCDLANIKAG-UHFFFAOYSA-N,CHEMBL3317818,CC(C)(C)OC(=O)n1cnc(CC2NC(=O)C3(C)CSC(=N3)c3csc(n3)CNC(=O)CC(C=CCCS)OC2=O)c1,9.207608310501746,1,0.0,42
